Algorithm,Resolver,Iteration,Threads,Concurrency,HTTPS,Encryption,Start,Finish,Diff,ReceiveLatency,Size
Uring,throughput,0,4,1,0,0,194335528721,194335576266,47544,930,8388608
Uring,throughput,0,4,1,0,0,194335528951,194335570450,41498,800,8388608
Uring,throughput,0,4,1,0,0,194335528841,194335575759,46917,940,8388608
Uring,throughput,0,4,1,0,0,194335529116,194335577674,48558,695,8388608
Uring,throughput,0,4,1,0,0,194335570468,194335597370,26902,17,8388608
Uring,throughput,0,4,1,0,0,194335575764,194335625707,49943,17,8388608
Uring,throughput,0,4,1,0,0,194335576272,194335604157,27885,17,8388608
Uring,throughput,0,4,1,0,0,194335577687,194335612365,34678,26,8388608
Uring,throughput,0,4,1,0,0,194335597377,194335650225,52848,29,8388608
Uring,throughput,0,4,1,0,0,194335604163,194335631140,26976,18,8388608
Uring,throughput,0,4,1,0,0,194335612372,194335648814,36442,22,8388608
Uring,throughput,0,4,1,0,0,194335625715,194335687565,61850,19,8388608
Uring,throughput,0,4,1,0,0,194335631147,194335702458,71311,1491,8388608
Uring,throughput,0,4,1,0,0,194335648823,194335701523,52700,417,8388608
Uring,throughput,0,4,1,0,0,194335650232,194335700307,50075,497,8388608
Uring,throughput,0,4,1,0,0,194335687571,194335711046,23475,380,8388608
Uring,throughput,0,4,1,0,0,194335700316,194335765105,64788,26,8388608
Uring,throughput,0,4,1,0,0,194335701532,194335747111,45578,25,8388608
Uring,throughput,0,4,1,0,0,194335702465,194335758867,56401,17,8388608
Uring,throughput,0,4,1,0,0,194335711053,194335768103,57050,19,8388608
Uring,throughput,0,4,1,0,0,194335747118,194335779710,32592,22,8388608
Uring,throughput,0,4,1,0,0,194335758872,194335790173,31301,18,8388608
Uring,throughput,0,4,1,0,0,194335765112,194335812126,47014,25,8388608
Uring,throughput,0,4,1,0,0,194335768110,194335852493,84382,28,8388608
Uring,throughput,0,4,1,0,0,194335779715,194335849337,69621,1471,8388608
Uring,throughput,0,4,1,0,0,194335790179,194335858259,68079,470,8388608
Uring,throughput,0,4,1,0,0,194335812132,194335861154,49021,532,8388608
Uring,throughput,0,4,1,0,0,194335849343,194335878434,29091,16,8388608
Uring,throughput,0,4,1,0,0,194335852499,194335969950,117451,395,8388608
Uring,throughput,0,4,1,0,0,194335858265,194335947507,89242,16,8388608
Uring,throughput,0,4,1,0,0,194335861160,194335912711,51550,26,8388608
Uring,throughput,0,4,1,0,0,194335878441,194335904424,25982,21,8388608
Uring,throughput,0,4,1,0,0,194335904430,194335978352,73921,8818,8388608
Uring,throughput,0,4,1,0,0,194335912718,194335945361,32643,75,8388608
Uring,throughput,0,4,1,0,0,194335945368,194335994192,48824,1735,8388608
Uring,throughput,0,4,1,0,0,194335947512,194336059473,111961,20,8388608
Uring,throughput,0,4,1,0,0,194335969958,194336013187,43229,17,8388608
Uring,throughput,0,4,1,0,0,194335978359,194336043901,65542,23,8388608
Uring,throughput,0,4,1,0,0,194335994198,194336067582,73384,21,8388608
Uring,throughput,0,4,1,0,0,194336013194,194336068085,54890,16,8388608
Uring,throughput,0,4,1,0,0,194336043907,194336101991,58083,17,8388608
Uring,throughput,0,4,1,0,0,194336059480,194336109275,49794,498,8388608
Uring,throughput,0,4,1,0,0,194336067589,194336142547,74958,21,8388608
Uring,throughput,0,4,1,0,0,194336068091,194336109423,41331,462,8388608
Uring,throughput,0,4,1,0,0,194336101996,194336193602,91605,1265,8388608
Uring,throughput,0,4,1,0,0,194336109279,194336152836,43556,17,8388608
Uring,throughput,0,4,1,0,0,194336109428,194336149431,40002,15,8388608
Uring,throughput,0,4,1,0,0,194336142554,194336177473,34919,595,8388608
Uring,throughput,0,4,1,0,0,194336149437,194336196230,46792,20,8388608
Uring,throughput,0,4,1,0,0,194336152843,194336222971,70128,18,8388608
Uring,throughput,0,4,1,0,0,194336177491,194336268577,91086,14,8388608
Uring,throughput,0,4,1,0,0,194336193608,194336240374,46765,27,8388608
Uring,throughput,0,4,1,0,0,194336196236,194336237733,41497,2465,8388608
Uring,throughput,0,4,1,0,0,194336222977,194336283570,60593,418,8388608
Uring,throughput,0,4,1,0,0,194336237741,194336332408,94667,19,8388608
Uring,throughput,0,4,1,0,0,194336240380,194336345639,105259,16,8388608
Uring,throughput,0,4,1,0,0,194336268585,194336329698,61112,47,8388608
Uring,throughput,0,4,1,0,0,194336283577,194336318266,34688,21,8388608
Uring,throughput,0,4,1,0,0,194336318271,194336357226,38954,18,8388608
Uring,throughput,0,4,1,0,0,194336329706,194336367531,37825,492,8388608
Uring,throughput,0,4,1,0,0,194336332415,194336406857,74441,16,8388608
Uring,throughput,0,4,1,0,0,194336345647,194336406211,60564,342,8388608
Uring,throughput,0,4,1,0,0,194336357232,194336403745,46512,562,8388608
Uring,throughput,0,4,1,0,0,194336367537,194336435936,68399,16,8388608
Uring,throughput,0,4,1,0,0,194336403751,194336450411,46660,18,8388608
Uring,throughput,0,4,1,0,0,194336406217,194336453955,47737,25,8388608
Uring,throughput,0,4,1,0,0,194336406864,194336470644,63779,416,8388608
Uring,throughput,0,4,1,0,0,194336435942,194336486653,50711,27,8388608
Uring,throughput,0,4,1,0,0,194336450417,194336491467,41049,17,8388608
Uring,throughput,0,4,1,0,0,194336453962,194336487033,33070,22,8388608
Uring,throughput,0,4,1,0,0,194336470651,194336586339,115688,26,8388608
Uring,throughput,0,4,1,0,0,194336486660,194336527285,40624,411,8388608
Uring,throughput,0,4,1,0,0,194336487040,194336545634,58594,404,8388608
Uring,throughput,0,4,1,0,0,194336491473,194336586286,94812,288,8388608
Uring,throughput,0,4,1,0,0,194336527292,194336646404,119111,18,8388608
Uring,throughput,0,4,1,0,0,194336545641,194336583876,38235,16,8388608
Uring,throughput,0,4,1,0,0,194336583881,194336649068,65186,19,8388608
Uring,throughput,0,4,1,0,0,194336586292,194336632508,46216,18,8388608
Uring,throughput,0,4,1,0,0,194336586344,194336689100,102755,16,8388608
Uring,throughput,0,4,1,0,0,194336632514,194336747865,115351,18,8388608
Uring,throughput,0,4,2,0,0,194336770538,194336803839,33301,810,8388608
Uring,throughput,0,4,2,0,0,194336770494,194336830437,59943,972,8388608
Uring,throughput,0,4,2,0,0,194336770573,194336921570,150996,956,8388608
Uring,throughput,0,4,2,0,0,194336770553,194336896874,126320,946,8388608
Uring,throughput,0,4,2,0,0,194336770977,194336845550,74572,414,8388608
Uring,throughput,0,4,2,0,0,194336770998,194336927618,156620,567,8388608
Uring,throughput,0,4,2,0,0,194336771050,194336945068,174018,459,8388608
Uring,throughput,0,4,2,0,0,194336771172,194336824338,53165,398,8388608
Uring,throughput,0,4,2,0,0,194336803857,194336868072,64214,22,8388608
Uring,throughput,0,4,2,0,0,194336824357,194336841497,17140,18,8388608
Uring,throughput,0,4,2,0,0,194336830442,194336898437,67994,17,8388608
Uring,throughput,0,4,2,0,0,194336841502,194336928051,86549,16,8388608
Uring,throughput,0,4,2,0,0,194336845565,194336896380,50814,18,8388608
Uring,throughput,0,4,2,0,0,194336868079,194337048674,180595,16,8388608
Uring,throughput,0,4,2,0,0,194336896396,194336967953,71556,19,8388608
Uring,throughput,0,4,2,0,0,194336896880,194336938177,41297,23,8388608
Uring,throughput,0,4,2,0,0,194336898442,194336964062,65619,13,8388608
Uring,throughput,0,4,2,0,0,194336921577,194336975049,53471,23,8388608
Uring,throughput,0,4,2,0,0,194336927627,194336999178,71550,28,8388608
Uring,throughput,0,4,2,0,0,194336928055,194337055053,126998,1514,8388608
Uring,throughput,0,4,2,0,0,194336938207,194337016454,78247,20,8388608
Uring,throughput,0,4,2,0,0,194336945073,194337032782,87708,18,8388608
Uring,throughput,0,4,2,0,0,194336964067,194337119067,155000,2732,8388608
Uring,throughput,0,4,2,0,0,194336967960,194337008536,40575,1405,8388608
Uring,throughput,0,4,2,0,0,194336975055,194337045652,70597,19,8388608
Uring,throughput,0,4,2,0,0,194336999184,194337077473,78289,35,8388608
Uring,throughput,0,4,2,0,0,194337008541,194337165664,157122,16,8388608
Uring,throughput,0,4,2,0,0,194337016461,194337199356,182894,1144,8388608
Uring,throughput,0,4,2,0,0,194337032788,194337110165,77377,27,8388608
Uring,throughput,0,4,2,0,0,194337045659,194337093156,47497,1552,8388608
Uring,throughput,0,4,2,0,0,194337048681,194337149178,100497,886,8388608
Uring,throughput,0,4,2,0,0,194337055060,194337121093,66033,19,8388608
Uring,throughput,0,4,2,0,0,194337077480,194337109852,32371,906,8388608
Uring,throughput,0,4,2,0,0,194337093162,194337201756,108594,16,8388608
Uring,throughput,0,4,2,0,0,194337109859,194337194494,84635,17,8388608
Uring,throughput,0,4,2,0,0,194337110171,194337207147,96975,2952,8388608
Uring,throughput,0,4,2,0,0,194337119074,194337198406,79331,20,8388608
Uring,throughput,0,4,2,0,0,194337121100,194337161099,39999,23,8388608
Uring,throughput,0,4,2,0,0,194337149185,194337210197,61011,22,8388608
Uring,throughput,0,4,2,0,0,194337161106,194337252820,91714,499,8388608
Uring,throughput,0,4,2,0,0,194337165684,194337219545,53860,18,8388608
Uring,throughput,0,4,2,0,0,194337194502,194337268200,73697,19,8388608
Uring,throughput,0,4,2,0,0,194337198413,194337267321,68907,15,8388608
Uring,throughput,0,4,2,0,0,194337199363,194337234257,34893,19,8388608
Uring,throughput,0,4,2,0,0,194337201765,194337280750,78984,20,8388608
Uring,throughput,0,4,2,0,0,194337207173,194337288695,81522,18,8388608
Uring,throughput,0,4,2,0,0,194337210203,194337280396,70193,19,8388608
Uring,throughput,0,4,2,0,0,194337219552,194337338240,118687,319,8388608
Uring,throughput,0,4,2,0,0,194337234263,194337355637,121374,17,8388608
Uring,throughput,0,4,2,0,0,194337252827,194337325097,72269,21,8388608
Uring,throughput,0,4,2,0,0,194337267328,194337320377,53048,1500,8388608
Uring,throughput,0,4,2,0,0,194337268204,194337327763,59558,1377,8388608
Uring,throughput,0,4,2,0,0,194337280403,194337386022,105618,2380,8388608
Uring,throughput,0,4,2,0,0,194337280757,194337341074,60316,1129,8388608
Uring,throughput,0,4,2,0,0,194337288702,194337398842,110139,17,8388608
Uring,throughput,0,4,2,0,0,194337320383,194337382725,62342,17,8388608
Uring,throughput,0,4,2,0,0,194337325103,194337432039,106935,19,8388608
Uring,throughput,0,4,2,0,0,194337327769,194337406059,78290,21,8388608
Uring,throughput,0,4,2,0,0,194337338246,194337371496,33250,23,8388608
Uring,throughput,0,4,2,0,0,194337341081,194337414436,73354,20,8388608
Uring,throughput,0,4,2,0,0,194337355643,194337408037,52394,2421,8388608
Uring,throughput,0,4,2,0,0,194337371502,194337427844,56341,17,8388608
Uring,throughput,0,4,2,0,0,194337382732,194337437904,55172,15,8388608
Uring,throughput,0,4,2,0,0,194337386026,194337500839,114812,19,8388608
Uring,throughput,0,4,2,0,0,194337398848,194337475023,76175,344,8388608
Uring,throughput,0,4,2,0,0,194337406064,194337534231,128166,16,8388608
Uring,throughput,0,4,2,0,0,194337408043,194337498808,90764,20,8388608
Uring,throughput,0,4,2,0,0,194337414444,194337498584,84139,20,8388608
Uring,throughput,0,4,2,0,0,194337427850,194337513335,85484,619,8388608
Uring,throughput,0,4,2,0,0,194337432045,194337528134,96088,2065,8388608
Uring,throughput,0,4,2,0,0,194337437911,194337505389,67477,310,8388608
Uring,throughput,0,4,2,0,0,194337475030,194337583444,108414,22,8388608
Uring,throughput,0,4,2,0,0,194337498592,194337553948,55356,1087,8388608
Uring,throughput,0,4,2,0,0,194337498814,194337581629,82814,16,8388608
Uring,throughput,0,4,2,0,0,194337500845,194337594936,94091,15,8388608
Uring,throughput,0,4,2,0,0,194337505394,194337590875,85480,14,8388608
Uring,throughput,0,4,2,0,0,194337513341,194337577082,63740,13,8388608
Uring,throughput,0,4,2,0,0,194337528140,194337626286,98146,22,8388608
Uring,throughput,0,4,2,0,0,194337534239,194337679956,145717,545,8388608
Uring,throughput,0,4,2,0,0,194337553954,194337587944,33989,16,8388608
Uring,throughput,0,4,2,0,0,194337577088,194337639421,62333,13,8388608
Uring,throughput,0,4,2,0,0,194337581636,194337706225,124588,1946,8388608
Uring,throughput,0,4,2,0,0,194337583455,194337616962,33507,25,8388608
Uring,throughput,0,4,2,0,0,194337587951,194337651162,63210,15,8388608
Uring,throughput,0,4,2,0,0,194337590883,194337639159,48275,20,8388608
Uring,throughput,0,4,2,0,0,194337594943,194337690988,96045,2217,8388608
Uring,throughput,0,4,2,0,0,194337616968,194337685643,68675,1354,8388608
Uring,throughput,0,4,2,0,0,194337626293,194337693048,66755,22,8388608
Uring,throughput,0,4,2,0,0,194337639165,194337681550,42384,295,8388608
Uring,throughput,0,4,2,0,0,194337639459,194337772196,132736,409,8388608
Uring,throughput,0,4,2,0,0,194337651169,194337755303,104133,287,8388608
Uring,throughput,0,4,2,0,0,194337679963,194337711237,31274,28,8388608
Uring,throughput,0,4,2,0,0,194337681556,194337834124,152568,15,8388608
Uring,throughput,0,4,2,0,0,194337685650,194337787126,101476,45,8388608
Uring,throughput,0,4,2,0,0,194337690996,194337840716,149720,52,8388608
Uring,throughput,0,4,2,0,0,194337693055,194337723807,30752,1230,8388608
Uring,throughput,0,4,2,0,0,194337706233,194337732470,26236,21,8388608
Uring,throughput,0,4,2,0,0,194337711244,194337769861,58616,16,8388608
Uring,throughput,0,4,2,0,0,194337723813,194337796123,72309,18,8388608
Uring,throughput,0,4,2,0,0,194337732476,194337844211,111734,17,8388608
Uring,throughput,0,4,2,0,0,194337755310,194337872189,116879,17,8388608
Uring,throughput,0,4,2,0,0,194337769869,194337869862,99993,289,8388608
Uring,throughput,0,4,2,0,0,194337772203,194337796969,24766,21,8388608
Uring,throughput,0,4,2,0,0,194337787130,194337895454,108323,37,8388608
Uring,throughput,0,4,2,0,0,194337796129,194337884202,88072,17,8388608
Uring,throughput,0,4,2,0,0,194337796975,194337826136,29161,58,8388608
Uring,throughput,0,4,2,0,0,194337826143,194337934139,107995,609,8388608
Uring,throughput,0,4,2,0,0,194337834130,194337919044,84913,17,8388608
Uring,throughput,0,4,2,0,0,194337840724,194337934878,94153,20,8388608
Uring,throughput,0,4,2,0,0,194337844219,194337899403,55184,274,8388608
Uring,throughput,0,4,2,0,0,194337869868,194337892949,23080,14,8388608
Uring,throughput,0,4,2,0,0,194337872227,194337928256,56028,19,8388608
Uring,throughput,0,4,2,0,0,194337884208,194338029215,145007,288,8388608
Uring,throughput,0,4,2,0,0,194337892955,194337989222,96267,20,8388608
Uring,throughput,0,4,2,0,0,194337895462,194337991459,95997,530,8388608
Uring,throughput,0,4,2,0,0,194337899410,194338015894,116484,17,8388608
Uring,throughput,0,4,2,0,0,194337919051,194338044946,125894,1344,8388608
Uring,throughput,0,4,2,0,0,194337928341,194337963059,34717,892,8388608
Uring,throughput,0,4,2,0,0,194337934145,194338022265,88119,17,8388608
Uring,throughput,0,4,2,0,0,194337934881,194338029146,94264,3301,8388608
Uring,throughput,0,4,2,0,0,194337963066,194338044465,81398,17,8388608
Uring,throughput,0,4,2,0,0,194337989229,194338122664,133434,6897,8388608
Uring,throughput,0,4,2,0,0,194337991467,194338041738,50270,18,8388608
Uring,throughput,0,4,2,0,0,194338015901,194338075000,59098,20,8388608
Uring,throughput,0,4,2,0,0,194338022272,194338135363,113090,19,8388608
Uring,throughput,0,4,2,0,0,194338029152,194338132110,102957,23,8388608
Uring,throughput,0,4,2,0,0,194338029223,194338113947,84723,31,8388608
Uring,throughput,0,4,2,0,0,194338041745,194338108438,66693,17,8388608
Uring,throughput,0,4,2,0,0,194338044472,194338132675,88203,39,8388608
Uring,throughput,0,4,2,0,0,194338044954,194338136934,91979,20,8388608
Uring,throughput,0,4,2,0,0,194338075036,194338136805,61769,5112,8388608
Uring,throughput,0,4,2,0,0,194338108449,194338214874,106425,392,8388608
Uring,throughput,0,4,2,0,0,194338113952,194338163506,49553,19,8388608
Uring,throughput,0,4,2,0,0,194338122669,194338197091,74421,15,8388608
Uring,throughput,0,4,2,0,0,194338132116,194338269363,137246,17,8388608
Uring,throughput,0,4,2,0,0,194338132681,194338195628,62946,1014,8388608
Uring,throughput,0,4,2,0,0,194338135366,194338246892,111525,2508,8388608
Uring,throughput,0,4,2,0,0,194338136811,194338243975,107164,18,8388608
Uring,throughput,0,4,2,0,0,194338136939,194338250156,113216,17,8388608
Uring,throughput,0,4,2,0,0,194338163511,194338303139,139628,374,8388608
Uring,throughput,0,4,2,0,0,194338195635,194338287435,91799,24,8388608
Uring,throughput,0,4,2,0,0,194338197095,194338286510,89414,15,8388608
Uring,throughput,0,4,2,0,0,194338214880,194338334122,119241,20,8388608
Uring,throughput,0,4,2,0,0,194338243981,194338289495,45513,50,8388608
Uring,throughput,0,4,2,0,0,194338246899,194338297307,50408,42,8388608
Uring,throughput,0,4,2,0,0,194338250163,194338331833,81670,426,8388608
Uring,throughput,0,4,2,0,0,194338269368,194338375876,106507,1202,8388608
Uring,throughput,0,4,2,0,0,194338286540,194338386164,99623,2868,8388608
Uring,throughput,0,4,2,0,0,194338287443,194338386804,99361,21,8388608
Uring,throughput,0,4,2,0,0,194338289500,194338381505,92004,296,8388608
Uring,throughput,0,4,2,0,0,194338297313,194338333949,36635,18,8388608
Uring,throughput,0,4,2,0,0,194338303145,194338402242,99097,15,8388608
Uring,throughput,0,4,2,0,0,194338331840,194338407160,75320,15,8388608
Uring,throughput,0,4,2,0,0,194338333954,194338460770,126815,6082,8388608
Uring,throughput,0,4,2,0,0,194338334128,194338410915,76786,22,8388608
Uring,throughput,0,4,2,0,0,194338375883,194338458908,83025,25,8388608
Uring,throughput,0,4,2,0,0,194338381512,194338452660,71147,17,8388608
Uring,throughput,0,4,2,0,0,194338386166,194338432029,45862,9,8388608
Uring,throughput,0,4,2,0,0,194338386810,194338467261,80450,577,8388608
Uring,throughput,0,4,2,0,0,194338402248,194338437769,35520,15,8388608
Uring,throughput,0,4,4,0,0,194338496661,194338635327,138666,1571,8388608
Uring,throughput,0,4,4,0,0,194338496699,194338642096,145396,1574,8388608
Uring,throughput,0,4,4,0,0,194338496880,194338610631,113751,1607,8388608
Uring,throughput,0,4,4,0,0,194338496820,194338646179,149359,1691,8388608
Uring,throughput,0,4,4,0,0,194338497105,194338629437,132331,1177,8388608
Uring,throughput,0,4,4,0,0,194338497106,194338618600,121494,1213,8388608
Uring,throughput,0,4,4,0,0,194338497369,194338641550,144180,1181,8388608
Uring,throughput,0,4,4,0,0,194338497399,194338686847,189447,1189,8388608
Uring,throughput,0,4,4,0,0,194338497458,194338649052,151594,904,8388608
Uring,throughput,0,4,4,0,0,194338497459,194338684740,187281,882,8388608
Uring,throughput,0,4,4,0,0,194338497741,194338682117,184376,847,8388608
Uring,throughput,0,4,4,0,0,194338497742,194338617766,120024,897,8388608
Uring,throughput,0,4,4,0,0,194338497747,194338683577,185830,655,8388608
Uring,throughput,0,4,4,0,0,194338497755,194338619860,122104,626,8388608
Uring,throughput,0,4,4,0,0,194338498051,194338596202,98151,588,8388608
Uring,throughput,0,4,4,0,0,194338498098,194338648920,150822,591,8388608
Uring,throughput,0,4,4,0,0,194338596216,194338651628,55411,26,8388608
Uring,throughput,0,4,4,0,0,194338610638,194338748589,137951,16,8388608
Uring,throughput,0,4,4,0,0,194338617774,194338728956,111182,22,8388608
Uring,throughput,0,4,4,0,0,194338618608,194338794979,176370,68,8388608
Uring,throughput,0,4,4,0,0,194338619868,194338746098,126229,19,8388608
Uring,throughput,0,4,4,0,0,194338629443,194338711262,81819,18,8388608
Uring,throughput,0,4,4,0,0,194338635334,194338688860,53526,22,8388608
Uring,throughput,0,4,4,0,0,194338641558,194338838469,196910,30,8388608
Uring,throughput,0,4,4,0,0,194338642103,194338750514,108411,16,8388608
Uring,throughput,0,4,4,0,0,194338646186,194338754941,108755,17,8388608
Uring,throughput,0,4,4,0,0,194338648963,194338751582,102618,26,8388608
Uring,throughput,0,4,4,0,0,194338649059,194338749278,100219,23,8388608
Uring,throughput,0,4,4,0,0,194338651635,194338681167,29532,24,8388608
Uring,throughput,0,4,4,0,0,194338681174,194338800073,118899,809,8388608
Uring,throughput,0,4,4,0,0,194338682120,194338772552,90432,33,8388608
Uring,throughput,0,4,4,0,0,194338683587,194338848925,165338,167,8388608
Uring,throughput,0,4,4,0,0,194338684747,194338861236,176489,20,8388608
Uring,throughput,0,4,4,0,0,194338686851,194338863756,176904,13,8388608
Uring,throughput,0,4,4,0,0,194338688866,194338888086,199219,28,8388608
Uring,throughput,0,4,4,0,0,194338711269,194338890375,179106,19,8388608
Uring,throughput,0,4,4,0,0,194338728964,194338796705,67741,21,8388608
Uring,throughput,0,4,4,0,0,194338746106,194338836491,90385,25,8388608
Uring,throughput,0,4,4,0,0,194338748596,194338858592,109995,20,8388608
Uring,throughput,0,4,4,0,0,194338749285,194338797872,48586,19,8388608
Uring,throughput,0,4,4,0,0,194338750520,194338833781,83260,17,8388608
Uring,throughput,0,4,4,0,0,194338751588,194338858233,106644,19,8388608
Uring,throughput,0,4,4,0,0,194338754945,194338788491,33546,19,8388608
Uring,throughput,0,4,4,0,0,194338772558,194338835678,63120,20,8388608
Uring,throughput,0,4,4,0,0,194338788498,194338863618,75119,5701,8388608
Uring,throughput,0,4,4,0,0,194338794986,194338866281,71294,57,8388608
Uring,throughput,0,4,4,0,0,194338796713,194338952092,155379,1863,8388608
Uring,throughput,0,4,4,0,0,194338797878,194338951934,154056,349,8388608
Uring,throughput,0,4,4,0,0,194338800079,194338926112,126032,20,8388608
Uring,throughput,0,4,4,0,0,194338833789,194338968459,134669,1895,8388608
Uring,throughput,0,4,4,0,0,194338835685,194338937885,102199,2003,8388608
Uring,throughput,0,4,4,0,0,194338836496,194338946959,110462,3716,8388608
Uring,throughput,0,4,4,0,0,194338838551,194338907248,68696,17,8388608
Uring,throughput,0,4,4,0,0,194338848933,194338949391,100457,17,8388608
Uring,throughput,0,4,4,0,0,194338858239,194338993916,135676,5368,8388608
Uring,throughput,0,4,4,0,0,194338858597,194338938786,80188,2009,8388608
Uring,throughput,0,4,4,0,0,194338861241,194338936364,75123,14,8388608
Uring,throughput,0,4,4,0,0,194338863625,194338922913,59288,46,8388608
Uring,throughput,0,4,4,0,0,194338863758,194338932024,68265,12,8388608
Uring,throughput,0,4,4,0,0,194338866288,194338946124,79836,1470,8388608
Uring,throughput,0,4,4,0,0,194338888093,194338999630,111536,2263,8388608
Uring,throughput,0,4,4,0,0,194338890379,194339058298,167918,1873,8388608
Uring,throughput,0,4,4,0,0,194338907254,194339148946,241692,2745,8388608
Uring,throughput,0,4,4,0,0,194338922919,194339067059,144139,17,8388608
Uring,throughput,0,4,4,0,0,194338926118,194339017614,91495,13,8388608
Uring,throughput,0,4,4,0,0,194338932031,194339098425,166393,4856,8388608
Uring,throughput,0,4,4,0,0,194338936371,194339070561,134189,1830,8388608
Uring,throughput,0,4,4,0,0,194338937893,194339058246,120353,20,8388608
Uring,throughput,0,4,4,0,0,194338938789,194339021737,82947,10,8388608
Uring,throughput,0,4,4,0,0,194338946131,194339009488,63357,16,8388608
Uring,throughput,0,4,4,0,0,194338946965,194339013400,66434,15,8388608
Uring,throughput,0,4,4,0,0,194338949395,194339022864,73468,1755,8388608
Uring,throughput,0,4,4,0,0,194338951942,194339136451,184509,40,8388608
Uring,throughput,0,4,4,0,0,194338952096,194339030543,78446,16,8388608
Uring,throughput,0,4,4,0,0,194338968467,194339034143,65676,18,8388608
Uring,throughput,0,4,4,0,0,194338993922,194339066609,72686,17,8388608
Uring,throughput,0,4,4,0,0,194338999636,194339053883,54247,44,8388608
Uring,throughput,0,4,4,0,0,194339009495,194339137469,127973,22,8388608
Uring,throughput,0,4,4,0,0,194339013406,194339130755,117349,17,8388608
Uring,throughput,0,4,4,0,0,194339017620,194339074955,57334,1213,8388608
Uring,throughput,0,4,4,0,0,194339021745,194339129427,107681,17,8388608
Uring,throughput,0,4,4,0,0,194339022895,194339110829,87933,20,8388608
Uring,throughput,0,4,4,0,0,194339030551,194339095666,65115,17,8388608
Uring,throughput,0,4,4,0,0,194339034152,194339068322,34170,16,8388608
Uring,throughput,0,4,4,0,0,194339053889,194339189219,135329,50,8388608
Uring,throughput,0,4,4,0,0,194339058253,194339099188,40934,21,8388608
Uring,throughput,0,4,4,0,0,194339058304,194339148248,89943,113,8388608
Uring,throughput,0,4,4,0,0,194339066644,194339186122,119478,24,8388608
Uring,throughput,0,4,4,0,0,194339067062,194339126983,59920,1492,8388608
Uring,throughput,0,4,4,0,0,194339068327,194339181561,113233,955,8388608
Uring,throughput,0,4,4,0,0,194339070569,194339194989,124419,20,8388608
Uring,throughput,0,4,4,0,0,194339074963,194339154144,79181,26,8388608
Uring,throughput,0,4,4,0,0,194339095736,194339285488,189752,2105,8388608
Uring,throughput,0,4,4,0,0,194339098431,194339152297,53865,25,8388608
Uring,throughput,0,4,4,0,0,194339099195,194339225622,126427,1193,8388608
Uring,throughput,0,4,4,0,0,194339110836,194339229054,118218,20,8388608
Uring,throughput,0,4,4,0,0,194339126990,194339167939,40949,86,8388608
Uring,throughput,0,4,4,0,0,194339129434,194339274648,145213,805,8388608
Uring,throughput,0,4,4,0,0,194339130760,194339159331,28571,530,8388608
Uring,throughput,0,4,4,0,0,194339136458,194339349742,213283,16,8388608
Uring,throughput,0,4,4,0,0,194339137472,194339212564,75091,347,8388608
Uring,throughput,0,4,4,0,0,194339148255,194339276128,127873,35,8388608
Uring,throughput,0,4,4,0,0,194339148955,194339255471,106516,22,8388608
Uring,throughput,0,4,4,0,0,194339152303,194339277571,125268,17,8388608
Uring,throughput,0,4,4,0,0,194339154152,194339227870,73718,21,8388608
Uring,throughput,0,4,4,0,0,194339159337,194339218469,59131,19,8388608
Uring,throughput,0,4,4,0,0,194339167959,194339266088,98128,21,8388608
Uring,throughput,0,4,4,0,0,194339181568,194339207093,25524,19,8388608
Uring,throughput,0,4,4,0,0,194339186129,194339247863,61733,1055,8388608
Uring,throughput,0,4,4,0,0,194339189247,194339365875,176628,1127,8388608
Uring,throughput,0,4,4,0,0,194339194994,194339301700,106706,54,8388608
Uring,throughput,0,4,4,0,0,194339207099,194339299208,92108,16,8388608
Uring,throughput,0,4,4,0,0,194339212567,194339292591,80023,12,8388608
Uring,throughput,0,4,4,0,0,194339218508,194339256133,37625,20,8388608
Uring,throughput,0,4,4,0,0,194339225631,194339274822,49190,27,8388608
Uring,throughput,0,4,4,0,0,194339227875,194339255533,27657,1173,8388608
Uring,throughput,0,4,4,0,0,194339229060,194339335070,106009,2972,8388608
Uring,throughput,0,4,4,0,0,194339247869,194339337299,89429,57,8388608
Uring,throughput,0,4,4,0,0,194339255476,194339345074,89598,48,8388608
Uring,throughput,0,4,4,0,0,194339255534,194339339095,83561,134,8388608
Uring,throughput,0,4,4,0,0,194339256139,194339364718,108579,290,8388608
Uring,throughput,0,4,4,0,0,194339266096,194339326412,60316,438,8388608
Uring,throughput,0,4,4,0,0,194339274656,194339347938,73281,24,8388608
Uring,throughput,0,4,4,0,0,194339274823,194339411416,136592,11,8388608
Uring,throughput,0,4,4,0,0,194339276136,194339385559,109423,1915,8388608
Uring,throughput,0,4,4,0,0,194339277578,194339366091,88513,6300,8388608
Uring,throughput,0,4,4,0,0,194339285497,194339317392,31895,18,8388608
Uring,throughput,0,4,4,0,0,194339292602,194339410311,117708,29,8388608
Uring,throughput,0,4,4,0,0,194339299215,194339389429,90213,4211,8388608
Uring,throughput,0,4,4,0,0,194339301707,194339390598,88890,3659,8388608
Uring,throughput,0,4,4,0,0,194339317399,194339398206,80806,18,8388608
Uring,throughput,0,4,4,0,0,194339326418,194339463778,137360,14,8388608
Uring,throughput,0,4,4,0,0,194339335076,194339400393,65317,38,8388608
Uring,throughput,0,4,4,0,0,194339337306,194339423597,86291,21,8388608
Uring,throughput,0,4,4,0,0,194339339099,194339371894,32795,56,8388608
Uring,throughput,0,4,4,0,0,194339345081,194339504795,159714,1255,8388608
Uring,throughput,0,4,4,0,0,194339347944,194339417696,69751,15,8388608
Uring,throughput,0,4,4,0,0,194339349756,194339477120,127363,341,8388608
Uring,throughput,0,4,4,0,0,194339364725,194339475519,110794,139,8388608
Uring,throughput,0,4,4,0,0,194339365882,194339546236,180353,19,8388608
Uring,throughput,0,4,4,0,0,194339366098,194339538854,172756,23,8388608
Uring,throughput,0,4,4,0,0,194339371902,194339426913,55011,5052,8388608
Uring,throughput,0,4,4,0,0,194339385566,194339466091,80525,18,8388608
Uring,throughput,0,4,4,0,0,194339389435,194339537719,148284,16,8388608
Uring,throughput,0,4,4,0,0,194339390605,194339503451,112846,19,8388608
Uring,throughput,0,4,4,0,0,194339398214,194339546754,148539,5002,8388608
Uring,throughput,0,4,4,0,0,194339400400,194339460566,60165,16,8388608
Uring,throughput,0,4,4,0,0,194339410317,194339482617,72299,317,8388608
Uring,throughput,0,4,4,0,0,194339411423,194339505404,93980,325,8388608
Uring,throughput,0,4,4,0,0,194339417702,194339501350,83647,382,8388608
Uring,throughput,0,4,4,0,0,194339423604,194339549274,125670,4290,8388608
Uring,throughput,0,4,4,0,0,194339426919,194339503804,76885,18,8388608
Uring,throughput,0,4,4,0,0,194339460573,194339584532,123958,4107,8388608
Uring,throughput,0,4,4,0,0,194339463787,194339567238,103451,18,8388608
Uring,throughput,0,4,4,0,0,194339466099,194339492295,26196,62,8388608
Uring,throughput,0,4,4,0,0,194339475527,194339539353,63825,28,8388608
Uring,throughput,0,4,4,0,0,194339477128,194339582209,105081,30,8388608
Uring,throughput,0,4,4,0,0,194339482625,194339576743,94118,17,8388608
Uring,throughput,0,4,4,0,0,194339492308,194339582308,89999,369,8388608
Uring,throughput,0,4,4,0,0,194339501356,194339631743,130386,31,8388608
Uring,throughput,0,4,4,0,0,194339503459,194339584627,81168,16,8388608
Uring,throughput,0,4,4,0,0,194339503846,194339562841,58995,24,8388608
Uring,throughput,0,4,4,0,0,194339504800,194339617621,112820,13,8388608
Uring,throughput,0,4,4,0,0,194339505407,194339538591,33184,9,8388608
Uring,throughput,0,4,4,0,0,194339537727,194339642881,105153,25,8388608
Uring,throughput,0,4,4,0,0,194339538598,194339618259,79661,42,8388608
Uring,throughput,0,4,4,0,0,194339538863,194339646520,107657,21,8388608
Uring,throughput,0,4,4,0,0,194339539357,194339611371,72014,761,8388608
Uring,throughput,0,4,4,0,0,194339546243,194339598693,52450,16,8388608
Uring,throughput,0,4,4,0,0,194339546760,194339640893,94132,20,8388608
Uring,throughput,0,4,4,0,0,194339549282,194339588531,39249,26,8388608
Uring,throughput,0,4,4,0,0,194339562848,194339678206,115358,1705,8388608
Uring,throughput,0,4,4,0,0,194339567244,194339663473,96228,3885,8388608
Uring,throughput,0,4,4,0,0,194339576748,194339656895,80146,17,8388608
Uring,throughput,0,4,4,0,0,194339582217,194339663939,81722,19,8388608
Uring,throughput,0,4,4,0,0,194339582314,194339663214,80900,89,8388608
Uring,throughput,0,4,4,0,0,194339584537,194339704809,120272,13,8388608
Uring,throughput,0,4,4,0,0,194339584634,194339756879,172245,13791,8388608
Uring,throughput,0,4,4,0,0,194339588538,194339662549,74010,22,8388608
Uring,throughput,0,4,4,0,0,194339598701,194339662357,63656,554,8388608
Uring,throughput,0,4,4,0,0,194339611379,194339735766,124386,22,8388608
Uring,throughput,0,4,4,0,0,194339617630,194339723260,105630,38,8388608
Uring,throughput,0,4,4,0,0,194339618263,194339791581,173318,7164,8388608
Uring,throughput,0,4,4,0,0,194339631826,194339713670,81844,22,8388608
Uring,throughput,0,4,4,0,0,194339640899,194339779847,138947,26,8388608
Uring,throughput,0,4,4,0,0,194339642887,194339696840,53953,1398,8388608
Uring,throughput,0,4,4,0,0,194339646528,194339744790,98262,2133,8388608
Uring,throughput,0,4,4,0,0,194339656902,194339758782,101880,487,8388608
Uring,throughput,0,4,4,0,0,194339662364,194339789808,127444,16,8388608
Uring,throughput,0,4,4,0,0,194339662552,194339702922,40370,707,8388608
Uring,throughput,0,4,4,0,0,194339663222,194339718352,55129,22,8388608
Uring,throughput,0,4,4,0,0,194339663480,194339720163,56682,13,8388608
Uring,throughput,0,4,4,0,0,194339663942,194339768705,104762,344,8388608
Uring,throughput,0,4,4,0,0,194339678214,194339755817,77603,19,8388608
Uring,throughput,0,4,4,0,0,194339696847,194339786510,89662,24,8388608
Uring,throughput,0,4,4,0,0,194339702928,194339729698,26769,16,8388608
Uring,throughput,0,4,4,0,0,194339704814,194339799577,94762,12,8388608
Uring,throughput,0,4,4,0,0,194339713677,194339777495,63817,1899,8388608
Uring,throughput,0,4,4,0,0,194339718356,194339796354,77998,3113,8388608
Uring,throughput,0,4,4,0,0,194339720170,194339788898,68728,17,8388608
Uring,throughput,0,4,4,0,0,194339723265,194339787915,64649,1404,8388608
Uring,throughput,0,4,4,0,0,194339729705,194339758072,28367,24,8388608
Uring,throughput,0,4,4,0,0,194339735772,194339842030,106257,19,8388608
Uring,throughput,0,4,4,0,0,194339744797,194339844249,99452,18,8388608
Uring,throughput,0,4,4,0,0,194339755824,194339856975,101150,14,8388608
Uring,throughput,0,4,4,0,0,194339756885,194339810435,53550,17,8388608
Uring,throughput,0,4,4,0,0,194339758079,194339834894,76814,7192,8388608
Uring,throughput,0,4,4,0,0,194339758786,194339825053,66266,14,8388608
Uring,throughput,0,4,4,0,0,194339768710,194339822169,53458,21,8388608
Uring,throughput,0,4,4,0,0,194339777501,194339824152,46650,23,8388608
Uring,throughput,0,4,4,0,0,194339779853,194339844946,65092,1572,8388608
Uring,throughput,0,4,4,0,0,194339786517,194339897355,110838,65,8388608
Uring,throughput,0,4,4,0,0,194339787919,194339946758,158838,42,8388608
Uring,throughput,0,4,4,0,0,194339788906,194339894147,105241,2377,8388608
Uring,throughput,0,4,4,0,0,194339789817,194339849481,59664,24,8388608
Uring,throughput,0,4,4,0,0,194339791588,194339866338,74750,20,8388608
Uring,throughput,0,4,4,0,0,194339796365,194339928349,131984,15,8388608
Uring,throughput,0,4,4,0,0,194339799583,194339987392,187809,6068,8388608
Uring,throughput,0,4,4,0,0,194339810441,194339948361,137919,18,8388608
Uring,throughput,0,4,4,0,0,194339822175,194339930510,108334,19,8388608
Uring,throughput,0,4,4,0,0,194339824159,194339914349,90189,18,8388608
Uring,throughput,0,4,4,0,0,194339825060,194339941688,116627,19,8388608
Uring,throughput,0,4,4,0,0,194339834901,194339912150,77249,20,8388608
Uring,throughput,0,4,4,0,0,194339842037,194339920825,78788,405,8388608
Uring,throughput,0,4,4,0,0,194339844255,194339973336,129081,18,8388608
Uring,throughput,0,4,4,0,0,194339844953,194339926967,82013,20,8388608
Uring,throughput,0,4,4,0,0,194339849489,194339881916,32427,378,8388608
Uring,throughput,0,4,4,0,0,194339856982,194339966608,109625,289,8388608
Uring,throughput,0,4,4,0,0,194339866346,194339890161,23815,17,8388608
Uring,throughput,0,4,4,0,0,194339881923,194339969792,87869,18,8388608
Uring,throughput,0,4,4,0,0,194339890166,194339995634,105468,334,8388608
Uring,throughput,0,4,4,0,0,194339894155,194340073468,179313,28,8388608
Uring,throughput,0,4,4,0,0,194339897363,194339983781,86418,736,8388608
Uring,throughput,0,4,4,0,0,194339912213,194339968959,56746,22,8388608
Uring,throughput,0,4,4,0,0,194339914357,194339949491,35133,456,8388608
Uring,throughput,0,4,4,0,0,194339920833,194340001112,80279,25,8388608
Uring,throughput,0,4,4,0,0,194339926973,194339951224,24250,23,8388608
Uring,throughput,0,4,4,0,0,194339928383,194340023987,95603,53,8388608
Uring,throughput,0,4,4,0,0,194339930590,194340057788,127198,856,8388608
Uring,throughput,0,4,4,0,0,194339941694,194340069910,128216,7733,8388608
Uring,throughput,0,4,4,0,0,194339946768,194340067242,120474,35,8388608
Uring,throughput,0,4,4,0,0,194339948368,194340125193,176825,2309,8388608
Uring,throughput,0,4,4,0,0,194339949495,194340082040,132544,12,8388608
Uring,throughput,0,4,4,0,0,194339951230,194340021436,70206,3002,8388608
Uring,throughput,0,4,4,0,0,194339966616,194340037995,71379,22,8388608
Uring,throughput,0,4,4,0,0,194339968970,194340060240,91269,3786,8388608
Uring,throughput,0,4,4,0,0,194339969798,194340058899,89100,12,8388608
Uring,throughput,0,4,4,0,0,194339973342,194340141298,167955,247,8388608
Uring,throughput,0,4,4,0,0,194339983788,194340080646,96857,22,8388608
Uring,throughput,0,4,4,0,0,194339987400,194340068951,81551,53,8388608
Uring,throughput,0,4,4,0,0,194339995640,194340029278,33637,18,8388608
Uring,throughput,0,4,4,0,0,194340001120,194340102607,101486,21,8388608
Uring,throughput,0,4,4,0,0,194340021442,194340084683,63241,17,8388608
Uring,throughput,0,4,4,0,0,194340023995,194340127616,103620,376,8388608
Uring,throughput,0,4,4,0,0,194340029287,194340106331,77043,23,8388608
Uring,throughput,0,4,4,0,0,194340038061,194340115176,77115,36,8388608
Uring,throughput,0,4,4,0,0,194340057796,194340179463,121666,19,8388608
Uring,throughput,0,4,4,0,0,194340058912,194340156889,97976,2605,8388608
Uring,throughput,0,4,4,0,0,194340060245,194340177987,117741,16,8388608
Uring,throughput,0,4,4,0,0,194340067248,194340182486,115238,1333,8388608
Uring,throughput,0,4,4,0,0,194340068960,194340124573,55612,19,8388608
Uring,throughput,0,4,4,0,0,194340069915,194340141245,71329,15,8388608
Uring,throughput,0,4,4,0,0,194340073473,194340106153,32680,15,8388608
Uring,throughput,0,4,4,0,0,194340080653,194340152537,71884,18,8388608
Uring,throughput,0,4,4,0,0,194340082049,194340189995,107946,28,8388608
Uring,throughput,0,4,4,0,0,194340084688,194340143545,58856,17,8388608
Uring,throughput,0,4,4,0,0,194340102615,194340228255,125639,1474,8388608
Uring,throughput,0,4,4,0,0,194340106161,194340182996,76834,2202,8388608
Uring,throughput,0,4,4,0,0,194340106337,194340188423,82086,3587,8388608
Uring,throughput,0,4,4,0,0,194340115183,194340161617,46434,348,8388608
Uring,throughput,0,4,4,0,0,194340124580,194340190672,66091,2650,8388608
Uring,throughput,0,4,4,0,0,194340125199,194340239282,114083,24,8388608
Uring,throughput,0,4,4,0,0,194340127619,194340213791,86171,11,8388608
Uring,throughput,0,4,4,0,0,194340141252,194340181899,40646,18,8388608
Uring,throughput,0,4,4,0,0,194340141306,194340189615,48308,46,8388608
Uring,throughput,0,4,4,0,0,194340143552,194340285959,142407,360,8388608
Uring,throughput,0,4,4,0,0,194340152545,194340241423,88877,440,8388608
Uring,throughput,0,4,4,0,0,194340156897,194340233512,76615,23,8388608
Uring,throughput,0,4,4,0,0,194340161623,194340258359,96736,17,8388608
Uring,throughput,0,4,4,0,0,194340177994,194340268341,90346,59,8388608
Uring,throughput,0,4,4,0,0,194340179471,194340267159,87688,20,8388608
Uring,throughput,0,4,4,0,0,194340181905,194340247373,65468,2873,8388608
Uring,throughput,0,4,4,0,0,194340182495,194340282713,100218,80,8388608
Uring,throughput,0,4,4,0,0,194340183052,194340276147,93094,42,8388608
Uring,throughput,0,4,4,0,0,194340188441,194340241970,53528,18,8388608
Uring,throughput,0,4,4,0,0,194340189622,194340280434,90812,122,8388608
Uring,throughput,0,4,4,0,0,194340189999,194340304291,114292,362,8388608
Uring,throughput,0,4,4,0,0,194340190679,194340282849,92169,18,8388608
Uring,throughput,0,4,4,0,0,194340213798,194340282849,69051,21,8388608
Uring,throughput,0,4,4,0,0,194340228263,194340312578,84314,29,8388608
Uring,throughput,0,4,4,0,0,194340233562,194340358646,125084,23,8388608
Uring,throughput,0,4,4,0,0,194340239291,194340369222,129931,24,8388608
Uring,throughput,0,4,4,0,0,194340241430,194340342910,101479,16,8388608
Uring,throughput,0,4,4,0,0,194340241976,194340356988,115011,19,8388608
Uring,throughput,0,4,4,0,0,194340247380,194340267986,20606,16,8388608
Uring,throughput,0,4,4,0,0,194340258365,194340315890,57525,17,8388608
Uring,throughput,0,4,4,0,0,194340267165,194340319720,52555,448,8388608
Uring,throughput,0,4,4,0,0,194340267989,194340379020,111030,76,8388608
Uring,throughput,0,4,4,0,0,194340268346,194340413327,144981,356,8388608
Uring,throughput,0,4,4,0,0,194340276152,194340375265,99112,20,8388608
Uring,throughput,0,4,4,0,0,194340280438,194340312684,32246,995,8388608
Uring,throughput,0,4,4,0,0,194340282751,194340408379,125628,24,8388608
Uring,throughput,0,4,4,0,0,194340282856,194340401331,118474,5650,8388608
Uring,throughput,0,4,4,0,0,194340282878,194340406923,124044,17,8388608
Uring,throughput,0,4,4,0,0,194340285962,194340384130,98167,13,8388608
Uring,throughput,0,4,4,0,0,194340304300,194340341416,37116,33,8388608
Uring,throughput,0,4,4,0,0,194340312585,194340380612,68026,24,8388608
Uring,throughput,0,4,4,0,0,194340312687,194340383272,70584,56,8388608
Uring,throughput,0,4,4,0,0,194340315898,194340420329,104431,3556,8388608
Uring,throughput,0,4,4,0,0,194340319727,194340342262,22534,19,8388608
Uring,throughput,0,4,4,0,0,194340341423,194340389546,48122,15,8388608
Uring,throughput,0,4,4,0,0,194340342268,194340368533,26265,20,8388608
Uring,throughput,0,4,4,0,0,194340342913,194340377313,34399,10,8388608
Uring,throughput,0,4,4,0,0,194340356995,194340381341,24346,945,8388608
Uring,throughput,0,4,4,0,0,194340358654,194340441818,83163,4040,8388608
Uring,throughput,0,4,4,0,0,194340368539,194340425035,56496,792,8388608
Uring,throughput,0,4,4,0,0,194340369231,194340427536,58304,1636,8388608
Uring,throughput,0,4,4,0,0,194340375274,194340434928,59653,277,8388608
Uring,throughput,0,4,4,0,0,194340377318,194340405127,27808,2757,8388608
Uring,throughput,0,4,4,0,0,194340379023,194340428725,49701,1076,8388608
Uring,throughput,0,4,8,0,0,194340482459,194340730265,247806,2493,8388608
Uring,throughput,0,4,8,0,0,194340482401,194340706643,224241,2200,8388608
Uring,throughput,0,4,8,0,0,194340482480,194340571259,88779,2636,8388608
Uring,throughput,0,4,8,0,0,194340482438,194340762113,279674,2464,8388608
Uring,throughput,0,4,8,0,0,194340482907,194340743066,260159,2138,8388608
Uring,throughput,0,4,8,0,0,194340482918,194340741737,258818,2279,8388608
Uring,throughput,0,4,8,0,0,194340482937,194340562938,80000,1713,8388608
Uring,throughput,0,4,8,0,0,194340483023,194340762186,279162,1935,8388608
Uring,throughput,0,4,8,0,0,194340483198,194340603538,120340,1490,8388608
Uring,throughput,0,4,8,0,0,194340483238,194340601941,118703,1846,8388608
Uring,throughput,0,4,8,0,0,194340483246,194340578208,94962,2042,8388608
Uring,throughput,0,4,8,0,0,194340483279,194340762169,278889,1761,8388608
Uring,throughput,0,4,8,0,0,194340483420,194340786532,303112,1354,8388608
Uring,throughput,0,4,8,0,0,194340483440,194340718163,234722,1710,8388608
Uring,throughput,0,4,8,0,0,194340483457,194340568035,84578,1629,8388608
Uring,throughput,0,4,8,0,0,194340483489,194340576249,92760,1839,8388608
Uring,throughput,0,4,8,0,0,194340483641,194340716630,232989,1171,8388608
Uring,throughput,0,4,8,0,0,194340483692,194340636391,152699,1498,8388608
Uring,throughput,0,4,8,0,0,194340483741,194340746347,262605,1386,8388608
Uring,throughput,0,4,8,0,0,194340483783,194340753886,270103,1586,8388608
Uring,throughput,0,4,8,0,0,194340483795,194340592537,108742,1059,8388608
Uring,throughput,0,4,8,0,0,194340484030,194340738605,254574,1135,8388608
Uring,throughput,0,4,8,0,0,194340484031,194340739268,255236,863,8388608
Uring,throughput,0,4,8,0,0,194340484042,194340752848,268805,1193,8388608
Uring,throughput,0,4,8,0,0,194340484053,194340731455,247401,1373,8388608
Uring,throughput,0,4,8,0,0,194340484267,194340729299,245032,943,8388608
Uring,throughput,0,4,8,0,0,194340484277,194340750551,266274,996,8388608
Uring,throughput,0,4,8,0,0,194340484283,194340594578,110295,651,8388608
Uring,throughput,0,4,8,0,0,194340484291,194340737299,253007,1173,8388608
Uring,throughput,0,4,8,0,0,194340484432,194340749200,264768,822,8388608
Uring,throughput,0,4,8,0,0,194340484455,194340737512,253056,859,8388608
Uring,throughput,0,4,8,0,0,194340484505,194340753244,268739,994,8388608
Uring,throughput,0,4,8,0,0,194340562954,194340853981,291026,47,8388608
Uring,throughput,0,4,8,0,0,194340568042,194340603827,35784,16,8388608
Uring,throughput,0,4,8,0,0,194340571267,194340772040,200772,17,8388608
Uring,throughput,0,4,8,0,0,194340576256,194340743727,167470,19,8388608
Uring,throughput,0,4,8,0,0,194340578216,194340774040,195823,24,8388608
Uring,throughput,0,4,8,0,0,194340592544,194340687613,95069,19,8388608
Uring,throughput,0,4,8,0,0,194340594583,194340687791,93207,12,8388608
Uring,throughput,0,4,8,0,0,194340601948,194340660792,58843,19,8388608
Uring,throughput,0,4,8,0,0,194340603544,194340625932,22387,103,8388608
Uring,throughput,0,4,8,0,0,194340603829,194340782151,178322,12,8388608
Uring,throughput,0,4,8,0,0,194340625968,194340676453,50484,15,8388608
Uring,throughput,0,4,8,0,0,194340636400,194340681573,45173,20,8388608
Uring,throughput,0,4,8,0,0,194340660798,194340818864,158065,23,8388608
Uring,throughput,0,4,8,0,0,194340676459,194340783028,106569,3649,8388608
Uring,throughput,0,4,8,0,0,194340681580,194340848130,166549,20,8388608
Uring,throughput,0,4,8,0,0,194340687620,194340889690,202069,19,8388608
Uring,throughput,0,4,8,0,0,194340687792,194340725639,37846,12,8388608
Uring,throughput,0,4,8,0,0,194340706650,194340968456,261805,67,8388608
Uring,throughput,0,4,8,0,0,194340716636,194340979547,262910,14,8388608
Uring,throughput,0,4,8,0,0,194340718171,194340838137,119965,16,8388608
Uring,throughput,0,4,8,0,0,194340725645,194340895449,169803,13190,8388608
Uring,throughput,0,4,8,0,0,194340729308,194340806568,77259,18,8388608
Uring,throughput,0,4,8,0,0,194340730273,194340876654,146380,27,8388608
Uring,throughput,0,4,8,0,0,194340731460,194340917025,185564,13,8388608
Uring,throughput,0,4,8,0,0,194340737307,194340810841,73533,17,8388608
Uring,throughput,0,4,8,0,0,194340737517,194340902055,164537,18,8388608
Uring,throughput,0,4,8,0,0,194340738613,194340982184,243570,18,8388608
Uring,throughput,0,4,8,0,0,194340739274,194340811571,72297,36,8388608
Uring,throughput,0,4,8,0,0,194340741793,194340773655,31861,87,8388608
Uring,throughput,0,4,8,0,0,194340743073,194340960415,217341,25,8388608
Uring,throughput,0,4,8,0,0,194340743736,194340886700,142964,33,8388608
Uring,throughput,0,4,8,0,0,194340746406,194340925192,178785,25,8388608
Uring,throughput,0,4,8,0,0,194340749206,194340900947,151740,20,8388608
Uring,throughput,0,4,8,0,0,194340750558,194340817481,66923,20,8388608
Uring,throughput,0,4,8,0,0,194340752855,194340876627,123771,23,8388608
Uring,throughput,0,4,8,0,0,194340753251,194340911529,158277,21,8388608
Uring,throughput,0,4,8,0,0,194340753909,194340818829,64920,34,8388608
Uring,throughput,0,4,8,0,0,194340762120,194340905927,143806,110,8388608
Uring,throughput,0,4,8,0,0,194340762169,194340820888,58718,64,8388608
Uring,throughput,0,4,8,0,0,194340762187,194340986503,224316,50,8388608
Uring,throughput,0,4,8,0,0,194340772048,194340821967,49919,41,8388608
Uring,throughput,0,4,8,0,0,194340773659,194340898239,124579,12,8388608
Uring,throughput,0,4,8,0,0,194340774043,194340966902,192858,17,8388608
Uring,throughput,0,4,8,0,0,194340782158,194341015782,233624,4018,8388608
Uring,throughput,0,4,8,0,0,194340783034,194341021217,238183,25,8388608
Uring,throughput,0,4,8,0,0,194340786540,194340881312,94772,18,8388608
Uring,throughput,0,4,8,0,0,194340806575,194341013413,206838,51,8388608
Uring,throughput,0,4,8,0,0,194340810848,194340938142,127293,22,8388608
Uring,throughput,0,4,8,0,0,194340811577,194341011071,199493,16,8388608
Uring,throughput,0,4,8,0,0,194340817491,194341045291,227799,192,8388608
Uring,throughput,0,4,8,0,0,194340818836,194341029565,210728,16,8388608
Uring,throughput,0,4,8,0,0,194340818866,194340923593,104727,3742,8388608
Uring,throughput,0,4,8,0,0,194340820894,194341037287,216393,20,8388608
Uring,throughput,0,4,8,0,0,194340821974,194340982744,160769,5739,8388608
Uring,throughput,0,4,8,0,0,194340838144,194340889505,51361,24,8388608
Uring,throughput,0,4,8,0,0,194340848136,194341086353,238216,3104,8388608
Uring,throughput,0,4,8,0,0,194340853987,194340928577,74590,38,8388608
Uring,throughput,0,4,8,0,0,194340876634,194340935814,59179,27,8388608
Uring,throughput,0,4,8,0,0,194340876654,194340924233,47579,9,8388608
Uring,throughput,0,4,8,0,0,194340881318,194341027263,145945,43,8388608
Uring,throughput,0,4,8,0,0,194340886709,194341049515,162806,2232,8388608
Uring,throughput,0,4,8,0,0,194340889511,194340985411,95900,354,8388608
Uring,throughput,0,4,8,0,0,194340889696,194341165911,276215,3591,8388608
Uring,throughput,0,4,8,0,0,194340895455,194341022060,126604,13,8388608
Uring,throughput,0,4,8,0,0,194340898246,194341053605,155359,1322,8388608
Uring,throughput,0,4,8,0,0,194340900953,194341010820,109867,16,8388608
Uring,throughput,0,4,8,0,0,194340902062,194341028210,126148,30,8388608
Uring,throughput,0,4,8,0,0,194340905933,194340988351,82417,25,8388608
Uring,throughput,0,4,8,0,0,194340911537,194340981569,70031,16,8388608
Uring,throughput,0,4,8,0,0,194340917033,194341052557,135524,21,8388608
Uring,throughput,0,4,8,0,0,194340923600,194341111055,187454,20,8388608
Uring,throughput,0,4,8,0,0,194340924236,194341122926,198690,985,8388608
Uring,throughput,0,4,8,0,0,194340925198,194341122818,197620,23,8388608
Uring,throughput,0,4,8,0,0,194340928586,194341185543,256957,3274,8388608
Uring,throughput,0,4,8,0,0,194340935873,194341001498,65624,1270,8388608
Uring,throughput,0,4,8,0,0,194340938151,194341130950,192799,2840,8388608
Uring,throughput,0,4,8,0,0,194340960422,194341047611,87189,57,8388608
Uring,throughput,0,4,8,0,0,194340966909,194341135129,168219,297,8388608
Uring,throughput,0,4,8,0,0,194340968464,194341102249,133785,17,8388608
Uring,throughput,0,4,8,0,0,194340979554,194341120590,141036,18,8388608
Uring,throughput,0,4,8,0,0,194340981575,194341063090,81514,1161,8388608
Uring,throughput,0,4,8,0,0,194340982190,194341113776,131585,16,8388608
Uring,throughput,0,4,8,0,0,194340982749,194341184459,201709,18,8388608
Uring,throughput,0,4,8,0,0,194340985418,194341179698,194279,24,8388608
Uring,throughput,0,4,8,0,0,194340986511,194341093068,106557,42,8388608
Uring,throughput,0,4,8,0,0,194340988356,194341210058,221702,3828,8388608
Uring,throughput,0,4,8,0,0,194341001504,194341075708,74203,16,8388608
Uring,throughput,0,4,8,0,0,194341010829,194341091724,80894,4652,8388608
Uring,throughput,0,4,8,0,0,194341011073,194341239590,228516,275,8388608
Uring,throughput,0,4,8,0,0,194341013421,194341149745,136324,2119,8388608
Uring,throughput,0,4,8,0,0,194341015789,194341073075,57286,34,8388608
Uring,throughput,0,4,8,0,0,194341021224,194341203608,182383,18,8388608
Uring,throughput,0,4,8,0,0,194341022062,194341146028,123966,129,8388608
Uring,throughput,0,4,8,0,0,194341027271,194341232513,205242,15014,8388608
Uring,throughput,0,4,8,0,0,194341028219,194341243685,215465,16369,8388608
Uring,throughput,0,4,8,0,0,194341029572,194341193503,163930,2406,8388608
Uring,throughput,0,4,8,0,0,194341037294,194341070638,33344,833,8388608
Uring,throughput,0,4,8,0,0,194341045300,194341174722,129421,6058,8388608
Uring,throughput,0,4,8,0,0,194341047619,194341279315,231696,3809,8388608
Uring,throughput,0,4,8,0,0,194341049521,194341125146,75625,41,8388608
Uring,throughput,0,4,8,0,0,194341052562,194341151484,98921,784,8388608
Uring,throughput,0,4,8,0,0,194341053610,194341126298,72688,11,8388608
Uring,throughput,0,4,8,0,0,194341063097,194341271044,207947,16,8388608
Uring,throughput,0,4,8,0,0,194341070646,194341217120,146473,17,8388608
Uring,throughput,0,4,8,0,0,194341073081,194341214114,141032,15,8388608
Uring,throughput,0,4,8,0,0,194341075712,194341138088,62375,11,8388608
Uring,throughput,0,4,8,0,0,194341086358,194341247529,161170,16,8388608
Uring,throughput,0,4,8,0,0,194341091730,194341252630,160899,24,8388608
Uring,throughput,0,4,8,0,0,194341093073,194341285620,192547,2179,8388608
Uring,throughput,0,4,8,0,0,194341102286,194341305852,203566,3669,8388608
Uring,throughput,0,4,8,0,0,194341111062,194341248914,137852,42,8388608
Uring,throughput,0,4,8,0,0,194341113780,194341280841,167061,8768,8388608
Uring,throughput,0,4,8,0,0,194341120625,194341307853,187227,2950,8388608
Uring,throughput,0,4,8,0,0,194341122822,194341224992,102169,2925,8388608
Uring,throughput,0,4,8,0,0,194341122929,194341242925,119996,14,8388608
Uring,throughput,0,4,8,0,0,194341125152,194341203036,77883,40,8388608
Uring,throughput,0,4,8,0,0,194341126306,194341219029,92722,19,8388608
Uring,throughput,0,4,8,0,0,194341130955,194341245503,114547,33,8388608
Uring,throughput,0,4,8,0,0,194341135136,194341181889,46753,21,8388608
Uring,throughput,0,4,8,0,0,194341138094,194341225287,87192,1456,8388608
Uring,throughput,0,4,8,0,0,194341146035,194341316422,170387,1156,8388608
Uring,throughput,0,4,8,0,0,194341149751,194341264665,114914,20,8388608
Uring,throughput,0,4,8,0,0,194341151491,194341296614,145122,16,8388608
Uring,throughput,0,4,8,0,0,194341165917,194341382895,216977,24,8388608
Uring,throughput,0,4,8,0,0,194341174728,194341402645,227917,43,8388608
Uring,throughput,0,4,8,0,0,194341179703,194341280978,101275,21,8388608
Uring,throughput,0,4,8,0,0,194341181896,194341279495,97598,21,8388608
Uring,throughput,0,4,8,0,0,194341184466,194341291849,107382,59,8388608
Uring,throughput,0,4,8,0,0,194341185552,194341411065,225513,35,8388608
Uring,throughput,0,4,8,0,0,194341193510,194341386188,192678,16,8388608
Uring,throughput,0,4,8,0,0,194341203044,194341361755,158711,2526,8388608
Uring,throughput,0,4,8,0,0,194341203615,194341360716,157100,3149,8388608
Uring,throughput,0,4,8,0,0,194341210067,194341351464,141397,25,8388608
Uring,throughput,0,4,8,0,0,194341214121,194341360606,146485,2195,8388608
Uring,throughput,0,4,8,0,0,194341217145,194341394123,176978,40,8388608
Uring,throughput,0,4,8,0,0,194341219037,194341359863,140826,5275,8388608
Uring,throughput,0,4,8,0,0,194341225000,194341366238,141238,37,8388608
Uring,throughput,0,4,8,0,0,194341225293,194341353442,128148,17,8388608
Uring,throughput,0,4,8,0,0,194341232592,194341358588,125995,19,8388608
Uring,throughput,0,4,8,0,0,194341239596,194341531513,291917,15,8388608
Uring,throughput,0,4,8,0,0,194341242932,194341519300,276367,24,8388608
Uring,throughput,0,4,8,0,0,194341243687,194341396964,153276,12,8388608
Uring,throughput,0,4,8,0,0,194341245509,194341467260,221751,14,8388608
Uring,throughput,0,4,8,0,0,194341247533,194341537465,289931,15,8388608
Uring,throughput,0,4,8,0,0,194341248922,194341385060,136137,1239,8388608
Uring,throughput,0,4,8,0,0,194341252635,194341355293,102658,16,8388608
Uring,throughput,0,4,8,0,0,194341264677,194341517217,252539,19,8388608
Uring,throughput,0,4,8,0,0,194341271051,194341569617,298566,17,8388608
Uring,throughput,0,4,8,0,0,194341279320,194341314088,34767,14,8388608
Uring,throughput,0,4,8,0,0,194341279498,194341568861,289362,9747,8388608
Uring,throughput,0,4,8,0,0,194341280848,194341470415,189566,29,8388608
Uring,throughput,0,4,8,0,0,194341280981,194341351517,70536,641,8388608
Uring,throughput,0,4,8,0,0,194341285628,194341508671,223042,218,8388608
Uring,throughput,0,4,8,0,0,194341291856,194341335822,43966,561,8388608
Uring,throughput,0,4,8,0,0,194341296620,194341364786,68165,25,8388608
Uring,throughput,0,4,8,0,0,194341305859,194341543885,238026,36,8388608
Uring,throughput,0,4,8,0,0,194341307859,194341371942,64083,11,8388608
Uring,throughput,0,4,8,0,0,194341314095,194341337150,23054,18,8388608
Uring,throughput,0,4,8,0,0,194341316429,194341546406,229977,18,8388608
Uring,throughput,0,4,8,0,0,194341335829,194341485149,149319,21,8388608
Uring,throughput,0,4,8,0,0,194341337158,194341531547,194389,590,8388608
Uring,throughput,0,4,8,0,0,194341351471,194341535758,184286,17,8388608
Uring,throughput,0,4,8,0,0,194341351523,194341640382,288859,17,8388608
Uring,throughput,0,4,8,0,0,194341353450,194341463160,109710,27,8388608
Uring,throughput,0,4,8,0,0,194341355297,194341409170,53872,3157,8388608
Uring,throughput,0,4,8,0,0,194341358594,194341401992,43397,23,8388608
Uring,throughput,0,4,8,0,0,194341359911,194341411064,51153,17,8388608
Uring,throughput,0,4,8,0,0,194341360639,194341556346,195706,19,8388608
Uring,throughput,0,4,8,0,0,194341360720,194341495134,134414,14,8388608
Uring,throughput,0,4,8,0,0,194341361759,194341552697,190938,31,8388608
Uring,throughput,0,4,8,0,0,194341364788,194341427605,62817,20699,8388608
Uring,throughput,0,4,8,0,0,194341366255,194341428750,62495,18,8388608
Uring,throughput,0,4,8,0,0,194341371946,194341645095,273149,14,8388608
Uring,throughput,0,4,8,0,0,194341382899,194341419069,36170,13,8388608
Uring,throughput,0,4,8,0,0,194341385072,194341498937,113865,18,8388608
Uring,throughput,0,4,8,0,0,194341386193,194341439670,53476,115,8388608
Uring,throughput,0,4,8,0,0,194341394129,194341619532,225402,1837,8388608
Uring,throughput,0,4,8,0,0,194341396971,194341651990,255019,21,8388608
Uring,throughput,0,4,8,0,0,194341402042,194341661506,259464,2083,8388608
Uring,throughput,0,4,8,0,0,194341402653,194341659398,256744,20,8388608
Uring,throughput,0,4,8,0,0,194341409215,194341511769,102553,59,8388608
Uring,throughput,0,4,8,0,0,194341411071,194341464930,53859,17,8388608
Uring,throughput,0,4,8,0,0,194341411073,194341454308,43235,41,8388608
Uring,throughput,0,4,8,0,0,194341419076,194341542640,123563,1370,8388608
Uring,throughput,0,4,8,0,0,194341427613,194341462573,34959,24,8388608
Uring,throughput,0,4,8,0,0,194341428757,194341636979,208222,10386,8388608
Uring,throughput,0,4,8,0,0,194341439676,194341666302,226625,1791,8388608
Uring,throughput,0,4,8,0,0,194341454316,194341554276,99960,320,8388608
Uring,throughput,0,4,8,0,0,194341462581,194341493129,30547,21,8388608
Uring,throughput,0,4,8,0,0,194341463165,194341720964,257798,829,8388608
Uring,throughput,0,4,8,0,0,194341464938,194341733199,268261,8250,8388608
Uring,throughput,0,4,8,0,0,194341467321,194341542035,74713,2751,8388608
Uring,throughput,0,4,8,0,0,194341470423,194341714309,243886,22,8388608
Uring,throughput,0,4,8,0,0,194341485156,194341563729,78573,21,8388608
Uring,throughput,0,4,8,0,0,194341493136,194341567211,74074,357,8388608
Uring,throughput,0,4,8,0,0,194341495143,194341537545,42401,40,8388608
Uring,throughput,0,4,8,0,0,194341498944,194341542652,43708,17,8388608
Uring,throughput,0,4,8,0,0,194341508680,194341706788,198107,52,8388608
Uring,throughput,0,4,8,0,0,194341511777,194341702592,190814,64,8388608
Uring,throughput,0,4,8,0,0,194341517223,194341568349,51125,1511,8388608
Uring,throughput,0,4,8,0,0,194341519309,194341575774,56465,279,8388608
Uring,throughput,0,4,8,0,0,194341531520,194341714789,183268,20,8388608
Uring,throughput,0,4,8,0,0,194341531554,194341741347,209792,17,8388608
Uring,throughput,0,4,8,0,0,194341535766,194341735459,199693,2793,8388608
Uring,throughput,0,4,8,0,0,194341537473,194341583605,46132,2169,8388608
Uring,throughput,0,4,8,0,0,194341537550,194341773460,235910,4979,8388608
Uring,throughput,0,4,8,0,0,194341542042,194341742046,200003,16,8388608
Uring,throughput,0,4,8,0,0,194341542645,194341745452,202807,128,8388608
Uring,throughput,0,4,8,0,0,194341542661,194341687958,145297,760,8388608
Uring,throughput,0,4,8,0,0,194341543890,194341797078,253188,11,8388608
Uring,throughput,0,4,8,0,0,194341546416,194341663067,116651,19,8388608
Uring,throughput,0,4,8,0,0,194341552706,194341797908,245202,75,8388608
Uring,throughput,0,4,8,0,0,194341554285,194341697717,143432,19,8388608
Uring,throughput,0,4,8,0,0,194341556354,194341683348,126993,22,8388608
Uring,throughput,0,4,8,0,0,194341563762,194341600035,36272,3305,8388608
Uring,throughput,0,4,8,0,0,194341567215,194341751424,184209,10,8388608
Uring,throughput,0,4,8,0,0,194341568358,194341606517,38158,22,8388608
Uring,throughput,0,4,8,0,0,194341568867,194341597134,28267,24,8388608
Uring,throughput,0,4,8,0,0,194341569624,194341617466,47841,1135,8388608
Uring,throughput,0,4,8,0,0,194341575782,194341721601,145819,70,8388608
Uring,throughput,0,4,8,0,0,194341583611,194341618618,35006,17,8388608
Uring,throughput,0,4,8,0,0,194341597141,194341681814,84672,37,8388608
Uring,throughput,0,4,8,0,0,194341600043,194341754907,154864,81,8388608
Uring,throughput,0,4,8,0,0,194341606524,194341638902,32378,16,8388608
Uring,throughput,0,4,8,0,0,194341617473,194341681165,63692,22,8388608
Uring,throughput,0,4,8,0,0,194341618626,194341742970,124344,30,8388608
Uring,throughput,0,4,8,0,0,194341619537,194341784988,165450,12,8388608
Uring,throughput,0,4,8,0,0,194341636987,194341685313,48325,84,8388608
Uring,throughput,0,4,8,0,0,194341638906,194341888518,249612,253,8388608
Uring,throughput,0,4,8,0,0,194341640419,194341809682,169263,34,8388608
Uring,throughput,0,4,8,0,0,194341645102,194341869245,224142,2387,8388608
Uring,throughput,0,4,8,0,0,194341652031,194341867381,215350,4571,8388608
Uring,throughput,0,4,8,0,0,194341659405,194341699074,39669,1111,8388608
Uring,throughput,0,4,8,0,0,194341661514,194341749382,87868,19,8388608
Uring,throughput,0,4,8,0,0,194341663077,194341765854,102776,3906,8388608
Uring,throughput,0,4,8,0,0,194341666383,194341735027,68643,27,8388608
Uring,throughput,0,4,8,0,0,194341681171,194341842228,161056,19,8388608
Uring,throughput,0,4,8,0,0,194341681817,194341836458,154641,6930,8388608
Uring,throughput,0,4,8,0,0,194341683354,194341886779,203424,1216,8388608
Uring,throughput,0,4,8,0,0,194341685319,194341774626,89306,16,8388608
Uring,throughput,0,4,8,0,0,194341687965,194341742154,54189,18,8388608
Uring,throughput,0,4,8,0,0,194341697725,194341821453,123727,84,8388608
Uring,throughput,0,4,8,0,0,194341699083,194341847766,148682,130,8388608
Uring,throughput,0,4,8,0,0,194341702597,194341858642,156044,2498,8388608
Uring,throughput,0,4,8,0,0,194341706801,194341882629,175828,6787,8388608
Uring,throughput,0,4,8,0,0,194341714318,194341821913,107595,4488,8388608
Uring,throughput,0,4,8,0,0,194341714797,194341855594,140797,1146,8388608
Uring,throughput,0,4,8,0,0,194341720972,194341872754,151782,24,8388608
Uring,throughput,0,4,8,0,0,194341721610,194341814444,92833,250,8388608
Uring,throughput,0,4,8,0,0,194341733207,194341791154,57947,79,8388608
Uring,throughput,0,4,8,0,0,194341735034,194341778862,43827,68,8388608
Uring,throughput,0,4,8,0,0,194341735466,194341894609,159142,30,8388608
Uring,throughput,0,4,8,0,0,194341741354,194341928666,187311,27,8388608
Uring,throughput,0,4,8,0,0,194341742055,194341923971,181916,96,8388608
Uring,throughput,0,4,8,0,0,194341742157,194341933109,190952,12,8388608
Uring,throughput,0,4,8,0,0,194341742974,194341852793,109819,3879,8388608
Uring,throughput,0,4,8,0,0,194341745461,194341933612,188150,55,8388608
Uring,throughput,0,4,8,0,0,194341749390,194341791315,41925,22,8388608
Uring,throughput,0,4,8,0,0,194341751430,194341932669,181238,17,8388608
Uring,throughput,0,4,8,0,0,194341754912,194341927431,172518,15,8388608
Uring,throughput,0,4,8,0,0,194341765861,194341796135,30273,16,8388608
Uring,throughput,0,4,8,0,0,194341773466,194342002476,229009,59,8388608
Uring,throughput,0,4,8,0,0,194341774632,194341981056,206424,3291,8388608
Uring,throughput,0,4,8,0,0,194341778869,194341931668,152799,1004,8388608
Uring,throughput,0,4,8,0,0,194341784994,194341891174,106179,89,8388608
Uring,throughput,0,4,8,0,0,194341791159,194341904880,113720,21,8388608
Uring,throughput,0,4,8,0,0,194341791316,194341879381,88064,656,8388608
Uring,throughput,0,4,8,0,0,194341796141,194341853454,57312,16,8388608
Uring,throughput,0,4,8,0,0,194341797083,194342068933,271850,813,8388608
Uring,throughput,0,4,8,0,0,194341797915,194341932264,134348,2174,8388608
Uring,throughput,0,4,8,0,0,194341809691,194341974071,164380,4446,8388608
Uring,throughput,0,4,8,0,0,194341814451,194342034323,219871,4479,8388608
Uring,throughput,0,4,8,0,0,194341821459,194342020858,199398,5232,8388608
Uring,throughput,0,4,8,0,0,194341821944,194341928254,106310,19,8388608
Uring,throughput,0,4,8,0,0,194341836465,194341927276,90811,20,8388608
Uring,throughput,0,4,8,0,0,194341842296,194341939620,97323,4199,8388608
Uring,throughput,0,4,8,0,0,194341847773,194341949118,101344,111,8388608
Uring,throughput,0,4,8,0,0,194341852799,194341934578,81778,30,8388608
Uring,throughput,0,4,8,0,0,194341853459,194342047718,194259,367,8388608
Uring,throughput,0,4,8,0,0,194341855601,194342081754,226152,74,8388608
Uring,throughput,0,4,8,0,0,194341858648,194342005705,147056,15,8388608
Uring,throughput,0,4,8,0,0,194341867387,194342092846,225458,24,8388608
Uring,throughput,0,4,8,0,0,194341869251,194341975203,105952,19,8388608
Uring,throughput,0,4,8,0,0,194341872763,194342025243,152479,24,8388608
Uring,throughput,0,4,8,0,0,194341879386,194342086850,207463,30,8388608
Uring,throughput,0,4,8,0,0,194341882637,194342047257,164619,29,8388608
Uring,throughput,0,4,8,0,0,194341886784,194341915349,28565,13,8388608
Uring,throughput,0,4,8,0,0,194341888525,194342070893,182367,14,8388608
Uring,throughput,0,4,8,0,0,194341891181,194342079978,188797,3213,8388608
Uring,throughput,0,4,8,0,0,194341894615,194342093947,199331,53,8388608
Uring,throughput,0,4,8,0,0,194341904899,194342061756,156857,9072,8388608
Uring,throughput,0,4,8,0,0,194341915355,194342000422,85066,19,8388608
Uring,throughput,0,4,8,0,0,194341923977,194341994720,70742,3104,8388608
Uring,throughput,0,4,8,0,0,194341927279,194342109484,182204,84,8388608
Uring,throughput,0,4,8,0,0,194341927432,194342286974,359541,507,8388608
Uring,throughput,0,4,8,0,0,194341928261,194342078506,150245,17,8388608
Uring,throughput,0,4,8,0,0,194341928675,194342133481,204806,2174,8388608
Uring,throughput,0,4,8,0,0,194341931671,194342041414,109742,10,8388608
Uring,throughput,0,4,8,0,0,194341932268,194342058706,126438,12,8388608
Uring,throughput,0,4,8,0,0,194341932671,194342046796,114125,4881,8388608
Uring,throughput,0,4,8,0,0,194341933129,194342074378,141249,980,8388608
Uring,throughput,0,4,8,0,0,194341933615,194342045718,112102,3911,8388608
Uring,throughput,0,4,8,0,0,194341934584,194342021160,86575,14,8388608
Uring,throughput,0,4,8,0,0,194341939627,194342119627,179999,51,8388608
Uring,throughput,0,4,8,0,0,194341949126,194342042457,93330,248,8388608
Uring,throughput,0,4,8,0,0,194341974079,194342098986,124906,48,8388608
Uring,throughput,0,4,8,0,0,194341975211,194342077912,102701,27,8388608
Uring,throughput,0,4,8,0,0,194341981063,194342152765,171701,30,8388608
Uring,throughput,0,4,8,0,0,194341994727,194342149735,155008,18,8388608
Uring,throughput,0,4,8,0,0,194342000477,194342097246,96768,5089,8388608
Uring,throughput,0,4,8,0,0,194342002485,194342167073,164587,26,8388608
Uring,throughput,0,4,8,0,0,194342005753,194342062576,56822,115,8388608
Uring,throughput,0,4,8,0,0,194342020864,194342148656,127792,18,8388608
Uring,throughput,0,4,8,0,0,194342021164,194342192368,171203,3861,8388608
Uring,throughput,0,4,8,0,0,194342025250,194342286564,261314,3036,8388608
Uring,throughput,0,4,8,0,0,194342034329,194342193180,158850,19,8388608
Uring,throughput,0,4,8,0,0,194342041421,194342200556,159134,17,8388608
Uring,throughput,0,4,8,0,0,194342042465,194342107369,64903,50,8388608
Uring,throughput,0,4,8,0,0,194342045725,194342283062,237336,17,8388608
Uring,throughput,0,4,8,0,0,194342046801,194342177966,131165,17,8388608
Uring,throughput,0,4,8,0,0,194342047266,194342276270,229004,28,8388608
Uring,throughput,0,4,8,0,0,194342047727,194342136375,88647,20,8388608
Uring,throughput,0,4,8,0,0,194342058715,194342101557,42841,80,8388608
Uring,throughput,0,4,8,0,0,194342061764,194342150899,89135,18,8388608
Uring,throughput,0,4,8,0,0,194342062582,194342350343,287761,5757,8388608
Uring,throughput,0,4,8,0,0,194342069079,194342215330,146251,19,8388608
Uring,throughput,0,4,8,0,0,194342070899,194342208399,137499,16,8388608
Uring,throughput,0,4,8,0,0,194342074387,194342235296,160908,21,8388608
Uring,throughput,0,4,8,0,0,194342077919,194342353079,275160,3660,8388608
Uring,throughput,0,4,8,0,0,194342078512,194342233089,154577,1506,8388608
Uring,throughput,0,4,8,0,0,194342079982,194342189609,109626,54,8388608
Uring,throughput,0,4,8,0,0,194342081761,194342124274,42513,73,8388608
Uring,throughput,0,4,8,0,0,194342086855,194342219384,132529,15,8388608
Uring,throughput,0,4,8,0,0,194342092855,194342222461,129606,22,8388608
Uring,throughput,0,4,8,0,0,194342093953,194342243064,149110,1669,8388608
Uring,throughput,0,4,8,0,0,194342097252,194342137769,40516,17,8388608
Uring,throughput,0,4,8,0,0,194342098990,194342219397,120406,53,8388608
Uring,throughput,0,4,8,0,0,194342101563,194342160328,58765,932,8388608
Uring,throughput,0,4,8,0,0,194342107374,194342226766,119391,38,8388608
Uring,throughput,0,4,8,0,0,194342109491,194342247430,137938,2001,8388608
Uring,throughput,0,4,8,0,0,194342119634,194342196650,77016,69,8388608
Uring,throughput,0,4,8,0,0,194342124280,194342178309,54029,832,8388608
Uring,throughput,0,4,8,0,0,194342133488,194342207178,73689,19,8388608
Uring,throughput,0,4,8,0,0,194342136380,194342285096,148715,22,8388608
Uring,throughput,0,4,8,0,0,194342137776,194342324441,186664,16,8388608
Uring,throughput,0,4,8,0,0,194342148661,194342214922,66260,12,8388608
Uring,throughput,0,4,8,0,0,194342149740,194342312506,162766,15,8388608
Uring,throughput,0,4,8,0,0,194342150906,194342246902,95995,40,8388608
Uring,throughput,0,4,8,0,0,194342152773,194342415185,262412,19,8388608
Uring,throughput,0,4,8,0,0,194342160335,194342202970,42634,25,8388608
Uring,throughput,0,4,8,0,0,194342167079,194342367084,200005,4092,8388608
Uring,throughput,0,4,8,0,0,194342177975,194342343027,165051,21,8388608
Uring,throughput,0,4,8,0,0,194342178399,194342330262,151862,18,8388608
Uring,throughput,0,4,8,0,0,194342189616,194342342066,152450,17,8388608
Uring,throughput,0,4,8,0,0,194342192375,194342348500,156125,83,8388608
Uring,throughput,0,4,8,0,0,194342193186,194342440213,247026,16,8388608
Uring,throughput,0,4,8,0,0,194342196719,194342551368,354649,5847,8388608
Uring,throughput,0,4,8,0,0,194342200560,194342242650,42090,2206,8388608
Uring,throughput,0,4,8,0,0,194342202977,194342423177,220200,115,8388608
Uring,throughput,0,4,8,0,0,194342207185,194342368944,161759,69,8388608
Uring,throughput,0,4,8,0,0,194342208406,194342424794,216388,4121,8388608
Uring,throughput,0,4,8,0,0,194342214929,194342368158,153228,8014,8388608
Uring,throughput,0,4,8,0,0,194342215339,194342369672,154333,22,8388608
Uring,throughput,0,4,8,0,0,194342219392,194342389797,170404,7673,8388608
Uring,throughput,0,4,8,0,0,194342219404,194342377314,157910,552,8388608
Uring,throughput,0,4,8,0,0,194342222468,194342278338,55870,672,8388608
Uring,throughput,0,4,8,0,0,194342226774,194342272350,45575,1056,8388608
Uring,throughput,0,4,8,0,0,194342233096,194342399459,166362,20,8388608
Uring,throughput,0,4,8,0,0,194342235303,194342422957,187653,21,8388608
Uring,throughput,0,4,8,0,0,194342242658,194342314574,71915,24,8388608
Uring,throughput,0,4,8,0,0,194342243072,194342513395,270322,17,8388608
Uring,throughput,0,4,8,0,0,194342246908,194342359221,112312,500,8388608
Uring,throughput,0,4,8,0,0,194342247437,194342322361,74923,21,8388608
Uring,throughput,0,4,8,0,0,194342272358,194342376807,104449,124,8388608
Uring,throughput,0,4,8,0,0,194342276277,194342608384,332107,3028,8388608
Uring,throughput,0,4,8,0,0,194342278346,194342389221,110875,51,8388608
Uring,throughput,0,4,8,0,0,194342283069,194342634035,350965,15,8388608
Uring,throughput,0,4,8,0,0,194342285102,194342372100,86997,390,8388608
Uring,throughput,0,4,8,0,0,194342286571,194342325536,38964,31,8388608
Uring,throughput,0,4,8,0,0,194342286976,194342635307,348331,131,8388608
Uring,throughput,0,4,8,0,0,194342312513,194342450540,138026,448,8388608
Uring,throughput,0,4,8,0,0,194342314580,194342634040,319460,14,8388608
Uring,throughput,0,4,8,0,0,194342322369,194342403439,81069,21,8388608
Uring,throughput,0,4,8,0,0,194342324447,194342662524,338076,6175,8388608
Uring,throughput,0,4,8,0,0,194342325542,194342637055,311512,21,8388608
Uring,throughput,0,4,8,0,0,194342330269,194342408569,78299,26,8388608
Uring,throughput,0,4,8,0,0,194342342072,194342679343,337270,4315,8388608
Uring,throughput,0,4,8,0,0,194342343034,194342679920,336886,2670,8388608
Uring,throughput,0,4,8,0,0,194342348507,194342466326,117819,18,8388608
Uring,throughput,0,4,8,0,0,194342350348,194342670571,320222,16,8388608
Uring,throughput,0,4,8,0,0,194342353086,194342399092,46005,21,8388608
Uring,throughput,0,4,8,0,0,194342359228,194342674935,315707,22,8388608
Uring,throughput,0,4,8,0,0,194342367091,194342458964,91873,24,8388608
Uring,throughput,0,4,8,0,0,194342368166,194342394480,26314,27,8388608
Uring,throughput,0,4,8,0,0,194342368951,194342684478,315526,3112,8388608
Uring,throughput,0,4,8,0,0,194342369678,194342417287,47608,2257,8388608
Uring,throughput,0,4,8,0,0,194342372104,194342463761,91657,18,8388608
Uring,throughput,0,4,8,0,0,194342376815,194342463751,86936,16,8388608
Uring,throughput,0,4,8,0,0,194342377316,194342476253,98937,11,8388608
Uring,throughput,0,4,8,0,0,194342389228,194342434600,45371,36,8388608
Uring,throughput,0,4,8,0,0,194342389805,194342462792,72987,24,8388608
Uring,throughput,0,4,8,0,0,194342394485,194342540274,145789,59,8388608
Uring,throughput,0,4,8,0,0,194342399098,194342443943,44844,16,8388608
Uring,throughput,0,4,8,0,0,194342399465,194342558033,158567,21,8388608
Uring,throughput,0,4,8,0,0,194342403445,194342700407,296962,6891,8388608
Uring,throughput,0,4,8,0,0,194342408576,194342449380,40804,1156,8388608
Uring,throughput,0,4,8,0,0,194342415192,194342720832,305640,7254,8388608
Uring,throughput,0,4,8,0,0,194342417304,194342532249,114944,13,8388608
Uring,throughput,0,4,8,0,0,194342422964,194342490568,67604,988,8388608
Uring,throughput,0,4,8,0,0,194342423182,194342545678,122496,1870,8388608
Uring,throughput,0,4,8,0,0,194342424801,194342466506,41705,28,8388608
Uring,throughput,0,4,8,0,0,194342434607,194342551915,117307,5063,8388608
Uring,throughput,0,4,8,0,0,194342440220,194342504612,64391,1339,8388608
Uring,throughput,0,4,8,0,0,194342443950,194342530898,86947,5252,8388608
Uring,throughput,0,4,8,0,0,194342449387,194342695795,246408,79,8388608
Uring,throughput,0,4,8,0,0,194342450547,194342702551,252004,24,8388608
Uring,throughput,0,4,8,0,0,194342458971,194342514483,55512,16,8388608
Uring,throughput,0,4,8,0,0,194342462799,194342539258,76459,19,8388608
Uring,throughput,0,4,8,0,0,194342463760,194342534025,70265,1571,8388608
Uring,throughput,0,4,8,0,0,194342463766,194342580711,116944,18,8388608
Uring,throughput,0,4,8,0,0,194342466332,194342496667,30335,956,8388608
Uring,throughput,0,4,8,0,0,194342466512,194342616127,149615,15,8388608
Uring,throughput,0,4,8,0,0,194342476260,194342501658,25398,45,8388608
Uring,throughput,0,4,8,0,0,194342490576,194342712465,221889,23,8388608
Uring,throughput,0,4,8,0,0,194342496675,194342714237,217562,23,8388608
Uring,throughput,0,4,8,0,0,194342501665,194342721839,220174,2739,8388608
Uring,throughput,0,4,8,0,0,194342504618,194342563748,59129,11,8388608
Uring,throughput,0,4,8,0,0,194342513403,194342548291,34887,53,8388608
Uring,throughput,0,4,8,0,0,194342514490,194342727158,212668,477,8388608
Uring,throughput,0,4,8,0,0,194342530905,194342572225,41320,16,8388608
Uring,throughput,0,4,8,0,0,194342532253,194342728961,196707,14,8388608
Uring,throughput,0,4,8,0,0,194342534032,194342561470,27437,22,8388608
Uring,throughput,0,4,8,0,0,194342539265,194342677183,137917,3073,8388608
Uring,throughput,0,4,8,0,0,194342540281,194342650624,110343,2960,8388608
Uring,throughput,0,4,8,0,0,194342545681,194342606090,60408,13,8388608
Uring,throughput,0,4,8,0,0,194342548298,194342736409,188111,4187,8388608
Uring,throughput,0,4,8,0,0,194342551373,194342662512,111138,12,8388608
Uring,throughput,0,4,8,0,0,194342551921,194342607404,55482,22,8388608
Uring,throughput,0,4,8,0,0,194342558039,194342657564,99525,9624,8388608
Uring,throughput,0,4,8,0,0,194342561476,194342689547,128071,19,8388608
Uring,throughput,0,4,8,0,0,194342563775,194342609910,46135,13,8388608
Uring,throughput,0,4,8,0,0,194342572232,194342714267,142034,21,8388608
Uring,throughput,0,4,8,0,0,194342580718,194342644814,64096,4501,8388608
Uring,throughput,0,4,8,0,0,194342606096,194342668266,62169,163,8388608
Uring,throughput,0,4,8,0,0,194342607412,194342658341,50929,66,8388608
Uring,throughput,0,4,8,0,0,194342608392,194342745999,137607,40,8388608
Uring,throughput,0,4,8,0,0,194342609915,194342746532,136616,3156,8388608
Uring,throughput,0,4,8,0,0,194342616137,194342647619,31482,1042,8388608
Uring,throughput,0,4,8,0,0,194342634043,194342808932,174889,4675,8388608
Uring,throughput,0,4,8,0,0,194342634049,194342719123,85074,668,8388608
Uring,throughput,0,4,8,0,0,194342635313,194342863820,228507,46,8388608
Uring,throughput,0,4,8,0,0,194342637170,194342802108,164937,3674,8388608
Uring,throughput,0,4,8,0,0,194342644820,194342796732,151911,14,8388608
Uring,throughput,0,4,8,0,0,194342647627,194342850539,202912,17,8388608
Uring,throughput,0,4,8,0,0,194342650631,194342860951,210320,27,8388608
Uring,throughput,0,4,8,0,0,194342657571,194342774068,116496,21,8388608
Uring,throughput,0,4,8,0,0,194342658350,194342757896,99546,2784,8388608
Uring,throughput,0,4,8,0,0,194342662520,194342827852,165332,27,8388608
Uring,throughput,0,4,8,0,0,194342662529,194342753342,90812,17,8388608
Uring,throughput,0,4,8,0,0,194342668272,194342765608,97335,11099,8388608
Uring,throughput,0,4,8,0,0,194342670576,194342869176,198600,13,8388608
Uring,throughput,0,4,8,0,0,194342674972,194342763394,88421,16,8388608
Uring,throughput,0,4,8,0,0,194342677187,194342790235,113047,29,8388608
Uring,throughput,0,4,8,0,0,194342679348,194342796999,117651,58,8388608
Uring,throughput,0,4,8,0,0,194342679929,194342811842,131912,50,8388608
Uring,throughput,0,4,8,0,0,194342684571,194342811934,127362,31,8388608
Uring,throughput,0,4,8,0,0,194342689553,194342837333,147780,229,8388608
Uring,throughput,0,4,8,0,0,194342695871,194342821420,125548,21,8388608
Uring,throughput,0,4,8,0,0,194342700417,194342764935,64517,24,8388608
Uring,throughput,0,4,8,0,0,194342702557,194342779088,76530,22,8388608
Uring,throughput,0,4,8,0,0,194342712472,194342955496,243023,52,8388608
Uring,throughput,0,4,8,0,0,194342714241,194342765407,51165,13,8388608
Uring,throughput,0,4,8,0,0,194342714274,194342863879,149605,2861,8388608
Uring,throughput,0,4,8,0,0,194342719129,194342914071,194942,15,8388608
Uring,throughput,0,4,8,0,0,194342720838,194342974728,253890,17,8388608
Uring,throughput,0,4,8,0,0,194342721848,194342835066,113218,18,8388608
Uring,throughput,0,4,8,0,0,194342727163,194343016835,289671,53,8388608
Uring,throughput,0,4,8,0,0,194342728965,194343029654,300688,12653,8388608
Uring,throughput,0,4,8,0,0,194342736416,194343016944,280528,14,8388608
Uring,throughput,0,4,8,0,0,194342746028,194342816355,70326,20,8388608
Uring,throughput,0,4,8,0,0,194342746559,194342849645,103086,20,8388608
Uring,throughput,0,4,8,0,0,194342753348,194342878556,125208,20,8388608
Uring,throughput,0,4,8,0,0,194342757905,194342918196,160290,22,8388608
Uring,throughput,0,4,8,0,0,194342763428,194342870239,106810,3416,8388608
Uring,throughput,0,4,8,0,0,194342764939,194342886355,121416,45,8388608
Uring,throughput,0,4,8,0,0,194342765414,194343133617,368203,6880,8388608
Uring,throughput,0,4,8,0,0,194342765611,194342886249,120637,13,8388608
Uring,throughput,0,4,8,0,0,194342774075,194342985558,211483,25,8388608
Uring,throughput,0,4,8,0,0,194342779095,194342849324,70229,645,8388608
Uring,throughput,0,4,8,0,0,194342790243,194342955870,165627,18,8388608
Uring,throughput,0,4,8,0,0,194342796739,194342874910,78171,21,8388608
Uring,throughput,0,4,8,0,0,194342797020,194342963254,166233,20,8388608
Uring,throughput,0,4,8,0,0,194342802201,194343088344,286143,83,8388608
Uring,throughput,0,4,8,0,0,194342808983,194342984970,175987,42,8388608
Uring,throughput,0,4,8,0,0,194342811849,194342988719,176870,24,8388608
Uring,throughput,0,4,8,0,0,194342811941,194342961930,149988,20,8388608
Uring,throughput,0,4,8,0,0,194342816360,194343029901,213540,2800,8388608
Uring,throughput,0,4,8,0,0,194342821426,194342976607,155181,3636,8388608
Uring,throughput,0,4,8,0,0,194342827860,194342937289,109428,2110,8388608
Uring,throughput,0,4,8,0,0,194342835074,194343032900,197825,25,8388608
Uring,throughput,0,4,8,0,0,194342837338,194342902205,64866,12,8388608
Uring,throughput,0,4,8,0,0,194342849334,194342913823,64489,28,8388608
Uring,throughput,0,4,8,0,0,194342849672,194343013930,164258,21,8388608
Uring,throughput,0,4,8,0,0,194342850545,194343042791,192245,11,8388608
Uring,throughput,0,4,8,0,0,194342860958,194342964623,103665,21,8388608
Uring,throughput,0,4,8,0,0,194342863828,194342933755,69926,2833,8388608
Uring,throughput,0,4,8,0,0,194342863884,194342903888,40004,38,8388608
Uring,throughput,0,4,8,0,0,194342869184,194343069898,200713,6103,8388608
Uring,throughput,0,4,8,0,0,194342870247,194342919927,49680,13,8388608
Uring,throughput,0,4,8,0,0,194342874917,194342947058,72140,497,8388608
Uring,throughput,0,4,8,0,0,194342878565,194343018025,139460,2734,8388608
Uring,throughput,0,4,8,0,0,194342886258,194343010712,124453,40,8388608
Uring,throughput,0,4,8,0,0,194342886357,194342952080,65723,1555,8388608
Uring,throughput,0,4,8,0,0,194342902219,194343007958,105739,44,8388608
Uring,throughput,0,4,8,0,0,194342903896,194343017341,113445,21,8388608
Uring,throughput,0,4,8,0,0,194342913831,194342965081,51250,20,8388608
Uring,throughput,0,4,8,0,0,194342914073,194343139196,225123,41,8388608
Uring,throughput,0,4,8,0,0,194342918204,194343118241,200037,23,8388608
Uring,throughput,0,4,8,0,0,194342919933,194343003123,83189,18,8388608
Uring,throughput,0,4,8,0,0,194342933763,194343067139,133375,70,8388608
Uring,throughput,0,4,8,0,0,194342937296,194343003613,66317,47,8388608
Uring,throughput,0,4,8,0,0,194342947063,194343048189,101125,15,8388608
Uring,throughput,0,4,8,0,0,194342952088,194343209221,257132,88,8388608
Uring,throughput,0,4,8,0,0,194342955504,194343123029,167524,2003,8388608
Uring,throughput,0,4,8,0,0,194342955875,194343134542,178667,3301,8388608
Uring,throughput,0,4,8,0,0,194342961937,194343168155,206217,18097,8388608
Uring,throughput,0,4,8,0,0,194342963260,194343235959,272699,5145,8388608
Uring,throughput,0,4,8,0,0,194342964630,194343046863,82233,426,8388608
Uring,throughput,0,4,8,0,0,194342965084,194343047976,82892,2731,8388608
Uring,throughput,0,4,8,0,0,194342974736,194343251103,276367,93,8388608
Uring,throughput,0,4,8,0,0,194342976614,194343152917,176303,16,8388608
Uring,throughput,0,4,8,0,0,194342984975,194343029608,44633,12,8388608
Uring,throughput,0,4,8,0,0,194342985565,194343210566,225001,479,8388608
Uring,throughput,0,4,8,0,0,194342988727,194343047433,58705,2072,8388608
Uring,throughput,0,4,8,0,0,194343003162,194343185503,182341,7402,8388608
Uring,throughput,0,4,8,0,0,194343003623,194343123717,120093,52,8388608
Uring,throughput,0,4,8,0,0,194343007966,194343224987,217021,4650,8388608
Uring,throughput,0,4,8,0,0,194343010749,194343077595,66845,1058,8388608
Uring,throughput,0,4,8,0,0,194343013936,194343179511,165574,5397,8388608
Uring,throughput,0,4,8,0,0,194343016843,194343221277,204433,25,8388608
Uring,throughput,0,4,8,0,0,194343016952,194343263734,246782,22,8388608
Uring,throughput,0,4,8,0,0,194343017343,194343280382,263038,479,8388608
Uring,throughput,0,4,8,0,0,194343018032,194343042457,24424,27,8388608
Uring,throughput,0,4,8,0,0,194343029617,194343264148,234531,48,8388608
Uring,throughput,0,4,8,0,0,194343029655,194343134198,104542,14,8388608
Uring,throughput,0,4,8,0,0,194343029907,194343193119,163212,16,8388608
Uring,throughput,0,4,8,0,0,194343032906,194343279404,246497,897,8388608
Uring,throughput,0,4,8,0,0,194343042464,194343207506,165041,21,8388608
Uring,throughput,0,4,8,0,0,194343042793,194343339892,297099,5521,8388608
Uring,throughput,0,4,8,0,0,194343046910,194343068128,21217,21,8388608
Uring,throughput,0,4,8,0,0,194343047439,194343118134,70694,37,8388608
Uring,throughput,0,4,8,0,0,194343047979,194343183093,135114,9,8388608
Uring,throughput,0,4,8,0,0,194343048192,194343211773,163580,15,8388608
Uring,throughput,0,4,8,0,0,194343067146,194343212582,145435,70,8388608
Uring,throughput,0,4,8,0,0,194343068136,194343088847,20711,19,8388608
Uring,throughput,0,4,8,0,0,194343069903,194343126809,56906,13,8388608
Uring,throughput,0,4,8,0,0,194343077599,194343139843,62243,14,8388608
Uring,throughput,0,4,8,0,0,194343088350,194343112083,23732,15,8388608
Uring,throughput,0,4,8,0,0,194343088855,194343279438,190583,3028,8388608
Uring,throughput,0,4,8,0,0,194343112090,194343167802,55712,3134,8388608
Uring,throughput,0,4,8,0,0,194343118142,194343232176,114034,20,8388608
Uring,throughput,0,4,8,0,0,194343118248,194343255655,137407,4349,8388608
Uring,throughput,0,4,8,0,0,194343123035,194343282804,159768,21,8388608
Uring,throughput,0,4,8,0,0,194343123726,194343261739,138012,3780,8388608
Uring,throughput,0,4,8,0,0,194343126815,194343167940,41125,19,8388608
Uring,throughput,0,4,8,0,0,194343133624,194343284824,151200,24,8388608
Uring,throughput,0,4,8,0,0,194343134202,194343309656,175453,17,8388608
Uring,throughput,0,4,8,0,0,194343134544,194343173406,38862,13,8388608
Uring,throughput,0,4,8,0,0,194343139204,194343190080,50876,75,8388608
Uring,throughput,0,4,8,0,0,194343139845,194343243139,103293,10,8388608
Uring,throughput,0,4,8,0,0,194343152925,194343233281,80356,43,8388608
Uring,throughput,0,4,8,0,0,194343167809,194343229368,61559,46,8388608
Uring,throughput,0,4,8,0,0,194343167946,194343232654,64707,2007,8388608
Uring,throughput,0,4,8,0,0,194343168157,194343208655,40498,10,8388608
Uring,throughput,0,4,8,0,0,194343173414,194343283938,110524,41,8388608
Uring,throughput,0,4,8,0,0,194343179517,194343335805,156287,16,8388608
Uring,throughput,0,4,8,0,0,194343183100,194343362346,179245,26,8388608
Uring,throughput,0,4,8,0,0,194343185512,194343388918,203405,24,8388608
Uring,throughput,0,4,8,0,0,194343190086,194343316183,126097,14,8388608
Uring,throughput,0,4,8,0,0,194343193125,194343359105,165979,18,8388608
Uring,throughput,0,4,8,0,0,194343207511,194343307040,99528,3191,8388608
Uring,throughput,0,4,8,0,0,194343208663,194343251305,42641,54,8388608
Uring,throughput,0,4,8,0,0,194343209227,194343366538,157310,20,8388608
Uring,throughput,0,4,8,0,0,194343210573,194343330560,119987,157,8388608
Uring,throughput,0,4,8,0,0,194343211781,194343350577,138796,2947,8388608
Uring,throughput,0,4,8,0,0,194343212587,194343358075,145487,5202,8388608
Uring,throughput,0,4,8,0,0,194343221421,194343319625,98203,2248,8388608
Uring,throughput,0,4,8,0,0,194343224992,194343362262,137269,31,8388608
Uring,throughput,0,4,8,0,0,194343229375,194343320032,90657,16,8388608
Uring,throughput,0,4,8,0,0,194343232182,194343359201,127019,2898,8388608
Uring,throughput,0,4,8,0,0,194343232660,194343332611,99950,19,8388608
Uring,throughput,0,4,8,0,0,194343233288,194343396167,162878,1167,8388608
Uring,throughput,0,4,8,0,0,194343235967,194343303438,67471,17,8388608
Uring,throughput,0,4,8,0,0,194343243145,194343398525,155379,1225,8388608
Uring,throughput,0,4,8,0,0,194343251110,194343361070,109960,3525,8388608
Uring,throughput,0,4,8,0,0,194343251311,194343376293,124982,3317,8388608
Uring,throughput,0,4,8,0,0,194343255682,194343297552,41869,12,8388608
Uring,throughput,0,4,8,0,0,194343261744,194343373126,111382,14,8388608
Uring,throughput,0,4,8,0,0,194343263741,194343393264,129523,4672,8388608
Uring,throughput,0,4,8,0,0,194343264154,194343354034,89879,21,8388608
Uring,throughput,0,4,8,0,0,194343279410,194343376863,97452,19,8388608
Uring,throughput,0,4,8,0,0,194343279446,194343380979,101533,19,8388608
Uring,throughput,0,4,8,0,0,194343280389,194343428261,147871,18,8388608
Uring,throughput,0,4,8,0,0,194343282809,194343402754,119945,61,8388608
Uring,throughput,0,4,8,0,0,194343283945,194343395396,111451,17263,8388608
Uring,throughput,0,4,8,0,0,194343284828,194343312075,27246,14,8388608
Uring,throughput,0,4,8,0,0,194343297558,194343401519,103961,20,8388608
Uring,throughput,0,4,8,0,0,194343303446,194343382128,78682,18,8388608
Uring,throughput,0,4,16,0,0,194343492567,194344106910,614343,4474,8388608
Uring,throughput,0,4,16,0,0,194343492687,194343955660,462973,4633,8388608
Uring,throughput,0,4,16,0,0,194343492752,194343871030,378278,4367,8388608
Uring,throughput,0,4,16,0,0,194343492786,194343939282,446496,4483,8388608
Uring,throughput,0,4,16,0,0,194343493103,194343689809,196705,4266,8388608
Uring,throughput,0,4,16,0,0,194343493144,194344052955,559811,3944,8388608
Uring,throughput,0,4,16,0,0,194343493218,194343622972,129754,3954,8388608
Uring,throughput,0,4,16,0,0,194343493255,194343869806,376550,4072,8388608
Uring,throughput,0,4,16,0,0,194343493490,194344090384,596894,3657,8388608
Uring,throughput,0,4,16,0,0,194343493490,194343712583,219092,3728,8388608
Uring,throughput,0,4,16,0,0,194343493540,194343943282,449741,3857,8388608
Uring,throughput,0,4,16,0,0,194343493558,194343948607,455048,3858,8388608
Uring,throughput,0,4,16,0,0,194343493757,194343923857,430099,3510,8388608
Uring,throughput,0,4,16,0,0,194343493794,194343662962,169168,3641,8388608
Uring,throughput,0,4,16,0,0,194343493842,194343900438,406596,3346,8388608
Uring,throughput,0,4,16,0,0,194343493995,194343954054,460058,3459,8388608
Uring,throughput,0,4,16,0,0,194343494085,194343717154,223069,3393,8388608
Uring,throughput,0,4,16,0,0,194343494108,194344105933,611824,3215,8388608
Uring,throughput,0,4,16,0,0,194343494122,194344054863,560741,3183,8388608
Uring,throughput,0,4,16,0,0,194343494253,194343726429,232176,3243,8388608
Uring,throughput,0,4,16,0,0,194343494298,194344107969,613670,3075,8388608
Uring,throughput,0,4,16,0,0,194343494404,194343709362,214958,3115,8388608
Uring,throughput,0,4,16,0,0,194343494458,194344108074,613615,2954,8388608
Uring,throughput,0,4,16,0,0,194343494469,194343906290,411820,2878,8388608
Uring,throughput,0,4,16,0,0,194343494498,194343886019,391521,3036,8388608
Uring,throughput,0,4,16,0,0,194343494572,194343868999,374427,3045,8388608
Uring,throughput,0,4,16,0,0,194343494648,194343909544,414896,2744,8388608
Uring,throughput,0,4,16,0,0,194343494653,194344112333,617679,2802,8388608
Uring,throughput,0,4,16,0,0,194343494739,194343956493,461754,2835,8388608
Uring,throughput,0,4,16,0,0,194343494796,194344071403,576607,2865,8388608
Uring,throughput,0,4,16,0,0,194343494821,194343842078,347256,2625,8388608
Uring,throughput,0,4,16,0,0,194343494920,194344102606,607685,2578,8388608
Uring,throughput,0,4,16,0,0,194343494929,194343700652,205723,2740,8388608
Uring,throughput,0,4,16,0,0,194343494946,194344108449,613502,2756,8388608
Uring,throughput,0,4,16,0,0,194343494983,194343870166,375182,2503,8388608
Uring,throughput,0,4,16,0,0,194343495174,194343939131,443957,2569,8388608
Uring,throughput,0,4,16,0,0,194343495187,194343926726,431538,2363,8388608
Uring,throughput,0,4,16,0,0,194343495238,194343675275,180036,2470,8388608
Uring,throughput,0,4,16,0,0,194343495296,194344106961,611665,2226,8388608
Uring,throughput,0,4,16,0,0,194343495442,194343939835,444392,2338,8388608
Uring,throughput,0,4,16,0,0,194343495455,194343870067,374611,2131,8388608
Uring,throughput,0,4,16,0,0,194343495513,194343727535,232022,2236,8388608
Uring,throughput,0,4,16,0,0,194343495531,194343647532,152000,2053,8388608
Uring,throughput,0,4,16,0,0,194343495578,194344067101,571523,2245,8388608
Uring,throughput,0,4,16,0,0,194343495778,194343924540,428761,1848,8388608
Uring,throughput,0,4,16,0,0,194343495792,194343867497,371704,1835,8388608
Uring,throughput,0,4,16,0,0,194343495818,194343684573,188755,1969,8388608
Uring,throughput,0,4,16,0,0,194343495885,194344108253,612368,1975,8388608
Uring,throughput,0,4,16,0,0,194343496034,194343900302,404268,1628,8388608
Uring,throughput,0,4,16,0,0,194343496080,194344146134,650054,1746,8388608
Uring,throughput,0,4,16,0,0,194343496081,194343865202,369120,1818,8388608
Uring,throughput,0,4,16,0,0,194343496085,194344110088,614003,1576,8388608
Uring,throughput,0,4,16,0,0,194343496227,194343918742,422514,1495,8388608
Uring,throughput,0,4,16,0,0,194343496259,194343909627,413367,1443,8388608
Uring,throughput,0,4,16,0,0,194343496312,194343688563,192250,1551,8388608
Uring,throughput,0,4,16,0,0,194343496391,194344121502,625110,1380,8388608
Uring,throughput,0,4,16,0,0,194343496434,194343942186,445751,1540,8388608
Uring,throughput,0,4,16,0,0,194343496443,194344104309,607865,1302,8388608
Uring,throughput,0,4,16,0,0,194343496506,194344141057,644551,1397,8388608
Uring,throughput,0,4,16,0,0,194343496576,194343659244,162667,1231,8388608
Uring,throughput,0,4,16,0,0,194343496607,194343835210,338602,1177,8388608
Uring,throughput,0,4,16,0,0,194343496683,194343619431,122748,1353,8388608
Uring,throughput,0,4,16,0,0,194343496743,194343836877,340133,1193,8388608
Uring,throughput,0,4,16,0,0,194343496898,194343666466,169568,1078,8388608
Uring,throughput,0,4,16,0,0,194343619448,194343965077,345628,21,8388608
Uring,throughput,0,4,16,0,0,194343622979,194343965873,342894,17,8388608
Uring,throughput,0,4,16,0,0,194343647538,194343752651,105112,17,8388608
Uring,throughput,0,4,16,0,0,194343659251,194343695122,35871,18,8388608
Uring,throughput,0,4,16,0,0,194343662968,194343899886,236918,13,8388608
Uring,throughput,0,4,16,0,0,194343666473,194344185822,519348,23,8388608
Uring,throughput,0,4,16,0,0,194343675280,194343906728,231448,38,8388608
Uring,throughput,0,4,16,0,0,194343684578,194344201765,517187,20,8388608
Uring,throughput,0,4,16,0,0,194343688567,194343909354,220787,19,8388608
Uring,throughput,0,4,16,0,0,194343689811,194343777760,87948,11,8388608
Uring,throughput,0,4,16,0,0,194343695128,194343992114,296985,20,8388608
Uring,throughput,0,4,16,0,0,194343700697,194343994483,293786,41,8388608
Uring,throughput,0,4,16,0,0,194343709368,194343911220,201852,15,8388608
Uring,throughput,0,4,16,0,0,194343712590,194344158310,445719,37,8388608
Uring,throughput,0,4,16,0,0,194343717159,194344087101,369942,12,8388608
Uring,throughput,0,4,16,0,0,194343726436,194343779134,52698,13,8388608
Uring,throughput,0,4,16,0,0,194343727538,194344007523,279984,9,8388608
Uring,throughput,0,4,16,0,0,194343752657,194343796963,44306,150,8388608
Uring,throughput,0,4,16,0,0,194343777765,194343805418,27653,17,8388608
Uring,throughput,0,4,16,0,0,194343779163,194344274143,494980,17,8388608
Uring,throughput,0,4,16,0,0,194343796969,194343824047,27078,500,8388608
Uring,throughput,0,4,16,0,0,194343805424,194343869391,63966,363,8388608
Uring,throughput,0,4,16,0,0,194343824053,194344269523,445470,15,8388608
Uring,throughput,0,4,16,0,0,194343835217,194343892208,56990,24,8388608
Uring,throughput,0,4,16,0,0,194343836883,194343900091,63208,48,8388608
Uring,throughput,0,4,16,0,0,194343842082,194343900391,58308,15,8388608
Uring,throughput,0,4,16,0,0,194343865210,194344086446,221236,103,8388608
Uring,throughput,0,4,16,0,0,194343867502,194344297082,429580,23,8388608
Uring,throughput,0,4,16,0,0,194343869019,194343895813,26793,13,8388608
Uring,throughput,0,4,16,0,0,194343869398,194344601385,731987,53,8388608
Uring,throughput,0,4,16,0,0,194343869809,194343987363,117554,11,8388608
Uring,throughput,0,4,16,0,0,194343870068,194344086464,216395,10,8388608
Uring,throughput,0,4,16,0,0,194343870171,194344063121,192949,15,8388608
Uring,throughput,0,4,16,0,0,194343871032,194344304223,433191,12,8388608
Uring,throughput,0,4,16,0,0,194343886026,194343946250,60223,24,8388608
Uring,throughput,0,4,16,0,0,194343892215,194344287930,395714,32,8388608
Uring,throughput,0,4,16,0,0,194343895820,194344090258,194438,23,8388608
Uring,throughput,0,4,16,0,0,194343899890,194344105138,205248,16,8388608
Uring,throughput,0,4,16,0,0,194343900129,194344154996,254867,54,8388608
Uring,throughput,0,4,16,0,0,194343900306,194344365171,464864,21,8388608
Uring,throughput,0,4,16,0,0,194343900400,194344312112,411712,34,8388608
Uring,throughput,0,4,16,0,0,194343900439,194344199408,298968,8,8388608
Uring,throughput,0,4,16,0,0,194343906297,194344042776,136478,36,8388608
Uring,throughput,0,4,16,0,0,194343906736,194344367022,460286,68,8388608
Uring,throughput,0,4,16,0,0,194343909362,194343935436,26073,28,8388608
Uring,throughput,0,4,16,0,0,194343909550,194344100130,190580,44,8388608
Uring,throughput,0,4,16,0,0,194343909628,194344368666,459038,8,8388608
Uring,throughput,0,4,16,0,0,194343911227,194343961358,50130,16,8388608
Uring,throughput,0,4,16,0,0,194343918750,194344099656,180905,28,8388608
Uring,throughput,0,4,16,0,0,194343923864,194344139035,215170,21,8388608
Uring,throughput,0,4,16,0,0,194343924547,194343975073,50526,23,8388608
Uring,throughput,0,4,16,0,0,194343926734,194344358557,431822,22,8388608
Uring,throughput,0,4,16,0,0,194343935445,194344101399,165954,516,8388608
Uring,throughput,0,4,16,0,0,194343939137,194344121097,181960,14,8388608
Uring,throughput,0,4,16,0,0,194343939284,194344391790,452506,8,8388608
Uring,throughput,0,4,16,0,0,194343939838,194344299052,359214,11,8388608
Uring,throughput,0,4,16,0,0,194343942194,194344124564,182370,50,8388608
Uring,throughput,0,4,16,0,0,194343943288,194344218022,274733,21,8388608
Uring,throughput,0,4,16,0,0,194343946257,194344296587,350329,17,8388608
Uring,throughput,0,4,16,0,0,194343948644,194344368420,419776,18,8388608
Uring,throughput,0,4,16,0,0,194343954061,194344120843,166782,18,8388608
Uring,throughput,0,4,16,0,0,194343955664,194344129614,173949,13,8388608
Uring,throughput,0,4,16,0,0,194343956501,194344151494,194992,24,8388608
Uring,throughput,0,4,16,0,0,194343961363,194344198859,237495,2974,8388608
Uring,throughput,0,4,16,0,0,194343965083,194344017665,52582,19,8388608
Uring,throughput,0,4,16,0,0,194343965880,194344129754,163873,27,8388608
Uring,throughput,0,4,16,0,0,194343975077,194344026501,51423,13,8388608
Uring,throughput,0,4,16,0,0,194343987368,194344177623,190254,15,8388608
Uring,throughput,0,4,16,0,0,194343992118,194344220585,228466,3365,8388608
Uring,throughput,0,4,16,0,0,194343994491,194344117234,122743,25,8388608
Uring,throughput,0,4,16,0,0,194344007530,194344044290,36759,213,8388608
Uring,throughput,0,4,16,0,0,194344017724,194344437126,419402,3603,8388608
Uring,throughput,0,4,16,0,0,194344026507,194344866335,839828,7933,8388608
Uring,throughput,0,4,16,0,0,194344042783,194344478508,435724,17,8388608
Uring,throughput,0,4,16,0,0,194344044295,194344515469,471173,5053,8388608
Uring,throughput,0,4,16,0,0,194344052961,194344640215,587253,17,8388608
Uring,throughput,0,4,16,0,0,194344054870,194344217241,162370,26,8388608
Uring,throughput,0,4,16,0,0,194344063128,194344182232,119104,17,8388608
Uring,throughput,0,4,16,0,0,194344067108,194344496268,429159,21,8388608
Uring,throughput,0,4,16,0,0,194344071409,194344190485,119076,26,8388608
Uring,throughput,0,4,16,0,0,194344086454,194344309481,223027,17,8388608
Uring,throughput,0,4,16,0,0,194344086471,194344508061,421590,51,8388608
Uring,throughput,0,4,16,0,0,194344087109,194344570816,483706,55,8388608
Uring,throughput,0,4,16,0,0,194344090325,194344364974,274649,4904,8388608
Uring,throughput,0,4,16,0,0,194344090391,194344339882,249491,23,8388608
Uring,throughput,0,4,16,0,0,194344099663,194344519996,420333,16,8388608
Uring,throughput,0,4,16,0,0,194344100135,194344318122,217987,14,8388608
Uring,throughput,0,4,16,0,0,194344101407,194344263025,161617,31,8388608
Uring,throughput,0,4,16,0,0,194344102612,194344380478,277866,50,8388608
Uring,throughput,0,4,16,0,0,194344104313,194344605115,500801,12,8388608
Uring,throughput,0,4,16,0,0,194344105145,194344634099,528954,3131,8388608
Uring,throughput,0,4,16,0,0,194344105938,194344294302,188363,12,8388608
Uring,throughput,0,4,16,0,0,194344106942,194344156512,49569,26,8388608
Uring,throughput,0,4,16,0,0,194344106962,194344436897,329934,8,8388608
Uring,throughput,0,4,16,0,0,194344108030,194344261769,153739,79,8388608
Uring,throughput,0,4,16,0,0,194344108074,194344311143,203068,39,8388608
Uring,throughput,0,4,16,0,0,194344108261,194344435756,327494,206,8388608
Uring,throughput,0,4,16,0,0,194344108451,194344532897,424446,88,8388608
Uring,throughput,0,4,16,0,0,194344110095,194344325758,215662,17,8388608
Uring,throughput,0,4,16,0,0,194344112339,194344614033,501694,18,8388608
Uring,throughput,0,4,16,0,0,194344117241,194344392328,275086,3822,8388608
Uring,throughput,0,4,16,0,0,194344120851,194344387969,267117,221,8388608
Uring,throughput,0,4,16,0,0,194344121103,194344161508,40404,13,8388608
Uring,throughput,0,4,16,0,0,194344121514,194344626844,505329,33,8388608
Uring,throughput,0,4,16,0,0,194344124570,194344246976,122405,24,8388608
Uring,throughput,0,4,16,0,0,194344129621,194344635216,505594,18,8388608
Uring,throughput,0,4,16,0,0,194344129760,194344369405,239644,8949,8388608
Uring,throughput,0,4,16,0,0,194344139040,194344196920,57879,92,8388608
Uring,throughput,0,4,16,0,0,194344141071,194344506115,365043,73,8388608
Uring,throughput,0,4,16,0,0,194344146140,194344583874,437733,15,8388608
Uring,throughput,0,4,16,0,0,194344151502,194344411635,260133,23,8388608
Uring,throughput,0,4,16,0,0,194344155032,194344607322,452290,1226,8388608
Uring,throughput,0,4,16,0,0,194344156519,194344432620,276101,20,8388608
Uring,throughput,0,4,16,0,0,194344158316,194344352456,194139,15,8388608
Uring,throughput,0,4,16,0,0,194344161517,194344681831,520314,6050,8388608
Uring,throughput,0,4,16,0,0,194344177631,194344429188,251556,637,8388608
Uring,throughput,0,4,16,0,0,194344182239,194344700558,518319,5624,8388608
Uring,throughput,0,4,16,0,0,194344185829,194344220940,35110,18,8388608
Uring,throughput,0,4,16,0,0,194344190491,194344369015,178523,38,8388608
Uring,throughput,0,4,16,0,0,194344196926,194344243121,46194,583,8388608
Uring,throughput,0,4,16,0,0,194344198867,194344705041,506174,89,8388608
Uring,throughput,0,4,16,0,0,194344199416,194344630154,430738,30,8388608
Uring,throughput,0,4,16,0,0,194344201772,194344363516,161743,127,8388608
Uring,throughput,0,4,16,0,0,194344217247,194344360264,143016,17,8388608
Uring,throughput,0,4,16,0,0,194344218029,194344597304,379274,19,8388608
Uring,throughput,0,4,16,0,0,194344220592,194344330406,109814,59,8388608
Uring,throughput,0,4,16,0,0,194344220947,194344481206,260258,3726,8388608
Uring,throughput,0,4,16,0,0,194344243127,194344273092,29965,17,8388608
Uring,throughput,0,4,16,0,0,194344246983,194344693487,446504,6039,8388608
Uring,throughput,0,4,16,0,0,194344261777,194344544974,283197,121,8388608
Uring,throughput,0,4,16,0,0,194344263033,194344510836,247802,64,8388608
Uring,throughput,0,4,16,0,0,194344269533,194344547610,278076,27,8388608
Uring,throughput,0,4,16,0,0,194344273120,194344536854,263734,76,8388608
Uring,throughput,0,4,16,0,0,194344274152,194344328928,54776,5386,8388608
Uring,throughput,0,4,16,0,0,194344287939,194344411709,123770,5805,8388608
Uring,throughput,0,4,16,0,0,194344294311,194344448669,154358,33,8388608
Uring,throughput,0,4,16,0,0,194344296593,194344351568,54974,575,8388608
Uring,throughput,0,4,16,0,0,194344297088,194344542264,245175,131,8388608
Uring,throughput,0,4,16,0,0,194344299059,194344720925,421865,24,8388608
Uring,throughput,0,4,16,0,0,194344304231,194344422475,118243,49,8388608
Uring,throughput,0,4,16,0,0,194344309487,194344622284,312796,6301,8388608
Uring,throughput,0,4,16,0,0,194344311148,194344555062,243913,17,8388608
Uring,throughput,0,4,16,0,0,194344312119,194344898792,586672,7392,8388608
Uring,throughput,0,4,16,0,0,194344318126,194344671541,353415,1413,8388608
Uring,throughput,0,4,16,0,0,194344325763,194344538771,213007,14,8388608
Uring,throughput,0,4,16,0,0,194344328935,194344473328,144392,21,8388608
Uring,throughput,0,4,16,0,0,194344330414,194344515020,184605,30,8388608
Uring,throughput,0,4,16,0,0,194344339888,194344743988,404100,19,8388608
Uring,throughput,0,4,16,0,0,194344351574,194344753196,401621,93,8388608
Uring,throughput,0,4,16,0,0,194344352463,194344757430,404966,6116,8388608
Uring,throughput,0,4,16,0,0,194344358564,194344723221,364657,201,8388608
Uring,throughput,0,4,16,0,0,194344360271,194344571530,211259,3961,8388608
Uring,throughput,0,4,16,0,0,194344363546,194344769843,406297,3324,8388608
Uring,throughput,0,4,16,0,0,194344364982,194344396751,31769,37,8388608
Uring,throughput,0,4,16,0,0,194344365174,194344593033,227859,13,8388608
Uring,throughput,0,4,16,0,0,194344367025,194344647820,280794,1143,8388608
Uring,throughput,0,4,16,0,0,194344368426,194344873152,504726,14,8388608
Uring,throughput,0,4,16,0,0,194344368675,194344584085,215410,24,8388608
Uring,throughput,0,4,16,0,0,194344369020,194344609275,240255,3577,8388608
Uring,throughput,0,4,16,0,0,194344369407,194344416620,47212,19,8388608
Uring,throughput,0,4,16,0,0,194344380484,194344899729,519245,18,8388608
Uring,throughput,0,4,16,0,0,194344387979,194344787829,399849,4466,8388608
Uring,throughput,0,4,16,0,0,194344391797,194344578665,186867,26,8388608
Uring,throughput,0,4,16,0,0,194344392335,194344452904,60568,117,8388608
Uring,throughput,0,4,16,0,0,194344396758,194344583771,187013,20,8388608
Uring,throughput,0,4,16,0,0,194344411644,194344471967,60323,1765,8388608
Uring,throughput,0,4,16,0,0,194344411714,194344446501,34786,19,8388608
Uring,throughput,0,4,16,0,0,194344416627,194344562641,146013,17,8388608
Uring,throughput,0,4,16,0,0,194344422481,194344810111,387630,946,8388608
Uring,throughput,0,4,16,0,0,194344429203,194344808197,378994,22,8388608
Uring,throughput,0,4,16,0,0,194344432629,194344820873,388244,3948,8388608
Uring,throughput,0,4,16,0,0,194344435763,194344739517,303754,23,8388608
Uring,throughput,0,4,16,0,0,194344436902,194344589699,152796,23,8388608
Uring,throughput,0,4,16,0,0,194344437129,194344489622,52492,11,8388608
Uring,throughput,0,4,16,0,0,194344446507,194344614922,168414,17,8388608
Uring,throughput,0,4,16,0,0,194344448674,194344836349,387674,5093,8388608
Uring,throughput,0,4,16,0,0,194344452911,194344508071,55159,16,8388608
Uring,throughput,0,4,16,0,0,194344471973,194344827536,355562,152,8388608
Uring,throughput,0,4,16,0,0,194344473331,194345029121,555790,10,8388608
Uring,throughput,0,4,16,0,0,194344478516,194344563493,84977,1163,8388608
Uring,throughput,0,4,16,0,0,194344481211,194344528823,47611,16,8388608
Uring,throughput,0,4,16,0,0,194344489629,194344613075,123445,25,8388608
Uring,throughput,0,4,16,0,0,194344496275,194344769168,272893,21,8388608
Uring,throughput,0,4,16,0,0,194344506123,194344617414,111290,36,8388608
Uring,throughput,0,4,16,0,0,194344508069,194345004186,496117,3403,8388608
Uring,throughput,0,4,16,0,0,194344508074,194345137978,629904,2738,8388608
Uring,throughput,0,4,16,0,0,194344510839,194344552920,42080,5075,8388608
Uring,throughput,0,4,16,0,0,194344515027,194344799887,284860,9731,8388608
Uring,throughput,0,4,16,0,0,194344515475,194344975734,460258,487,8388608
Uring,throughput,0,4,16,0,0,194344520025,194345135049,615023,5086,8388608
Uring,throughput,0,4,16,0,0,194344528829,194344566612,37783,13,8388608
Uring,throughput,0,4,16,0,0,194344532903,194344683926,151022,16,8388608
Uring,throughput,0,4,16,0,0,194344536862,194345139829,602966,2618,8388608
Uring,throughput,0,4,16,0,0,194344538778,194344806529,267751,4004,8388608
Uring,throughput,0,4,16,0,0,194344542272,194345146526,604253,7095,8388608
Uring,throughput,0,4,16,0,0,194344544980,194344819423,274442,4552,8388608
Uring,throughput,0,4,16,0,0,194344547619,194344734481,186862,5851,8388608
Uring,throughput,0,4,16,0,0,194344552925,194345140326,587400,124,8388608
Uring,throughput,0,4,16,0,0,194344555069,194344650862,95792,7462,8388608
Uring,throughput,0,4,16,0,0,194344562676,194344806360,243683,4439,8388608
Uring,throughput,0,4,16,0,0,194344563497,194344827198,263701,28,8388608
Uring,throughput,0,4,16,0,0,194344566619,194344819539,252920,2893,8388608
Uring,throughput,0,4,16,0,0,194344570824,194344958998,388173,6230,8388608
Uring,throughput,0,4,16,0,0,194344571537,194344781098,209560,36,8388608
Uring,throughput,0,4,16,0,0,194344578672,194344825718,247045,3905,8388608
Uring,throughput,0,4,16,0,0,194344583779,194344779989,196210,3334,8388608
Uring,throughput,0,4,16,0,0,194344583930,194344813304,229373,23,8388608
Uring,throughput,0,4,16,0,0,194344584121,194344840527,256406,5064,8388608
Uring,throughput,0,4,16,0,0,194344589705,194344835941,246235,3486,8388608
Uring,throughput,0,4,16,0,0,194344593039,194344691593,98553,905,8388608
Uring,throughput,0,4,16,0,0,194344597312,194344725521,128208,1602,8388608
Uring,throughput,0,4,16,0,0,194344601390,194345004214,402823,52,8388608
Uring,throughput,0,4,16,0,0,194344605125,194344920041,314916,28,8388608
Uring,throughput,0,4,16,0,0,194344607328,194344712547,105219,15,8388608
Uring,throughput,0,4,16,0,0,194344609280,194344707660,98379,15,8388608
Uring,throughput,0,4,16,0,0,194344613080,194344877530,264449,3740,8388608
Uring,throughput,0,4,16,0,0,194344614041,194345140185,526144,23,8388608
Uring,throughput,0,4,16,0,0,194344614929,194344821920,206991,2241,8388608
Uring,throughput,0,4,16,0,0,194344617420,194345128722,511302,833,8388608
Uring,throughput,0,4,16,0,0,194344622290,194345149227,526936,17,8388608
Uring,throughput,0,4,16,0,0,194344626852,194344951352,324500,21,8388608
Uring,throughput,0,4,16,0,0,194344630162,194344723796,93634,2537,8388608
Uring,throughput,0,4,16,0,0,194344634106,194344725134,91028,35,8388608
Uring,throughput,0,4,16,0,0,194344635223,194344933129,297905,291,8388608
Uring,throughput,0,4,16,0,0,194344640224,194344689364,49139,45,8388608
Uring,throughput,0,4,16,0,0,194344647828,194345196309,548480,55,8388608
Uring,throughput,0,4,16,0,0,194344650867,194344691644,40776,16,8388608
Uring,throughput,0,4,16,0,0,194344671550,194344878748,207198,39,8388608
Uring,throughput,0,4,16,0,0,194344681837,194345088313,406475,19,8388608
Uring,throughput,0,4,16,0,0,194344683932,194344858614,174682,1889,8388608
Uring,throughput,0,4,16,0,0,194344689368,194344996319,306950,1271,8388608
Uring,throughput,0,4,16,0,0,194344691597,194345114346,422748,41,8388608
Uring,throughput,0,4,16,0,0,194344691644,194345219644,528000,7,8388608
Uring,throughput,0,4,16,0,0,194344693491,194344997629,304137,20,8388608
Uring,throughput,0,4,16,0,0,194344700566,194345162030,461463,19,8388608
Uring,throughput,0,4,16,0,0,194344705048,194345014643,309595,29,8388608
Uring,throughput,0,4,16,0,0,194344707664,194344802491,94827,14,8388608
Uring,throughput,0,4,16,0,0,194344712551,194345101078,388527,16,8388608
Uring,throughput,0,4,16,0,0,194344720931,194344915688,194756,3279,8388608
Uring,throughput,0,4,16,0,0,194344723230,194345237611,514381,3767,8388608
Uring,throughput,0,4,16,0,0,194344723800,194345204427,480627,13,8388608
Uring,throughput,0,4,16,0,0,194344725139,194345023463,298324,48,8388608
Uring,throughput,0,4,16,0,0,194344725522,194345193948,468425,11,8388608
Uring,throughput,0,4,16,0,0,194344734487,194345241736,507249,15,8388608
Uring,throughput,0,4,16,0,0,194344739525,194344869380,129855,3187,8388608
Uring,throughput,0,4,16,0,0,194344743994,194344953194,209199,2563,8388608
Uring,throughput,0,4,16,0,0,194344753202,194344856725,103523,22,8388608
Uring,throughput,0,4,16,0,0,194344757465,194345057330,299864,40,8388608
Uring,throughput,0,4,16,0,0,194344769175,194345350894,581719,3144,8388608
Uring,throughput,0,4,16,0,0,194344769848,194345317693,547845,43,8388608
Uring,throughput,0,4,16,0,0,194344779993,194344823072,43078,40,8388608
Uring,throughput,0,4,16,0,0,194344781106,194345346658,565551,59,8388608
Uring,throughput,0,4,16,0,0,194344787834,194345014671,226837,15,8388608
Uring,throughput,0,4,16,0,0,194344799894,194345272474,472579,20,8388608
Uring,throughput,0,4,16,0,0,194344802495,194345291945,489450,5493,8388608
Uring,throughput,0,4,16,0,0,194344806366,194344980282,173916,29,8388608
Uring,throughput,0,4,16,0,0,194344806537,194345384875,578337,15,8388608
Uring,throughput,0,4,16,0,0,194344808201,194345388565,580364,211,8388608
Uring,throughput,0,4,16,0,0,194344810121,194345391917,581796,69,8388608
Uring,throughput,0,4,16,0,0,194344813308,194345128353,315045,5870,8388608
Uring,throughput,0,4,16,0,0,194344819432,194344883076,63644,21,8388608
Uring,throughput,0,4,16,0,0,194344819566,194344911474,91908,12,8388608
Uring,throughput,0,4,16,0,0,194344820880,194344860241,39361,60,8388608
Uring,throughput,0,4,16,0,0,194344821931,194345413880,591949,56,8388608
Uring,throughput,0,4,16,0,0,194344823078,194344987202,164123,18,8388608
Uring,throughput,0,4,16,0,0,194344825721,194345094746,269024,13,8388608
Uring,throughput,0,4,16,0,0,194344827234,194345286793,459559,43,8388608
Uring,throughput,0,4,16,0,0,194344827539,194345125782,298242,12,8388608
Uring,throughput,0,4,16,0,0,194344835948,194344934306,98358,18,8388608
Uring,throughput,0,4,16,0,0,194344836353,194344882314,45960,14,8388608
Uring,throughput,0,4,16,0,0,194344840531,194345011076,170544,12,8388608
Uring,throughput,0,4,16,0,0,194344856732,194345111349,254617,5896,8388608
Uring,throughput,0,4,16,0,0,194344858621,194345001287,142666,16,8388608
Uring,throughput,0,4,16,0,0,194344860248,194344898887,38639,14,8388608
Uring,throughput,0,4,16,0,0,194344866368,194344930319,63951,18,8388608
Uring,throughput,0,4,16,0,0,194344869386,194344947271,77884,20,8388608
Uring,throughput,0,4,16,0,0,194344873157,194345449184,576026,4944,8388608
Uring,throughput,0,4,16,0,0,194344877538,194345173684,296145,18,8388608
Uring,throughput,0,4,16,0,0,194344878757,194345012108,133351,50,8388608
Uring,throughput,0,4,16,0,0,194344882320,194345085866,203546,19,8388608
Uring,throughput,0,4,16,0,0,194344883079,194345231594,348514,11,8388608
Uring,throughput,0,4,16,0,0,194344898801,194345154497,255696,4072,8388608
Uring,throughput,0,4,16,0,0,194344898889,194345370353,471464,4374,8388608
Uring,throughput,0,4,16,0,0,194344899736,194345470329,570592,5310,8388608
Uring,throughput,0,4,16,0,0,194344911483,194345019260,107777,22,8388608
Uring,throughput,0,4,16,0,0,194344915696,194345348677,432980,56,8388608
Uring,throughput,0,4,16,0,0,194344920050,194345475844,555793,2224,8388608
Uring,throughput,0,4,16,0,0,194344930325,194345476118,545793,22,8388608
Uring,throughput,0,4,16,0,0,194344933138,194344966138,32999,24,8388608
Uring,throughput,0,4,16,0,0,194344934314,194344974528,40214,25,8388608
Uring,throughput,0,4,16,0,0,194344947278,194344981581,34303,15,8388608
Uring,throughput,0,4,16,0,0,194344951361,194345009678,58316,789,8388608
Uring,throughput,0,4,16,0,0,194344953201,194345223135,269933,42,8388608
Uring,throughput,0,4,16,0,0,194344959019,194345050030,91010,21,8388608
Uring,throughput,0,4,16,0,0,194344966145,194345507695,541549,19,8388608
Uring,throughput,0,4,16,0,0,194344974534,194345083530,108996,17643,8388608
Uring,throughput,0,4,16,0,0,194344975739,194345247905,272166,17,8388608
Uring,throughput,0,4,16,0,0,194344980289,194345053605,73316,17,8388608
Uring,throughput,0,4,16,0,0,194344981587,194345037045,55457,673,8388608
Uring,throughput,0,4,16,0,0,194344987210,194345419522,432312,2519,8388608
Uring,throughput,0,4,16,0,0,194344996326,194345071523,75197,42,8388608
Uring,throughput,0,4,16,0,0,194344997635,194345254711,257075,46,8388608
Uring,throughput,0,4,16,0,0,194345001292,194345063784,62491,12,8388608
Uring,throughput,0,4,16,0,0,194345004194,194345131641,127446,19,8388608
Uring,throughput,0,4,16,0,0,194345004219,194345432503,428283,5363,8388608
Uring,throughput,0,4,16,0,0,194345009683,194345539334,529651,95,8388608
Uring,throughput,0,4,16,0,0,194345011082,194345059068,47986,21,8388608
Uring,throughput,0,4,16,0,0,194345012113,194345243978,231864,1333,8388608
Uring,throughput,0,4,16,0,0,194345014679,194345385586,370906,36,8388608
Uring,throughput,0,4,16,0,0,194345014798,194345081179,66380,2125,8388608
Uring,throughput,0,4,16,0,0,194345019266,194345547423,528156,592,8388608
Uring,throughput,0,4,16,0,0,194345023471,194345159814,136343,2510,8388608
Uring,throughput,0,4,16,0,0,194345029129,194345342211,313082,6364,8388608
Uring,throughput,0,4,16,0,0,194345037051,194345068427,31375,18,8388608
Uring,throughput,0,4,16,0,0,194345050036,194345146465,96428,36,8388608
Uring,throughput,0,4,16,0,0,194345053610,194345194759,141148,3689,8388608
Uring,throughput,0,4,16,0,0,194345057334,194345338939,281605,40,8388608
Uring,throughput,0,4,16,0,0,194345059102,194345451459,392356,1368,8388608
Uring,throughput,0,4,16,0,0,194345063789,194345530149,466359,395,8388608
Uring,throughput,0,4,16,0,0,194345068431,194345276953,208522,11,8388608
Uring,throughput,0,4,16,0,0,194345071531,194345453765,382233,20,8388608
Uring,throughput,0,4,16,0,0,194345081211,194345118385,37173,41,8388608
Uring,throughput,0,4,16,0,0,194345083535,194345121895,38359,13,8388608
Uring,throughput,0,4,16,0,0,194345085871,194345470127,384256,1825,8388608
Uring,throughput,0,4,16,0,0,194345088321,194345393280,304958,157,8388608
Uring,throughput,0,4,16,0,0,194345094754,194345189528,94773,85,8388608
Uring,throughput,0,4,16,0,0,194345101086,194345193037,91950,1996,8388608
Uring,throughput,0,4,16,0,0,194345111383,194345466576,355193,21,8388608
Uring,throughput,0,4,16,0,0,194345114355,194345334419,220064,148,8388608
Uring,throughput,0,4,16,0,0,194345118392,194345602130,483738,19,8388608
Uring,throughput,0,4,16,0,0,194345121900,194345251231,129331,18,8388608
Uring,throughput,0,4,16,0,0,194345125790,194345312564,186774,2581,8388608
Uring,throughput,0,4,16,0,0,194345128358,194345329026,200668,106,8388608
Uring,throughput,0,4,16,0,0,194345128724,194345165441,36716,31,8388608
Uring,throughput,0,4,16,0,0,194345131648,194345575885,444237,25,8388608
Uring,throughput,0,4,16,0,0,194345135054,194345612144,477090,12,8388608
Uring,throughput,0,4,16,0,0,194345137984,194345275631,137647,39,8388608
Uring,throughput,0,4,16,0,0,194345139835,194345195776,55941,36,8388608
Uring,throughput,0,4,16,0,0,194345140186,194345615202,475015,6155,8388608
Uring,throughput,0,4,16,0,0,194345140329,194345611249,470920,13,8388608
Uring,throughput,0,4,16,0,0,194345146469,194345292024,145555,928,8388608
Uring,throughput,0,4,16,0,0,194345146530,194345291390,144859,269,8388608
Uring,throughput,0,4,16,0,0,194345149230,194345524086,374856,34,8388608
Uring,throughput,0,4,16,0,0,194345154506,194345335581,181074,30,8388608
Uring,throughput,0,4,16,0,0,194345159818,194345473691,313872,16,8388608
Uring,throughput,0,4,16,0,0,194345162038,194345334167,172129,23,8388608
Uring,throughput,0,4,16,0,0,194345165444,194345273657,108213,11,8388608
Uring,throughput,0,4,16,0,0,194345173692,194345549049,375356,36,8388608
Uring,throughput,0,4,16,0,0,194345189535,194345637955,448420,4695,8388608
Uring,throughput,0,4,16,0,0,194345193042,194345493258,300216,21,8388608
Uring,throughput,0,4,16,0,0,194345193954,194345333122,139168,324,8388608
Uring,throughput,0,4,16,0,0,194345194764,194345287292,92528,19,8388608
Uring,throughput,0,4,16,0,0,194345195781,194345305855,110074,20,8388608
Uring,throughput,0,4,16,0,0,194345196317,194345597066,400749,21,8388608
Uring,throughput,0,4,16,0,0,194345204434,194345517453,313018,23,8388608
Uring,throughput,0,4,16,0,0,194345219651,194345334102,114450,1215,8388608
Uring,throughput,0,4,16,0,0,194345223142,194345540939,317796,25,8388608
Uring,throughput,0,4,16,0,0,194345231602,194345285467,53864,2559,8388608
Uring,throughput,0,4,16,0,0,194345237648,194345641532,403883,53,8388608
Uring,throughput,0,4,16,0,0,194345241743,194345655798,414054,28,8388608
Uring,throughput,0,4,16,0,0,194345243985,194345696966,452980,36,8388608
Uring,throughput,0,4,16,0,0,194345247912,194345746965,499052,1268,8388608
Uring,throughput,0,4,16,0,0,194345251238,194345430904,179666,4574,8388608
Uring,throughput,0,4,16,0,0,194345254717,194345465767,211050,4868,8388608
Uring,throughput,0,4,16,0,0,194345272481,194345521277,248796,51,8388608
Uring,throughput,0,4,16,0,0,194345273664,194345395851,122187,740,8388608
Uring,throughput,0,4,16,0,0,194345275636,194345797820,522184,15,8388608
Uring,throughput,0,4,16,0,0,194345276961,194345710574,433613,2275,8388608
Uring,throughput,0,4,16,0,0,194345285472,194345370569,85096,20,8388608
Uring,throughput,0,4,16,0,0,194345286798,194345716126,429327,2281,8388608
Uring,throughput,0,4,16,0,0,194345287295,194345454885,167589,32,8388608
Uring,throughput,0,4,16,0,0,194345291395,194345819287,527891,23,8388608
Uring,throughput,0,4,16,0,0,194345291954,194345681074,389119,42,8388608
Uring,throughput,0,4,16,0,0,194345292025,194345329921,37896,9,8388608
Uring,throughput,0,4,16,0,0,194345305862,194345895869,590006,4609,8388608
Uring,throughput,0,4,16,0,0,194345312571,194345371497,58926,63,8388608
Uring,throughput,0,4,16,0,0,194345317702,194345465969,148266,177,8388608
Uring,throughput,0,4,16,0,0,194345329033,194345556057,227024,19,8388608
Uring,throughput,0,4,16,0,0,194345329928,194345456061,126132,17,8388608
Uring,throughput,0,4,16,0,0,194345333129,194345899372,566243,5512,8388608
Uring,throughput,0,4,16,0,0,194345334110,194345539689,205579,18,8388608
Uring,throughput,0,4,16,0,0,194345334183,194345513859,179676,438,8388608
Uring,throughput,0,4,16,0,0,194345334422,194345494259,159837,5573,8388608
Uring,throughput,0,4,16,0,0,194345335587,194345535396,199809,1503,8388608
Uring,throughput,0,4,16,0,0,194345338945,194345732181,393235,1095,8388608
Uring,throughput,0,4,16,0,0,194345342216,194345765777,423561,25,8388608
Uring,throughput,0,4,16,0,0,194345346661,194345538038,191377,466,8388608
Uring,throughput,0,4,16,0,0,194345348684,194345407139,58454,28,8388608
Uring,throughput,0,4,16,0,0,194345350900,194345745854,394954,30,8388608
Uring,throughput,0,4,16,0,0,194345370359,194345661317,290957,19,8388608
Uring,throughput,0,4,16,0,0,194345370577,194345464382,93805,23,8388608
Uring,throughput,0,4,16,0,0,194345371517,194345540918,169400,17,8388608
Uring,throughput,0,4,16,0,0,194345384881,194345769574,384693,13,8388608
Uring,throughput,0,4,16,0,0,194345385593,194345480858,95265,3865,8388608
Uring,throughput,0,4,16,0,0,194345388572,194346033564,644992,672,8388608
Uring,throughput,0,4,16,0,0,194345391926,194345518831,126904,28,8388608
Uring,throughput,0,4,16,0,0,194345393285,194345576749,183463,4775,8388608
Uring,throughput,0,4,16,0,0,194345395854,194345423283,27428,15,8388608
Uring,throughput,0,4,16,0,0,194345407145,194345746077,338932,2554,8388608
Uring,throughput,0,4,16,0,0,194345413889,194345558203,144314,52,8388608
Uring,throughput,0,4,16,0,0,194345419528,194345734376,314847,14,8388608
Uring,throughput,0,4,16,0,0,194345423290,194345791153,367863,24,8388608
Uring,throughput,0,4,16,0,0,194345430911,194346072583,641672,16,8388608
Uring,throughput,0,4,16,0,0,194345432508,194345620789,188280,24,8388608
Uring,throughput,0,4,16,0,0,194345449191,194345762398,313206,26,8388608
Uring,throughput,0,4,16,0,0,194345451467,194345669897,218430,32,8388608
Uring,throughput,0,4,16,0,0,194345453773,194346254825,801051,2433,8388608
Uring,throughput,0,4,16,0,0,194345454890,194345797932,343041,1021,8388608
Uring,throughput,0,4,16,0,0,194345456065,194346236447,780382,3130,8388608
Uring,throughput,0,4,16,0,0,194345464386,194345640568,176181,5785,8388608
Uring,throughput,0,4,16,0,0,194345465771,194345530495,64724,28,8388608
Uring,throughput,0,4,16,0,0,194345465977,194345547704,81726,673,8388608
Uring,throughput,0,4,16,0,0,194345466579,194345813789,347210,76,8388608
Uring,throughput,0,4,16,0,0,194345470130,194345815498,345368,192,8388608
Uring,throughput,0,4,16,0,0,194345470330,194346161608,691278,100,8388608
Uring,throughput,0,4,16,0,0,194345473702,194345822656,348954,41,8388608
Uring,throughput,0,4,16,0,0,194345475851,194345794531,318679,61,8388608
Uring,throughput,0,4,16,0,0,194345476120,194345789874,313754,2009,8388608
Uring,throughput,0,4,16,0,0,194345480955,194345550691,69735,83,8388608
Uring,throughput,0,4,16,0,0,194345493266,194346190982,697715,59,8388608
Uring,throughput,0,4,16,0,0,194345494284,194345576449,82164,19,8388608
Uring,throughput,0,4,16,0,0,194345507709,194345859245,351536,1498,8388608
Uring,throughput,0,4,16,0,0,194345513894,194345699432,185537,67,8388608
Uring,throughput,0,4,16,0,0,194345517457,194345871284,353827,4964,8388608
Uring,throughput,0,4,16,0,0,194345518838,194345606425,87586,7359,8388608
Uring,throughput,0,4,16,0,0,194345521283,194345709938,188654,5059,8388608
Uring,throughput,0,4,16,0,0,194345524093,194345862940,338846,6323,8388608
Uring,throughput,0,4,16,0,0,194345530155,194345862971,332815,296,8388608
Uring,throughput,0,4,16,0,0,194345530496,194345662765,132268,217,8388608
Uring,throughput,0,4,16,0,0,194345535407,194345632908,97501,17,8388608
Uring,throughput,0,4,16,0,0,194345538043,194346249211,711168,35,8388608
Uring,throughput,0,4,16,0,0,194345539341,194346523992,984650,19,8388608
Uring,throughput,0,4,16,0,0,194345539691,194345719948,180256,9,8388608
Uring,throughput,0,4,16,0,0,194345540924,194345885197,344273,6361,8388608
Uring,throughput,0,4,16,0,0,194345540941,194345872876,331934,6278,8388608
Uring,throughput,0,4,16,0,0,194345547432,194345874047,326614,142,8388608
Uring,throughput,0,4,16,0,0,194345547706,194345717120,169413,41,8388608
Uring,throughput,0,4,16,0,0,194345549056,194345884797,335740,8544,8388608
Uring,throughput,0,4,16,0,0,194345550695,194345866849,316154,14,8388608
Uring,throughput,0,4,16,0,0,194345556061,194345883568,327506,7700,8388608
Uring,throughput,0,4,16,0,0,194345558210,194345707830,149619,658,8388608
Uring,throughput,0,4,16,0,0,194345575893,194345698877,122984,33,8388608
Uring,throughput,0,4,16,0,0,194345576451,194345730795,154344,12,8388608
Uring,throughput,0,4,16,0,0,194345576769,194345886402,309633,43,8388608
Uring,throughput,0,4,16,0,0,194345597074,194345936972,339897,5996,8388608
Uring,throughput,0,4,16,0,0,194345602139,194345704214,102075,893,8388608
Uring,throughput,0,4,16,0,0,194345606432,194345929731,323298,18,8388608
Uring,throughput,0,4,16,0,0,194345611256,194345767095,155838,3461,8388608
Uring,throughput,0,4,16,0,0,194345612199,194345788054,175855,24,8388608
Uring,throughput,0,4,16,0,0,194345615208,194345895588,280380,24,8388608
Uring,throughput,0,4,16,0,0,194345620797,194345778574,157777,34,8388608
Uring,throughput,0,4,16,0,0,194345632916,194345718952,86036,17,8388608
Uring,throughput,0,4,16,0,0,194345637962,194345882307,244345,61,8388608
Uring,throughput,0,4,16,0,0,194345640576,194345686699,46123,18,8388608
Uring,throughput,0,4,16,0,0,194345641535,194345713839,72304,13,8388608
Uring,throughput,0,4,16,0,0,194345655811,194346010957,355146,5476,8388608
Uring,throughput,0,4,16,0,0,194345661323,194345702342,41018,64,8388608
Uring,throughput,0,4,16,0,0,194345662772,194346372981,710208,5315,8388608
Uring,throughput,0,4,16,0,0,194345669904,194345746393,76489,16,8388608
Uring,throughput,0,4,16,0,0,194345681096,194345884061,202965,29,8388608
Uring,throughput,0,4,16,0,0,194345686706,194346016700,329994,16,8388608
Uring,throughput,0,4,16,0,0,194345696973,194345834892,137918,18,8388608
Uring,throughput,0,4,16,0,0,194345698885,194345929789,230903,80,8388608
Uring,throughput,0,4,16,0,0,194345699439,194346022982,323543,20,8388608
Uring,throughput,0,4,16,0,0,194345702349,194345899327,196977,2439,8388608
Uring,throughput,0,4,16,0,0,194345704222,194346390825,686602,102,8388608
Uring,throughput,0,4,16,0,0,194345707837,194346022097,314260,24,8388608
Uring,throughput,0,4,16,0,0,194345709943,194346034506,324562,45,8388608
Uring,throughput,0,4,16,0,0,194345710582,194346399840,689257,24,8388608
Uring,throughput,0,4,16,0,0,194345713846,194346051379,337533,1466,8388608
Uring,throughput,0,4,16,0,0,194345716139,194346405900,689760,57,8388608
Uring,throughput,0,4,16,0,0,194345717127,194345763937,46809,23,8388608
Uring,throughput,0,4,16,0,0,194345718957,194346038282,319324,2947,8388608
Uring,throughput,0,4,16,0,0,194345719952,194346061919,341967,3927,8388608
Uring,throughput,0,4,16,0,0,194345730802,194345770697,39894,864,8388608
Uring,throughput,0,4,16,0,0,194345732188,194345969072,236884,19,8388608
Uring,throughput,0,4,16,0,0,194345734383,194346060593,326209,62,8388608
Uring,throughput,0,4,16,0,0,194345745862,194345893442,147579,22,8388608
Uring,throughput,0,4,16,0,0,194345746079,194345798176,52097,12,8388608
Uring,throughput,0,4,16,0,0,194345746398,194345986285,239887,4639,8388608
Uring,throughput,0,4,16,0,0,194345746973,194345977592,230619,75,8388608
Uring,throughput,0,4,16,0,0,194345762407,194345982961,220554,41,8388608
Uring,throughput,0,4,16,0,0,194345763941,194345977220,213278,1863,8388608
Uring,throughput,0,4,16,0,0,194345765784,194345997455,231670,61,8388608
Uring,throughput,0,4,16,0,0,194345767098,194345968269,201170,32,8388608
Uring,throughput,0,4,16,0,0,194345769612,194345898959,129346,3050,8388608
Uring,throughput,0,4,16,0,0,194345770704,194345942321,171617,15,8388608
Uring,throughput,0,4,16,0,0,194345778583,194346152483,373899,2577,8388608
Uring,throughput,0,4,16,0,0,194345788092,194346016572,228480,4032,8388608
Uring,throughput,0,4,16,0,0,194345789882,194345830669,40787,17,8388608
Uring,throughput,0,4,16,0,0,194345791159,194346551843,760683,6683,8388608
Uring,throughput,0,4,16,0,0,194345794583,194346027997,233413,17,8388608
Uring,throughput,0,4,16,0,0,194345797827,194346000352,202525,146,8388608
Uring,throughput,0,4,16,0,0,194345797941,194345953295,155354,23,8388608
Uring,throughput,0,4,16,0,0,194345798180,194345832288,34107,20,8388608
Uring,throughput,0,4,16,0,0,194345813795,194345987956,174161,1245,8388608
Uring,throughput,0,4,16,0,0,194345815501,194346115599,300097,16,8388608
Uring,throughput,0,4,16,0,0,194345819290,194346032635,213345,5135,8388608
Uring,throughput,0,4,16,0,0,194345822660,194345999350,176689,1531,8388608
Uring,throughput,0,4,16,0,0,194345830674,194346588782,758108,13,8388608
Uring,throughput,0,4,16,0,0,194345832296,194346600593,768296,940,8388608
Uring,throughput,0,4,16,0,0,194345834898,194346592298,757400,450,8388608
Uring,throughput,0,4,16,0,0,194345859251,194346087341,228090,19,8388608
Uring,throughput,0,4,16,0,0,194345862945,194346013064,150118,44,8388608
Uring,throughput,0,4,16,0,0,194345862972,194346015474,152501,20,8388608
Uring,throughput,0,4,16,0,0,194345866852,194346385510,518658,684,8388608
Uring,throughput,0,4,16,0,0,194345871291,194346617473,746181,18,8388608
Uring,throughput,0,4,16,0,0,194345872882,194346068886,196003,13,8388608
Uring,throughput,0,4,16,0,0,194345874052,194346622890,748838,16,8388608
Uring,throughput,0,4,16,0,0,194345882313,194345954311,71998,20,8388608
Uring,throughput,0,4,16,0,0,194345883572,194345943509,59936,11,8388608
Uring,throughput,0,4,16,0,0,194345884064,194345922849,38785,710,8388608
Uring,throughput,0,4,16,0,0,194345884800,194346257709,372909,18,8388608
Uring,throughput,0,4,16,0,0,194345885200,194346227875,342674,12,8388608
Uring,throughput,0,4,16,0,0,194345886410,194346139200,252789,21,8388608
Uring,throughput,0,4,16,0,0,194345893484,194346629763,736279,5913,8388608
Uring,throughput,0,4,16,0,0,194345895593,194346628377,732783,23,8388608
Uring,throughput,0,4,16,0,0,194345895872,194346206080,310208,16,8388608
Uring,throughput,0,4,16,0,0,194345898983,194346009611,110628,35,8388608
Uring,throughput,0,4,16,0,0,194345899329,194346599922,700593,12,8388608
Uring,throughput,0,4,16,0,0,194345899375,194346238807,339431,135,8388608
Uring,throughput,0,4,16,0,0,194345922856,194346247449,324592,20,8388608
Uring,throughput,0,4,16,0,0,194345929739,194345961918,32179,2395,8388608
Uring,throughput,0,4,16,0,0,194345929790,194346033717,103927,2506,8388608
Uring,throughput,0,4,16,0,0,194345936981,194346641858,704876,59,8388608
Uring,throughput,0,4,16,0,0,194345942328,194346643381,701053,18,8388608
Uring,throughput,0,4,16,0,0,194345943516,194346276837,333321,55,8388608
Uring,throughput,0,4,16,0,0,194345953302,194346303741,350438,21,8388608
Uring,throughput,0,4,16,0,0,194345954318,194346007211,52892,839,8388608
Uring,throughput,0,4,16,0,0,194345961926,194346189949,228023,3500,8388608
Uring,throughput,0,4,16,0,0,194345968275,194346030209,61934,50,8388608
Uring,throughput,0,4,16,0,0,194345969079,194346045895,76815,20,8388608
Uring,throughput,0,4,16,0,0,194345977261,194346326732,349471,18,8388608
Uring,throughput,0,4,16,0,0,194345977594,194346313089,335495,8,8388608
Uring,throughput,0,4,16,0,0,194345982969,194346658538,675568,4613,8388608
Uring,throughput,0,4,16,0,0,194345986291,194346093593,107301,24,8388608
Uring,throughput,0,4,16,0,0,194345987961,194346329222,341260,103,8388608
Uring,throughput,0,4,16,0,0,194345997460,194346107027,109566,9873,8388608
Uring,throughput,0,4,16,0,0,194345999395,194346095508,96113,21,8388608
Uring,throughput,0,4,16,0,0,194346000355,194346643144,642788,7064,8388608
Uring,throughput,0,4,16,0,0,194346007236,194346689911,682675,28,8388608
Uring,throughput,0,4,16,0,0,194346009619,194346546255,536636,18,8388608
Uring,throughput,0,4,16,0,0,194346010962,194346343686,332724,20,8388608
Uring,throughput,0,4,16,0,0,194346013071,194346131607,118536,40,8388608
Uring,throughput,0,4,16,0,0,194346015478,194346355086,339607,4358,8388608
Uring,throughput,0,4,16,0,0,194346016580,194346346274,329694,61,8388608
Uring,throughput,0,4,16,0,0,194346016701,194346665175,648474,2509,8388608
Uring,throughput,0,4,16,0,0,194346022105,194346198205,176099,30,8388608
Uring,throughput,0,4,16,0,0,194346022985,194346096071,73086,2540,8388608
Uring,throughput,0,4,16,0,0,194346028017,194346296418,268401,4359,8388608
Uring,throughput,0,4,16,0,0,194346030215,194346663848,633633,3092,8388608
Uring,throughput,0,4,16,0,0,194346032644,194346360388,327744,26,8388608
Uring,throughput,0,4,16,0,0,194346033571,194346228555,194983,21,8388608
Uring,throughput,0,4,16,0,0,194346033721,194346123199,89478,12,8388608
Uring,throughput,0,4,16,0,0,194346034512,194346164900,130388,14,8388608
Uring,throughput,0,4,16,0,0,194346038290,194346198032,159741,46,8388608
Uring,throughput,0,4,16,0,0,194346045901,194346103666,57764,645,8388608
Uring,throughput,0,4,16,0,0,194346051399,194346115418,64018,81,8388608
Uring,throughput,0,4,16,0,0,194346060598,194346261856,201258,3636,8388608
Uring,throughput,0,4,16,0,0,194346061927,194346094083,32155,22,8388608
Uring,throughput,0,4,16,0,0,194346068892,194346294070,225178,89,8388608
Uring,throughput,0,4,16,0,0,194346072591,194346763369,690777,85,8388608
Uring,throughput,0,4,16,0,0,194346087349,194346136183,48834,19,8388608
Uring,throughput,0,4,16,0,0,194346093601,194346202152,108550,97,8388608
Uring,throughput,0,4,16,0,0,194346094090,194346381129,287039,23,8388608
Uring,throughput,0,4,16,0,0,194346095537,194346197815,102277,23,8388608
Uring,throughput,0,4,16,0,0,194346096109,194346186659,90549,21,8388608
Uring,throughput,0,4,16,0,0,194346103672,194346184225,80552,15,8388608
Uring,throughput,0,4,16,0,0,194346107034,194346146861,39827,60,8388608
Uring,throughput,0,4,16,0,0,194346115423,194346702911,587487,16,8388608
Uring,throughput,0,4,16,0,0,194346115600,194346634384,518784,947,8388608
Uring,throughput,0,4,16,0,0,194346123204,194346196861,73656,20,8388608
Uring,throughput,0,4,16,0,0,194346131613,194346203809,72196,2810,8388608
Uring,throughput,0,4,16,0,0,194346136191,194346373293,237102,3794,8388608
Uring,throughput,0,4,16,0,0,194346139208,194346181498,42289,748,8388608
Uring,throughput,0,4,16,0,0,194346146871,194346204261,57389,25,8388608
Uring,throughput,0,4,16,0,0,194346152491,194346361276,208784,17,8388608
Uring,throughput,0,4,16,0,0,194346161616,194346720180,558563,20,8388608
Uring,throughput,0,4,16,0,0,194346164908,194346244882,79973,951,8388608
Uring,throughput,0,4,16,0,0,194346181507,194346266312,84805,47,8388608
Uring,throughput,0,4,16,0,0,194346184232,194346268471,84238,50,8388608
Uring,throughput,0,4,16,0,0,194346186667,194346269374,82706,47,8388608
Uring,throughput,0,4,16,0,0,194346189957,194346728714,538757,18,8388608
Uring,throughput,0,4,16,0,0,194346190987,194346247501,56513,1906,8388608
Uring,throughput,0,4,16,0,0,194346196866,194346399833,202966,2553,8388608
Uring,throughput,0,4,16,0,0,194346197821,194346410866,213044,730,8388608
Uring,throughput,0,4,16,0,0,194346198039,194346410063,212024,22,8388608
Uring,throughput,0,4,16,0,0,194346198207,194346401078,202871,3771,8388608
Uring,throughput,0,4,16,0,0,194346202157,194346382366,180208,347,8388608
Uring,throughput,0,4,16,0,0,194346203816,194346416358,212541,21,8388608
Uring,throughput,0,4,16,0,0,194346204268,194346635526,431258,291,8388608
Uring,throughput,0,4,16,0,0,194346206086,194346716256,510169,22,8388608
Uring,throughput,0,4,16,0,0,194346227882,194346426864,198981,21,8388608
Uring,throughput,0,4,16,0,0,194346228562,194346382925,154363,15,8388608
Uring,throughput,0,4,16,0,0,194346236457,194346420519,184062,27,8388608
Uring,throughput,0,4,16,0,0,194346238811,194346742200,503389,40,8388608
Uring,throughput,0,4,16,0,0,194346244889,194346744946,500057,33,8388608
Uring,throughput,0,4,16,0,0,194346247457,194346433365,185908,20,8388608
Uring,throughput,0,4,16,0,0,194346247506,194346365158,117651,39,8388608
Uring,throughput,0,4,16,0,0,194346249218,194346450806,201588,19,8388608
Uring,throughput,0,4,16,0,0,194346254833,194346415968,161134,49,8388608
Uring,throughput,0,4,16,0,0,194346257717,194346436743,179026,21,8388608
Uring,throughput,0,4,16,0,0,194346261877,194346754176,492298,29,8388608
Uring,throughput,0,4,16,0,0,194346266318,194346446087,179769,51,8388608
Uring,throughput,0,4,16,0,0,194346268475,194346480863,212388,2511,8388608
Uring,throughput,0,4,16,0,0,194346269386,194346758848,489462,1357,8388608
Uring,throughput,0,4,16,0,0,194346276842,194346512625,235782,3547,8388608
Uring,throughput,0,4,16,0,0,194346294078,194346363476,69398,23,8388608
Uring,throughput,0,4,16,0,0,194346296427,194346461292,164864,16,8388608
Uring,throughput,0,4,16,0,0,194346303749,194346488859,185109,321,8388608
Uring,throughput,0,4,16,0,0,194346313140,194346472638,159497,3267,8388608
Uring,throughput,0,4,16,0,0,194346326739,194346462583,135843,22,8388608
Uring,throughput,0,4,16,0,0,194346329230,194346354313,25083,18,8388608
Uring,throughput,0,4,16,0,0,194346343696,194346496520,152823,170,8388608
Uring,throughput,0,4,16,0,0,194346346282,194346477578,131295,17,8388608
Uring,throughput,0,4,16,0,0,194346354320,194346493936,139616,5343,8388608
Uring,throughput,0,4,16,0,0,194346355091,194346505214,150122,24,8388608
Uring,throughput,0,4,16,0,0,194346360417,194346493164,132747,36,8388608
Uring,throughput,0,4,16,0,0,194346361284,194346550362,189077,39,8388608
Uring,throughput,0,4,16,0,0,194346363481,194346449503,86022,16,8388608
Uring,throughput,0,4,16,0,0,194346365165,194346466648,101482,49,8388608
Uring,throughput,0,4,16,0,0,194346372987,194346804362,431375,34,8388608
Uring,throughput,0,4,16,0,0,194346373296,194346555800,182503,13,8388608
Uring,throughput,0,4,16,0,0,194346381138,194346811488,430349,2823,8388608
Uring,throughput,0,4,16,0,0,194346382373,194346422362,39989,24,8388608
Uring,throughput,0,4,16,0,0,194346382932,194346727521,344589,3185,8388608
Uring,throughput,0,4,16,0,0,194346385516,194346904428,518912,20,8388608
Uring,throughput,0,4,16,0,0,194346390832,194346620453,229621,28,8388608
Uring,throughput,0,4,16,0,0,194346399839,194346489878,90038,19,8388608
Uring,throughput,0,4,16,0,0,194346399848,194346597238,197390,25,8388608
Uring,throughput,0,4,16,0,0,194346401085,194346523270,122185,19,8388608
Uring,throughput,0,4,16,0,0,194346405907,194346744463,338555,40,8388608
Uring,throughput,0,4,16,0,0,194346410073,194346816766,406692,3605,8388608
Uring,throughput,0,4,16,0,0,194346410872,194346815336,404463,55,8388608
Uring,throughput,0,4,16,0,0,194346415975,194346696489,280514,17,8388608
Uring,throughput,0,4,16,0,0,194346416365,194346723928,307562,21,8388608
Uring,throughput,0,4,16,0,0,194346420525,194346669428,248902,77,8388608
Uring,throughput,0,4,16,0,0,194346422370,194346560105,137735,83,8388608
Uring,throughput,0,4,16,0,0,194346426871,194346504495,77624,17,8388608
Uring,throughput,0,4,16,0,0,194346433372,194346693142,259770,3201,8388608
Uring,throughput,0,4,16,0,0,194346436750,194346562770,126019,2717,8388608
Uring,throughput,0,4,16,0,0,194346446093,194346711455,265362,4427,8388608
Uring,throughput,0,4,16,0,0,194346449510,194346691878,242367,16,8388608
Uring,throughput,0,4,16,0,0,194346450809,194346734585,283776,2263,8388608
Uring,throughput,0,4,16,0,0,194346461300,194346527261,65961,109,8388608
Uring,throughput,0,4,16,0,0,194346462589,194346821351,358762,2140,8388608
Uring,throughput,0,4,16,0,0,194346466656,194346789707,323051,3753,8388608
Uring,throughput,0,4,16,0,0,194346472642,194346575793,103150,13,8388608
Uring,throughput,0,4,16,0,0,194346477582,194346708397,230815,304,8388608
Uring,throughput,0,4,16,0,0,194346480869,194346675885,195015,32,8388608
Uring,throughput,0,4,16,0,0,194346488864,194346570644,81780,56,8388608
Uring,throughput,0,4,16,0,0,194346489879,194346729625,239746,11,8388608
Uring,throughput,0,4,16,0,0,194346493167,194346826087,332919,4654,8388608
Uring,throughput,0,4,16,0,0,194346493945,194346550152,56206,46,8388608
Uring,throughput,0,4,16,0,0,194346496527,194346661167,164640,3297,8388608
Uring,throughput,0,4,16,0,0,194346504502,194346826368,321865,18,8388608
Uring,throughput,0,4,16,0,0,194346505218,194346734631,229413,21,8388608
Uring,throughput,0,4,16,0,0,194346512628,194346737556,224927,23,8388608
Uring,throughput,0,4,16,0,0,194346523278,194346584444,61165,50,8388608
Uring,throughput,0,4,16,0,0,194346523997,194346550809,26812,708,8388608
Uring,throughput,0,4,16,0,0,194346527265,194347183104,655839,431,8388608
Uring,throughput,0,4,16,0,0,194346546262,194346614981,68719,3621,8388608
Uring,throughput,0,4,16,0,0,194346550156,194347194603,644447,15,8388608
Uring,throughput,0,4,16,0,0,194346550364,194347258277,707913,1066,8388608
Uring,throughput,0,4,16,0,0,194346550814,194346579717,28902,13,8388608
Uring,throughput,0,4,16,0,0,194346551851,194346822605,270754,24,8388608
Uring,throughput,0,4,16,0,0,194346555806,194347052369,496562,31,8388608
Uring,throughput,0,4,16,0,0,194346560112,194347232067,671955,23045,8388608
Uring,throughput,0,4,16,0,0,194346562776,194346877822,315045,19,8388608
Uring,throughput,0,4,16,0,0,194346570649,194346610618,39969,20,8388608
Uring,throughput,0,4,16,0,0,194346575801,194346936241,360440,41,8388608
Uring,throughput,0,4,16,0,0,194346579722,194346769122,189399,38,8388608
Uring,throughput,0,4,16,0,0,194346584451,194347121410,536958,476,8388608
Uring,throughput,0,4,16,0,0,194346588790,194346784256,195465,2595,8388608
Uring,throughput,0,4,16,0,0,194346592305,194347250107,657801,27,8388608
Uring,throughput,0,4,16,0,0,194346597247,194346779859,182611,3369,8388608
Uring,throughput,0,4,16,0,0,194346599930,194346677371,77440,20,8388608
Uring,throughput,0,4,16,0,0,194346600601,194347241690,641089,41,8388608
Uring,throughput,0,4,16,0,0,194346610624,194346923817,313192,1060,8388608
Uring,throughput,0,4,16,0,0,194346614988,194346663264,48275,96,8388608
Uring,throughput,0,4,16,0,0,194346617481,194346938722,321241,19,8388608
Uring,throughput,0,4,16,0,0,194346620461,194346704835,84374,1743,8388608
Uring,throughput,0,4,16,0,0,194346622900,194346922286,299385,1616,8388608
Uring,throughput,0,4,16,0,0,194346628383,194346827638,199255,2238,8388608
Uring,throughput,0,4,16,0,0,194346629770,194346901245,271475,21,8388608
Uring,throughput,0,4,16,0,0,194346634392,194346730092,95700,16,8388608
Uring,throughput,0,4,16,0,0,194346635534,194346908922,273387,20,8388608
Uring,throughput,0,4,16,0,0,194346641865,194347008394,366529,23,8388608
Uring,throughput,0,4,16,0,0,194346643149,194346976907,333757,18,8388608
Uring,throughput,0,4,16,0,0,194346643384,194346994347,350962,3867,8388608
Uring,throughput,0,4,16,0,0,194346658544,194346809860,151316,45,8388608
Uring,throughput,0,4,16,0,0,194346661174,194346856733,195559,17,8388608
Uring,throughput,0,4,16,0,0,194346663267,194346841186,177918,10,8388608
Uring,throughput,0,4,16,0,0,194346663852,194346875555,211702,16,8388608
Uring,throughput,0,4,16,0,0,194346665182,194346991985,326802,24,8388608
Uring,throughput,0,4,16,0,0,194346669434,194346901346,231912,2266,8388608
Uring,throughput,0,4,16,0,0,194346675891,194346943720,267829,14,8388608
Uring,throughput,0,4,16,0,0,194346677378,194347031159,353780,4724,8388608
Uring,throughput,0,4,16,0,0,194346689919,194347341547,651628,51,8388608
Uring,throughput,0,4,16,0,0,194346691884,194347306576,614691,15,8388608
Uring,throughput,0,4,16,0,0,194346693150,194347175283,482132,29,8388608
Uring,throughput,0,4,16,0,0,194346696494,194347060740,364246,4910,8388608
Uring,throughput,0,4,16,0,0,194346702918,194347406821,703902,5640,8388608
Uring,throughput,0,4,16,0,0,194346704842,194347390892,686049,19,8388608
Uring,throughput,0,4,16,0,0,194346708403,194346913983,205580,289,8388608
Uring,throughput,0,4,16,0,0,194346711461,194347023601,312140,28,8388608
Uring,throughput,0,4,16,0,0,194346716265,194347420401,704136,3761,8388608
Uring,throughput,0,4,16,0,0,194346720185,194347194944,474759,4765,8388608
Uring,throughput,0,4,16,0,0,194346723936,194347433565,709629,3371,8388608
Uring,throughput,0,4,16,0,0,194346727525,194346833426,105901,17,8388608
Uring,throughput,0,4,16,0,0,194346728722,194347173761,445039,20,8388608
Uring,throughput,0,4,16,0,0,194346729630,194347015281,285651,344,8388608
Uring,throughput,0,4,16,0,0,194346730097,194346813615,83517,13,8388608
Uring,throughput,0,4,16,0,0,194346734592,194347115867,381275,16,8388608
Uring,throughput,0,4,16,0,0,194346734634,194347219536,484902,7510,8388608
Uring,throughput,0,4,16,0,0,194346737560,194346895114,157553,13,8388608
Uring,throughput,0,4,16,0,0,194346742206,194347223866,481660,5788,8388608
Uring,throughput,0,4,16,0,0,194346744467,194346783708,39241,864,8388608
Uring,throughput,0,4,16,0,0,194346744952,194347196409,451456,19,8388608
Uring,throughput,0,4,16,0,0,194346754191,194346844908,90716,24,8388608
Uring,throughput,0,4,16,0,0,194346758853,194346997427,238573,18,8388608
Uring,throughput,0,4,16,0,0,194346763373,194347238375,475002,4032,8388608
Uring,throughput,0,4,16,0,0,194346769128,194347285442,516313,4729,8388608
Uring,throughput,0,4,16,0,0,194346779864,194347510267,730402,19,8388608
Uring,throughput,0,4,16,0,0,194346783712,194346962254,178542,16,8388608
Uring,throughput,0,4,16,0,0,194346784258,194347087450,303191,10,8388608
Uring,throughput,0,4,16,0,0,194346789714,194346834310,44595,180,8388608
Uring,throughput,0,4,16,0,0,194346804368,194346975195,170827,19,8388608
Uring,throughput,0,4,16,0,0,194346809864,194347102744,292879,16,8388608
Uring,throughput,0,4,16,0,0,194346811496,194346903823,92326,38,8388608
Uring,throughput,0,4,16,0,0,194346813623,194347270613,456989,4933,8388608
Uring,throughput,0,4,16,0,0,194346815343,194346992404,177061,17,8388608
Uring,throughput,0,4,16,0,0,194346816774,194346953753,136979,31,8388608
Uring,throughput,0,4,16,0,0,194346821360,194346882050,60690,22,8388608
Uring,throughput,0,4,16,0,0,194346822648,194347590190,767541,65,8388608
Uring,throughput,0,4,16,0,0,194346826093,194346918776,92682,19,8388608
Uring,throughput,0,4,16,0,0,194346826375,194346894050,67674,65,8388608
Uring,throughput,0,4,16,0,0,194346827646,194347267560,439913,36,8388608
Uring,throughput,0,4,16,0,0,194346833432,194346962586,129154,15,8388608
Uring,throughput,0,4,16,0,0,194346834315,194346895947,61631,15,8388608
Uring,throughput,0,4,16,0,0,194346841190,194347632288,791098,4387,8388608
Uring,throughput,0,4,16,0,0,194346844915,194347293263,448347,4453,8388608
Uring,throughput,0,4,16,0,0,194346856740,194347639218,782477,22,8388608
Uring,throughput,0,4,16,0,0,194346875562,194347297840,422278,56,8388608
Uring,throughput,0,4,16,0,0,194346877830,194347296954,419123,27,8388608
Uring,throughput,0,4,16,0,0,194346882054,194346913084,31030,13,8388608
Uring,throughput,0,4,16,0,0,194346894055,194346960993,66937,17,8388608
Uring,throughput,0,4,16,0,0,194346895120,194346991066,95946,778,8388608
Uring,throughput,0,4,16,0,0,194346895950,194347272605,376654,421,8388608
Uring,throughput,0,4,16,0,0,194346901252,194347145983,244730,87,8388608
Uring,throughput,0,4,16,0,0,194346901347,194347104043,202695,13,8388608
Uring,throughput,0,4,16,0,0,194346903828,194347025325,121496,21,8388608
Uring,throughput,0,4,16,0,0,194346904433,194347131628,227194,16,8388608
Uring,throughput,0,4,16,0,0,194346908961,194346987249,78287,154,8388608
Uring,throughput,0,4,16,0,0,194346913089,194347691331,778241,375,8388608
Uring,throughput,0,4,16,0,0,194346913989,194346984378,70389,33,8388608
Uring,throughput,0,4,16,0,0,194346918781,194347687151,768370,19,8388608
Uring,throughput,0,4,16,0,0,194346922292,194347133679,211387,14,8388608
Uring,throughput,0,4,16,0,0,194346923824,194346988499,64674,21,8388608
Uring,throughput,0,4,16,0,0,194346936249,194347069199,132949,3128,8388608
Uring,throughput,0,4,16,0,0,194346938730,194347149515,210785,2473,8388608
Uring,throughput,0,4,16,0,0,194346943728,194347147646,203917,2839,8388608
Uring,throughput,0,4,16,0,0,194346953761,194347325552,371790,49,8388608
Uring,throughput,0,4,16,0,0,194346961020,194347062077,101057,18,8388608
Uring,throughput,0,4,16,0,0,194346962259,194347019195,56936,17,8388608
Uring,throughput,0,4,16,0,0,194346962590,194347038929,76339,1881,8388608
Uring,throughput,0,4,16,0,0,194346975202,194347175555,200352,4722,8388608
Uring,throughput,0,4,16,0,0,194346976915,194347719270,742355,32,8388608
Uring,throughput,0,4,16,0,0,194346984383,194347051708,67324,1860,8388608
Uring,throughput,0,4,16,0,0,194346987255,194347235929,248674,3544,8388608
Uring,throughput,0,4,16,0,0,194346988503,194347603879,615375,12,8388608
Uring,throughput,0,4,16,0,0,194346991073,194347146802,155729,32,8388608
Uring,throughput,0,4,16,0,0,194346992029,194347026538,34508,26,8388608
Uring,throughput,0,4,16,0,0,194346992409,194347079881,87471,1056,8388608
Uring,throughput,0,4,16,0,0,194346994352,194347726159,731806,18,8388608
Uring,throughput,0,4,16,0,0,194346997503,194347136985,139482,35,8388608
Uring,throughput,0,4,16,0,0,194347008402,194347152496,144094,3706,8388608
Uring,throughput,0,4,16,0,0,194347015321,194347154345,139024,24,8388608
Uring,throughput,0,4,16,0,0,194347019203,194347351369,332166,3283,8388608
Uring,throughput,0,4,16,0,0,194347023607,194347080282,56674,17,8388608
Uring,throughput,0,4,16,0,0,194347025329,194347246184,220855,1140,8388608
Uring,throughput,0,4,16,0,0,194347026540,194347117347,90807,1039,8388608
Uring,throughput,0,4,16,0,0,194347031164,194347134657,103492,15,8388608
Uring,throughput,0,4,16,0,0,194347038936,194347356742,317806,19,8388608
Uring,throughput,0,4,16,0,0,194347051715,194347339584,287869,16,8388608
Uring,throughput,0,4,16,0,0,194347052377,194347164872,112494,434,8388608
Uring,throughput,0,4,16,0,0,194347060748,194347193991,133242,21,8388608
Uring,throughput,0,4,16,0,0,194347062082,194347361575,299492,33,8388608
Uring,throughput,0,4,16,0,0,194347069205,194347134000,64795,19,8388608
Uring,throughput,0,4,16,0,0,194347079886,194347371763,291876,28,8388608
Uring,throughput,0,4,16,0,0,194347080285,194347309430,229144,370,8388608
Uring,throughput,0,4,16,0,0,194347087456,194347198574,111117,15,8388608
Uring,throughput,0,4,16,0,0,194347102752,194347295856,193104,284,8388608
Uring,throughput,0,4,16,0,0,194347104049,194347287914,183864,16,8388608
Uring,throughput,0,4,16,0,0,194347115872,194347356976,241103,12,8388608
Uring,throughput,0,4,16,0,0,194347117352,194347346548,229196,24,8388608
Uring,throughput,0,4,16,0,0,194347121417,194347325871,204454,22,8388608
Uring,throughput,0,4,16,0,0,194347131635,194347164977,33342,1915,8388608
Uring,throughput,0,4,16,0,0,194347133684,194347339985,206300,46,8388608
Uring,throughput,0,4,16,0,0,194347134027,194347497629,363601,10,8388608
Uring,throughput,0,4,16,0,0,194347134663,194347725166,590502,14,8388608
Uring,throughput,0,4,16,0,0,194347136990,194347809763,672772,2099,8388608
Uring,throughput,0,4,16,0,0,194347145988,194347236679,90690,2067,8388608
Uring,throughput,0,4,16,0,0,194347146808,194347289365,142556,16,8388608
Uring,throughput,0,4,16,0,0,194347147651,194347292023,144371,31,8388608
Uring,throughput,0,4,16,0,0,194347149520,194347397040,247520,16,8388608
Uring,throughput,0,4,16,0,0,194347152523,194347209519,56995,19,8388608
Uring,throughput,0,4,16,0,0,194347154349,194347242565,88215,13,8388608
Uring,throughput,0,4,16,0,0,194347164881,194347568446,403564,28,8388608
Uring,throughput,0,4,16,0,0,194347164978,194347246760,81781,11,8388608
Uring,throughput,0,4,16,0,0,194347173769,194347261308,87538,1293,8388608
Uring,throughput,0,4,16,0,0,194347175290,194347822589,647298,25,8388608
Uring,throughput,0,4,16,0,0,194347175557,194347398443,222886,15,8388608
Uring,throughput,0,4,16,0,0,194347183112,194347822406,639293,50,8388608
Uring,throughput,0,4,16,0,0,194347193998,194347429311,235312,66,8388608
Uring,throughput,0,4,16,0,0,194347194609,194347405356,210746,3389,8388608
Uring,throughput,0,4,16,0,0,194347194950,194347322908,127958,17,8388608
Uring,throughput,0,4,16,0,0,194347196413,194347830380,633967,3071,8388608
Uring,throughput,0,4,16,0,0,194347198578,194347415512,216933,3478,8388608
Uring,throughput,0,4,16,0,0,194347209524,194347366475,156950,14,8388608
Uring,throughput,0,4,16,0,0,194347219544,194347252669,33125,23,8388608
Uring,throughput,0,4,16,0,0,194347223872,194347405984,182112,53,8388608
Uring,throughput,0,4,16,0,0,194347232075,194347846214,614139,22,8388608
Uring,throughput,0,4,16,0,0,194347235936,194347420106,184169,23,8388608
Uring,throughput,0,4,16,0,0,194347236685,194347462051,225366,14,8388608
Uring,throughput,0,4,16,0,0,194347238380,194347360835,122454,15,8388608
Uring,throughput,0,4,16,0,0,194347241721,194347849985,608264,20,8388608
Uring,throughput,0,4,16,0,0,194347242570,194347862936,620365,3594,8388608
Uring,throughput,0,4,16,0,0,194347246187,194347602401,356213,47,8388608
Uring,throughput,0,4,16,0,0,194347246766,194347862867,616101,19,8388608
Uring,throughput,0,4,16,0,0,194347250112,194347455539,205426,13,8388608
Uring,throughput,0,4,16,0,0,194347252674,194347427186,174512,13,8388608
Uring,throughput,0,4,16,0,0,194347258286,194347508862,250575,19,8388608
Uring,throughput,0,4,16,0,0,194347261315,194347792563,531247,27,8388608
Uring,throughput,0,4,16,0,0,194347267567,194347384513,116946,21,8388608
Uring,throughput,0,4,16,0,0,194347270618,194347438373,167755,25,8388608
Uring,throughput,0,4,16,0,0,194347272614,194347421968,149353,125,8388608
Uring,throughput,0,4,16,0,0,194347285449,194347902204,616755,21,8388608
Uring,throughput,0,4,16,0,0,194347287921,194347910357,622436,2655,8388608
Uring,throughput,0,4,16,0,0,194347289374,194347487836,198462,5976,8388608
Uring,throughput,0,4,16,0,0,194347292027,194347425592,133565,13,8388608
Uring,throughput,0,4,16,0,0,194347293267,194347403624,110356,40,8388608
Uring,throughput,0,4,16,0,0,194347295863,194347457720,161857,121,8388608
Uring,throughput,0,4,16,0,0,194347296983,194347405148,108165,4190,8388608
Uring,throughput,0,4,16,0,0,194347297845,194347922818,624973,4017,8388608
Uring,throughput,0,4,16,0,0,194347306581,194347719201,412619,17,8388608
Uring,throughput,0,4,16,0,0,194347309434,194347532787,223352,22,8388608
Uring,throughput,0,4,16,0,0,194347322914,194347512504,189590,15,8388608
Uring,throughput,0,4,16,0,0,194347325560,194347496308,170747,368,8388608
Uring,throughput,0,4,16,0,0,194347325878,194347461209,135330,52,8388608
Uring,throughput,0,4,16,0,0,194347339593,194347506213,166620,28,8388608
Uring,throughput,0,4,16,0,0,194347339992,194347966503,626511,2762,8388608
Uring,throughput,0,4,16,0,0,194347341556,194347734882,393326,276,8388608
Uring,throughput,0,4,16,0,0,194347346555,194347601297,254742,23,8388608
Uring,throughput,0,4,16,0,0,194347351376,194347510854,159478,17,8388608
Uring,throughput,0,4,16,0,0,194347356748,194347489465,132716,19,8388608
Uring,throughput,0,4,16,0,0,194347356979,194347573771,216791,2694,8388608
Uring,throughput,0,4,16,0,0,194347360838,194347988624,627786,16,8388608
Uring,throughput,0,4,16,0,0,194347361583,194347477962,116379,21,8388608
Uring,throughput,0,4,16,0,0,194347366483,194347556762,190278,3706,8388608
Uring,throughput,0,4,16,0,0,194347371771,194347999510,627738,31,8388608
Uring,throughput,0,4,16,0,0,194347384549,194347617491,232942,2692,8388608
Uring,throughput,0,4,16,0,0,194347390898,194347675102,284203,20,8388608
Uring,throughput,0,4,16,0,0,194347397073,194348018324,621251,19,8388608
Uring,throughput,0,4,16,0,0,194347398493,194347677200,278706,20,8388608
Uring,throughput,0,4,16,0,0,194347403629,194347525753,122123,20,8388608
Uring,throughput,0,4,16,0,0,194347405152,194347518163,113010,16,8388608
Uring,throughput,0,4,16,0,0,194347405363,194347433144,27780,24,8388608
Uring,throughput,0,4,16,0,0,194347405987,194347667397,261410,10,8388608
Uring,throughput,0,4,16,0,0,194347406829,194347674925,268096,49,8388608
Uring,throughput,0,4,16,0,0,194347415518,194348035797,620278,38,8388608
Uring,throughput,0,4,16,0,0,194347420113,194347538429,118315,44,8388608
Uring,throughput,0,4,16,0,0,194347420408,194347557952,137544,17,8388608
Uring,throughput,0,4,16,0,0,194347421972,194347546502,124529,16,8388608
Uring,throughput,0,4,16,0,0,194347425601,194347707631,282030,1644,8388608
Uring,throughput,0,4,16,0,0,194347427192,194347749252,322060,2805,8388608
Uring,throughput,0,4,16,0,0,194347429342,194347489590,60248,1407,8388608
Uring,throughput,0,4,16,0,0,194347433150,194347704374,271223,18,8388608
Uring,throughput,0,4,16,0,0,194347433572,194347592209,158636,75,8388608
Uring,throughput,0,4,16,0,0,194347438380,194347577555,139174,26,8388608
Uring,throughput,0,4,16,0,0,194347455545,194347756475,300929,5535,8388608
Uring,throughput,0,4,16,0,0,194347457726,194347877088,419362,19,8388608
Uring,throughput,0,4,16,0,0,194347461217,194348077272,616055,5162,8388608
Uring,throughput,0,4,16,0,0,194347462058,194348072402,610343,39,8388608
Uring,throughput,0,4,16,0,0,194347477969,194347792585,314616,16,8388608
Uring,throughput,0,4,16,0,0,194347487842,194347813038,325195,18,8388608
Uring,throughput,0,4,16,0,0,194347489472,194347926701,437228,4511,8388608
Uring,throughput,0,4,16,0,0,194347489597,194347547622,58024,16,8388608
Uring,throughput,0,4,16,0,0,194347496312,194347570844,74531,44,8388608
Uring,throughput,0,4,16,0,0,194347497636,194347628196,130559,821,8388608
Uring,throughput,0,4,16,0,0,194347506218,194347868228,362010,2908,8388608
Uring,throughput,0,4,16,0,0,194347508869,194347833401,324532,22,8388608
Uring,throughput,0,4,16,0,0,194347510275,194347725029,214754,21,8388608
Uring,throughput,0,4,16,0,0,194347510861,194347974370,463508,15,8388608
Uring,throughput,0,4,16,0,0,194347512509,194347568084,55575,2363,8388608
Uring,throughput,0,4,16,0,0,194347518169,194347857902,339733,106,8388608
Uring,throughput,0,4,16,0,0,194347525762,194348027730,501968,4835,8388608
Uring,throughput,0,4,16,0,0,194347532794,194347577975,45181,20,8388608
Uring,throughput,0,4,16,0,0,194347538437,194347780664,242226,4169,8388608
Uring,throughput,0,4,16,0,0,194347546509,194347858382,311872,5461,8388608
Uring,throughput,0,4,16,0,0,194347547628,194347593868,46239,17,8388608
Uring,throughput,0,4,16,0,0,194347556766,194348123725,566958,25,8388608
Uring,throughput,0,4,16,0,0,194347557959,194347845585,287626,18,8388608
Uring,throughput,0,4,16,0,0,194347568089,194347927711,359622,40,8388608
Uring,throughput,0,4,16,0,0,194347568448,194347900131,331682,13,8388608
Uring,throughput,0,4,16,0,0,194347570852,194347609583,38731,19,8388608
Uring,throughput,0,4,16,0,0,194347573779,194347613615,39836,18,8388608
Uring,throughput,0,4,16,0,0,194347577562,194347692797,115234,2083,8388608
Uring,throughput,0,4,16,0,0,194347577982,194347894858,316876,4605,8388608
Uring,throughput,0,4,16,0,0,194347590197,194347701888,111691,5207,8388608
Uring,throughput,0,4,16,0,0,194347592229,194347659489,67260,40,8388608
Uring,throughput,0,4,16,0,0,194347593875,194347644545,50670,521,8388608
Uring,throughput,0,4,16,0,0,194347601380,194347974524,373143,1041,8388608
Uring,throughput,0,4,16,0,0,194347602406,194347903576,301170,64,8388608
Uring,throughput,0,4,16,0,0,194347603882,194348160390,556507,1266,8388608
Uring,throughput,0,4,16,0,0,194347609590,194347763501,153911,324,8388608
Uring,throughput,0,4,16,0,0,194347613619,194347673851,60231,10,8388608
Uring,throughput,0,4,16,0,0,194347617494,194347656629,39134,68,8388608
Uring,throughput,0,4,16,0,0,194347628200,194347904904,276704,14,8388608
Uring,throughput,0,4,16,0,0,194347632292,194348177028,544735,15,8388608
Uring,throughput,0,4,16,0,0,194347639222,194348032434,393212,5116,8388608
Uring,throughput,0,4,16,0,0,194347644552,194348029035,384482,26,8388608
Uring,throughput,0,4,16,0,0,194347656635,194347684992,28357,17,8388608
Uring,throughput,0,4,16,0,0,194347659494,194347764916,105422,956,8388608
Uring,throughput,0,4,16,0,0,194347667402,194348037884,370482,246,8388608
Uring,throughput,0,4,16,0,0,194347673856,194348129103,455247,1501,8388608
Uring,throughput,0,4,16,0,0,194347674931,194347707368,32437,20,8388608
Uring,throughput,0,4,16,0,0,194347675105,194348233275,558169,1030,8388608
Uring,throughput,0,4,16,0,0,194347677203,194348173272,496069,3557,8388608
Uring,throughput,0,4,16,0,0,194347684999,194348241415,556416,2552,8388608
Uring,throughput,0,4,16,0,0,194347687159,194347960986,273826,446,8388608
Uring,throughput,0,4,16,0,0,194347691338,194347847448,156109,12,8388608
Uring,throughput,0,4,16,0,0,194347692801,194347939025,246223,110,8388608
Uring,throughput,0,4,16,0,0,194347701895,194347737361,35465,13,8388608
Uring,throughput,0,4,16,0,0,194347704381,194347765242,60860,590,8388608
Uring,throughput,0,4,16,0,0,194347707374,194348241702,534327,249,8388608
Uring,throughput,0,4,16,0,0,194347707632,194347945274,237641,25,8388608
Uring,throughput,0,4,16,0,0,194347719208,194347878865,159657,17,8388608
Uring,throughput,0,4,16,0,0,194347719278,194348172612,453334,2018,8388608
Uring,throughput,0,4,16,0,0,194347725036,194347755520,30483,466,8388608
Uring,throughput,0,4,16,0,0,194347725172,194347943099,217927,295,8388608
Uring,throughput,0,4,16,0,0,194347726163,194348129042,402879,37,8388608
Uring,throughput,0,4,16,0,0,194347734889,194348113251,378362,16,8388608
Uring,throughput,0,4,16,0,0,194347737367,194348236875,499508,15,8388608
Uring,throughput,0,4,16,0,0,194347749258,194347982402,233143,15,8388608
Uring,throughput,0,4,16,0,0,194347755525,194348209966,454441,15,8388608
Uring,throughput,0,4,16,0,0,194347756481,194347822071,65590,14,8388608
Uring,throughput,0,4,16,0,0,194347763506,194347816064,52557,19,8388608
Uring,throughput,0,4,16,0,0,194347764921,194347899735,134813,24,8388608
Uring,throughput,0,4,16,0,0,194347765249,194347929349,164100,18,8388608
Uring,throughput,0,4,16,0,0,194347780739,194347905593,124854,60,8388608
Uring,throughput,0,4,16,0,0,194347792571,194348267377,474805,24,8388608
Uring,throughput,0,4,16,0,0,194347792594,194347879918,87323,24,8388608
Uring,throughput,0,4,16,0,0,194347809770,194347911513,101742,18,8388608
Uring,throughput,0,4,16,0,0,194347813046,194348299463,486417,46,8388608
Uring,throughput,0,4,16,0,0,194347816071,194347977100,161028,19,8388608
Uring,throughput,0,4,16,0,0,194347822076,194348079242,257165,15,8388608
Uring,throughput,0,4,16,0,0,194347822407,194348309787,487380,9,8388608
Uring,throughput,0,4,16,0,0,194347822598,194347963156,140558,6816,8388608
Uring,throughput,0,4,16,0,0,194347830387,194348330570,500182,14,8388608
Uring,throughput,0,4,16,0,0,194347833409,194348159652,326242,3856,8388608
Uring,throughput,0,4,16,0,0,194347845593,194348218068,372475,4351,8388608
Uring,throughput,0,4,16,0,0,194347846269,194348369506,523237,27,8388608
Uring,throughput,0,4,16,0,0,194347847510,194348390435,542925,31,8388608
Uring,throughput,0,4,16,0,0,194347849992,194347907681,57689,590,8388608
Uring,throughput,0,4,16,0,0,194347857908,194347927481,69573,470,8388608
Uring,throughput,0,4,16,0,0,194347858385,194348205769,347383,18,8388608
Uring,throughput,0,4,16,0,0,194347862873,194348408320,545447,3277,8388608
Uring,throughput,0,4,16,0,0,194347862942,194348216496,353553,18,8388608
Uring,throughput,0,4,16,0,0,194347868234,194348048851,180617,23,8388608
Uring,throughput,0,4,16,0,0,194347877094,194348069065,191970,2760,8388608
Uring,throughput,0,4,16,0,0,194347878872,194348157576,278703,47,8388608
Uring,throughput,0,4,16,0,0,194347879923,194348359969,480046,15,8388608
Uring,throughput,0,4,16,0,0,194347894865,194347967606,72741,34,8388608
Uring,throughput,0,4,16,0,0,194347899741,194348373103,473362,39,8388608
Uring,throughput,0,4,16,0,0,194347900139,194348005994,105855,786,8388608
Uring,throughput,0,4,16,0,0,194347902212,194348006037,103825,26,8388608
Uring,throughput,0,4,16,0,0,194347903585,194347971799,68214,3964,8388608
Uring,throughput,0,4,16,0,0,194347904910,194347963863,58952,24,8388608
Uring,throughput,0,4,16,0,0,194347905600,194348278474,372874,100,8388608
Uring,throughput,0,4,16,0,0,194347907689,194348394575,486885,25,8388608
Uring,throughput,0,4,16,0,0,194347910365,194348295042,384677,24,8388608
Uring,throughput,0,4,16,0,0,194347911520,194347993673,82153,12,8388608
Uring,throughput,0,4,16,0,0,194347922824,194348121283,198459,18,8388608
Uring,throughput,0,4,16,0,0,194347926707,194348014786,88078,16,8388608
Uring,throughput,0,4,16,0,0,194347927484,194348020349,92865,9,8388608
Uring,throughput,0,4,16,0,0,194347927716,194348172667,244951,23,8388608
Uring,throughput,0,4,16,0,0,194347929351,194348327586,398234,15,8388608
Uring,throughput,0,4,16,0,0,194347939030,194348340492,401461,23,8388608
Uring,throughput,0,4,16,0,0,194347943106,194348044580,101473,20,8388608
Uring,throughput,0,4,16,0,0,194347945429,194348119502,174073,40,8388608
Uring,throughput,0,4,16,0,0,194347960993,194348083088,122094,37,8388608
Uring,throughput,0,4,16,0,0,194347963164,194348408470,445306,20,8388608
Uring,throughput,0,4,16,0,0,194347963869,194348027197,63328,2191,8388608
Uring,throughput,0,4,16,0,0,194347966510,194348373217,406706,17,8388608
Uring,throughput,0,4,16,0,0,194347967613,194348110155,142541,19,8388608
Uring,throughput,0,4,16,0,0,194347971804,194348027941,56136,15,8388608
Uring,throughput,0,4,16,0,0,194347974375,194348419845,445470,5101,8388608
Uring,throughput,0,4,16,0,0,194347974526,194348414306,439780,20,8388608
Uring,throughput,0,4,16,0,0,194347977102,194348281908,304805,2447,8388608
Uring,throughput,0,4,16,0,0,194347982408,194348312609,330200,15,8388608
Uring,throughput,0,4,16,0,0,194347988632,194348109335,120703,4978,8388608
Uring,throughput,0,4,16,0,0,194347993678,194348481976,488297,4270,8388608
Uring,throughput,0,4,16,0,0,194347999517,194348352079,352562,2844,8388608
Uring,throughput,0,4,16,0,0,194348006018,194348094053,88034,30,8388608
Uring,throughput,0,4,16,0,0,194348006039,194348179865,173826,906,8388608
Uring,throughput,0,4,16,0,0,194348014791,194348488197,473405,71,8388608
Uring,throughput,0,4,16,0,0,194348018332,194348172418,154085,755,8388608
Uring,throughput,0,4,16,0,0,194348020354,194348076648,56294,36,8388608
Uring,throughput,0,4,16,0,0,194348027202,194348154531,127328,18,8388608
Uring,throughput,0,4,16,0,0,194348027736,194348493049,465313,15,8388608
Uring,throughput,0,4,16,0,0,194348027947,194348071124,43177,134,8388608
Uring,throughput,0,4,16,0,0,194348029038,194348104214,75175,15,8388608
Uring,throughput,0,4,16,0,0,194348032440,194348445439,412999,26,8388608
Uring,throughput,0,4,16,0,0,194348035803,194348270322,234518,19,8388608
Uring,throughput,0,4,16,0,0,194348037889,194348105507,67617,14,8388608
Uring,throughput,0,4,16,0,0,194348044584,194348498801,454217,17,8388608
Uring,throughput,0,4,16,0,0,194348048857,194348100614,51756,40,8388608
Uring,throughput,0,4,16,0,0,194348069073,194348172988,103914,47,8388608
Uring,throughput,0,4,16,0,0,194348071133,194348513500,442366,5132,8388608
Uring,throughput,0,4,16,0,0,194348072407,194348176593,104185,1279,8388608
Uring,throughput,0,4,16,0,0,194348076656,194348472275,395618,4562,8388608
Uring,throughput,0,4,16,0,0,194348077277,194348277764,200486,38,8388608
Uring,throughput,0,4,16,0,0,194348079255,194348475849,396593,4010,8388608
Uring,throughput,0,4,16,0,0,194348083095,194348325084,241989,26,8388608
Uring,throughput,0,4,16,0,0,194348094062,194348167614,73551,42,8388608
Uring,throughput,0,4,16,0,0,194348100621,194348549552,448931,4703,8388608
Uring,throughput,0,4,16,0,0,194348104256,194348145394,41137,865,8388608
Uring,throughput,0,4,16,0,0,194348105514,194348480443,374929,38,8388608
Uring,throughput,0,4,16,0,0,194348109345,194348148214,38869,39,8388608
Uring,throughput,0,4,16,0,0,194348110165,194348557762,447596,3038,8388608
Uring,throughput,0,4,16,0,0,194348113288,194348392882,279594,49,8388608
Uring,throughput,0,4,16,0,0,194348119508,194348297272,177764,3725,8388608
Uring,throughput,0,4,16,0,0,194348121290,194348393916,272625,32,8388608
Uring,throughput,0,4,16,0,0,194348123733,194348201450,77717,22,8388608
Uring,throughput,0,4,16,0,0,194348129050,194348501693,372642,5595,8388608
Uring,throughput,0,4,16,0,0,194348129109,194348194315,65205,42,8388608
Uring,throughput,0,4,16,0,0,194348145402,194348591866,446463,60,8388608
Uring,throughput,0,4,16,0,0,194348148226,194348596992,448766,29,8388608
Uring,throughput,0,4,16,0,0,194348154537,194348499893,345356,27,8388608
Uring,throughput,0,4,16,0,0,194348157582,194348289380,131797,21,8388608
Uring,throughput,0,4,16,0,0,194348159663,194348427338,267675,232,8388608
Uring,throughput,0,4,16,0,0,194348160399,194348223432,63033,90,8388608
Uring,throughput,0,4,16,0,0,194348167624,194348633860,466236,5094,8388608
Uring,throughput,0,4,16,0,0,194348172426,194348264723,92297,300,8388608
Uring,throughput,0,4,16,0,0,194348172619,194348229855,57236,164,8388608
Uring,throughput,0,4,16,0,0,194348172676,194348594077,421401,1449,8388608
Uring,throughput,0,4,16,0,0,194348172991,194348404736,231745,31,8388608
Uring,throughput,0,4,16,0,0,194348173275,194348633942,460666,15,8388608
Uring,throughput,0,4,16,0,0,194348176598,194348274716,98117,21,8388608
Uring,throughput,0,4,16,0,0,194348177067,194348696309,519241,503,8388608
Uring,throughput,0,4,16,0,0,194348179872,194348279307,99434,21,8388608
Uring,throughput,0,4,16,0,0,194348194321,194348606318,411997,34,8388608
Uring,throughput,0,4,16,0,0,194348201457,194348316508,115050,2064,8388608
Uring,throughput,0,4,16,0,0,194348205774,194348409813,204039,20,8388608
Uring,throughput,0,4,16,0,0,194348209974,194348624853,414878,22,8388608
Uring,throughput,0,4,16,0,0,194348216504,194348438252,221748,49,8388608
Uring,throughput,0,4,16,0,0,194348218078,194348528966,310888,96,8388608
Uring,throughput,0,4,16,0,0,194348223437,194348298586,75149,25,8388608
Uring,throughput,0,4,16,0,0,194348229861,194348646942,417080,21,8388608
Uring,throughput,0,4,16,0,0,194348233285,194348479053,245768,38,8388608
Uring,throughput,0,4,16,0,0,194348236882,194348727403,490521,3813,8388608
Uring,throughput,0,4,16,0,0,194348241425,194348543066,301641,87,8388608
Uring,throughput,0,4,16,0,0,194348241705,194348280744,39039,21,8388608
Uring,throughput,0,4,16,0,0,194348264732,194348747542,482809,29,8388608
Uring,throughput,0,4,16,0,0,194348267504,194348532853,265348,3023,8388608
Uring,throughput,0,4,16,0,0,194348270326,194348515233,244907,3141,8388608
Uring,throughput,0,4,16,0,0,194348274724,194348502601,227876,33,8388608
Uring,throughput,0,4,16,0,0,194348277773,194348562630,284857,18,8388608
Uring,throughput,0,4,16,0,0,194348278479,194349013149,734669,6645,8388608
Uring,throughput,0,4,16,0,0,194348279367,194348436118,156750,103,8388608
Uring,throughput,0,4,16,0,0,194348280775,194348366546,85770,75,8388608
Uring,throughput,0,4,16,0,0,194348281911,194348507094,225182,23,8388608
Uring,throughput,0,4,16,0,0,194348289386,194348383890,94503,32,8388608
Uring,throughput,0,4,16,0,0,194348295054,194348782028,486974,25,8388608
Uring,throughput,0,4,16,0,0,194348297276,194348324246,26970,14,8388608
Uring,throughput,0,4,16,0,0,194348298590,194348916690,618099,921,8388608
Uring,throughput,0,4,16,0,0,194348299469,194348524566,225096,4667,8388608
Uring,throughput,0,4,16,0,0,194348309795,194348726199,416403,386,8388608
Uring,throughput,0,4,16,0,0,194348312617,194348801699,489082,3355,8388608
Uring,throughput,0,4,16,0,0,194348316513,194348519978,203464,19,8388608
Uring,throughput,0,4,16,0,0,194348324254,194348597991,273736,211,8388608
Uring,throughput,0,4,16,0,0,194348325086,194348381985,56898,466,8388608
Uring,throughput,0,4,16,0,0,194348327594,194348358819,31225,832,8388608
Uring,throughput,0,4,16,0,0,194348330578,194348816960,486382,61,8388608
Uring,throughput,0,4,16,0,0,194348340498,194348854539,514040,3797,8388608
Uring,throughput,0,4,16,0,0,194348352087,194348853694,501606,43,8388608
Uring,throughput,0,4,16,0,0,194348358831,194348844756,485925,25,8388608
Uring,throughput,0,4,16,0,0,194348359975,194348538050,178075,77,8388608
Uring,throughput,0,4,16,0,0,194348366552,194348539763,173211,484,8388608
Uring,throughput,0,4,16,0,0,194348369511,194348567715,198203,3545,8388608
Uring,throughput,0,4,16,0,0,194348373107,194348873370,500262,1951,8388608
Uring,throughput,0,4,16,0,0,194348373224,194348897025,523801,79,8388608
Uring,throughput,0,4,16,0,0,194348381998,194348601114,219115,54,8388608
Uring,throughput,0,4,16,0,0,194348383897,194348429549,45652,145,8388608
Uring,throughput,0,4,16,0,0,194348390442,194348882341,491899,3280,8388608
Uring,throughput,0,4,16,0,0,194348392889,194348573060,180171,350,8388608
Uring,throughput,0,4,16,0,0,194348393921,194348622929,229008,2701,8388608
Uring,throughput,0,4,16,0,0,194348394603,194348448774,54171,19,8388608
Uring,throughput,0,4,16,0,0,194348404744,194348465534,60789,2490,8388608
Uring,throughput,0,4,16,0,0,194348408329,194348756317,347988,18,8388608
Uring,throughput,0,4,16,0,0,194348408477,194348979766,571288,30,8388608
Uring,throughput,0,4,16,0,0,194348409822,194348901981,492159,1406,8388608
Uring,throughput,0,4,16,0,0,194348414315,194348508771,94456,33,8388608
Uring,throughput,0,4,16,0,0,194348419850,194348545757,125907,76,8388608
Uring,throughput,0,4,16,0,0,194348427346,194348769582,342236,23,8388608
Uring,throughput,0,4,16,0,0,194348429554,194348934978,505423,41,8388608
Uring,throughput,0,4,16,0,0,194348436126,194348676570,240444,1343,8388608
Uring,throughput,0,4,16,0,0,194348438263,194348598749,160486,4146,8388608
Uring,throughput,0,4,16,0,0,194348445449,194348685736,240286,204,8388608
Uring,throughput,0,4,16,0,0,194348448826,194348583403,134576,1764,8388608
Uring,throughput,0,4,16,0,0,194348465539,194348912825,447285,21,8388608
Uring,throughput,0,4,16,0,0,194348472282,194348915235,442952,29,8388608
Uring,throughput,0,4,16,0,0,194348475858,194348715164,239305,40,8388608
Uring,throughput,0,4,16,0,0,194348479065,194348966279,487213,33,8388608
Uring,throughput,0,4,16,0,0,194348480454,194348726645,246190,4458,8388608
Uring,throughput,0,4,16,0,0,194348482095,194348723104,241008,172,8388608
Uring,throughput,0,4,16,0,0,194348488209,194348923253,435044,3825,8388608
Uring,throughput,0,4,16,0,0,194348493055,194348938731,445676,26,8388608
Uring,throughput,0,4,16,0,0,194348498809,194348643955,145146,796,8388608
Uring,throughput,0,4,16,0,0,194348499899,194348641147,141248,3954,8388608
Uring,throughput,0,4,16,0,0,194348501698,194348924910,423212,96,8388608
Uring,throughput,0,4,16,0,0,194348502605,194348648292,145686,1971,8388608
Uring,throughput,0,4,16,0,0,194348507101,194348679248,172147,65,8388608
Uring,throughput,0,4,16,0,0,194348508780,194348953382,444601,4488,8388608
Uring,throughput,0,4,16,0,0,194348513506,194348569062,55556,257,8388608
Uring,throughput,0,4,16,0,0,194348515240,194348738853,223613,93,8388608
Uring,throughput,0,4,16,0,0,194348519985,194348579281,59295,302,8388608
Uring,throughput,0,4,16,0,0,194348524571,194348601501,76930,14,8388608
Uring,throughput,0,4,16,0,0,194348528976,194349007656,478679,112,8388608
Uring,throughput,0,4,16,0,0,194348532858,194349008442,475583,27,8388608
Uring,throughput,0,4,16,0,0,194348538057,194348617708,79650,19,8388608
Uring,throughput,0,4,16,0,0,194348539767,194349010251,470484,32,8388608
Uring,throughput,0,4,16,0,0,194348543079,194348848935,305855,68,8388608
Uring,throughput,0,4,16,0,0,194348545767,194349011987,466220,35,8388608
Uring,throughput,0,4,16,0,0,194348549559,194348958830,409271,32,8388608
Uring,throughput,0,4,16,0,0,194348557770,194348673559,115789,22,8388608
Uring,throughput,0,4,16,0,0,194348562637,194348736938,174300,5034,8388608
Uring,throughput,0,4,16,0,0,194348567719,194348625085,57366,213,8388608
Uring,throughput,0,4,16,0,0,194348569071,194349013123,444052,31,8388608
Uring,throughput,0,4,16,0,0,194348573072,194348775305,202233,116,8388608
Uring,throughput,0,4,16,0,0,194348579287,194348946859,367572,4366,8388608
Uring,throughput,0,4,16,0,0,194348583409,194348775986,192577,43,8388608
Uring,throughput,0,4,16,0,0,194348591909,194348744733,152824,27,8388608
Uring,throughput,0,4,16,0,0,194348594081,194348946970,352889,25,8388608
Uring,throughput,0,4,16,0,0,194348596995,194349021448,424452,2516,8388608
Uring,throughput,0,4,16,0,0,194348598021,194348645022,47001,775,8388608
Uring,throughput,0,4,16,0,0,194348598754,194348981742,382987,45,8388608
Uring,throughput,0,4,16,0,0,194348601120,194348715028,113908,21,8388608
Uring,throughput,0,4,16,0,0,194348601513,194348692369,90855,28,8388608
Uring,throughput,0,4,16,0,0,194348606325,194348728936,122610,1088,8388608
Uring,throughput,0,4,16,0,0,194348617720,194348776583,158862,25,8388608
Uring,throughput,0,4,16,0,0,194348622937,194348774371,151434,49,8388608
Uring,throughput,0,4,16,0,0,194348624861,194349025298,400437,3815,8388608
Uring,throughput,0,4,16,0,0,194348625091,194348772902,147811,26,8388608
Uring,throughput,0,4,16,0,0,194348633870,194349025225,391355,90,8388608
Uring,throughput,0,4,16,0,0,194348633946,194348788310,154363,16,8388608
Uring,throughput,0,4,16,0,0,194348641152,194348731951,90798,28,8388608
Uring,throughput,0,4,16,0,0,194348644035,194348759296,115261,37,8388608
Uring,throughput,0,4,16,0,0,194348645025,194348777735,132709,22,8388608
Uring,throughput,0,4,16,0,0,194348646945,194349027756,380810,2762,8388608
Uring,throughput,0,4,16,0,0,194348648297,194348684216,35918,52,8388608
Uring,throughput,0,4,16,0,0,194348673564,194348723150,49585,51,8388608
Uring,throughput,0,4,16,0,0,194348676576,194348827237,150661,33,8388608
Uring,throughput,0,4,16,0,0,194348679253,194348877025,197772,4158,8388608
Uring,throughput,0,4,16,0,0,194348684221,194348877923,193702,28,8388608
Uring,throughput,0,4,16,0,0,194348685741,194348851936,166195,2365,8388608
Uring,throughput,0,4,16,0,0,194348692375,194348835686,143310,2954,8388608
Uring,throughput,0,4,16,0,0,194348696317,194348731091,34774,521,8388608
Uring,throughput,0,4,16,0,0,194348715037,194348978257,263220,3616,8388608
Uring,throughput,0,4,16,0,0,194348715174,194349033867,318692,113,8388608
Uring,throughput,0,4,16,0,0,194348723114,194349030082,306968,205,8388608
Uring,throughput,0,4,16,0,0,194348723156,194348818765,95609,3539,8388608
Uring,throughput,0,4,16,0,0,194348726206,194348845508,119302,24,8388608
Uring,throughput,0,4,16,0,0,194348726651,194349013453,286802,106,8388608
Uring,throughput,0,4,16,0,0,194348727408,194348969437,242028,81,8388608
Uring,throughput,0,4,16,0,0,194348728939,194348947334,218394,23,8388608
Uring,throughput,0,4,16,0,0,194348731096,194348960336,229239,40,8388608
Uring,throughput,0,4,16,0,0,194348731958,194349034630,302672,24,8388608
Uring,throughput,0,4,16,0,0,194348737048,194349006859,269810,73,8388608
Uring,throughput,0,4,16,0,0,194348738861,194349034876,296014,42,8388608
Uring,throughput,0,4,16,0,0,194348744748,194349023173,278424,1427,8388608
Uring,throughput,0,4,16,0,0,194348747550,194349020402,272852,1327,8388608
Uring,throughput,0,4,16,0,0,194348756324,194348872409,116084,23,8388608
Uring,throughput,0,4,16,0,0,194348759302,194348902675,143372,19,8388608
Uring,throughput,0,4,16,0,0,194348769589,194348978182,208592,4144,8388608
Uring,throughput,0,4,16,0,0,194348772914,194349037168,264253,2711,8388608
Uring,throughput,0,4,16,0,0,194348774378,194348841641,67263,19,8388608
Uring,throughput,0,4,16,0,0,194348775312,194348983330,208018,56,8388608
Uring,throughput,0,4,16,0,0,194348775993,194348834949,58956,89,8388608
Uring,throughput,0,4,16,0,0,194348776588,194349026456,249867,29,8388608
Uring,throughput,0,4,16,0,0,194348777743,194348843634,65890,32,8388608
Uring,throughput,0,4,16,0,0,194348782037,194348827448,45410,934,8388608
Uring,throughput,0,4,16,0,0,194348788316,194349041960,253643,3005,8388608
Uring,throughput,0,4,16,0,0,194348801710,194349040266,238555,68,8388608
Uring,throughput,0,4,16,0,0,194348816970,194349049795,232825,4285,8388608
Uring,throughput,0,4,16,0,0,194348818780,194348997769,178988,59,8388608
Uring,throughput,0,4,16,0,0,194348827244,194349046888,219643,24,8388608
Uring,throughput,0,4,16,0,0,194348827454,194348986912,159457,26,8388608
Uring,throughput,0,4,16,0,0,194348834965,194349049106,214141,1702,8388608
Uring,throughput,0,4,16,0,0,194348835690,194348971666,135975,58,8388608
Uring,throughput,0,4,16,0,0,194348841645,194348978191,136545,1927,8388608
Uring,throughput,0,4,16,0,0,194348843637,194348890203,46565,1052,8388608
Uring,throughput,0,4,16,0,0,194348844774,194349048871,204097,26,8388608
Uring,throughput,0,4,16,0,0,194348845519,194348970094,124574,29,8388608
Uring,throughput,0,4,16,0,0,194348848940,194349049800,200859,5489,8388608
Uring,throughput,0,4,16,0,0,194348851940,194348979570,127630,17,8388608
Uring,throughput,0,4,16,0,0,194348853697,194349049337,195639,62,8388608
Uring,throughput,0,4,16,0,0,194348854542,194349048211,193668,183,8388608
Uring,throughput,0,4,16,0,0,194348872413,194349031038,158624,4226,8388608
Uring,throughput,0,4,16,0,0,194348873378,194349013986,140608,43,8388608
Uring,throughput,0,4,16,0,0,194348877035,194349013921,136885,25,8388608
Uring,throughput,0,4,16,0,0,194348877927,194349056299,178372,571,8388608
Uring,throughput,0,4,16,0,0,194348882345,194348982348,100003,24,8388608
Uring,throughput,0,4,16,0,0,194348890213,194348987651,97438,57,8388608
Uring,throughput,0,4,16,0,0,194348897034,194349032177,135143,1753,8388608
Uring,throughput,0,4,32,0,0,194349203836,194349733867,530031,9245,8388608
Uring,throughput,0,4,32,0,0,194349203584,194349840186,636601,9463,8388608
Uring,throughput,0,4,32,0,0,194349203803,194350215989,1012186,8704,8388608
Uring,throughput,0,4,32,0,0,194349203661,194349872570,668908,8213,8388608
Uring,throughput,0,4,32,0,0,194349204070,194349662606,458535,9121,8388608
Uring,throughput,0,4,32,0,0,194349204223,194349981594,777371,7712,8388608
Uring,throughput,0,4,32,0,0,194349204227,194349993125,788897,8352,8388608
Uring,throughput,0,4,32,0,0,194349204380,194350011068,806688,8814,8388608
Uring,throughput,0,4,32,0,0,194349204424,194350554898,1350474,8840,8388608
Uring,throughput,0,4,32,0,0,194349204528,194349876979,672450,7442,8388608
Uring,throughput,0,4,32,0,0,194349204593,194349807610,603017,8050,8388608
Uring,throughput,0,4,32,0,0,194349204810,194349924696,719886,8504,8388608
Uring,throughput,0,4,32,0,0,194349204848,194350010978,806129,8401,8388608
Uring,throughput,0,4,32,0,0,194349204850,194349846258,641408,7180,8388608
Uring,throughput,0,4,32,0,0,194349204889,194349917107,712218,7803,8388608
Uring,throughput,0,4,32,0,0,194349205198,194349733449,528250,8176,8388608
Uring,throughput,0,4,32,0,0,194349205227,194349929556,724328,6870,8388608
Uring,throughput,0,4,32,0,0,194349205242,194349996270,791027,8063,8388608
Uring,throughput,0,4,32,0,0,194349205255,194349914651,709395,7488,8388608
Uring,throughput,0,4,32,0,0,194349205474,194349928172,722697,7881,8388608
Uring,throughput,0,4,32,0,0,194349205490,194349830908,625417,6658,8388608
Uring,throughput,0,4,32,0,0,194349205506,194349927673,722166,7917,8388608
Uring,throughput,0,4,32,0,0,194349205506,194349999895,794388,7313,8388608
Uring,throughput,0,4,32,0,0,194349205777,194350110364,904587,6422,8388608
Uring,throughput,0,4,32,0,0,194349205839,194349891319,685480,7030,8388608
Uring,throughput,0,4,32,0,0,194349205856,194350331296,1125440,7583,8388608
Uring,throughput,0,4,32,0,0,194349205872,194349934978,729106,7604,8388608
Uring,throughput,0,4,32,0,0,194349206037,194349891606,685569,6250,8388608
Uring,throughput,0,4,32,0,0,194349206068,194350237254,1031185,6886,8388608
Uring,throughput,0,4,32,0,0,194349206089,194350049779,843690,7440,8388608
Uring,throughput,0,4,32,0,0,194349206173,194349965233,759060,7317,8388608
Uring,throughput,0,4,32,0,0,194349206325,194349972473,766147,6033,8388608
Uring,throughput,0,4,32,0,0,194349206339,194349965834,759494,6729,8388608
Uring,throughput,0,4,32,0,0,194349206373,194350337504,1131131,7212,8388608
Uring,throughput,0,4,32,0,0,194349206372,194349928984,722612,7179,8388608
Uring,throughput,0,4,32,0,0,194349206616,194349724089,517472,7027,8388608
Uring,throughput,0,4,32,0,0,194349206620,194349866312,659692,5799,8388608
Uring,throughput,0,4,32,0,0,194349206694,194349939936,733242,6911,8388608
Uring,throughput,0,4,32,0,0,194349206735,194349904478,697742,6413,8388608
Uring,throughput,0,4,32,0,0,194349206868,194349900128,693259,5597,8388608
Uring,throughput,0,4,32,0,0,194349206925,194350334435,1127509,6774,8388608
Uring,throughput,0,4,32,0,0,194349207034,194350110186,903152,6207,8388608
Uring,throughput,0,4,32,0,0,194349207055,194349838608,631552,5468,8388608
Uring,throughput,0,4,32,0,0,194349207068,194349929289,722221,6590,8388608
Uring,throughput,0,4,32,0,0,194349207204,194350036727,829522,6631,8388608
Uring,throughput,0,4,32,0,0,194349207264,194349681922,474658,5327,8388608
Uring,throughput,0,4,32,0,0,194349207306,194349846994,639688,6423,8388608
Uring,throughput,0,4,32,0,0,194349207386,194349901987,694600,5928,8388608
Uring,throughput,0,4,32,0,0,194349207410,194349936373,728963,6473,8388608
Uring,throughput,0,4,32,0,0,194349207559,194349897757,690198,5077,8388608
Uring,throughput,0,4,32,0,0,194349207591,194350049913,842322,6255,8388608
Uring,throughput,0,4,32,0,0,194349207702,194349904222,696519,5659,8388608
Uring,throughput,0,4,32,0,0,194349207705,194349984375,776669,6224,8388608
Uring,throughput,0,4,32,0,0,194349207768,194349888290,680522,4921,8388608
Uring,throughput,0,4,32,0,0,194349207826,194350044984,837157,6069,8388608
Uring,throughput,0,4,32,0,0,194349207923,194350226315,1018391,5496,8388608
Uring,throughput,0,4,32,0,0,194349207947,194350051187,843240,6031,8388608
Uring,throughput,0,4,32,0,0,194349207965,194349886930,678965,4768,8388608
Uring,throughput,0,4,32,0,0,194349208077,194349926802,718724,5876,8388608
Uring,throughput,0,4,32,0,0,194349208144,194350060814,852669,5320,8388608
Uring,throughput,0,4,32,0,0,194349208173,194349693647,485474,4616,8388608
Uring,throughput,0,4,32,0,0,194349208275,194350109171,900895,5803,8388608
Uring,throughput,0,4,32,0,0,194349208292,194349929094,720802,5753,8388608
Uring,throughput,0,4,32,0,0,194349208304,194349953349,745045,5211,8388608
Uring,throughput,0,4,32,0,0,194349208369,194349758813,550443,4458,8388608
Uring,throughput,0,4,32,0,0,194349208472,194350047602,839129,5649,8388608
Uring,throughput,0,4,32,0,0,194349208517,194349904657,696139,5045,8388608
Uring,throughput,0,4,32,0,0,194349208557,194349841700,633143,5552,8388608
Uring,throughput,0,4,32,0,0,194349208562,194349882246,673683,4329,8388608
Uring,throughput,0,4,32,0,0,194349208689,194349845302,636613,5480,8388608
Uring,throughput,0,4,32,0,0,194349208751,194349907595,698844,4190,8388608
Uring,throughput,0,4,32,0,0,194349208772,194349847061,638288,5389,8388608
Uring,throughput,0,4,32,0,0,194349208840,194350014860,806019,4782,8388608
Uring,throughput,0,4,32,0,0,194349208979,194349866550,657571,4059,8388608
Uring,throughput,0,4,32,0,0,194349208988,194350017637,808649,5224,8388608
Uring,throughput,0,4,32,0,0,194349209020,194350332753,1123732,5198,8388608
Uring,throughput,0,4,32,0,0,194349209057,194349905179,696121,4611,8388608
Uring,throughput,0,4,32,0,0,194349209165,194350042047,832881,3926,8388608
Uring,throughput,0,4,32,0,0,194349209265,194350339947,1130682,5012,8388608
Uring,throughput,0,4,32,0,0,194349209283,194349928885,719602,4979,8388608
Uring,throughput,0,4,32,0,0,194349209285,194349910066,700780,4448,8388608
Uring,throughput,0,4,32,0,0,194349209372,194350088301,878928,3766,8388608
Uring,throughput,0,4,32,0,0,194349209466,194349938102,728635,4871,8388608
Uring,throughput,0,4,32,0,0,194349209481,194350332792,1123311,4897,8388608
Uring,throughput,0,4,32,0,0,194349209609,194349890938,681328,4263,8388608
Uring,throughput,0,4,32,0,0,194349209659,194349932079,722419,3528,8388608
Uring,throughput,0,4,32,0,0,194349209706,194350015326,805620,4723,8388608
Uring,throughput,0,4,32,0,0,194349209707,194350009210,799502,4725,8388608
Uring,throughput,0,4,32,0,0,194349209812,194349987473,777660,4115,8388608
Uring,throughput,0,4,32,0,0,194349209889,194349761941,552052,3345,8388608
Uring,throughput,0,4,32,0,0,194349209946,194350063223,853277,4553,8388608
Uring,throughput,0,4,32,0,0,194349210019,194350012879,802860,4473,8388608
Uring,throughput,0,4,32,0,0,194349210038,194350252871,1042832,3944,8388608
Uring,throughput,0,4,32,0,0,194349210064,194349902062,691998,3229,8388608
Uring,throughput,0,4,32,0,0,194349210208,194349730464,520256,4347,8388608
Uring,throughput,0,4,32,0,0,194349210256,194350226134,1015877,3820,8388608
Uring,throughput,0,4,32,0,0,194349210268,194350085115,874846,3073,8388608
Uring,throughput,0,4,32,0,0,194349210278,194350031410,821131,4260,8388608
Uring,throughput,0,4,32,0,0,194349210406,194349931492,721085,4210,8388608
Uring,throughput,0,4,32,0,0,194349210446,194349975814,765367,3685,8388608
Uring,throughput,0,4,32,0,0,194349210456,194349944193,733737,2941,8388608
Uring,throughput,0,4,32,0,0,194349210494,194350013163,802668,4102,8388608
Uring,throughput,0,4,32,0,0,194349210628,194350015796,805168,3550,8388608
Uring,throughput,0,4,32,0,0,194349210651,194350015929,805278,4017,8388608
Uring,throughput,0,4,32,0,0,194349210651,194349756918,546266,2796,8388608
Uring,throughput,0,4,32,0,0,194349210796,194349822339,611542,3853,8388608
Uring,throughput,0,4,32,0,0,194349210810,194350158108,947298,3910,8388608
Uring,throughput,0,4,32,0,0,194349210811,194349890915,680104,2683,8388608
Uring,throughput,0,4,32,0,0,194349210820,194350048778,837958,3431,8388608
Uring,throughput,0,4,32,0,0,194349211015,194350015572,804557,3755,8388608
Uring,throughput,0,4,32,0,0,194349211020,194349750583,539562,2523,8388608
Uring,throughput,0,4,32,0,0,194349211077,194349836198,625121,3626,8388608
Uring,throughput,0,4,32,0,0,194349211081,194349906116,695034,3219,8388608
Uring,throughput,0,4,32,0,0,194349211191,194349915832,704640,2398,8388608
Uring,throughput,0,4,32,0,0,194349211272,194350334290,1123017,3573,8388608
Uring,throughput,0,4,32,0,0,194349211282,194350018444,807161,3069,8388608
Uring,throughput,0,4,32,0,0,194349211362,194349732190,520827,3390,8388608
Uring,throughput,0,4,32,0,0,194349211439,194350039780,828341,3462,8388608
Uring,throughput,0,4,32,0,0,194349211507,194350019962,808455,2890,8388608
Uring,throughput,0,4,32,0,0,194349211676,194350048046,836370,3280,8388608
Uring,throughput,0,4,32,0,0,194349211701,194350071820,860119,3108,8388608
Uring,throughput,0,4,32,0,0,194349211807,194349967415,755607,2644,8388608
Uring,throughput,0,4,32,0,0,194349211874,194349928099,716224,2982,8388608
Uring,throughput,0,4,32,0,0,194349211963,194349984048,772085,2539,8388608
Uring,throughput,0,4,32,0,0,194349212000,194350044429,832429,3033,8388608
Uring,throughput,0,4,32,0,0,194349212108,194349733607,521499,2804,8388608
Uring,throughput,0,4,32,0,0,194349212240,194350040477,828237,2841,8388608
Uring,throughput,0,4,32,0,0,194349212337,194349843672,631334,2622,8388608
Uring,throughput,0,4,32,0,0,194349662626,194350150282,487655,20,8388608
Uring,throughput,0,4,32,0,0,194349681930,194350288142,606212,25,8388608
Uring,throughput,0,4,32,0,0,194349693654,194350220824,527169,15,8388608
Uring,throughput,0,4,32,0,0,194349724097,194350063741,339643,49,8388608
Uring,throughput,0,4,32,0,0,194349730469,194350215161,484691,21,8388608
Uring,throughput,0,4,32,0,0,194349732193,194350071957,339763,24,8388608
Uring,throughput,0,4,32,0,0,194349733453,194349782194,48741,19,8388608
Uring,throughput,0,4,32,0,0,194349733609,194350349197,615587,17,8388608
Uring,throughput,0,4,32,0,0,194349733877,194350427028,693151,262,8388608
Uring,throughput,0,4,32,0,0,194349750590,194349804686,54096,32,8388608
Uring,throughput,0,4,32,0,0,194349756924,194350033106,276182,31,8388608
Uring,throughput,0,4,32,0,0,194349758821,194350728352,969531,30,8388608
Uring,throughput,0,4,32,0,0,194349761949,194350357418,595469,25,8388608
Uring,throughput,0,4,32,0,0,194349782198,194350374182,591983,32,8388608
Uring,throughput,0,4,32,0,0,194349804693,194350117699,313006,34,8388608
Uring,throughput,0,4,32,0,0,194349807699,194350413039,605339,32,8388608
Uring,throughput,0,4,32,0,0,194349822350,194350521821,699470,100,8388608
Uring,throughput,0,4,32,0,0,194349830915,194350534672,703756,29,8388608
Uring,throughput,0,4,32,0,0,194349836204,194350327990,491786,21,8388608
Uring,throughput,0,4,32,0,0,194349838644,194350226584,387939,32,8388608
Uring,throughput,0,4,32,0,0,194349840193,194350420282,580088,21,8388608
Uring,throughput,0,4,32,0,0,194349841706,194350459799,618092,30,8388608
Uring,throughput,0,4,32,0,0,194349843686,194350336975,493289,182,8388608
Uring,throughput,0,4,32,0,0,194349845310,194350223885,378575,16,8388608
Uring,throughput,0,4,32,0,0,194349846263,194350190195,343932,19,8388608
Uring,throughput,0,4,32,0,0,194349846999,194350339369,492370,30,8388608
Uring,throughput,0,4,32,0,0,194349847065,194350553248,706183,111,8388608
Uring,throughput,0,4,32,0,0,194349866322,194350449092,582770,73,8388608
Uring,throughput,0,4,32,0,0,194349866553,194350057341,190787,16,8388608
Uring,throughput,0,4,32,0,0,194349872582,194350576744,704162,26,8388608
Uring,throughput,0,4,32,0,0,194349877168,194350363989,486821,155,8388608
Uring,throughput,0,4,32,0,0,194349882252,194350363014,480761,18,8388608
Uring,throughput,0,4,32,0,0,194349886938,194350410313,523375,27,8388608
Uring,throughput,0,4,32,0,0,194349888299,194350596504,708205,49,8388608
Uring,throughput,0,4,32,0,0,194349890922,194350657778,766855,22,8388608
Uring,throughput,0,4,32,0,0,194349890944,194350371428,480483,36,8388608
Uring,throughput,0,4,32,0,0,194349891323,194350346946,455623,24,8388608
Uring,throughput,0,4,32,0,0,194349891610,194350471877,580267,23,8388608
Uring,throughput,0,4,32,0,0,194349897768,194350606825,709056,19,8388608
Uring,throughput,0,4,32,0,0,194349900134,194350363798,463663,180,8388608
Uring,throughput,0,4,32,0,0,194349901993,194350388417,486424,44,8388608
Uring,throughput,0,4,32,0,0,194349902067,194350534924,632856,11,8388608
Uring,throughput,0,4,32,0,0,194349904234,194350370766,466531,30,8388608
Uring,throughput,0,4,32,0,0,194349904480,194350482407,577927,16,8388608
Uring,throughput,0,4,32,0,0,194349904661,194350618944,714282,20,8388608
Uring,throughput,0,4,32,0,0,194349905181,194350618992,713811,15,8388608
Uring,throughput,0,4,32,0,0,194349906118,194350382512,476393,23,8388608
Uring,throughput,0,4,32,0,0,194349907603,194350474937,567333,27,8388608
Uring,throughput,0,4,32,0,0,194349910069,194350388541,478471,107,8388608
Uring,throughput,0,4,32,0,0,194349914654,194350488671,574016,31,8388608
Uring,throughput,0,4,32,0,0,194349915845,194350497756,581910,23,8388608
Uring,throughput,0,4,32,0,0,194349917111,194350404366,487255,37,8388608
Uring,throughput,0,4,32,0,0,194349924708,194350392876,468168,23,8388608
Uring,throughput,0,4,32,0,0,194349926814,194350313315,386500,45,8388608
Uring,throughput,0,4,32,0,0,194349927680,194350406323,478642,146,8388608
Uring,throughput,0,4,32,0,0,194349928109,194350437314,509204,40,8388608
Uring,throughput,0,4,32,0,0,194349928179,194350093472,165292,88,8388608
Uring,throughput,0,4,32,0,0,194349928893,194350872871,943978,33,8388608
Uring,throughput,0,4,32,0,0,194349929054,194350401114,472060,224,8388608
Uring,throughput,0,4,32,0,0,194349929250,194350410100,480850,49,8388608
Uring,throughput,0,4,32,0,0,194349929291,194350243813,314522,13,8388608
Uring,throughput,0,4,32,0,0,194349929561,194350674290,744729,61,8388608
Uring,throughput,0,4,32,0,0,194349931500,194350554179,622678,27,8388608
Uring,throughput,0,4,32,0,0,194349932085,194350434736,502650,20,8388608
Uring,throughput,0,4,32,0,0,194349934984,194350448248,513264,33,8388608
Uring,throughput,0,4,32,0,0,194349936387,194350497455,561068,28,8388608
Uring,throughput,0,4,32,0,0,194349938111,194350435989,497878,15,8388608
Uring,throughput,0,4,32,0,0,194349939942,194350663703,723760,13,8388608
Uring,throughput,0,4,32,0,0,194349944200,194350442898,498698,32,8388608
Uring,throughput,0,4,32,0,0,194349953355,194350448229,494873,24,8388608
Uring,throughput,0,4,32,0,0,194349965242,194350686272,721030,18,8388608
Uring,throughput,0,4,32,0,0,194349965843,194350544077,578234,36,8388608
Uring,throughput,0,4,32,0,0,194349967421,194350206755,239334,29,8388608
Uring,throughput,0,4,32,0,0,194349972479,194350692047,719568,23,8388608
Uring,throughput,0,4,32,0,0,194349975820,194350894068,918247,20,8388608
Uring,throughput,0,4,32,0,0,194349981603,194350799265,817661,97,8388608
Uring,throughput,0,4,32,0,0,194349984053,194350571053,586999,57,8388608
Uring,throughput,0,4,32,0,0,194349984378,194350542388,558009,60,8388608
Uring,throughput,0,4,32,0,0,194349987477,194350315278,327801,31,8388608
Uring,throughput,0,4,32,0,0,194349993128,194350901760,908632,18,8388608
Uring,throughput,0,4,32,0,0,194349996274,194350130478,134204,14,8388608
Uring,throughput,0,4,32,0,0,194349999899,194350260408,260508,25,8388608
Uring,throughput,0,4,32,0,0,194350009219,194350290261,281042,160,8388608
Uring,throughput,0,4,32,0,0,194350011027,194350872957,861929,65,8388608
Uring,throughput,0,4,32,0,0,194350011069,194350492963,481894,25,8388608
Uring,throughput,0,4,32,0,0,194350012887,194350495387,482500,230,8388608
Uring,throughput,0,4,32,0,0,194350013204,194350564329,551125,29,8388608
Uring,throughput,0,4,32,0,0,194350014895,194350494592,479697,21,8388608
Uring,throughput,0,4,32,0,0,194350015329,194350572531,557201,11,8388608
Uring,throughput,0,4,32,0,0,194350015576,194350797151,781575,14,8388608
Uring,throughput,0,4,32,0,0,194350015798,194350910654,894855,11,8388608
Uring,throughput,0,4,32,0,0,194350015944,194350517303,501359,105,8388608
Uring,throughput,0,4,32,0,0,194350017642,194350454584,436941,66,8388608
Uring,throughput,0,4,32,0,0,194350018446,194350324360,305914,27,8388608
Uring,throughput,0,4,32,0,0,194350019965,194350299101,279136,18,8388608
Uring,throughput,0,4,32,0,0,194350031425,194350537565,506140,84,8388608
Uring,throughput,0,4,32,0,0,194350033341,194350305752,272410,32,8388608
Uring,throughput,0,4,32,0,0,194350036733,194350986093,949359,19,8388608
Uring,throughput,0,4,32,0,0,194350039790,194350304540,264749,28,8388608
Uring,throughput,0,4,32,0,0,194350040507,194350653132,612624,21,8388608
Uring,throughput,0,4,32,0,0,194350042060,194350931513,889453,97,8388608
Uring,throughput,0,4,32,0,0,194350044442,194350310626,266184,135,8388608
Uring,throughput,0,4,32,0,0,194350044990,194350389594,344604,122,8388608
Uring,throughput,0,4,32,0,0,194350047610,194350930595,882985,76,8388608
Uring,throughput,0,4,32,0,0,194350048061,194350312053,263992,24,8388608
Uring,throughput,0,4,32,0,0,194350048792,194350517336,468543,27,8388608
Uring,throughput,0,4,32,0,0,194350049786,194350997441,947655,25,8388608
Uring,throughput,0,4,32,0,0,194350049916,194350551134,501218,16,8388608
Uring,throughput,0,4,32,0,0,194350051190,194350312943,261753,21,8388608
Uring,throughput,0,4,32,0,0,194350057355,194350558265,500910,175,8388608
Uring,throughput,0,4,32,0,0,194350060827,194350911238,850411,28,8388608
Uring,throughput,0,4,32,0,0,194350063238,194350529418,466179,54,8388608
Uring,throughput,0,4,32,0,0,194350063749,194350693083,629334,185,8388608
Uring,throughput,0,4,32,0,0,194350071829,194350351418,279588,119,8388608
Uring,throughput,0,4,32,0,0,194350071960,194350569429,497469,32,8388608
Uring,throughput,0,4,32,0,0,194350085126,194350810142,725016,21,8388608
Uring,throughput,0,4,32,0,0,194350088310,194351268579,1180269,26,8388608
Uring,throughput,0,4,32,0,0,194350093480,194350752164,658683,41,8388608
Uring,throughput,0,4,32,0,0,194350109181,194350591328,482147,27,8388608
Uring,throughput,0,4,32,0,0,194350110197,194350745389,635191,27,8388608
Uring,throughput,0,4,32,0,0,194350110369,194350912327,801958,12,8388608
Uring,throughput,0,4,32,0,0,194350117770,194350605060,487290,5024,8388608
Uring,throughput,0,4,32,0,0,194350130490,194350635779,505288,77,8388608
Uring,throughput,0,4,32,0,0,194350150291,194350613150,462859,38,8388608
Uring,throughput,0,4,32,0,0,194350158120,194350890642,732522,58,8388608
Uring,throughput,0,4,32,0,0,194350190204,194351064154,873950,27,8388608
Uring,throughput,0,4,32,0,0,194350206763,194350240823,34059,32,8388608
Uring,throughput,0,4,32,0,0,194350215171,194350848800,633629,31,8388608
Uring,throughput,0,4,32,0,0,194350215997,194350657069,441072,145,8388608
Uring,throughput,0,4,32,0,0,194350220832,194351044290,823458,29,8388608
Uring,throughput,0,4,32,0,0,194350223894,194350749625,525730,25,8388608
Uring,throughput,0,4,32,0,0,194350226142,194350981136,754994,28,8388608
Uring,throughput,0,4,32,0,0,194350226319,194350821172,594853,19,8388608
Uring,throughput,0,4,32,0,0,194350226592,194350663257,436665,24,8388608
Uring,throughput,0,4,32,0,0,194350237263,194350862036,624773,199,8388608
Uring,throughput,0,4,32,0,0,194350240829,194350667455,426626,579,8388608
Uring,throughput,0,4,32,0,0,194350243820,194350597415,353594,34,8388608
Uring,throughput,0,4,32,0,0,194350252878,194350846861,593982,61,8388608
Uring,throughput,0,4,32,0,0,194350260414,194350796028,535613,30,8388608
Uring,throughput,0,4,32,0,0,194350288155,194350486720,198564,39,8388608
Uring,throughput,0,4,32,0,0,194350290268,194351076356,786088,62,8388608
Uring,throughput,0,4,32,0,0,194350299112,194351244096,944983,31,8388608
Uring,throughput,0,4,32,0,0,194350304547,194351105581,801033,24,8388608
Uring,throughput,0,4,32,0,0,194350305760,194350722037,416276,8195,8388608
Uring,throughput,0,4,32,0,0,194350310634,194350913912,603278,21,8388608
Uring,throughput,0,4,32,0,0,194350312064,194351318598,1006533,46,8388608
Uring,throughput,0,4,32,0,0,194350313065,194350670823,357758,43,8388608
Uring,throughput,0,4,32,0,0,194350313323,194350858559,545235,37,8388608
Uring,throughput,0,4,32,0,0,194350315289,194350698834,383545,24,8388608
Uring,throughput,0,4,32,0,0,194350324367,194351135071,810703,25,8388608
Uring,throughput,0,4,32,0,0,194350328000,194351254604,926604,67,8388608
Uring,throughput,0,4,32,0,0,194350331309,194351044816,713506,28,8388608
Uring,throughput,0,4,32,0,0,194350332760,194351050139,717378,41,8388608
Uring,throughput,0,4,32,0,0,194350332793,194350970459,637666,11,8388608
Uring,throughput,0,4,32,0,0,194350334296,194351002812,668515,27,8388608
Uring,throughput,0,4,32,0,0,194350334443,194350887134,552691,31,8388608
Uring,throughput,0,4,32,0,0,194350336982,194350667073,330091,70,8388608
Uring,throughput,0,4,32,0,0,194350337507,194351047424,709916,18,8388608
Uring,throughput,0,4,32,0,0,194350339410,194350985903,646493,27,8388608
Uring,throughput,0,4,32,0,0,194350339951,194350926059,586107,34,8388608
Uring,throughput,0,4,32,0,0,194350346953,194350733984,387031,34,8388608
Uring,throughput,0,4,32,0,0,194350349202,194350380472,31270,13,8388608
Uring,throughput,0,4,32,0,0,194350351429,194351274169,922740,60,8388608
Uring,throughput,0,4,32,0,0,194350357428,194351078385,720957,113,8388608
Uring,throughput,0,4,32,0,0,194350363025,194351234822,871796,23,8388608
Uring,throughput,0,4,32,0,0,194350363803,194350756610,392807,13,8388608
Uring,throughput,0,4,32,0,0,194350363992,194351289131,925139,72,8388608
Uring,throughput,0,4,32,0,0,194350370775,194351148571,777796,20,8388608
Uring,throughput,0,4,32,0,0,194350371438,194350928967,557529,123,8388608
Uring,throughput,0,4,32,0,0,194350374190,194350956257,582067,730,8388608
Uring,throughput,0,4,32,0,0,194350380476,194350968698,588222,4490,8388608
Uring,throughput,0,4,32,0,0,194350382517,194350683273,300756,80,8388608
Uring,throughput,0,4,32,0,0,194350388430,194350779478,391047,151,8388608
Uring,throughput,0,4,32,0,0,194350388543,194350948137,559593,54,8388608
Uring,throughput,0,4,32,0,0,194350389602,194351210271,820669,26,8388608
Uring,throughput,0,4,32,0,0,194350392883,194351336402,943519,16,8388608
Uring,throughput,0,4,32,0,0,194350401120,194350790284,389163,26,8388608
Uring,throughput,0,4,32,0,0,194350404374,194351090928,686554,48,8388608
Uring,throughput,0,4,32,0,0,194350406330,194350972203,565873,82,8388608
Uring,throughput,0,4,32,0,0,194350410106,194350952062,541955,26,8388608
Uring,throughput,0,4,32,0,0,194350410322,194351320669,910347,47,8388608
Uring,throughput,0,4,32,0,0,194350413047,194351266747,853699,82,8388608
Uring,throughput,0,4,32,0,0,194350420289,194351269243,848954,27,8388608
Uring,throughput,0,4,32,0,0,194350427042,194350567330,140287,143,8388608
Uring,throughput,0,4,32,0,0,194350434742,194350826461,391718,20,8388608
Uring,throughput,0,4,32,0,0,194350435997,194350982080,546082,91,8388608
Uring,throughput,0,4,32,0,0,194350437321,194350531917,94595,29,8388608
Uring,throughput,0,4,32,0,0,194350442910,194351287302,844392,43,8388608
Uring,throughput,0,4,32,0,0,194350448236,194350965362,517125,29,8388608
Uring,throughput,0,4,32,0,0,194350448250,194350719162,270911,96,8388608
Uring,throughput,0,4,32,0,0,194350449108,194350840486,391377,30,8388608
Uring,throughput,0,4,32,0,0,194350454591,194351102034,647443,106,8388608
Uring,throughput,0,4,32,0,0,194350459806,194350691435,231629,28,8388608
Uring,throughput,0,4,32,0,0,194350471892,194351195595,723702,66,8388608
Uring,throughput,0,4,32,0,0,194350474948,194350872367,397419,31,8388608
Uring,throughput,0,4,32,0,0,194350482416,194350985330,502913,33,8388608
Uring,throughput,0,4,32,0,0,194350486727,194351397374,910646,5781,8388608
Uring,throughput,0,4,32,0,0,194350488681,194351075635,586954,27,8388608
Uring,throughput,0,4,32,0,0,194350492972,194351079135,586163,15,8388608
Uring,throughput,0,4,32,0,0,194350494603,194351398875,904272,44,8388608
Uring,throughput,0,4,32,0,0,194350495441,194350882799,387357,86,8388608
Uring,throughput,0,4,32,0,0,194350497462,194350856158,358695,31,8388608
Uring,throughput,0,4,32,0,0,194350497763,194350892506,394743,152,8388608
Uring,throughput,0,4,32,0,0,194350517314,194350650132,132818,28,8388608
Uring,throughput,0,4,32,0,0,194350517346,194350907848,390502,33,8388608
Uring,throughput,0,4,32,0,0,194350521830,194351401689,879859,26,8388608
Uring,throughput,0,4,32,0,0,194350529425,194351142416,612990,18,8388608
Uring,throughput,0,4,32,0,0,194350531928,194351431342,899414,5696,8388608
Uring,throughput,0,4,32,0,0,194350534879,194350924688,389809,63,8388608
Uring,throughput,0,4,32,0,0,194350534925,194351264649,729724,20,8388608
Uring,throughput,0,4,32,0,0,194350537576,194351130150,592574,171,8388608
Uring,throughput,0,4,32,0,0,194350542393,194351570780,1028386,52,8388608
Uring,throughput,0,4,32,0,0,194350544104,194350933618,389513,27,8388608
Uring,throughput,0,4,32,0,0,194350551141,194351151329,600188,25,8388608
Uring,throughput,0,4,32,0,0,194350553256,194351067576,514320,40,8388608
Uring,throughput,0,4,32,0,0,194350554182,194350664877,110694,10,8388608
Uring,throughput,0,4,32,0,0,194350554906,194351468234,913328,135,8388608
Uring,throughput,0,4,32,0,0,194350558275,194351450969,892694,5637,8388608
Uring,throughput,0,4,32,0,0,194350564338,194351162194,597856,52,8388608
Uring,throughput,0,4,32,0,0,194350567362,194351477351,909988,2051,8388608
Uring,throughput,0,4,32,0,0,194350569442,194351161059,591616,5233,8388608
Uring,throughput,0,4,32,0,0,194350571061,194350945603,374541,36,8388608
Uring,throughput,0,4,32,0,0,194350572642,194351429313,856671,118,8388608
Uring,throughput,0,4,32,0,0,194350576753,194351187405,610651,69,8388608
Uring,throughput,0,4,32,0,0,194350591339,194351013066,421727,53,8388608
Uring,throughput,0,4,32,0,0,194350596514,194351490907,894393,51,8388608
Uring,throughput,0,4,32,0,0,194350597423,194351561791,964367,9504,8388608
Uring,throughput,0,4,32,0,0,194350605070,194351497182,892112,203,8388608
Uring,throughput,0,4,32,0,0,194350606834,194351510252,903418,32,8388608
Uring,throughput,0,4,32,0,0,194350613162,194350853271,240108,977,8388608
Uring,throughput,0,4,32,0,0,194350618954,194351233198,614244,72,8388608
Uring,throughput,0,4,32,0,0,194350618993,194351237700,618706,38,8388608
Uring,throughput,0,4,32,0,0,194350635788,194350975181,339393,4338,8388608
Uring,throughput,0,4,32,0,0,194350650139,194351085963,435823,3181,8388608
Uring,throughput,0,4,32,0,0,194350653141,194351594398,941256,186,8388608
Uring,throughput,0,4,32,0,0,194350657076,194351555939,898862,196,8388608
Uring,throughput,0,4,32,0,0,194350657975,194351283413,625438,123,8388608
Uring,throughput,0,4,32,0,0,194350663263,194351402115,738851,408,8388608
Uring,throughput,0,4,32,0,0,194350663710,194351582666,918956,185,8388608
Uring,throughput,0,4,32,0,0,194350664883,194351338076,673193,3285,8388608
Uring,throughput,0,4,32,0,0,194350667079,194350802945,135865,4498,8388608
Uring,throughput,0,4,32,0,0,194350667461,194350918321,250859,24,8388608
Uring,throughput,0,4,32,0,0,194350670829,194351410144,739315,795,8388608
Uring,throughput,0,4,32,0,0,194350674303,194350877363,203060,227,8388608
Uring,throughput,0,4,32,0,0,194350683280,194350914369,231089,1786,8388608
Uring,throughput,0,4,32,0,0,194350686332,194352285111,1598778,51,8388608
Uring,throughput,0,4,32,0,0,194350691470,194351375802,684332,13846,8388608
Uring,throughput,0,4,32,0,0,194350692325,194351262954,570629,50,8388608
Uring,throughput,0,4,32,0,0,194350693095,194351315920,622824,3728,8388608
Uring,throughput,0,4,32,0,0,194350698841,194350938794,239952,4814,8388608
Uring,throughput,0,4,32,0,0,194350719172,194351008558,289385,4008,8388608
Uring,throughput,0,4,32,0,0,194350722044,194351568954,846910,27,8388608
Uring,throughput,0,4,32,0,0,194350728365,194350787397,59031,46,8388608
Uring,throughput,0,4,32,0,0,194350733991,194350877390,143398,3784,8388608
Uring,throughput,0,4,32,0,0,194350745395,194351271213,525817,52,8388608
Uring,throughput,0,4,32,0,0,194350749631,194350812143,62512,945,8388608
Uring,throughput,0,4,32,0,0,194350752169,194351285908,533739,874,8388608
Uring,throughput,0,4,32,0,0,194350756654,194351443379,686724,4576,8388608
Uring,throughput,0,4,32,0,0,194350779491,194350843929,64437,1487,8388608
Uring,throughput,0,4,32,0,0,194350787403,194351361180,573776,1352,8388608
Uring,throughput,0,4,32,0,0,194350790372,194351331668,541296,2822,8388608
Uring,throughput,0,4,32,0,0,194350796036,194351336399,540363,1680,8388608
Uring,throughput,0,4,32,0,0,194350797158,194351675588,878430,20,8388608
Uring,throughput,0,4,32,0,0,194350799300,194351312508,513207,53,8388608
Uring,throughput,0,4,32,0,0,194350802951,194350836198,33246,17,8388608
Uring,throughput,0,4,32,0,0,194350810153,194351302429,492275,54,8388608
Uring,throughput,0,4,32,0,0,194350812155,194351347482,535326,84,8388608
Uring,throughput,0,4,32,0,0,194350821180,194351323571,502391,96,8388608
Uring,throughput,0,4,32,0,0,194350826468,194351818616,992147,2633,8388608
Uring,throughput,0,4,32,0,0,194350836206,194350881127,44920,44,8388608
Uring,throughput,0,4,32,0,0,194350840496,194351050627,210131,4577,8388608
Uring,throughput,0,4,32,0,0,194350843934,194351831463,987528,29,8388608
Uring,throughput,0,4,32,0,0,194350846871,194351480861,633990,40,8388608
Uring,throughput,0,4,32,0,0,194350848814,194350920723,71908,373,8388608
Uring,throughput,0,4,32,0,0,194350853280,194351599654,746374,84,8388608
Uring,throughput,0,4,32,0,0,194350856169,194351855180,999010,1308,8388608
Uring,throughput,0,4,32,0,0,194350858566,194351660458,801892,5530,8388608
Uring,throughput,0,4,32,0,0,194350862046,194351376521,514474,21,8388608
Uring,throughput,0,4,32,0,0,194350872376,194351671267,798890,4246,8388608
Uring,throughput,0,4,32,0,0,194350872879,194351322832,449952,57,8388608
Uring,throughput,0,4,32,0,0,194350872959,194351637204,764244,96,8388608
Uring,throughput,0,4,32,0,0,194350877372,194352026434,1149061,14273,8388608
Uring,throughput,0,4,32,0,0,194350877396,194351465957,588560,140,8388608
Uring,throughput,0,4,32,0,0,194350881133,194351029226,148093,698,8388608
Uring,throughput,0,4,32,0,0,194350882804,194351683877,801073,4732,8388608
Uring,throughput,0,4,32,0,0,194350887139,194351422394,535255,419,8388608
Uring,throughput,0,4,32,0,0,194350890651,194351809091,918439,58,8388608
Uring,throughput,0,4,32,0,0,194350892512,194351908536,1016023,4595,8388608
Uring,throughput,0,4,32,0,0,194350894079,194351949284,1055204,25,8388608
Uring,throughput,0,4,32,0,0,194350901772,194351626497,724725,173,8388608
Uring,throughput,0,4,32,0,0,194350907906,194351601823,693916,2998,8388608
Uring,throughput,0,4,32,0,0,194350910694,194351800193,889498,301,8388608
Uring,throughput,0,4,32,0,0,194350911246,194351454405,543159,109,8388608
Uring,throughput,0,4,32,0,0,194350912334,194351699746,787411,25,8388608
Uring,throughput,0,4,32,0,0,194350913925,194351473202,559277,772,8388608
Uring,throughput,0,4,32,0,0,194350914397,194350961898,47501,48,8388608
Uring,throughput,0,4,32,0,0,194350918324,194352010778,1092454,12,8388608
Uring,throughput,0,4,32,0,0,194350920730,194351467852,547122,33,8388608
Uring,throughput,0,4,32,0,0,194350924698,194351487919,563220,465,8388608
Uring,throughput,0,4,32,0,0,194350926068,194351700604,774536,29,8388608
Uring,throughput,0,4,32,0,0,194350928992,194351678595,749602,4354,8388608
Uring,throughput,0,4,32,0,0,194350930602,194351682793,752190,92,8388608
Uring,throughput,0,4,32,0,0,194350931521,194351478418,546897,43,8388608
Uring,throughput,0,4,32,0,0,194350933628,194352151078,1217449,3754,8388608
Uring,throughput,0,4,32,0,0,194350938802,194351431987,493185,101,8388608
Uring,throughput,0,4,32,0,0,194350945646,194351970108,1024461,6328,8388608
Uring,throughput,0,4,32,0,0,194350948146,194351965690,1017543,4279,8388608
Uring,throughput,0,4,32,0,0,194350952071,194351028370,76299,460,8388608
Uring,throughput,0,4,32,0,0,194350956268,194351101762,145494,25,8388608
Uring,throughput,0,4,32,0,0,194350961904,194351468315,506410,21,8388608
Uring,throughput,0,4,32,0,0,194350965370,194351786599,821228,3193,8388608
Uring,throughput,0,4,32,0,0,194350968708,194351103339,134631,30,8388608
Uring,throughput,0,4,32,0,0,194350970471,194351470450,499979,19,8388608
Uring,throughput,0,4,32,0,0,194350972212,194351795888,823675,4222,8388608
Uring,throughput,0,4,32,0,0,194350975195,194351769653,794458,86,8388608
Uring,throughput,0,4,32,0,0,194350981150,194351733795,752644,113,8388608
Uring,throughput,0,4,32,0,0,194350982086,194351022908,40822,1187,8388608
Uring,throughput,0,4,32,0,0,194350985338,194351115396,130057,4557,8388608
Uring,throughput,0,4,32,0,0,194350985912,194351728172,742260,4237,8388608
Uring,throughput,0,4,32,0,0,194350986102,194351981423,995321,90,8388608
Uring,throughput,0,4,32,0,0,194350997482,194351702528,705046,29,8388608
Uring,throughput,0,4,32,0,0,194351002823,194351844334,841511,124,8388608
Uring,throughput,0,4,32,0,0,194351008564,194351607535,598971,24,8388608
Uring,throughput,0,4,32,0,0,194351013074,194351607470,594395,4373,8388608
Uring,throughput,0,4,32,0,0,194351022915,194351139792,116877,37,8388608
Uring,throughput,0,4,32,0,0,194351028385,194351547722,519337,34,8388608
Uring,throughput,0,4,32,0,0,194351029234,194351139526,110291,34,8388608
Uring,throughput,0,4,32,0,0,194351044298,194351117859,73560,450,8388608
Uring,throughput,0,4,32,0,0,194351044824,194351934455,889630,51,8388608
Uring,throughput,0,4,32,0,0,194351047436,194351677484,630048,23,8388608
Uring,throughput,0,4,32,0,0,194351050150,194351512918,462768,86,8388608
Uring,throughput,0,4,32,0,0,194351050638,194351690053,639415,17,8388608
Uring,throughput,0,4,32,0,0,194351064162,194351259075,194913,3114,8388608
Uring,throughput,0,4,32,0,0,194351067590,194351492453,424863,806,8388608
Uring,throughput,0,4,32,0,0,194351075641,194351266400,190759,2989,8388608
Uring,throughput,0,4,32,0,0,194351076363,194351195641,119278,3200,8388608
Uring,throughput,0,4,32,0,0,194351078393,194352131897,1053503,4571,8388608
Uring,throughput,0,4,32,0,0,194351079139,194351773027,693888,1252,8388608
Uring,throughput,0,4,32,0,0,194351085968,194351273894,187926,18,8388608
Uring,throughput,0,4,32,0,0,194351090933,194351781216,690283,4903,8388608
Uring,throughput,0,4,32,0,0,194351101769,194351657039,555270,21,8388608
Uring,throughput,0,4,32,0,0,194351102108,194351583399,481291,1025,8388608
Uring,throughput,0,4,32,0,0,194351103346,194351994399,891052,18,8388608
Uring,throughput,0,4,32,0,0,194351105584,194351222472,116887,3588,8388608
Uring,throughput,0,4,32,0,0,194351115407,194351349550,234143,33,8388608
Uring,throughput,0,4,32,0,0,194351117865,194351192904,75039,17,8388608
Uring,throughput,0,4,32,0,0,194351130157,194352055880,925723,4141,8388608
Uring,throughput,0,4,32,0,0,194351135079,194351433587,298507,4435,8388608
Uring,throughput,0,4,32,0,0,194351139532,194351212625,73092,47,8388608
Uring,throughput,0,4,32,0,0,194351139826,194351797179,657353,24,8388608
Uring,throughput,0,4,32,0,0,194351142421,194351508563,366142,559,8388608
Uring,throughput,0,4,32,0,0,194351148618,194352046475,897857,4589,8388608
Uring,throughput,0,4,32,0,0,194351151336,194351802041,650705,6545,8388608
Uring,throughput,0,4,32,0,0,194351161098,194351386337,225238,58,8388608
Uring,throughput,0,4,32,0,0,194351162199,194351802110,639910,2647,8388608
Uring,throughput,0,4,32,0,0,194351187412,194351662783,475370,949,8388608
Uring,throughput,0,4,32,0,0,194351192909,194351506171,313262,27,8388608
Uring,throughput,0,4,32,0,0,194351195605,194352125331,929725,4596,8388608
Uring,throughput,0,4,32,0,0,194351195660,194351232948,37288,55,8388608
Uring,throughput,0,4,32,0,0,194351210280,194352181772,971491,5299,8388608
Uring,throughput,0,4,32,0,0,194351212633,194352184665,972032,5037,8388608
Uring,throughput,0,4,32,0,0,194351222482,194351837618,615135,23,8388608
Uring,throughput,0,4,32,0,0,194351232957,194351463136,230178,105,8388608
Uring,throughput,0,4,32,0,0,194351233203,194351832422,599219,6788,8388608
Uring,throughput,0,4,32,0,0,194351234828,194352296873,1062044,2348,8388608
Uring,throughput,0,4,32,0,0,194351237705,194352207018,969312,2460,8388608
Uring,throughput,0,4,32,0,0,194351244104,194352205648,961544,4022,8388608
Uring,throughput,0,4,32,0,0,194351254611,194351842291,587680,2129,8388608
Uring,throughput,0,4,32,0,0,194351259080,194352219479,960399,31,8388608
Uring,throughput,0,4,32,0,0,194351262965,194351481682,218717,366,8388608
Uring,throughput,0,4,32,0,0,194351264665,194352346320,1081655,933,8388608
Uring,throughput,0,4,32,0,0,194351266405,194351327556,61151,26,8388608
Uring,throughput,0,4,32,0,0,194351266751,194351363484,96733,480,8388608
Uring,throughput,0,4,32,0,0,194351268586,194352193147,924560,40,8388608
Uring,throughput,0,4,32,0,0,194351269253,194352002915,733661,323,8388608
Uring,throughput,0,4,32,0,0,194351271218,194352251754,980535,904,8388608
Uring,throughput,0,4,32,0,0,194351273898,194351514401,240503,31,8388608
Uring,throughput,0,4,32,0,0,194351274178,194352350824,1076645,695,8388608
Uring,throughput,0,4,32,0,0,194351283420,194351363321,79900,3740,8388608
Uring,throughput,0,4,32,0,0,194351285914,194352373050,1087136,37,8388608
Uring,throughput,0,4,32,0,0,194351287307,194352023221,735913,5865,8388608
Uring,throughput,0,4,32,0,0,194351289145,194352371264,1082119,4244,8388608
Uring,throughput,0,4,32,0,0,194351302437,194352393238,1090801,2000,8388608
Uring,throughput,0,4,32,0,0,194351312520,194352057723,745203,2866,8388608
Uring,throughput,0,4,32,0,0,194351315927,194352251780,935852,50,8388608
Uring,throughput,0,4,32,0,0,194351318605,194352340277,1021671,3285,8388608
Uring,throughput,0,4,32,0,0,194351320681,194352062567,741885,608,8388608
Uring,throughput,0,4,32,0,0,194351322841,194351562353,239512,2701,8388608
Uring,throughput,0,4,32,0,0,194351323577,194351373176,49598,1843,8388608
Uring,throughput,0,4,32,0,0,194351327567,194352079380,751812,71,8388608
Uring,throughput,0,4,32,0,0,194351331677,194351367883,36206,65,8388608
Uring,throughput,0,4,32,0,0,194351336427,194351900579,564151,43,8388608
Uring,throughput,0,4,32,0,0,194351336428,194351556091,219662,7651,8388608
Uring,throughput,0,4,32,0,0,194351338087,194351904000,565912,47,8388608
Uring,throughput,0,4,32,0,0,194351347488,194351907206,559717,18,8388608
Uring,throughput,0,4,32,0,0,194351349558,194351981558,631999,54,8388608
Uring,throughput,0,4,32,0,0,194351361220,194351470291,109071,73,8388608
Uring,throughput,0,4,32,0,0,194351363326,194351588480,225154,22,8388608
Uring,throughput,0,4,32,0,0,194351363493,194351682415,318921,72,8388608
Uring,throughput,0,4,32,0,0,194351367892,194351418833,50940,32,8388608
Uring,throughput,0,4,32,0,0,194351373185,194351426551,53365,30,8388608
Uring,throughput,0,4,32,0,0,194351375835,194352552869,1177033,24,8388608
Uring,throughput,0,4,32,0,0,194351376528,194352002622,626093,5059,8388608
Uring,throughput,0,4,32,0,0,194351386345,194351624319,237974,28,8388608
Uring,throughput,0,4,32,0,0,194351397385,194352140928,743543,38,8388608
Uring,throughput,0,4,32,0,0,194351398882,194351719912,321030,1592,8388608
Uring,throughput,0,4,32,0,0,194351401695,194352443984,1042288,1506,8388608
Uring,throughput,0,4,32,0,0,194351402120,194352075971,673850,94,8388608
Uring,throughput,0,4,32,0,0,194351410159,194352478460,1068300,23,8388608
Uring,throughput,0,4,32,0,0,194351418839,194351748923,330083,3421,8388608
Uring,throughput,0,4,32,0,0,194351422405,194352526132,1103726,2746,8388608
Uring,throughput,0,4,32,0,0,194351426563,194351536297,109734,36,8388608
Uring,throughput,0,4,32,0,0,194351429318,194351681701,252382,1038,8388608
Uring,throughput,0,4,32,0,0,194351431350,194351938325,506974,31,8388608
Uring,throughput,0,4,32,0,0,194351431995,194352512303,1080308,162,8388608
Uring,throughput,0,4,32,0,0,194351433595,194352168131,734536,63,8388608
Uring,throughput,0,4,32,0,0,194351443388,194352197951,754562,40,8388608
Uring,throughput,0,4,32,0,0,194351450978,194352547216,1096237,61,8388608
Uring,throughput,0,4,32,0,0,194351454412,194352521078,1066665,12036,8388608
Uring,throughput,0,4,32,0,0,194351463144,194352190913,727769,2876,8388608
Uring,throughput,0,4,32,0,0,194351465965,194352448311,982345,762,8388608
Uring,throughput,0,4,32,0,0,194351467860,194351684966,217105,97,8388608
Uring,throughput,0,4,32,0,0,194351468241,194351949978,481736,195,8388608
Uring,throughput,0,4,32,0,0,194351468322,194352572571,1104248,2999,8388608
Uring,throughput,0,4,32,0,0,194351470302,194352202260,731958,36,8388608
Uring,throughput,0,4,32,0,0,194351470454,194351634805,164351,532,8388608
Uring,throughput,0,4,32,0,0,194351473209,194351543621,70412,36,8388608
Uring,throughput,0,4,32,0,0,194351477361,194351666420,189058,27,8388608
Uring,throughput,0,4,32,0,0,194351478425,194351951477,473051,2284,8388608
Uring,throughput,0,4,32,0,0,194351480874,194352583185,1102311,3089,8388608
Uring,throughput,0,4,32,0,0,194351481687,194351952924,471236,31,8388608
Uring,throughput,0,4,32,0,0,194351487925,194352002221,514295,99,8388608
Uring,throughput,0,4,32,0,0,194351490941,194351925060,434119,3613,8388608
Uring,throughput,0,4,32,0,0,194351492462,194352381590,889128,26,8388608
Uring,throughput,0,4,32,0,0,194351497189,194352213775,716585,25,8388608
Uring,throughput,0,4,32,0,0,194351506178,194352605783,1099604,8985,8388608
Uring,throughput,0,4,32,0,0,194351508570,194351562085,53515,87,8388608
Uring,throughput,0,4,32,0,0,194351510258,194352537963,1027704,5239,8388608
Uring,throughput,0,4,32,0,0,194351512929,194352278832,765903,820,8388608
Uring,throughput,0,4,32,0,0,194351514411,194351563572,49160,1306,8388608
Uring,throughput,0,4,32,0,0,194351536307,194352601804,1065497,1164,8388608
Uring,throughput,0,4,32,0,0,194351543628,194351607974,64345,344,8388608
Uring,throughput,0,4,32,0,0,194351547735,194352236878,689142,21,8388608
Uring,throughput,0,4,32,0,0,194351556059,194352244770,688710,3836,8388608
Uring,throughput,0,4,32,0,0,194351556106,194351728791,172684,34,8388608
Uring,throughput,0,4,32,0,0,194351561800,194352627751,1065950,305,8388608
Uring,throughput,0,4,32,0,0,194351562088,194351630176,68087,178,8388608
Uring,throughput,0,4,32,0,0,194351562360,194351624030,61670,39,8388608
Uring,throughput,0,4,32,0,0,194351563576,194351897264,333688,13,8388608
Uring,throughput,0,4,32,0,0,194351568992,194352634640,1065647,59,8388608
Uring,throughput,0,4,32,0,0,194351570785,194352247640,676854,3471,8388608
Uring,throughput,0,4,32,0,0,194351582676,194351682709,100033,856,8388608
Uring,throughput,0,4,32,0,0,194351583407,194351666863,83455,147,8388608
Uring,throughput,0,4,32,0,0,194351588489,194351623073,34584,20,8388608
Uring,throughput,0,4,32,0,0,194351594411,194352007139,412728,5262,8388608
Uring,throughput,0,4,32,0,0,194351599675,194352010207,410532,34,8388608
Uring,throughput,0,4,32,0,0,194351601839,194352009888,408048,55,8388608
Uring,throughput,0,4,32,0,0,194351607482,194352685760,1078277,92,8388608
Uring,throughput,0,4,32,0,0,194351607537,194352270237,662700,161,8388608
Uring,throughput,0,4,32,0,0,194351607979,194352699851,1091871,4890,8388608
Uring,throughput,0,4,32,0,0,194351623081,194352280710,657629,341,8388608
Uring,throughput,0,4,32,0,0,194351624034,194352196248,572213,27,8388608
Uring,throughput,0,4,32,0,0,194351624322,194351985709,361386,2820,8388608
Uring,throughput,0,4,32,0,0,194351626510,194352271722,645212,910,8388608
Uring,throughput,0,4,32,0,0,194351630183,194352294575,664391,6021,8388608
Uring,throughput,0,4,32,0,0,194351634854,194352064474,429619,126,8388608
Uring,throughput,0,4,32,0,0,194351637211,194352725640,1088429,2468,8388608
Uring,throughput,0,4,32,0,0,194351657047,194352023328,366281,3828,8388608
Uring,throughput,0,4,32,0,0,194351660463,194351994627,334164,20,8388608
Uring,throughput,0,4,32,0,0,194351662792,194351746633,83841,19,8388608
Uring,throughput,0,4,32,0,0,194351666424,194351780218,113793,20,8388608
Uring,throughput,0,4,32,0,0,194351666866,194352439511,772645,78,8388608
Uring,throughput,0,4,32,0,0,194351671271,194352324453,653182,30,8388608
Uring,throughput,0,4,32,0,0,194351675595,194352793925,1118329,5295,8388608
Uring,throughput,0,4,32,0,0,194351677489,194352029777,352287,6693,8388608
Uring,throughput,0,4,32,0,0,194351678606,194352044732,366125,84,8388608
Uring,throughput,0,4,32,0,0,194351681786,194351799470,117683,25,8388608
Uring,throughput,0,4,32,0,0,194351682424,194351726763,44339,22,8388608
Uring,throughput,0,4,32,0,0,194351682714,194351784249,101535,10,8388608
Uring,throughput,0,4,32,0,0,194351682805,194351757320,74514,1535,8388608
Uring,throughput,0,4,32,0,0,194351683887,194352332191,648303,496,8388608
Uring,throughput,0,4,32,0,0,194351684970,194352826797,1141827,15559,8388608
Uring,throughput,0,4,32,0,0,194351690060,194351794333,104273,86,8388608
Uring,throughput,0,4,32,0,0,194351699753,194352337557,637803,3646,8388608
Uring,throughput,0,4,32,0,0,194351700612,194352771440,1070827,1017,8388608
Uring,throughput,0,4,32,0,0,194351702537,194352335023,632486,3024,8388608
Uring,throughput,0,4,32,0,0,194351719922,194352218090,498168,114,8388608
Uring,throughput,0,4,32,0,0,194351726770,194352029765,302994,3688,8388608
Uring,throughput,0,4,32,0,0,194351728180,194351776850,48669,30,8388608
Uring,throughput,0,4,32,0,0,194351728795,194352668512,939716,19,8388608
Uring,throughput,0,4,32,0,0,194351733802,194351880078,146275,617,8388608
Uring,throughput,0,4,32,0,0,194351746642,194352282435,535793,25,8388608
Uring,throughput,0,4,32,0,0,194351748932,194352870879,1121947,97,8388608
Uring,throughput,0,4,32,0,0,194351757327,194351960519,203191,21,8388608
Uring,throughput,0,4,32,0,0,194351769664,194352112799,343134,62,8388608
Uring,throughput,0,4,32,0,0,194351773035,194352136268,363233,25,8388608
Uring,throughput,0,4,32,0,0,194351776854,194352132206,355351,16,8388608
Uring,throughput,0,4,32,0,0,194351780226,194352376760,596534,3683,8388608
Uring,throughput,0,4,32,0,0,194351781228,194352933331,1152102,61,8388608
Uring,throughput,0,4,32,0,0,194351784265,194351948671,164405,42,8388608
Uring,throughput,0,4,32,0,0,194351786611,194352073181,286570,97,8388608
Uring,throughput,0,4,32,0,0,194351794371,194351838098,43726,12191,8388608
Uring,throughput,0,4,32,0,0,194351795895,194351832906,37011,89,8388608
Uring,throughput,0,4,32,0,0,194351797312,194352842587,1045274,2077,8388608
Uring,throughput,0,4,32,0,0,194351799473,194352084274,284801,86,8388608
Uring,throughput,0,4,32,0,0,194351800201,194352182444,382243,762,8388608
Uring,throughput,0,4,32,0,0,194351802046,194352965150,1163104,50,8388608
Uring,throughput,0,4,32,0,0,194351802114,194351956124,154009,28,8388608
Uring,throughput,0,4,32,0,0,194351809099,194352986986,1177887,4927,8388608
Uring,throughput,0,4,32,0,0,194351818624,194352392618,573993,80,8388608
Uring,throughput,0,4,32,0,0,194351831471,194352160145,328673,45,8388608
Uring,throughput,0,4,32,0,0,194351832429,194352100688,268258,23,8388608
Uring,throughput,0,4,32,0,0,194351832939,194352532415,699476,19,8388608
Uring,throughput,0,4,32,0,0,194351837626,194352189097,351471,19,8388608
Uring,throughput,0,4,32,0,0,194351838106,194351872079,33973,22,8388608
Uring,throughput,0,4,32,0,0,194351842299,194352080644,238344,21,8388608
Uring,throughput,0,4,32,0,0,194351844368,194352203022,358653,960,8388608
Uring,throughput,0,4,32,0,0,194351855187,194352021318,166130,18,8388608
Uring,throughput,0,4,32,0,0,194351872086,194352486814,614728,105,8388608
Uring,throughput,0,4,32,0,0,194351880085,194352798243,918157,46,8388608
Uring,throughput,0,4,32,0,0,194351897273,194352641253,743980,42,8388608
Uring,throughput,0,4,32,0,0,194351900587,194352359030,458442,47,8388608
Uring,throughput,0,4,32,0,0,194351904026,194353019267,1115241,55,8388608
Uring,throughput,0,4,32,0,0,194351907213,194352926536,1019323,4010,8388608
Uring,throughput,0,4,32,0,0,194351908544,194352490340,581795,70,8388608
Uring,throughput,0,4,32,0,0,194351925069,194352499903,574833,90,8388608
Uring,throughput,0,4,32,0,0,194351934462,194353129507,1195044,5322,8388608
Uring,throughput,0,4,32,0,0,194351938373,194352858982,920609,17,8388608
Uring,throughput,0,4,32,0,0,194351948677,194353051048,1102371,4101,8388608
Uring,throughput,0,4,32,0,0,194351949292,194352152436,203144,992,8388608
Uring,throughput,0,4,32,0,0,194351949982,194352514264,564281,1914,8388608
Uring,throughput,0,4,32,0,0,194351951481,194352260626,309145,31,8388608
Uring,throughput,0,4,32,0,0,194351952927,194352045146,92219,13,8388608
Uring,throughput,0,4,32,0,0,194351956131,194352128487,172355,22,8388608
Uring,throughput,0,4,32,0,0,194351960525,194352327244,366719,21,8388608
Uring,throughput,0,4,32,0,0,194351965698,194353055216,1089517,37,8388608
Uring,throughput,0,4,32,0,0,194351970116,194352520086,549970,24,8388608
Uring,throughput,0,4,32,0,0,194351981432,194352051264,69832,3318,8388608
Uring,throughput,0,4,32,0,0,194351981566,194353090829,1109262,2905,8388608
Uring,throughput,0,4,32,0,0,194351985716,194352528212,542496,14,8388608
Uring,throughput,0,4,32,0,0,194351994405,194353111749,1117344,4137,8388608
Uring,throughput,0,4,32,0,0,194351994630,194352172251,177620,18,8388608
Uring,throughput,0,4,32,0,0,194352002234,194352449250,447015,67,8388608
Uring,throughput,0,4,32,0,0,194352002629,194352517847,515218,27,8388608
Uring,throughput,0,4,32,0,0,194352002948,194352288240,285292,25,8388608
Uring,throughput,0,4,32,0,0,194352007147,194352326918,319771,22,8388608
Uring,throughput,0,4,32,0,0,194352009896,194352242603,232706,27,8388608
Uring,throughput,0,4,32,0,0,194352010214,194353200991,1190777,4427,8388608
Uring,throughput,0,4,32,0,0,194352010782,194353127154,1116371,3486,8388608
Uring,throughput,0,4,32,0,0,194352021325,194352151348,130022,21,8388608
Uring,throughput,0,4,32,0,0,194352023257,194352293837,270580,17,8388608
Uring,throughput,0,4,32,0,0,194352023334,194352110408,87073,18,8388608
Uring,throughput,0,4,32,0,0,194352026441,194353140111,1113669,22,8388608
Uring,throughput,0,4,32,0,0,194352029773,194352127144,97370,20,8388608
Uring,throughput,0,4,32,0,0,194352029786,194353212507,1182721,36,8388608
Uring,throughput,0,4,32,0,0,194352044774,194352184052,139277,42,8388608
Uring,throughput,0,4,32,0,0,194352045155,194353178614,1133458,5016,8388608
Uring,throughput,0,4,32,0,0,194352046483,194353129492,1083009,65,8388608
Uring,throughput,0,4,32,0,0,194352051272,194352164310,113037,65,8388608
Uring,throughput,0,4,32,0,0,194352055889,194352299378,243488,37,8388608
Uring,throughput,0,4,32,0,0,194352057733,194352301682,243949,77,8388608
Uring,throughput,0,4,32,0,0,194352062575,194352743394,680819,17,8388608
Uring,throughput,0,4,32,0,0,194352064535,194352131503,66967,38,8388608
Uring,throughput,0,4,32,0,0,194352073188,194352316951,243763,29,8388608
Uring,throughput,0,4,32,0,0,194352075981,194352571377,495396,92,8388608
Uring,throughput,0,4,32,0,0,194352079388,194353261854,1182466,2546,8388608
Uring,throughput,0,4,32,0,0,194352080650,194352184392,103741,17,8388608
Uring,throughput,0,4,32,0,0,194352084283,194352574201,489918,1521,8388608
Uring,throughput,0,4,32,0,0,194352100696,194352579630,478933,31,8388608
Uring,throughput,0,4,32,0,0,194352110417,194352347120,236703,23,8388608
Uring,throughput,0,4,32,0,0,194352112807,194353288765,1175957,3134,8388608
Uring,throughput,0,4,32,0,0,194352125339,194353147703,1022364,46,8388608
Uring,throughput,0,4,32,0,0,194352127150,194352386099,258948,26,8388608
Uring,throughput,0,4,32,0,0,194352128499,194352691441,562941,906,8388608
Uring,throughput,0,4,32,0,0,194352131511,194353188932,1057420,4922,8388608
Uring,throughput,0,4,32,0,0,194352131901,194353293069,1161167,54,8388608
Uring,throughput,0,4,32,0,0,194352132214,194353301886,1169671,2065,8388608
Uring,throughput,0,4,32,0,0,194352136277,194352175583,39305,19,8388608
Uring,throughput,0,4,32,0,0,194352140935,194352367272,226336,18,8388608
Uring,throughput,0,4,32,0,0,194352151084,194353322614,1171529,41,8388608
Uring,throughput,0,4,32,0,0,194352151354,194353316445,1165091,3025,8388608
Uring,throughput,0,4,32,0,0,194352152443,194352940025,787582,89,8388608
Uring,throughput,0,4,32,0,0,194352160150,194353345840,1185689,3328,8388608
Uring,throughput,0,4,32,0,0,194352164314,194352378774,214459,19,8388608
Uring,throughput,0,4,32,0,0,194352168139,194353034651,866512,48,8388608
Uring,throughput,0,4,32,0,0,194352172259,194353553071,1380811,3232,8388608
Uring,throughput,0,4,32,0,0,194352175589,194352525952,350362,745,8388608
Uring,throughput,0,4,32,0,0,194352181780,194354034578,1852798,19,8388608
Uring,throughput,0,4,32,0,0,194352182452,194352340280,157828,25,8388608
Uring,throughput,0,4,32,0,0,194352184061,194352348772,164710,3242,8388608
Uring,throughput,0,4,32,0,0,194352184399,194352583363,398963,282,8388608
Uring,throughput,0,4,32,0,0,194352184667,194352542779,358112,16,8388608
Uring,throughput,0,4,32,0,0,194352189103,194352647313,458210,1507,8388608
Uring,throughput,0,4,32,0,0,194352190921,194352994406,803484,121,8388608
Uring,throughput,0,4,32,0,0,194352193154,194353394437,1201283,2493,8388608
Uring,throughput,0,4,32,0,0,194352196255,194352542470,346215,1415,8388608
Uring,throughput,0,4,32,0,0,194352197960,194353350615,1152654,19,8388608
Uring,throughput,0,4,32,0,0,194352202269,194352482403,280134,7657,8388608
Uring,throughput,0,4,32,0,0,194352203028,194352523943,320914,40,8388608
Uring,throughput,0,4,32,0,0,194352205657,194353351775,1146118,63,8388608
Uring,throughput,0,4,32,0,0,194352207026,194352551102,344075,22,8388608
Uring,throughput,0,4,32,0,0,194352213781,194352525061,311280,1543,8388608
Uring,throughput,0,4,32,0,0,194352218097,194352449928,231830,17,8388608
Uring,throughput,0,4,32,0,0,194352219508,194352771293,551785,51,8388608
Uring,throughput,0,4,32,0,0,194352236887,194352705287,468400,8543,8388608
Uring,throughput,0,4,32,0,0,194352242610,194353030317,787706,2259,8388608
Uring,throughput,0,4,32,0,0,194352244779,194352656408,411629,107,8388608
Uring,throughput,0,4,32,0,0,194352247648,194352694315,446667,24,8388608
Uring,throughput,0,4,32,0,0,194352251763,194352687354,435590,104,8388608
Uring,throughput,0,4,32,0,0,194352251791,194353386648,1134857,26,8388608
Uring,throughput,0,4,32,0,0,194352260653,194352415475,154822,62,8388608
Uring,throughput,0,4,32,0,0,194352270244,194352318090,47846,5218,8388608
Uring,throughput,0,4,32,0,0,194352271729,194353404059,1132329,59,8388608
Uring,throughput,0,4,32,0,0,194352278840,194352679656,400815,61,8388608
Uring,throughput,0,4,32,0,0,194352280718,194352748545,467827,62,8388608
Uring,throughput,0,4,32,0,0,194352282441,194353549660,1267219,4455,8388608
Uring,throughput,0,4,32,0,0,194352285119,194352756408,471288,2091,8388608
Uring,throughput,0,4,32,0,0,194352288249,194352448537,160287,41,8388608
Uring,throughput,0,4,32,0,0,194352293846,194352653275,359429,26,8388608
Uring,throughput,0,4,32,0,0,194352294584,194352772748,478164,43,8388608
Uring,throughput,0,4,32,0,0,194352296881,194352670896,374014,20,8388608
Uring,throughput,0,4,32,0,0,194352299385,194352453339,153953,23,8388608
Uring,throughput,0,4,32,0,0,194352301690,194352438425,136735,27,8388608
Uring,throughput,0,4,32,0,0,194352316962,194352697118,380156,7884,8388608
Uring,throughput,0,4,32,0,0,194352318115,194352669488,351373,24,8388608
Uring,throughput,0,4,32,0,0,194352324461,194353445439,1120978,18,8388608
Uring,throughput,0,4,32,0,0,194352326928,194352683236,356307,29,8388608
Uring,throughput,0,4,32,0,0,194352327248,194353626495,1299247,4899,8388608
Uring,throughput,0,4,32,0,0,194352332199,194353314194,981995,156,8388608
Uring,throughput,0,4,32,0,0,194352335036,194352828389,493353,37,8388608
Uring,throughput,0,4,32,0,0,194352337564,194352832270,494706,16,8388608
Uring,throughput,0,4,32,0,0,194352340285,194353455662,1115377,62,8388608
Uring,throughput,0,4,32,0,0,194352340287,194352694201,353913,49,8388608
Uring,throughput,0,4,32,0,0,194352346328,194352792044,445715,33,8388608
Uring,throughput,0,4,32,0,0,194352347128,194352441209,94080,2021,8388608
Uring,throughput,0,4,32,0,0,194352348805,194352452176,103371,17,8388608
Uring,throughput,0,4,32,0,0,194352350855,194352907901,557046,15,8388608
Uring,throughput,0,4,32,0,0,194352359071,194353814980,1455909,10920,8388608
Uring,throughput,0,4,32,0,0,194352367279,194353703967,1336687,2779,8388608
Uring,throughput,0,4,32,0,0,194352371272,194353683542,1312269,34,8388608
Uring,throughput,0,4,32,0,0,194352373058,194352888090,515032,73,8388608
Uring,throughput,0,4,32,0,0,194352376771,194353479552,1102781,28,8388608
Uring,throughput,0,4,32,0,0,194352378781,194352883120,504339,4630,8388608
Uring,throughput,0,4,32,0,0,194352381595,194352812942,431347,18,8388608
Uring,throughput,0,4,32,0,0,194352386106,194353485929,1099823,3278,8388608
Uring,throughput,0,4,32,0,0,194352392625,194352523506,130881,15,8388608
Uring,throughput,0,4,32,0,0,194352393241,194352435046,41805,19,8388608
Uring,throughput,0,4,32,0,0,194352415515,194352903070,487555,2928,8388608
Uring,throughput,0,4,32,0,0,194352435052,194352908420,473368,20,8388608
Uring,throughput,0,4,32,0,0,194352438429,194353811759,1373330,2934,8388608
Uring,throughput,0,4,32,0,0,194352439518,194352963445,523927,4123,8388608
Uring,throughput,0,4,32,0,0,194352441214,194352877413,436198,19,8388608
Uring,throughput,0,4,32,0,0,194352444046,194353514576,1070530,104,8388608
Uring,throughput,0,4,32,0,0,194352448319,194352923106,474787,2874,8388608
Uring,throughput,0,4,32,0,0,194352448543,194353521248,1072705,4394,8388608
Uring,throughput,0,4,32,0,0,194352449259,194352477690,28430,399,8388608
Uring,throughput,0,4,32,0,0,194352449934,194352745556,295621,1334,8388608
Uring,throughput,0,4,32,0,0,194352452182,194352907532,455349,16,8388608
Uring,throughput,0,4,32,0,0,194352453348,194352809381,356033,3569,8388608
Uring,throughput,0,4,32,0,0,194352477696,194352803479,325782,133,8388608
Uring,throughput,0,4,32,0,0,194352478465,194352676131,197666,22,8388608
Uring,throughput,0,4,32,0,0,194352482410,194352639470,157059,16,8388608
Uring,throughput,0,4,32,0,0,194352486819,194352639689,152869,832,8388608
Uring,throughput,0,4,32,0,0,194352490344,194352704783,214439,17,8388608
Uring,throughput,0,4,32,0,0,194352499908,194352962886,462977,14,8388608
Uring,throughput,0,4,32,0,0,194352512312,194352834355,322043,3287,8388608
Uring,throughput,0,4,32,0,0,194352514343,194352969431,455088,57,8388608
Uring,throughput,0,4,32,0,0,194352517857,194352977981,460123,34,8388608
Uring,throughput,0,4,32,0,0,194352520113,194352864327,344213,22,8388608
Uring,throughput,0,4,32,0,0,194352521086,194352982513,461427,63,8388608
Uring,throughput,0,4,32,0,0,194352523514,194352987054,463540,1649,8388608
Uring,throughput,0,4,32,0,0,194352523973,194353153247,629274,47,8388608
Uring,throughput,0,4,32,0,0,194352525066,194353567721,1042655,108,8388608
Uring,throughput,0,4,32,0,0,194352525957,194353124048,598090,26,8388608
Uring,throughput,0,4,32,0,0,194352526136,194352721464,195327,51,8388608
Uring,throughput,0,4,32,0,0,194352528219,194352891748,363528,19,8388608
Uring,throughput,0,4,32,0,0,194352532425,194352912764,380338,5377,8388608
Uring,throughput,0,4,32,0,0,194352537970,194354228426,1690455,91,8388608
Uring,throughput,0,4,32,0,0,194352542477,194352640281,97804,17,8388608
Uring,throughput,0,4,32,0,0,194352542780,194353841117,1298336,13,8388608
Uring,throughput,0,4,32,0,0,194352547223,194353320949,773726,17,8388608
Uring,throughput,0,4,32,0,0,194352551110,194352766241,215131,29,8388608
Uring,throughput,0,4,32,0,0,194352552877,194355771101,3218224,24,8388608
Uring,throughput,0,4,32,0,0,194352571385,194352850965,279580,2972,8388608
Uring,throughput,0,4,32,0,0,194352572576,194353289451,716874,16,8388608
Uring,throughput,0,4,32,0,0,194352574205,194352720099,145893,15,8388608
Uring,throughput,0,4,32,0,0,194352579661,194353603375,1023713,3701,8388608
Uring,throughput,0,4,32,0,0,194352583256,194354954725,2371468,231,8388608
Uring,throughput,0,4,32,0,0,194352583371,194352925802,342430,22,8388608
Uring,throughput,0,4,32,0,0,194352601814,194353017166,415352,27,8388608
Uring,throughput,0,4,32,0,0,194352605791,194353515488,909696,19,8388608
Uring,throughput,0,4,32,0,0,194352627759,194353072432,444673,41,8388608
Uring,throughput,0,4,32,0,0,194352634648,194352880188,245540,4737,8388608
Uring,throughput,0,4,32,0,0,194352639496,194353464167,824671,169,8388608
Uring,throughput,0,4,32,0,0,194352639689,194353077734,438044,11,8388608
Uring,throughput,0,4,32,0,0,194352640289,194352820219,179930,12,8388608
Uring,throughput,0,4,32,0,0,194352641261,194354352927,1711666,2876,8388608
Uring,throughput,0,4,32,0,0,194352647344,194352726075,78730,24,8388608
Uring,throughput,0,4,32,0,0,194352653284,194352747419,94135,864,8388608
Uring,throughput,0,4,32,0,0,194352656416,194353081615,425199,20,8388608
Uring,throughput,0,4,32,0,0,194352668519,194352730316,61796,702,8388608
Uring,throughput,0,4,32,0,0,194352669493,194353113254,443761,16,8388608
Uring,throughput,0,4,32,0,0,194352670903,194354417454,1746550,26,8388608
Uring,throughput,0,4,32,0,0,194352676138,194353132870,456732,3598,8388608
Uring,throughput,0,4,32,0,0,194352679662,194353171168,491506,140,8388608
Uring,throughput,0,4,32,0,0,194352683256,194352976241,292984,1081,8388608
Uring,throughput,0,4,32,0,0,194352685767,194353109290,423522,17,8388608
Uring,throughput,0,4,32,0,0,194352687362,194353105086,417724,129,8388608
Uring,throughput,0,4,32,0,0,194352691469,194352779196,87726,28,8388608
Uring,throughput,0,4,32,0,0,194352694211,194354458909,1764698,2684,8388608
Uring,throughput,0,4,32,0,0,194352694323,194353656397,962073,22,8388608
Uring,throughput,0,4,32,0,0,194352697126,194352935657,238531,15,8388608
Uring,throughput,0,4,32,0,0,194352699859,194354298999,1599139,53,8388608
Uring,throughput,0,4,32,0,0,194352704791,194353123563,418772,3507,8388608
Uring,throughput,0,4,32,0,0,194352705295,194353121902,416606,88,8388608
Uring,throughput,0,4,32,0,0,194352720105,194352798428,78322,29,8388608
Uring,throughput,0,4,32,0,0,194352721490,194353052666,331176,26,8388608
Uring,throughput,0,4,32,0,0,194352725647,194352955476,229828,69,8388608
Uring,throughput,0,4,32,0,0,194352726077,194353076158,350081,9,8388608
Uring,throughput,0,4,32,0,0,194352730324,194352775239,44915,28,8388608
Uring,throughput,0,4,32,0,0,194352743403,194353182233,438830,55,8388608
Uring,throughput,0,4,32,0,0,194352745561,194352849968,104406,17,8388608
Uring,throughput,0,4,32,0,0,194352747427,194352828851,81424,17,8388608
Uring,throughput,0,4,32,0,0,194352748554,194353172928,424373,20,8388608
Uring,throughput,0,4,32,0,0,194352756416,194352787333,30917,43,8388608
Uring,throughput,0,4,32,0,0,194352766249,194353133373,367124,3917,8388608
Uring,throughput,0,4,32,0,0,194352771303,194352857858,86555,4291,8388608
Uring,throughput,0,4,32,0,0,194352771448,194353040404,268956,73,8388608
Uring,throughput,0,4,32,0,0,194352772752,194354673294,1900542,11,8388608
Uring,throughput,0,4,32,0,0,194352775244,194353195934,420690,29,8388608
Uring,throughput,0,4,32,0,0,194352779202,194353284970,505767,33,8388608
Uring,throughput,0,4,32,0,0,194352787340,194353191099,403759,32,8388608
Uring,throughput,0,4,32,0,0,194352792053,194353215281,423227,22,8388608
Uring,throughput,0,4,32,0,0,194352793933,194354670577,1876644,17,8388608
Uring,throughput,0,4,32,0,0,194352798252,194353051370,253118,64,8388608
Uring,throughput,0,4,32,0,0,194352798437,194352967066,168629,280,8388608
Uring,throughput,0,4,32,0,0,194352803488,194353051120,247631,93,8388608
Uring,throughput,0,4,32,0,0,194352809390,194353010538,201148,17,8388608
Uring,throughput,0,4,32,0,0,194352812951,194353285252,472300,13661,8388608
Uring,throughput,0,4,32,0,0,194352820226,194353061083,240856,3723,8388608
Uring,throughput,0,4,32,0,0,194352826805,194354877459,2050653,324,8388608
Uring,throughput,0,4,32,0,0,194352828399,194353282192,453793,16,8388608
Uring,throughput,0,4,32,0,0,194352828859,194353407603,578744,82,8388608
Uring,throughput,0,4,32,0,0,194352832278,194353144995,312717,55,8388608
Uring,throughput,0,4,32,0,0,194352834380,194353247739,413359,20,8388608
Uring,throughput,0,4,32,0,0,194352842595,194353299968,457373,22,8388608
Uring,throughput,0,4,32,0,0,194352849974,194353613230,763255,25,8388608
Uring,throughput,0,4,32,0,0,194352850974,194354985392,2134417,41,8388608
Uring,throughput,0,4,32,0,0,194352857867,194352929807,71940,27,8388608
Uring,throughput,0,4,32,0,0,194352858990,194353248927,389937,5800,8388608
Uring,throughput,0,4,32,0,0,194352864335,194353044053,179717,4099,8388608
Uring,throughput,0,4,32,0,0,194352870887,194354878642,2007754,71,8388608
Uring,throughput,0,4,32,0,0,194352877441,194353470963,593521,25,8388608
Uring,throughput,0,4,32,0,0,194352880197,194353047630,167432,17,8388608
Uring,throughput,0,4,32,0,0,194352883127,194353288135,405007,32,8388608
Uring,throughput,0,4,32,0,0,194352888097,194353267304,379206,4057,8388608
Uring,throughput,0,4,32,0,0,194352891848,194355229185,2337337,3662,8388608
Uring,throughput,0,4,32,0,0,194352903079,194353158683,255604,29,8388608
Uring,throughput,0,4,32,0,0,194352907563,194353092640,185077,3939,8388608
Uring,throughput,0,4,32,0,0,194352907954,194353343572,435617,28,8388608
Uring,throughput,0,4,32,0,0,194352908425,194353345332,436907,7222,8388608
Uring,throughput,0,4,32,0,0,194352912801,194353815761,902960,19,8388608
Uring,throughput,0,4,32,0,0,194352923113,194353178019,254906,14,8388608
Uring,throughput,0,4,32,0,0,194352925809,194353321378,395568,26,8388608
Uring,throughput,0,4,32,0,0,194352926542,194353431416,504874,17,8388608
Uring,throughput,0,4,32,0,0,194352929955,194353326000,396044,32,8388608
Uring,throughput,0,4,32,0,0,194352933339,194353097677,164338,30,8388608
Uring,throughput,0,4,32,0,0,194352935699,194353718434,782734,32,8388608
Uring,throughput,0,4,32,0,0,194352940033,194353458142,518109,41,8388608
Uring,throughput,0,4,32,0,0,194352955483,194353661651,706168,66,8388608
Uring,throughput,0,4,32,0,0,194352962894,194353205373,242479,2404,8388608
Uring,throughput,0,4,32,0,0,194352963453,194353851368,887915,66,8388608
Uring,throughput,0,4,32,0,0,194352965159,194353126089,160930,25,8388608
Uring,throughput,0,4,32,0,0,194352967074,194353459770,492696,91,8388608
Uring,throughput,0,4,32,0,0,194352969438,194353201554,232115,17,8388608
Uring,throughput,0,4,32,0,0,194352976249,194353361972,385722,53,8388608
Uring,throughput,0,4,32,0,0,194352977989,194353233182,255193,2999,8388608
Uring,throughput,0,4,32,0,0,194352982523,194353197686,215162,40,8388608
Uring,throughput,0,4,32,0,0,194352986995,194355766052,2779057,47,8388608
Uring,throughput,0,4,32,0,0,194352987057,194353121557,134499,12,8388608
Uring,throughput,0,4,32,0,0,194352994413,194354990863,1996449,16,8388608
Uring,throughput,0,4,32,0,0,194353010546,194353220920,210374,48,8388608
Uring,throughput,0,4,32,0,0,194353017175,194354367608,1350432,25,8388608
Uring,throughput,0,4,32,0,0,194353019276,194355761618,2742341,3767,8388608
Uring,throughput,0,4,32,0,0,194353030325,194353898190,867864,23,8388608
Uring,throughput,0,4,32,0,0,194353034659,194353236612,201952,1998,8388608
Uring,throughput,0,4,32,0,0,194353040413,194353104095,63682,31,8388608
Uring,throughput,0,4,32,0,0,194353044063,194353544924,500861,51,8388608
Uring,throughput,0,4,32,0,0,194353047638,194353551506,503868,20,8388608
Uring,throughput,0,4,32,0,0,194353051058,194353559143,508085,30,8388608
Uring,throughput,0,4,32,0,0,194353051122,194353917521,866398,1027,8388608
Uring,throughput,0,4,32,0,0,194353051376,194353897496,846119,3947,8388608
Uring,throughput,0,4,32,0,0,194353052779,194353482426,429647,1566,8388608
Uring,throughput,0,4,32,0,0,194353055223,194355830849,2775626,221,8388608
Uring,throughput,0,4,32,0,0,194353061091,194353570748,509656,22,8388608
Uring,throughput,0,4,32,0,0,194353072440,194355924462,2852022,6310,8388608
Uring,throughput,0,4,32,0,0,194353076168,194355129782,2053614,2605,8388608
Uring,throughput,0,4,32,0,0,194353077740,194353116382,38642,63,8388608
Uring,throughput,0,4,32,0,0,194353081625,194353529417,447791,2966,8388608
Uring,throughput,0,4,32,0,0,194353090838,194353151247,60408,29,8388608
Uring,throughput,0,4,32,0,0,194353092648,194353257535,164886,132,8388608
Uring,throughput,0,4,32,0,0,194353097686,194353952768,855081,4670,8388608
Uring,throughput,0,4,32,0,0,194353104104,194356558279,3454175,3174,8388608
Uring,throughput,0,4,32,0,0,194353105098,194353956501,851403,1030,8388608
Uring,throughput,0,4,32,0,0,194353109299,194353596954,487655,2588,8388608
Uring,throughput,0,4,32,0,0,194353111758,194353168310,56552,148,8388608
Uring,throughput,0,4,32,0,0,194353113284,194353601903,488619,3135,8388608
Uring,throughput,0,4,32,0,0,194353116391,194353606718,490326,2322,8388608
Uring,throughput,0,4,32,0,0,194353121565,194353966417,844852,15,8388608
Uring,throughput,0,4,32,0,0,194353121907,194353604498,482590,17,8388608
Uring,throughput,0,4,32,0,0,194353123567,194353454277,330710,18,8388608
Uring,throughput,0,4,32,0,0,194353124051,194353608516,484465,13,8388608
Uring,throughput,0,4,32,0,0,194353126092,194353576637,450544,1017,8388608
Uring,throughput,0,4,32,0,0,194353127163,194353545639,418476,20,8388608
Uring,throughput,0,4,32,0,0,194353129499,194354151155,1021655,97,8388608
Uring,throughput,0,4,32,0,0,194353129516,194355359438,2229922,101,8388608
Uring,throughput,0,4,32,0,0,194353132880,194356004215,2871334,33,8388608
Uring,throughput,0,4,32,0,0,194353133382,194353642620,509238,21,8388608
Uring,throughput,0,4,32,0,0,194353140117,194353654720,514602,17,8388608
Uring,throughput,0,4,32,0,0,194353145087,194356129381,2984293,2800,8388608
Uring,throughput,0,4,32,0,0,194353147708,194353978354,830646,202,8388608
Uring,throughput,0,4,32,0,0,194353151254,194353312278,161024,20,8388608
Uring,throughput,0,4,32,0,0,194353153255,194354476154,1322898,3226,8388608
Uring,throughput,0,4,32,0,0,194353158692,194354085687,926994,72,8388608
Uring,throughput,0,4,32,0,0,194353168317,194353698999,530681,45,8388608
Uring,throughput,0,4,32,0,0,194353171196,194356036194,2864998,2893,8388608
Uring,throughput,0,4,32,0,0,194353172936,194353654127,481191,1259,8388608
Uring,throughput,0,4,32,0,0,194353178028,194353721889,543861,107,8388608
Uring,throughput,0,4,32,0,0,194353178682,194353336971,158288,25,8388608
Uring,throughput,0,4,32,0,0,194353182241,194356056142,2873900,3110,8388608
Uring,throughput,0,4,32,0,0,194353188942,194356657030,3468088,35,8388608
Uring,throughput,0,4,32,0,0,194353191130,194353743152,552022,2916,8388608
Uring,throughput,0,4,32,0,0,194353195942,194353739902,543959,645,8388608
Uring,throughput,0,4,32,0,0,194353197695,194354023970,826274,1082,8388608
Uring,throughput,0,4,32,0,0,194353200997,194353681114,480116,26,8388608
Uring,throughput,0,4,32,0,0,194353201581,194354026123,824541,1096,8388608
Uring,throughput,0,4,32,0,0,194353205400,194353568726,363326,80,8388608
Uring,throughput,0,4,32,0,0,194353212515,194356048443,2835928,27,8388608
Uring,throughput,0,4,32,0,0,194353215289,194353754287,538997,2044,8388608
Uring,throughput,0,4,32,0,0,194353220928,194353462970,242041,1093,8388608
Uring,throughput,0,4,32,0,0,194353233191,194353377531,144340,17,8388608
Uring,throughput,0,4,32,0,0,194353236621,194353373304,136683,20,8388608
Uring,throughput,0,4,32,0,0,194353247748,194353281356,33608,26,8388608
Uring,throughput,0,4,32,0,0,194353248934,194353745262,496327,17,8388608
Uring,throughput,0,4,32,0,0,194353257541,194353402693,145151,14,8388608
Uring,throughput,0,4,32,0,0,194353261860,194353808734,546873,35,8388608
Uring,throughput,0,4,32,0,0,194353267313,194353879226,611913,21,8388608
Uring,throughput,0,4,32,0,0,194353281362,194353801427,520065,1842,8388608
Uring,throughput,0,4,32,0,0,194353282200,194353776717,494517,5556,8388608
Uring,throughput,0,4,32,0,0,194353284975,194353824071,539096,2829,8388608
Uring,throughput,0,4,32,0,0,194353285260,194353454801,169541,35,8388608
Uring,throughput,0,4,32,0,0,194353288140,194353451286,163146,69,8388608
Uring,throughput,0,4,32,0,0,194353288771,194355442921,2154149,19,8388608
Uring,throughput,0,4,32,0,0,194353289458,194353400712,111253,34,8388608
Uring,throughput,0,4,32,0,0,194353293075,194356002169,2709094,25,8388608
Uring,throughput,0,4,32,0,0,194353299976,194354099618,799641,51,8388608
Uring,throughput,0,4,32,0,0,194353301895,194353838888,536992,18,8388608
Uring,throughput,0,4,32,0,0,194353312285,194354110495,798210,3374,8388608
Uring,throughput,0,4,32,0,0,194353314203,194353348454,34250,339,8388608
Uring,throughput,0,4,32,0,0,194353316514,194353406174,89660,22,8388608
Uring,throughput,0,4,32,0,0,194353320957,194356213872,2892915,3831,8388608
Uring,throughput,0,4,32,0,0,194353321386,194353517938,196552,907,8388608
Uring,throughput,0,4,32,0,0,194353322623,194354115494,792870,20,8388608
Uring,throughput,0,4,32,0,0,194353326024,194353521234,195209,3617,8388608
Uring,throughput,0,4,32,0,0,194353336976,194353411135,74158,18,8388608
Uring,throughput,0,4,32,0,0,194353343579,194353464863,121283,2080,8388608
Uring,throughput,0,4,32,0,0,194353345339,194353894495,549155,25,8388608
Uring,throughput,0,4,32,0,0,194353345867,194353900946,555078,15,8388608
Uring,throughput,0,4,32,0,0,194353348458,194353900146,551687,48,8388608
Uring,throughput,0,4,32,0,0,194353350624,194353910787,560163,5074,8388608
Uring,throughput,0,4,32,0,0,194353351783,194354136277,784493,18,8388608
Uring,throughput,0,4,32,0,0,194353361979,194353909254,547274,18,8388608
Uring,throughput,0,4,32,0,0,194353373311,194354252564,879253,22,8388608
Uring,throughput,0,4,32,0,0,194353377537,194353414981,37443,25,8388608
Uring,throughput,0,4,32,0,0,194353386655,194356327291,2940635,4245,8388608
Uring,throughput,0,4,32,0,0,194353394475,194353467309,72834,54,8388608
Uring,throughput,0,4,32,0,0,194353400721,194353554264,153543,1873,8388608
Uring,throughput,0,4,32,0,0,194353402701,194353437365,34664,1329,8388608
Uring,throughput,0,4,32,0,0,194353404065,194353998335,594269,27,8388608
Uring,throughput,0,4,32,0,0,194353406183,194353528138,121955,41,8388608
Uring,throughput,0,4,32,0,0,194353407612,194353943581,535969,777,8388608
Uring,throughput,0,4,32,0,0,194353411141,194353809361,398220,781,8388608
Uring,throughput,0,4,32,0,0,194353414990,194353523375,108384,1545,8388608
Uring,throughput,0,4,32,0,0,194353431425,194353951048,519622,96,8388608
Uring,throughput,0,4,32,0,0,194353437371,194353513696,76325,66,8388608
Uring,throughput,0,4,32,0,0,194353445447,194353963806,518359,4631,8388608
Uring,throughput,0,4,32,0,0,194353451299,194354221261,769962,1884,8388608
Uring,throughput,0,4,32,0,0,194353454301,194353617132,162830,21,8388608
Uring,throughput,0,4,32,0,0,194353454807,194353509746,54938,16,8388608
Uring,throughput,0,4,32,0,0,194353455670,194354203075,747405,166,8388608
Uring,throughput,0,4,32,0,0,194353458149,194353605267,147117,939,8388608
Uring,throughput,0,4,32,0,0,194353459779,194354006974,547195,62,8388608
Uring,throughput,0,4,32,0,0,194353462978,194353601953,138974,52,8388608
Uring,throughput,0,4,32,0,0,194353464177,194355769875,2305697,2992,8388608
Uring,throughput,0,4,32,0,0,194353464868,194353540725,75857,12,8388608
Uring,throughput,0,4,32,0,0,194353467318,194353560845,93527,20,8388608
Uring,throughput,0,4,32,0,0,194353470971,194353986761,515790,3099,8388608
Uring,throughput,0,4,32,0,0,194353479561,194353623570,144008,20,8388608
Uring,throughput,0,4,32,0,0,194353482434,194353604113,121678,70,8388608
Uring,throughput,0,4,32,0,0,194353485939,194354247637,761698,22,8388608
Uring,throughput,0,4,32,0,0,194353509751,194353563452,53700,2702,8388608
Uring,throughput,0,4,32,0,0,194353513704,194354276754,763050,21,8388608
Uring,throughput,0,4,32,0,0,194353514584,194353606504,91920,17,8388608
Uring,throughput,0,4,32,0,0,194353515496,194354877138,1361641,23,8388608
Uring,throughput,0,4,32,0,0,194353517963,194353669622,151658,31,8388608
Uring,throughput,0,4,32,0,0,194353521241,194353999810,478568,18,8388608
Uring,throughput,0,4,32,0,0,194353521305,194354282858,761553,126,8388608
Uring,throughput,0,4,32,0,0,194353523400,194353660907,137507,41,8388608
Uring,throughput,0,4,32,0,0,194353528165,194354020178,492012,2777,8388608
Uring,throughput,0,4,32,0,0,194353529423,194353675891,146467,65,8388608
Uring,throughput,0,4,32,0,0,194353540731,194353948410,407678,25,8388608
Uring,throughput,0,4,32,0,0,194353544932,194354021926,476993,50,8388608
Uring,throughput,0,4,32,0,0,194353545642,194354001637,455994,23,8388608
Uring,throughput,0,4,32,0,0,194353549668,194356402237,2852568,49,8388608
Uring,throughput,0,4,32,0,0,194353551515,194353900332,348817,2447,8388608
Uring,throughput,0,4,32,0,0,194353553079,194354585163,1032084,32,8388608
Uring,throughput,0,4,32,0,0,194353554272,194354572850,1018578,24,8388608
Uring,throughput,0,4,32,0,0,194353559183,194354032146,472963,50,8388608
Uring,throughput,0,4,32,0,0,194353560852,194353706579,145727,5824,8388608
Uring,throughput,0,4,32,0,0,194353563457,194354307129,743671,21,8388608
Uring,throughput,0,4,32,0,0,194353567727,194354016508,448780,14,8388608
Uring,throughput,0,4,32,0,0,194353568730,194356458205,2889474,13,8388608
Uring,throughput,0,4,32,0,0,194353570755,194353629085,58329,27,8388608
Uring,throughput,0,4,32,0,0,194353576643,194353643301,66658,19,8388608
Uring,throughput,0,4,32,0,0,194353596962,194355317064,1720101,30,8388608
Uring,throughput,0,4,32,0,0,194353601912,194353675104,73192,131,8388608
Uring,throughput,0,4,32,0,0,194353601953,194353715250,113297,93,8388608
Uring,throughput,0,4,32,0,0,194353603413,194354363233,759820,51,8388608
Uring,throughput,0,4,32,0,0,194353604120,194353807214,203094,37,8388608
Uring,throughput,0,4,32,0,0,194353604503,194354070409,465905,5205,8388608
Uring,throughput,0,4,32,0,0,194353605276,194353717412,112136,21,8388608
Uring,throughput,0,4,32,0,0,194353606512,194354331252,724740,3128,8388608
Uring,throughput,0,4,32,0,0,194353606726,194353717594,110868,15,8388608
Uring,throughput,0,4,32,0,0,194353608522,194354194353,585830,1194,8388608
Uring,throughput,0,4,32,0,0,194353613239,194353927609,314369,3531,8388608
Uring,throughput,0,4,32,0,0,194353617139,194355789086,2171947,3062,8388608
Uring,throughput,0,4,32,0,0,194353623581,194354048527,424945,592,8388608
Uring,throughput,0,4,32,0,0,194353626504,194353879769,253265,71,8388608
Uring,throughput,0,4,32,0,0,194353629089,194354080750,451661,2841,8388608
Uring,throughput,0,4,32,0,0,194353642629,194353709196,66567,19,8388608
Uring,throughput,0,4,32,0,0,194353643308,194353726730,83421,108,8388608
Uring,throughput,0,4,32,0,0,194353654151,194353755830,101678,22,8388608
Uring,throughput,0,4,32,0,0,194353654781,194356512522,2857740,3744,8388608
Uring,throughput,0,4,32,0,0,194353656404,194353785121,128717,1486,8388608
Uring,throughput,0,4,32,0,0,194353660914,194353747054,86140,22,8388608
Uring,throughput,0,4,32,0,0,194353661684,194354602861,941176,2886,8388608
Uring,throughput,0,4,32,0,0,194353669630,194353875564,205934,21,8388608
Uring,throughput,0,4,32,0,0,194353675110,194356111132,2436022,15,8388608
Uring,throughput,0,4,32,0,0,194353675898,194354073897,397998,85,8388608
Uring,throughput,0,4,32,0,0,194353681124,194354076399,395275,28,8388608
Uring,throughput,0,4,32,0,0,194353683549,194356934313,3250763,19,8388608
Uring,throughput,0,4,32,0,0,194353699057,194354101342,402285,5218,8388608
Uring,throughput,0,4,32,0,0,194353703975,194353902897,198921,52,8388608
Uring,throughput,0,4,32,0,0,194353706585,194354089382,382797,11,8388608
Uring,throughput,0,4,32,0,0,194353709211,194354105297,396086,3347,8388608
Uring,throughput,0,4,32,0,0,194353715257,194354491786,776528,4637,8388608
Uring,throughput,0,4,32,0,0,194353717421,194353763097,45675,22,8388608
Uring,throughput,0,4,32,0,0,194353717601,194354122670,405068,20,8388608
Uring,throughput,0,4,32,0,0,194353718440,194354493267,774826,2643,8388608
Uring,throughput,0,4,32,0,0,194353721946,194353790344,68398,916,8388608
Uring,throughput,0,4,32,0,0,194353726737,194353823711,96974,2481,8388608
Uring,throughput,0,4,32,0,0,194353739911,194353801508,61597,26,8388608
Uring,throughput,0,4,32,0,0,194353743162,194354122965,379803,21,8388608
Uring,throughput,0,4,32,0,0,194353745269,194354126369,381100,15,8388608
Uring,throughput,0,4,32,0,0,194353747062,194354137989,390926,3290,8388608
Uring,throughput,0,4,32,0,0,194353754294,194354144852,390558,16,8388608
Uring,throughput,0,4,32,0,0,194353755837,194353806602,50765,33,8388608
Uring,throughput,0,4,32,0,0,194353763102,194354526377,763274,1540,8388608
Uring,throughput,0,4,32,0,0,194353776726,194354493445,716718,22,8388608
Uring,throughput,0,4,32,0,0,194353785130,194353859883,74752,75,8388608
Uring,throughput,0,4,32,0,0,194353790351,194353858083,67732,42,8388608
Uring,throughput,0,4,32,0,0,194353801435,194354550690,749254,25,8388608
Uring,throughput,0,4,32,0,0,194353801516,194353853157,51640,23,8388608
Uring,throughput,0,4,32,0,0,194353806629,194354180512,373882,1220,8388608
Uring,throughput,0,4,32,0,0,194353807223,194353977989,170766,1613,8388608
Uring,throughput,0,4,32,0,0,194353808740,194354175301,366560,18,8388608
Uring,throughput,0,4,32,0,0,194353809365,194353924084,114719,15,8388608
Uring,throughput,0,4,32,0,0,194353811764,194356564794,2753030,17,8388608
Uring,throughput,0,4,32,0,0,194353814989,194355749984,1934994,167,8388608
Uring,throughput,0,4,32,0,0,194353815771,194354057748,241977,30,8388608
Uring,throughput,0,4,32,0,0,194353823718,194354562682,738963,16,8388608
Uring,throughput,0,4,32,0,0,194353824078,194354082037,257958,39,8388608
Uring,throughput,0,4,32,0,0,194353838896,194354086210,247314,18,8388608
Uring,throughput,0,4,32,0,0,194353841130,194354236551,395421,3327,8388608
Uring,throughput,0,4,32,0,0,194353851376,194353913731,62354,23,8388608
Uring,throughput,0,4,32,0,0,194353853164,194353899968,46804,695,8388608
Uring,throughput,0,4,32,0,0,194353858090,194354238513,380422,19,8388608
Uring,throughput,0,4,32,0,0,194353859888,194354168018,308129,37,8388608
Uring,throughput,0,4,32,0,0,194353875571,194354270491,394919,4279,8388608
Uring,throughput,0,4,32,0,0,194353879235,194354856132,976896,28,8388608
Uring,throughput,0,4,32,0,0,194353879777,194354564905,685127,194,8388608
Uring,throughput,0,4,32,0,0,194353894503,194353925835,31331,53,8388608
Uring,throughput,0,4,32,0,0,194353897506,194354613983,716477,31,8388608
Uring,throughput,0,4,32,0,0,194353898193,194355131489,1233296,11,8388608
Uring,throughput,0,4,32,0,0,194353899973,194354261246,361273,24,8388608
Uring,throughput,0,4,32,0,0,194353900148,194354261764,361616,9,8388608
Uring,throughput,0,4,32,0,0,194353900342,194354228809,328466,29,8388608
Uring,throughput,0,4,32,0,0,194353900954,194353933083,32128,71,8388608
Uring,throughput,0,4,32,0,0,194353902901,194354271477,368576,14,8388608
Uring,throughput,0,4,32,0,0,194353909262,194354623451,714189,2698,8388608
Uring,throughput,0,4,32,0,0,194353910796,194356632869,2722073,18,8388608
Uring,throughput,0,4,32,0,0,194353913740,194354278327,364586,1005,8388608
Uring,throughput,0,4,32,0,0,194353917530,194354029957,112426,18,8388608
Uring,throughput,0,4,32,0,0,194353924090,194354277030,352940,20,8388608
Uring,throughput,0,4,32,0,0,194353925841,194354237128,311286,4296,8388608
Uring,throughput,0,4,32,0,0,194353927615,194354281595,353980,55,8388608
Uring,throughput,0,4,32,0,0,194353933089,194354635547,702457,3307,8388608
Uring,throughput,0,4,32,0,0,194353943587,194354646972,703384,22,8388608
Uring,throughput,0,4,32,0,0,194353948417,194354322029,373611,2411,8388608
Uring,throughput,0,4,32,0,0,194353951052,194353989198,38145,2809,8388608
Uring,throughput,0,4,32,0,0,194353952775,194354254218,301442,29,8388608
Uring,throughput,0,4,32,0,0,194353956507,194354257894,301387,20,8388608
Uring,throughput,0,4,32,0,0,194353963815,194354379726,415911,31,8388608
Uring,throughput,0,4,32,0,0,194353966424,194354329633,363208,2084,8388608
Uring,throughput,0,4,32,0,0,194353977996,194354333471,355475,71,8388608
Uring,throughput,0,4,32,0,0,194353978356,194354655502,677146,914,8388608
Uring,throughput,0,4,32,0,0,194353986768,194354051678,64910,44,8388608
Uring,throughput,0,4,32,0,0,194353989204,194354415842,426637,35,8388608
Uring,throughput,0,4,32,0,0,194353998387,194354103043,104655,936,8388608
Uring,throughput,0,4,32,0,0,194353999815,194354104785,104970,18,8388608
Uring,throughput,0,4,32,0,0,194354001640,194354045705,44064,1101,8388608
Uring,throughput,0,4,32,0,0,194354006984,194354437095,430110,2156,8388608
Uring,throughput,0,4,32,0,0,194354016516,194354695427,678911,3307,8388608
Uring,throughput,0,4,32,0,0,194354020207,194354155200,134993,27,8388608
Uring,throughput,0,4,32,0,0,194354021936,194354319769,297833,840,8388608
Uring,throughput,0,4,32,0,0,194354023974,194354285820,261845,18,8388608
Uring,throughput,0,4,32,0,0,194354026128,194354306929,280800,14,8388608
Uring,throughput,0,4,32,0,0,194354029975,194354120327,90352,17,8388608
Uring,throughput,0,4,32,0,0,194354032153,194354342107,309954,2498,8388608
Uring,throughput,0,4,32,0,0,194354034582,194356795296,2760714,71,8388608
Uring,throughput,0,4,32,0,0,194354045712,194354385750,340037,17,8388608
Uring,throughput,0,4,32,0,0,194354048533,194354336610,288076,16,8388608
Uring,throughput,0,4,32,0,0,194354051686,194354379422,327735,18,8388608
Uring,throughput,0,4,32,0,0,194354057755,194354395866,338110,4327,8388608
Uring,throughput,0,4,32,0,0,194354070418,194354389328,318910,50,8388608
Uring,throughput,0,4,32,0,0,194354073904,194354155655,81750,3216,8388608
Uring,throughput,0,4,32,0,0,194354076407,194354544657,468249,4437,8388608
Uring,throughput,0,4,32,0,0,194354080759,194354118449,37689,304,8388608
Uring,throughput,0,4,32,0,0,194354082092,194354384357,302264,55,8388608
Uring,throughput,0,4,32,0,0,194354085694,194354407559,321865,3829,8388608
Uring,throughput,0,4,32,0,0,194354086218,194354540449,454230,971,8388608
Uring,throughput,0,4,32,0,0,194354089390,194354387135,297745,177,8388608
Uring,throughput,0,4,32,0,0,194354099626,194354648303,548677,450,8388608
Uring,throughput,0,4,32,0,0,194354101348,194354390546,289198,23,8388608
Uring,throughput,0,4,32,0,0,194354103091,194354413316,310225,47,8388608
Uring,throughput,0,4,32,0,0,194354104790,194354394519,289729,1063,8388608
Uring,throughput,0,4,32,0,0,194354105306,194354594756,489449,27,8388608
Uring,throughput,0,4,32,0,0,194354110501,194354759966,649464,19,8388608
Uring,throughput,0,4,32,0,0,194354115502,194354585772,470270,2555,8388608
Uring,throughput,0,4,32,0,0,194354118456,194354426059,307603,24,8388608
Uring,throughput,0,4,32,0,0,194354120333,194354770882,650548,3190,8388608
Uring,throughput,0,4,32,0,0,194354122775,194354183086,60310,780,8388608
Uring,throughput,0,4,32,0,0,194354122973,194354158866,35892,21,8388608
Uring,throughput,0,4,32,0,0,194354126378,194356364394,2238015,3273,8388608
Uring,throughput,0,4,32,0,0,194354136284,194354227067,90782,1567,8388608
Uring,throughput,0,4,32,0,0,194354138073,194354606599,468526,18,8388608
Uring,throughput,0,4,32,0,0,194354144897,194354241242,96344,30,8388608
Uring,throughput,0,4,32,0,0,194354151163,194354423662,272499,4292,8388608
Uring,throughput,0,4,32,0,0,194354155208,194354433278,278069,19,8388608
Uring,throughput,0,4,32,0,0,194354155664,194354795617,639953,35,8388608
Uring,throughput,0,4,32,0,0,194354158873,194354458258,299384,4603,8388608
Uring,throughput,0,4,32,0,0,194354168025,194354458406,290381,2346,8388608
Uring,throughput,0,4,32,0,0,194354175308,194354818090,642782,4408,8388608
Uring,throughput,0,4,32,0,0,194354180521,194354215298,34777,52,8388608
Uring,throughput,0,4,32,0,0,194354183092,194354259363,76271,20,8388608
Uring,throughput,0,4,32,0,0,194354194361,194354440319,245957,22,8388608
Uring,throughput,0,4,32,0,0,194354203082,194354447443,244360,1902,8388608
Uring,throughput,0,4,32,0,0,194354215333,194355168153,952819,87,8388608
Uring,throughput,0,4,32,0,0,194354221269,194354718599,497330,18,8388608
Uring,throughput,0,4,32,0,0,194354227075,194354723316,496240,17,8388608
Uring,throughput,0,4,32,0,0,194354228434,194356802440,2574005,45,8388608
Uring,throughput,0,4,32,0,0,194354228812,194354812421,583609,13,8388608
Uring,throughput,0,4,32,0,0,194354236559,194354731022,494463,17,8388608
Uring,throughput,0,4,32,0,0,194354237135,194354454892,217757,17,8388608
Uring,throughput,0,4,32,0,0,194354238520,194354871170,632649,2059,8388608
Uring,throughput,0,4,32,0,0,194354241248,194354466565,225317,1716,8388608
Uring,throughput,0,4,32,0,0,194354247644,194354878419,630775,63,8388608
Uring,throughput,0,4,32,0,0,194354252657,194354459148,206491,1615,8388608
Uring,throughput,0,4,32,0,0,194354254223,194354744296,490072,60,8388608
Uring,throughput,0,4,32,0,0,194354257902,194354885924,628022,81,8388608
Uring,throughput,0,4,32,0,0,194354259369,194354745276,485907,34,8388608
Uring,throughput,0,4,32,0,0,194354261254,194354746273,485018,54,8388608
Uring,throughput,0,4,32,0,0,194354261792,194354891767,629974,3041,8388608
Uring,throughput,0,4,32,0,0,194354270499,194354894423,623923,22,8388608
Uring,throughput,0,4,32,0,0,194354271484,194354771439,499954,915,8388608
Uring,throughput,0,4,32,0,0,194354276763,194356898651,2621888,4648,8388608
Uring,throughput,0,4,32,0,0,194354277041,194354900147,623105,2157,8388608
Uring,throughput,0,4,32,0,0,194354278332,194354772928,494596,21,8388608
Uring,throughput,0,4,32,0,0,194354281601,194354549190,267588,53,8388608
Uring,throughput,0,4,32,0,0,194354282907,194354345420,62512,19,8388608
Uring,throughput,0,4,32,0,0,194354285826,194354401157,115331,16,8388608
Uring,throughput,0,4,32,0,0,194354299028,194356946640,2647611,34,8388608
Uring,throughput,0,4,32,0,0,194354306937,194354581209,274272,21,8388608
Uring,throughput,0,4,32,0,0,194354307137,194354973383,666246,16,8388608
Uring,throughput,0,4,32,0,0,194354319778,194355251386,931608,24,8388608
Uring,throughput,0,4,32,0,0,194354322038,194354704115,382077,118,8388608
Uring,throughput,0,4,32,0,0,194354329642,194354404706,75064,25,8388608
Uring,throughput,0,4,32,0,0,194354331261,194354894680,563418,19,8388608
Uring,throughput,0,4,32,0,0,194354333478,194354473867,140389,20,8388608
Uring,throughput,0,4,32,0,0,194354336618,194354374952,38333,53,8388608
Uring,throughput,0,4,32,0,0,194354342115,194354621561,279445,32,8388608
Uring,throughput,0,4,32,0,0,194354345426,194356996701,2651274,4307,8388608
Uring,throughput,0,4,32,0,0,194354352935,194355066027,713091,156,8388608
Uring,throughput,0,4,32,0,0,194354363241,194354819664,456423,21,8388608
Uring,throughput,0,4,32,0,0,194354367617,194354425464,57847,1408,8388608
Uring,throughput,0,4,32,0,0,194354374963,194354502373,127409,2570,8388608
Uring,throughput,0,4,32,0,0,194354379458,194354481513,102055,2595,8388608
Uring,throughput,0,4,32,0,0,194354379731,194356138050,1758318,20,8388608
Uring,throughput,0,4,32,0,0,194354384364,194355379514,995150,2347,8388608
Uring,throughput,0,4,32,0,0,194354385757,194354661641,275884,14,8388608
Uring,throughput,0,4,32,0,0,194354387143,194354978035,590892,2712,8388608
Uring,throughput,0,4,32,0,0,194354389335,194354833662,444327,45,8388608
Uring,throughput,0,4,32,0,0,194354390551,194354834904,444352,30,8388608
Uring,throughput,0,4,32,0,0,194354394526,194354604300,209773,17,8388608
Uring,throughput,0,4,32,0,0,194354395871,194354665575,269703,47,8388608
Uring,throughput,0,4,32,0,0,194354401165,194354452208,51043,1264,8388608
Uring,throughput,0,4,32,0,0,194354404714,194354669396,264682,23,8388608
Uring,throughput,0,4,32,0,0,194354407564,194354722439,314875,12,8388608
Uring,throughput,0,4,32,0,0,194354413324,194354848751,435427,73,8388608
Uring,throughput,0,4,32,0,0,194354415848,194354997718,581869,13,8388608
Uring,throughput,0,4,32,0,0,194354417461,194355000706,583244,2161,8388608
Uring,throughput,0,4,32,0,0,194354423670,194356596875,2173204,87,8388608
Uring,throughput,0,4,32,0,0,194354425470,194354905822,480351,17,8388608
Uring,throughput,0,4,32,0,0,194354426064,194354503789,77725,4563,8388608
Uring,throughput,0,4,32,0,0,194354433285,194355255371,822086,3045,8388608
Uring,throughput,0,4,32,0,0,194354437101,194354683356,246254,16,8388608
Uring,throughput,0,4,32,0,0,194354440322,194354716097,275774,14,8388608
Uring,throughput,0,4,32,0,0,194354447476,194354690690,243214,30,8388608
Uring,throughput,0,4,32,0,0,194354452216,194354770884,318668,35,8388608
Uring,throughput,0,4,32,0,0,194354454900,194354890126,435226,79,8388608
Uring,throughput,0,4,32,0,0,194354458266,194354526653,68386,34,8388608
Uring,throughput,0,4,32,0,0,194354458413,194354701520,243106,129,8388608
Uring,throughput,0,4,32,0,0,194354458915,194356322912,1863996,68,8388608
Uring,throughput,0,4,32,0,0,194354459150,194354518278,59127,17,8388608
Uring,throughput,0,4,32,0,0,194354466570,194354900650,434080,14,8388608
Uring,throughput,0,4,32,0,0,194354473875,194355108104,634229,660,8388608
Uring,throughput,0,4,32,0,0,194354476161,194356985216,2509054,33,8388608
Uring,throughput,0,4,32,0,0,194354481539,194354528566,47027,33,8388608
Uring,throughput,0,4,32,0,0,194354491792,194355002127,510335,32,8388608
Uring,throughput,0,4,32,0,0,194354493277,194354877390,384113,34,8388608
Uring,throughput,0,4,32,0,0,194354493453,194355012197,518744,77,8388608
Uring,throughput,0,4,32,0,0,194354502380,194354892092,389711,25,8388608
Uring,throughput,0,4,32,0,0,194354503796,194354557861,54065,40,8388608
Uring,throughput,0,4,32,0,0,194354518286,194354915127,396841,23,8388608
Uring,throughput,0,4,32,0,0,194354526384,194354757569,231184,25,8388608
Uring,throughput,0,4,32,0,0,194354526662,194354923409,396747,49,8388608
Uring,throughput,0,4,32,0,0,194354528571,194354575552,46980,12,8388608
Uring,throughput,0,4,32,0,0,194354540457,194354953210,412753,20,8388608
Uring,throughput,0,4,32,0,0,194354544664,194355078770,534106,22,8388608
Uring,throughput,0,4,32,0,0,194354549218,194354790914,241695,1530,8388608
Uring,throughput,0,4,32,0,0,194354550724,194354882518,331793,44,8388608
Uring,throughput,0,4,32,0,0,194354557871,194355089086,531214,28,8388608
Uring,throughput,0,4,32,0,0,194354562690,194354992617,429927,22,8388608
Uring,throughput,0,4,32,0,0,194354564914,194354609327,44412,2257,8388608
Uring,throughput,0,4,32,0,0,194354572860,194354910690,337829,29,8388608
Uring,throughput,0,4,32,0,0,194354575560,194354770340,194780,1667,8388608
Uring,throughput,0,4,32,0,0,194354581217,194357139925,2558707,2750,8388608
Uring,throughput,0,4,32,0,0,194354585170,194355191949,606778,28,8388608
Uring,throughput,0,4,32,0,0,194354585780,194354826256,240476,25,8388608
Uring,throughput,0,4,32,0,0,194354594765,194355030627,435862,21,8388608
Uring,throughput,0,4,32,0,0,194354602869,194354727189,124319,25,8388608
Uring,throughput,0,4,32,0,0,194354604309,194354864964,260655,23,8388608
Uring,throughput,0,4,32,0,0,194354606636,194354639293,32657,53,8388608
Uring,throughput,0,4,32,0,0,194354609333,194354824242,214908,16,8388608
Uring,throughput,0,4,32,0,0,194354613993,194355122979,508986,102,8388608
Uring,throughput,0,4,32,0,0,194354621569,194354702956,81386,37,8388608
Uring,throughput,0,4,32,0,0,194354623458,194355010215,386757,16,8388608
Uring,throughput,0,4,32,0,0,194354635556,194355135050,499494,17,8388608
Uring,throughput,0,4,32,0,0,194354639299,194354966685,327385,3534,8388608
Uring,throughput,0,4,32,0,0,194354646980,194354707952,60972,47,8388608
Uring,throughput,0,4,32,0,0,194354648309,194354926070,277760,18,8388608
Uring,throughput,0,4,32,0,0,194354655510,194354996063,340553,17,8388608
Uring,throughput,0,4,32,0,0,194354661650,194354771239,109589,940,8388608
Uring,throughput,0,4,32,0,0,194354665582,194356158504,1492922,26,8388608
Uring,throughput,0,4,32,0,0,194354669404,194355205155,535751,2397,8388608
Uring,throughput,0,4,32,0,0,194354670584,194357177936,2507351,31,8388608
Uring,throughput,0,4,32,0,0,194354673301,194355647268,973967,646,8388608
Uring,throughput,0,4,32,0,0,194354683364,194354742601,59237,22,8388608
Uring,throughput,0,4,32,0,0,194354690698,194355175024,484325,23,8388608
Uring,throughput,0,4,32,0,0,194354695435,194355122582,427147,56,8388608
Uring,throughput,0,4,32,0,0,194354701530,194354898057,196526,28,8388608
Uring,throughput,0,4,32,0,0,194354702963,194354837771,134807,910,8388608
Uring,throughput,0,4,32,0,0,194354704119,194355239393,535273,40,8388608
Uring,throughput,0,4,32,0,0,194354707958,194356939642,2231684,4146,8388608
Uring,throughput,0,4,32,0,0,194354716102,194355044311,328208,2274,8388608
Uring,throughput,0,4,32,0,0,194354718603,194355046886,328282,23,8388608
Uring,throughput,0,4,32,0,0,194354722445,194357196728,2474282,17,8388608
Uring,throughput,0,4,32,0,0,194354723322,194355158933,435610,74,8388608
Uring,throughput,0,4,32,0,0,194354727194,194354990771,263576,22,8388608
Uring,throughput,0,4,32,0,0,194354731027,194354785739,54712,18,8388608
Uring,throughput,0,4,32,0,0,194354742607,194355208774,466166,6037,8388608
Uring,throughput,0,4,32,0,0,194354744306,194355049753,305446,4655,8388608
Uring,throughput,0,4,32,0,0,194354745281,194355351648,606366,2083,8388608
Uring,throughput,0,4,32,0,0,194354746307,194355084375,338068,2858,8388608
Uring,throughput,0,4,32,0,0,194354757578,194355204938,447360,25,8388608
Uring,throughput,0,4,32,0,0,194354759974,194355013273,253299,88,8388608
Uring,throughput,0,4,32,0,0,194354770348,194355219302,448954,101,8388608
Uring,throughput,0,4,32,0,0,194354770891,194354868405,97513,86,8388608
Uring,throughput,0,4,32,0,0,194354770894,194355222662,451767,74,8388608
Uring,throughput,0,4,32,0,0,194354771241,194355061522,290280,13,8388608
Uring,throughput,0,4,32,0,0,194354771441,194354867991,96549,13,8388608
Uring,throughput,0,4,32,0,0,194354772958,194355034828,261869,18,8388608
Uring,throughput,0,4,32,0,0,194354785748,194355065363,279614,2195,8388608
Uring,throughput,0,4,32,0,0,194354790923,194354828851,37927,20,8388608
Uring,throughput,0,4,32,0,0,194354795626,194355232174,436548,15,8388608
Uring,throughput,0,4,32,0,0,194354812430,194354967110,154680,3195,8388608
Uring,throughput,0,4,32,0,0,194354818097,194357216264,2398166,43,8388608
Uring,throughput,0,4,32,0,0,194354819668,194355247372,427703,2304,8388608
Uring,throughput,0,4,32,0,0,194354824249,194354940349,116100,42,8388608
Uring,throughput,0,4,32,0,0,194354826262,194355091471,265209,42,8388608
Uring,throughput,0,4,32,0,0,194354828860,194354946267,117406,24,8388608
Uring,throughput,0,4,32,0,0,194354833669,194355288350,454681,4363,8388608
Uring,throughput,0,4,32,0,0,194354834912,194356626554,1791641,4848,8388608
Uring,throughput,0,4,32,0,0,194354837776,194355302801,465025,321,8388608
Uring,throughput,0,4,32,0,0,194354848761,194355148189,299428,4040,8388608
Uring,throughput,0,4,32,0,0,194354856139,194355311674,455534,530,8388608
Uring,throughput,0,4,32,0,0,194354864972,194355373714,508741,3343,8388608
Uring,throughput,0,4,32,0,0,194354867995,194355184303,316307,353,8388608
Uring,throughput,0,4,32,0,0,194354868409,194355005911,137501,14,8388608
Uring,throughput,0,4,32,0,0,194354871174,194355104602,233428,15,8388608
Uring,throughput,0,4,32,0,0,194354877142,194355212598,335455,3121,8388608
Uring,throughput,0,4,32,0,0,194354877393,194355240824,363431,30,8388608
Uring,throughput,0,4,32,0,0,194354877467,194355045874,168407,96,8388608
Uring,throughput,0,4,32,0,0,194354878422,194355113110,234688,3937,8388608
Uring,throughput,0,4,32,0,0,194354878650,194355281078,402427,4302,8388608
Uring,throughput,0,4,32,0,0,194354882526,194355057943,175416,2574,8388608
Uring,throughput,0,4,32,0,0,194354885929,194355114660,228730,4691,8388608
Uring,throughput,0,4,32,0,0,194354890131,194354935803,45672,1531,8388608
Uring,throughput,0,4,32,0,0,194354891776,194355422526,530750,29,8388608
Uring,throughput,0,4,32,0,0,194354892101,194355214116,322014,43,8388608
Uring,throughput,0,4,32,0,0,194354894428,194355288210,393781,13,8388608
Uring,throughput,0,4,32,0,0,194354894681,194355270946,376265,9,8388608
Uring,throughput,0,4,32,0,0,194354898064,194355295050,396986,3827,8388608
Uring,throughput,0,4,32,0,0,194354900153,194355133299,233145,15,8388608
Uring,throughput,0,4,32,0,0,194354900652,194355936124,1035471,10,8388608
Uring,throughput,0,4,32,0,0,194354905851,194355147046,241195,76,8388608
Uring,throughput,0,4,32,0,0,194354910698,194357234489,2323790,7604,8388608
Uring,throughput,0,4,32,0,0,194354915132,194357236951,2321819,3504,8388608
Uring,throughput,0,4,32,0,0,194354923415,194355498928,575513,2826,8388608
Uring,throughput,0,4,32,0,0,194354926078,194355040070,113992,176,8388608
Uring,throughput,0,4,32,0,0,194354935904,194355463178,527274,54,8388608
Uring,throughput,0,4,32,0,0,194354940357,194355102985,162628,3752,8388608
Uring,throughput,0,4,32,0,0,194354946275,194355120101,173825,5246,8388608
Uring,throughput,0,4,32,0,0,194354953219,194355023188,69968,38,8388608
Uring,throughput,0,4,32,0,0,194354954732,194355524132,569399,20,8388608
Uring,throughput,0,4,32,0,0,194354966758,194357245650,2278892,60,8388608
Uring,throughput,0,4,32,0,0,194354967121,194355285174,318052,28,8388608
Uring,throughput,0,4,32,0,0,194354973391,194355533182,559790,3783,8388608
Uring,throughput,0,4,32,0,0,194354978044,194355331439,353395,18,8388608
Uring,throughput,0,4,32,0,0,194354985399,194357244742,2259342,23,8388608
Uring,throughput,0,4,32,0,0,194354990777,194355483179,492402,499,8388608
Uring,throughput,0,4,32,0,0,194354990870,194355306289,315418,354,8388608
Uring,throughput,0,4,32,0,0,194354992622,194355130036,137413,1049,8388608
Uring,throughput,0,4,32,0,0,194354996071,194355300173,304102,17,8388608
Uring,throughput,0,4,32,0,0,194354997726,194357247108,2249381,4315,8388608
Uring,throughput,0,4,32,0,0,194355000715,194356100160,1099445,85,8388608
Uring,throughput,0,4,32,0,0,194355002134,194356539542,1537408,27,8388608
Uring,throughput,0,4,32,0,0,194355005919,194355056180,50261,1168,8388608
Uring,throughput,0,4,32,0,0,194355010224,194355349497,339273,21,8388608
Uring,throughput,0,4,32,0,0,194355012205,194355662118,649912,1212,8388608
Uring,throughput,0,4,32,0,0,194355013282,194355352758,339476,2010,8388608
Uring,throughput,0,4,32,0,0,194355023194,194355206433,183239,4557,8388608
Uring,throughput,0,4,32,0,0,194355030634,194355582173,551539,4509,8388608
Uring,throughput,0,4,32,0,0,194355034835,194357127241,2092405,5161,8388608
Uring,throughput,0,4,32,0,0,194355040076,194355339260,299184,4568,8388608
Uring,throughput,0,4,32,0,0,194355044317,194355209383,165065,367,8388608
Uring,throughput,0,4,32,0,0,194355045895,194356001866,955971,2475,8388608
Uring,throughput,0,4,32,0,0,194355046911,194355661028,614116,5377,8388608
Uring,throughput,0,4,32,0,0,194355049760,194355484143,434383,20,8388608
Uring,throughput,0,4,32,0,0,194355056186,194355131387,75201,44,8388608
Uring,throughput,0,4,32,0,0,194355057982,194355147760,89777,59,8388608
Uring,throughput,0,4,32,0,0,194355061530,194355665078,603547,75,8388608
Uring,throughput,0,4,32,0,0,194355065370,194355120236,54865,46,8388608
Uring,throughput,0,4,32,0,0,194355066035,194357240033,2173997,30,8388608
Uring,throughput,0,4,32,0,0,194355078778,194356180554,1101775,17,8388608
Uring,throughput,0,4,32,0,0,194355084384,194355340273,255889,18,8388608
Uring,throughput,0,4,32,0,0,194355089093,194355356824,267731,4314,8388608
Uring,throughput,0,4,32,0,0,194355091478,194355236959,145481,2521,8388608
Uring,throughput,0,4,32,0,0,194355102993,194355391467,288474,34,8388608
Uring,throughput,0,4,32,0,0,194355104609,194355248024,143415,43,8388608
Uring,throughput,0,4,32,0,0,194355108112,194355724702,616590,29,8388608
Uring,throughput,0,4,32,0,0,194355113117,194355726887,613769,19,8388608
Uring,throughput,0,4,32,0,0,194355114663,194355344358,229695,11,8388608
Uring,throughput,0,4,32,0,0,194355120107,194355707814,587706,23,8388608
Uring,throughput,0,4,32,0,0,194355120243,194355193934,73691,52,8388608
Uring,throughput,0,4,32,0,0,194355122589,194357133328,2010739,26,8388608
Uring,throughput,0,4,32,0,0,194355122987,194357266793,2143805,2614,8388608
Uring,throughput,0,4,32,0,0,194355129789,194355884753,754964,18,8388608
Uring,throughput,0,4,32,0,0,194355130037,194355332213,202175,11,8388608
Uring,throughput,0,4,32,0,0,194355131393,194355733753,602360,47,8388608
Uring,throughput,0,4,32,0,0,194355131492,194355270461,138969,3690,8388608
Uring,throughput,0,4,32,0,0,194355133301,194355405386,272084,29,8388608
Uring,throughput,0,4,32,0,0,194355135057,194355359160,224102,192,8388608
Uring,throughput,0,4,32,0,0,194355147053,194355492317,345263,339,8388608
Uring,throughput,0,4,32,0,0,194355147762,194355215903,68141,13,8388608
Uring,throughput,0,4,32,0,0,194355148196,194355381952,233755,68,8388608
Uring,throughput,0,4,32,0,0,194355158940,194355428522,269582,1645,8388608
Uring,throughput,0,4,32,0,0,194355168160,194355756028,587867,660,8388608
Uring,throughput,0,4,32,0,0,194355175061,194355421809,246748,3344,8388608
Uring,throughput,0,4,32,0,0,194355184311,194355443394,259083,1838,8388608
Uring,throughput,0,4,32,0,0,194355191955,194355342847,150891,6792,8388608
Uring,throughput,0,4,32,0,0,194355193941,194355771249,577308,1575,8388608
Uring,throughput,0,4,32,0,0,194355204946,194355403876,198929,2460,8388608
Uring,throughput,0,4,32,0,0,194355205173,194356396492,1191318,83,8388608
Uring,throughput,0,4,32,0,0,194355206441,194355592838,386396,15,8388608
Uring,throughput,0,4,32,0,0,194355208781,194355568488,359706,74,8388608
Uring,throughput,0,4,32,0,0,194355209385,194355778170,568784,12,8388608
Uring,throughput,0,4,32,0,0,194355212606,194355252808,40202,26,8388608
Uring,throughput,0,4,32,0,0,194355214166,194355794454,580288,3768,8388608
Uring,throughput,0,4,32,0,0,194355215909,194357280822,2064913,6558,8388608
Uring,throughput,0,4,32,0,0,194355219309,194355433400,214090,16,8388608
Uring,throughput,0,4,32,0,0,194355222668,194355605823,383154,2491,8388608
Uring,throughput,0,4,32,0,0,194355229193,194355463538,234345,26,8388608
Uring,throughput,0,4,32,0,0,194355232201,194355471969,239768,2133,8388608
Uring,throughput,0,4,32,0,0,194355236968,194355482091,245123,76,8388608
Uring,throughput,0,4,32,0,0,194355239399,194355837954,598554,1418,8388608
Uring,throughput,0,4,32,0,0,194355240829,194357281073,2040243,4262,8388608
Uring,throughput,0,4,32,0,0,194355247377,194355444324,196947,65,8388608
Uring,throughput,0,4,32,0,0,194355248026,194355480182,232155,1527,8388608
Uring,throughput,0,4,32,0,0,194355251394,194355328456,77062,41,8388608
Uring,throughput,0,4,32,0,0,194355252813,194355857210,604396,15,8388608
Uring,throughput,0,4,32,0,0,194355255378,194355723591,468213,34,8388608
Uring,throughput,0,4,32,0,0,194355270469,194356868966,1598496,49,8388608
Uring,throughput,0,4,32,0,0,194355270952,194355461123,190171,1862,8388608
Uring,throughput,0,4,32,0,0,194355281084,194355395707,114622,18,8388608
Uring,throughput,0,4,32,0,0,194355285181,194355400884,115703,20,8388608
Uring,throughput,0,4,32,0,0,194355288217,194355759040,470823,6600,8388608
Uring,throughput,0,4,32,0,0,194355288356,194355527194,238837,39,8388608
Uring,throughput,0,4,32,0,0,194355295055,194355503603,208548,77,8388608
Uring,throughput,0,4,32,0,0,194355300180,194355421124,120944,1891,8388608
Uring,throughput,0,4,32,0,0,194355302806,194355686928,384121,14,8388608
Uring,throughput,0,4,32,0,0,194355306296,194355511658,205362,26,8388608
Uring,throughput,0,4,32,0,0,194355311682,194355512169,200486,28,8388608
Uring,throughput,0,4,32,0,0,194355317071,194356200521,883449,16,8388608
Uring,throughput,0,4,32,0,0,194355328462,194355867258,538796,1972,8388608
Uring,throughput,0,4,32,0,0,194355331446,194355532597,201151,21,8388608
Uring,throughput,0,4,32,0,0,194355332219,194355504769,172549,21,8388608
Uring,throughput,0,4,32,0,0,194355339267,194355378078,38810,50,8388608
Uring,throughput,0,4,32,0,0,194355340283,194356315566,975282,27,8388608
Uring,throughput,0,4,32,0,0,194355342853,194355767037,424183,20,8388608
Uring,throughput,0,4,32,0,0,194355344365,194357292074,1947708,30,8388608
Uring,throughput,0,4,32,0,0,194355349505,194355991171,641665,3941,8388608
Uring,throughput,0,4,32,0,0,194355351653,194355552552,200898,14,8388608
Uring,throughput,0,4,32,0,0,194355352768,194355509710,156942,31,8388608
Uring,throughput,0,4,32,0,0,194355356831,194355424794,67962,17,8388608
Uring,throughput,0,4,32,0,0,194355359167,194355898206,539038,3503,8388608
Uring,throughput,0,4,32,0,0,194355359446,194357292651,1933205,98,8388608
Uring,throughput,0,4,32,0,0,194355373722,194356928952,1555230,28,8388608
Uring,throughput,0,4,32,0,0,194355378084,194356002123,624038,16,8388608
Uring,throughput,0,4,32,0,0,194355379519,194355564589,185070,50,8388608
Uring,throughput,0,4,32,0,0,194355381957,194355553031,171074,14,8388608
Uring,throughput,0,4,32,0,0,194355391474,194355526346,134871,36,8388608
Uring,throughput,0,4,32,0,0,194355395714,194355435993,40278,55,8388608
Uring,throughput,0,4,32,0,0,194355400889,194355585102,184213,4254,8388608
Uring,throughput,0,4,32,0,0,194355403883,194356012179,608295,18,8388608
Uring,throughput,0,4,32,0,0,194355405392,194355538774,133381,2944,8388608
Uring,throughput,0,4,32,0,0,194355421131,194355463481,42350,19,8388608
Uring,throughput,0,4,32,0,0,194355421817,194357077800,1655983,23,8388608
Uring,throughput,0,4,32,0,0,194355422535,194355553105,130569,20,8388608
Uring,throughput,0,4,32,0,0,194355424799,194355957757,532957,13,8388608
Uring,throughput,0,4,32,0,0,194355428530,194355685785,257255,21,8388608
Uring,throughput,0,4,32,0,0,194355433407,194356047568,614161,4828,8388608
Uring,throughput,0,4,32,0,0,194355435997,194357297360,1861362,7136,8388608
Uring,throughput,0,4,32,0,0,194355442927,194356986412,1543484,257,8388608
Uring,throughput,0,4,32,0,0,194355443401,194355565669,122268,76,8388608
Uring,throughput,0,4,32,0,0,194355444332,194355557843,113510,40,8388608
Uring,throughput,0,4,32,0,0,194355461132,194355574343,113210,45,8388608
Uring,throughput,0,4,32,0,0,194355463188,194355577297,114109,67,8388608
Uring,throughput,0,4,32,0,0,194355463483,194356270861,807378,9,8388608
Uring,throughput,0,4,32,0,0,194355463546,194355568247,104700,21,8388608
Uring,throughput,0,4,32,0,0,194355471976,194357301055,1829078,19,8388608
Uring,throughput,0,4,32,0,0,194355480189,194355621383,141194,25,8388608
Uring,throughput,0,4,32,0,0,194355482094,194355545244,63149,11,8388608
Uring,throughput,0,4,32,0,0,194355483183,194355791364,308180,13,8388608
Uring,throughput,0,4,32,0,0,194355484146,194356077896,593750,13,8388608
Uring,throughput,0,4,32,0,0,194355492322,194356024237,531914,36,8388608
Uring,throughput,0,4,32,0,0,194355498933,194355609535,110602,21,8388608
Uring,throughput,0,4,32,0,0,194355503611,194355917370,413759,16,8388608
Uring,throughput,0,4,32,0,0,194355504777,194357295625,1790848,5727,8388608
Uring,throughput,0,4,32,0,0,194355509718,194355643707,133989,51,8388608
Uring,throughput,0,4,32,0,0,194355511665,194355616617,104951,33,8388608
Uring,throughput,0,4,32,0,0,194355512173,194356043188,531015,11,8388608
Uring,throughput,0,4,32,0,0,194355524143,194356156218,632074,5430,8388608
Uring,throughput,0,4,32,0,0,194355526351,194355665674,139322,1700,8388608
Uring,throughput,0,4,32,0,0,194355527198,194355634765,107567,19,8388608
Uring,throughput,0,4,32,0,0,194355532603,194355602883,70279,1934,8388608
Uring,throughput,0,4,32,0,0,194355533220,194356046124,512904,15,8388608
Uring,throughput,0,4,32,0,0,194355538783,194355576415,37632,23,8388608
Uring,throughput,0,4,32,0,0,194355545253,194356137541,592287,4554,8388608
Uring,throughput,0,4,32,0,0,194355552557,194356599591,1047033,14,8388608
Uring,throughput,0,4,32,0,0,194355553038,194356143324,590285,9653,8388608
Uring,throughput,0,4,32,0,0,194355553108,194355676885,123776,1739,8388608
Uring,throughput,0,4,32,0,0,194355557849,194356125603,567753,5062,8388608
Uring,throughput,0,4,32,0,0,194355564595,194355682023,117428,58,8388608
Uring,throughput,0,4,32,0,0,194355565677,194355674199,108521,25,8388608
Uring,throughput,0,4,32,0,0,194355568254,194356166704,598450,4782,8388608
Uring,throughput,0,4,32,0,0,194355568495,194355621814,53318,13,8388608
Uring,throughput,0,4,32,0,0,194355574347,194355772776,198428,13,8388608
Uring,throughput,0,4,32,0,0,194355576421,194356159742,583321,40,8388608
Uring,throughput,0,4,32,0,0,194355577301,194355618642,41340,775,8388608
Uring,throughput,0,4,32,0,0,194355582180,194355670060,87880,137,8388608
Uring,throughput,0,4,32,0,0,194355585155,194355682182,97027,38,8388608
Uring,throughput,0,4,32,0,0,194355592844,194355663516,70671,28,8388608
Uring,throughput,0,4,32,0,0,194355602890,194356010043,407153,17,8388608
Uring,throughput,0,4,32,0,0,194355605847,194356154260,548413,24,8388608
Uring,throughput,0,4,32,0,0,194355609544,194356073369,463825,19,8388608
Uring,throughput,0,4,32,0,0,194355616625,194356186753,570128,4698,8388608
Uring,throughput,0,4,32,0,0,194355618647,194355653312,34664,18,8388608
Uring,throughput,0,4,32,0,0,194355621392,194355846083,224690,36,8388608
Uring,throughput,0,4,32,0,0,194355621822,194357307635,1685813,9945,8388608
Uring,throughput,0,4,32,0,0,194355634776,194355779829,145053,2530,8388608
Uring,throughput,0,4,32,0,0,194355643713,194356216590,572876,3835,8388608
Uring,throughput,0,4,32,0,0,194355647276,194356042218,394942,142,8388608
Uring,throughput,0,4,32,0,0,194355653318,194356145061,491743,16,8388608
Uring,throughput,0,4,32,0,0,194355661034,194357071649,1410615,17,8388608
Uring,throughput,0,4,32,0,0,194355662122,194355693791,31668,14,8388608
Uring,throughput,0,4,32,0,0,194355663519,194356229758,566238,4464,8388608
Uring,throughput,0,4,32,0,0,194355665086,194356196617,531530,4203,8388608
Uring,throughput,0,4,32,0,0,194355665677,194356233973,568296,35,8388608
Uring,throughput,0,4,32,0,0,194355670064,194356192541,522476,16,8388608
Uring,throughput,0,4,32,0,0,194355674208,194355714947,40738,1236,8388608
Uring,throughput,0,4,32,0,0,194355676889,194355702694,25805,22,8388608
Uring,throughput,0,4,32,0,0,194355682026,194356209593,527566,660,8388608
Uring,throughput,0,4,32,0,0,194355682190,194355746773,64582,34,8388608
Uring,throughput,0,4,32,0,0,194355685792,194356253911,568118,24,8388608
Uring,throughput,0,4,32,0,0,194355686937,194355720965,34028,1102,8388608
Uring,throughput,0,4,32,0,0,194355693798,194355894778,200980,30,8388608
Uring,throughput,0,4,32,0,0,194355702702,194355804874,102172,22,8388608
Uring,throughput,0,4,32,0,0,194355707820,194355854242,146422,19,8388608
Uring,throughput,0,4,32,0,0,194355714952,194355815482,100529,69,8388608
Uring,throughput,0,4,32,0,0,194355720972,194356162275,441302,171,8388608
Uring,throughput,0,4,32,0,0,194355723599,194356237305,513706,20,8388608
Uring,throughput,0,4,32,0,0,194355724706,194356287858,563152,15,8388608
Uring,throughput,0,4,32,0,0,194355726913,194355800479,73566,56,8388608
Uring,throughput,0,4,32,0,0,194355733762,194356245343,511581,4233,8388608
Uring,throughput,0,4,32,0,0,194355746780,194355832168,85387,2289,8388608
Uring,throughput,0,4,32,0,0,194355749993,194357336425,1586431,44,8388608
Uring,throughput,0,4,32,0,0,194355756035,194355858284,102248,35,8388608
Uring,throughput,0,4,32,0,0,194355759070,194356359124,600054,24,8388608
Uring,throughput,0,4,32,0,0,194355761624,194357340528,1578903,18,8388608
Uring,throughput,0,4,32,0,0,194355766060,194356405920,639859,17,8388608
Uring,throughput,0,4,32,0,0,194355767044,194356230482,463437,73,8388608
Uring,throughput,0,4,32,0,0,194355769881,194355843568,73686,40,8388608
Uring,throughput,0,4,32,0,0,194355771108,194357345476,1574368,1744,8388608
Uring,throughput,0,4,32,0,0,194355771254,194355797673,26419,17,8388608
Uring,throughput,0,4,32,0,0,194355772875,194356376616,603740,1982,8388608
Uring,throughput,0,4,32,0,0,194355778176,194355834583,56407,869,8388608
Uring,throughput,0,4,32,0,0,194355779833,194355816414,36581,29,8388608
Uring,throughput,0,4,32,0,0,194355789092,194355940710,151617,128,8388608
Uring,throughput,0,4,32,0,0,194355791371,194356365878,574506,38,8388608
Uring,throughput,0,4,32,0,0,194355794459,194355822447,27987,142,8388608
Uring,throughput,0,4,32,0,0,194355797711,194355900264,102552,48,8388608
Uring,throughput,0,4,32,0,0,194355800487,194356791577,991089,6432,8388608
Uring,throughput,0,4,32,0,0,194355804881,194355867097,62215,1071,8388608
Uring,throughput,0,4,32,0,0,194355815488,194355892965,77476,64,8388608
Uring,throughput,0,4,32,0,0,194355816422,194356285298,468876,46,8388608
Uring,throughput,0,4,32,0,0,194355822454,194356287102,464648,16,8388608
Uring,throughput,0,4,32,0,0,194355830858,194356294273,463415,3426,8388608
Uring,throughput,0,4,32,0,0,194355832177,194355866535,34358,85,8388608
Uring,throughput,0,4,32,0,0,194355834589,194355905934,71344,23,8388608
Uring,throughput,0,4,32,0,0,194355837961,194356291084,453123,74,8388608
Uring,throughput,0,4,32,0,0,194355843572,194355900524,56951,29,8388608
Uring,throughput,0,4,32,0,0,194355846090,194356420278,574187,4969,8388608
Uring,throughput,0,4,32,0,0,194355854248,194356298921,444672,5860,8388608
Uring,throughput,0,4,32,0,0,194355857218,194356969628,1112410,1011,8388608
Uring,throughput,0,4,32,0,0,194355858287,194356417409,559122,206,8388608
Uring,throughput,0,4,32,0,0,194355866542,194356286813,420270,17,8388608
Uring,throughput,0,4,32,0,0,194355867104,194356094497,227392,40,8388608
Uring,throughput,0,4,32,0,0,194355867266,194355904841,37574,44,8388608
Uring,throughput,0,4,32,0,0,194355884760,194356426446,541686,17,8388608
Uring,throughput,0,4,32,0,0,194355892971,194355998533,105561,1823,8388608
Uring,throughput,0,4,32,0,0,194355894786,194357365297,1470511,3883,8388608
Uring,throughput,0,4,32,0,0,194355898252,194355921391,23139,19,8388608
Uring,throughput,0,4,32,0,0,194355900271,194356095721,195450,382,8388608
Uring,throughput,0,4,32,0,0,194355900529,194355947418,46888,4090,8388608
Uring,throughput,0,4,32,0,0,194355904848,194355939424,34575,30,8388608
Uring,throughput,0,4,32,0,0,194355905942,194356325554,419611,33,8388608
Uring,throughput,0,4,32,0,0,194355917378,194356331712,414334,1989,8388608
Uring,throughput,0,4,32,0,0,194355921398,194356159159,237761,43,8388608
Uring,throughput,0,4,32,0,0,194355924470,194357372542,1448072,22,8388608
Uring,throughput,0,4,32,0,0,194355936132,194356350552,414420,3116,8388608
Uring,throughput,0,4,32,0,0,194355939430,194357391591,1452161,1902,8388608
Uring,throughput,0,4,32,0,0,194355940714,194355980765,40050,13,8388608
Uring,throughput,0,4,32,0,0,194355947423,194355970469,23046,14,8388608
Uring,throughput,0,4,32,0,0,194355957765,194356192843,235078,3107,8388608
Uring,throughput,0,4,32,0,0,194355970476,194355994254,23778,18,8388608
Uring,throughput,0,4,32,0,0,194355980771,194356072682,91910,890,8388608
Uring,throughput,0,4,32,0,0,194355991179,194356599121,607941,37,8388608
Uring,throughput,0,4,32,0,0,194355994260,194356498988,504727,2035,8388608
Uring,throughput,0,4,32,0,0,194355998542,194356378290,379748,23,8388608
Uring,throughput,0,4,32,0,0,194356001875,194356497689,495814,17,8388608
Uring,throughput,0,4,32,0,0,194356002125,194356383225,381099,2026,8388608
Uring,throughput,0,4,32,0,0,194356002173,194356368514,366340,793,8388608
Uring,throughput,0,4,32,0,0,194356004222,194356059818,55596,64,8388608
Uring,throughput,0,4,32,0,0,194356010052,194356339759,329707,17,8388608
Uring,throughput,0,4,32,0,0,194356012188,194356044078,31889,148,8388608
Uring,throughput,0,4,32,0,0,194356024247,194356695111,670863,31,8388608
Uring,throughput,0,4,32,0,0,194356036204,194357423038,1386834,36,8388608
Uring,throughput,0,4,32,0,0,194356042227,194356613475,571247,32,8388608
Uring,throughput,0,4,32,0,0,194356043195,194356647928,604733,3087,8388608
Uring,throughput,0,4,32,0,0,194356044082,194356257297,213214,4206,8388608
Uring,throughput,0,4,32,0,0,194356046132,194356475785,429653,237,8388608
Uring,throughput,0,4,32,0,0,194356047578,194356441546,393967,224,8388608
Uring,throughput,0,4,32,0,0,194356048448,194357430243,1381794,1948,8388608
Uring,throughput,0,4,32,0,0,194356056149,194357429114,1372965,17,8388608
Uring,throughput,0,4,32,0,0,194356059826,194356121495,61669,6796,8388608
Uring,throughput,0,4,32,0,0,194356072687,194356534670,461982,22,8388608
Uring,throughput,0,4,32,0,0,194356073376,194356144893,71517,996,8388608
Uring,throughput,0,4,32,0,0,194356077901,194356109429,31528,916,8388608
Uring,throughput,0,4,32,0,0,194356094506,194356156289,61782,30,8388608
Uring,throughput,0,4,32,0,0,194356095725,194356263515,167790,17,8388608
Uring,throughput,0,4,32,0,0,194356100169,194356781918,681749,18,8388608
Uring,throughput,0,4,32,0,0,194356109434,194356220147,110712,23,8388608
Uring,throughput,0,4,32,0,0,194356111140,194357084881,973741,2151,8388608
Uring,throughput,0,4,32,0,0,194356121501,194356460469,338967,18,8388608
Uring,throughput,0,4,32,0,0,194356125610,194356454156,328545,60,8388608
Uring,throughput,0,4,32,0,0,194356129389,194357480467,1351077,18,8388608
Uring,throughput,0,4,32,0,0,194356137548,194356361714,224166,14,8388608
Uring,throughput,0,4,32,0,0,194356138058,194357152073,1014015,855,8388608
Uring,throughput,0,4,32,0,0,194356143330,194356459189,315859,21,8388608
Uring,throughput,0,4,32,0,0,194356144899,194356258196,113296,31,8388608
Uring,throughput,0,4,32,0,0,194356145064,194357165103,1020038,3274,8388608
Uring,throughput,0,4,32,0,0,194356154266,194356558264,403997,15,8388608
Uring,throughput,0,4,32,0,0,194356156222,194356561260,405038,100,8388608
Uring,throughput,0,4,32,0,0,194356156294,194356492033,335738,2138,8388608
Uring,throughput,0,4,32,0,0,194356158508,194357438656,1280147,2438,8388608
Uring,throughput,0,4,32,0,0,194356159166,194356497822,338655,4515,8388608
Uring,throughput,0,4,32,0,0,194356159748,194357082191,922443,1001,8388608
Uring,throughput,0,4,32,0,0,194356162283,194356187419,25135,116,8388608
Uring,throughput,0,4,32,0,0,194356166709,194356556162,389452,15,8388608
Uring,throughput,0,4,32,0,0,194356180562,194357201512,1020949,4032,8388608
Uring,throughput,0,4,32,0,0,194356186760,194356240373,53612,18,8388608
Uring,throughput,0,4,32,0,0,194356187425,194356224278,36853,829,8388608
Uring,throughput,0,4,32,0,0,194356192547,194356247771,55224,563,8388608
Uring,throughput,0,4,32,0,0,194356192852,194357197781,1004928,32,8388608
Uring,throughput,0,4,32,0,0,194356196625,194357202694,1006069,20,8388608
Uring,throughput,0,4,32,0,0,194356200529,194356249059,48530,735,8388608
Uring,throughput,0,4,32,0,0,194356209601,194356582310,372708,23,8388608
Uring,throughput,0,4,32,0,0,194356213880,194356392100,178219,19,8388608
Uring,throughput,0,4,32,0,0,194356216598,194357238158,1021559,18,8388608
Uring,throughput,0,4,32,0,0,194356220194,194356583933,363739,13,8388608
Uring,throughput,0,4,32,0,0,194356224281,194356585741,361459,14,8388608
Uring,throughput,0,4,32,0,0,194356229767,194356269803,40036,141,8388608
Uring,throughput,0,4,32,0,0,194356230486,194356269305,38819,1039,8388608
Uring,throughput,0,4,32,0,0,194356233981,194357268230,1034249,42,8388608
Uring,throughput,0,4,32,0,0,194356237335,194357279541,1042205,2847,8388608
Uring,throughput,0,4,32,0,0,194356240380,194356703452,463072,14,8388608
Uring,throughput,0,4,32,0,0,194356245349,194356545816,300466,18,8388608
Uring,throughput,0,4,32,0,0,194356247777,194356593403,345626,22,8388608
Uring,throughput,0,4,32,0,0,194356249065,194356310223,61157,16,8388608
Uring,throughput,0,4,32,0,0,194356253918,194357247926,994008,854,8388608
Uring,throughput,0,4,32,0,0,194356257306,194357245891,988585,22,8388608
Uring,throughput,0,4,32,0,0,194356258205,194356369186,110981,137,8388608
Uring,throughput,0,4,32,0,0,194356263523,194356543275,279751,40,8388608
Uring,throughput,0,4,32,0,0,194356269312,194356576800,307488,17,8388608
Uring,throughput,0,4,32,0,0,194356269806,194356768996,499189,12,8388608
Uring,throughput,0,4,32,0,0,194356270868,194357213303,942435,4989,8388608
Uring,throughput,0,4,32,0,0,194356285304,194356346854,61550,1104,8388608
Uring,throughput,0,4,32,0,0,194356286820,194357331893,1045072,2029,8388608
Uring,throughput,0,4,32,0,0,194356287107,194356607360,320253,5164,8388608
Uring,throughput,0,4,32,0,0,194356287864,194356564579,276715,991,8388608
Uring,throughput,0,4,32,0,0,194356291089,194356318643,27554,56,8388608
Uring,throughput,0,4,32,0,0,194356294278,194356354446,60167,14,8388608
Uring,throughput,0,4,32,0,0,194356298929,194357530804,1231874,23,8388608
Uring,throughput,0,4,32,0,0,194356310230,194356646272,336042,66,8388608
Uring,throughput,0,4,32,0,0,194356315576,194356603103,287527,2898,8388608
Uring,throughput,0,4,32,0,0,194356318652,194356609534,290881,5465,8388608
Uring,throughput,0,4,32,0,0,194356322935,194357360467,1037531,23,8388608
Uring,throughput,0,4,32,0,0,194356325562,194357551878,1226315,1588,8388608
Uring,throughput,0,4,32,0,0,194356327297,194356732313,405016,14,8388608
Uring,throughput,0,4,32,0,0,194356331717,194356397320,65602,30,8388608
Uring,throughput,0,4,32,0,0,194356339787,194356673955,334168,2327,8388608
Uring,throughput,0,4,32,0,0,194356346861,194356666726,319864,57,8388608
Uring,throughput,0,4,32,0,0,194356350559,194356979784,629224,26,8388608
Uring,throughput,0,4,32,0,0,194356354451,194356384441,29990,38,8388608
Uring,throughput,0,4,32,0,0,194356359132,194357507236,1148103,22,8388608
Uring,throughput,0,4,32,0,0,194356361722,194356971994,610272,35,8388608
Uring,throughput,0,4,32,0,0,194356364400,194356614508,250108,20,8388608
Uring,throughput,0,4,32,0,0,194356365888,194356457935,92047,1455,8388608
Uring,throughput,0,4,32,0,0,194356368519,194356432696,64176,15,8388608
Uring,throughput,0,4,32,0,0,194356369194,194357548798,1179603,852,8388608
Uring,throughput,0,4,32,0,0,194356376623,194356634223,257599,18,8388608
Uring,throughput,0,4,32,0,0,194356378298,194356424614,46316,19,8388608
Uring,throughput,0,4,32,0,0,194356383232,194357395705,1012472,18,8388608
Uring,throughput,0,4,32,0,0,194356384448,194356779792,395344,911,8388608
Uring,throughput,0,4,32,0,0,194356392107,194356570780,178673,40,8388608
Uring,throughput,0,4,32,0,0,194356396500,194357401494,1004993,193,8388608
Uring,throughput,0,4,32,0,0,194356397325,194356567070,169744,18,8388608
Uring,throughput,0,4,32,0,0,194356402247,194357597914,1195667,39,8388608
Uring,throughput,0,4,32,0,0,194356405927,194356666362,260434,2478,8388608
Uring,throughput,0,4,32,0,0,194356417417,194356493560,76142,5531,8388608
Uring,throughput,0,4,32,0,0,194356420299,194356621496,201196,21,8388608
Uring,throughput,0,4,32,0,0,194356424620,194356488223,63602,439,8388608
Uring,throughput,0,4,32,0,0,194356426450,194356637132,210681,499,8388608
Uring,throughput,0,4,32,0,0,194356432702,194356736509,303807,58,8388608
Uring,throughput,0,4,32,0,0,194356441553,194356488437,46883,20,8388608
Uring,throughput,0,4,32,0,0,194356454163,194356724106,269942,41,8388608
Uring,throughput,0,4,32,0,0,194356457942,194356655897,197955,22,8388608
Uring,throughput,0,4,32,0,0,194356458214,194356662526,204312,1672,8388608
Uring,throughput,0,4,32,0,0,194356459197,194356487127,27929,26,8388608
Uring,throughput,0,4,32,0,0,194356460476,194356520200,59724,27,8388608
Uring,throughput,0,4,32,0,0,194356475795,194357435207,959411,1396,8388608
Uring,throughput,0,4,32,0,0,194356487133,194357431326,944192,5885,8388608
Uring,throughput,0,4,32,0,0,194356488231,194356696057,207826,20,8388608
Uring,throughput,0,4,32,0,0,194356488443,194357635572,1147128,1664,8388608
Uring,throughput,0,4,32,0,0,194356492041,194356702020,209978,17,8388608
Uring,throughput,0,4,32,0,0,194356493590,194357647581,1153991,23,8388608
Uring,throughput,0,4,32,0,0,194356497697,194356685564,187867,22,8388608
Uring,throughput,0,4,32,0,0,194356497826,194356753569,255743,229,8388608
Uring,throughput,0,4,32,0,0,194356499064,194356715683,216619,43,8388608
Uring,throughput,0,4,32,0,0,194356512532,194357643563,1131031,54,8388608
Uring,throughput,0,4,32,0,0,194356520209,194357474806,954597,695,8388608
Uring,throughput,0,4,32,0,0,194356534679,194356725369,190689,37,8388608
Uring,throughput,0,4,32,0,0,194356539550,194356836172,296621,1616,8388608
Uring,throughput,0,4,32,0,0,194356543282,194357662257,1118974,1537,8388608
Uring,throughput,0,4,32,0,0,194356545821,194357453051,907229,55,8388608
Uring,throughput,0,4,32,0,0,194356556201,194356930465,374264,30,8388608
Uring,throughput,0,4,32,0,0,194356558272,194357672118,1113845,3616,8388608
Uring,throughput,0,4,32,0,0,194356558287,194357658948,1100661,24,8388608
Uring,throughput,0,4,32,0,0,194356561296,194356699301,138004,628,8388608
Uring,throughput,0,4,32,0,0,194356564587,194356814966,250379,31,8388608
Uring,throughput,0,4,32,0,0,194356564799,194357668450,1103651,13,8388608
Uring,throughput,0,4,32,0,0,194356567078,194356763273,196194,1237,8388608
Uring,throughput,0,4,32,0,0,194356570790,194356810722,239932,4487,8388608
Uring,throughput,0,4,32,0,0,194356576808,194356626913,50105,21,8388608
Uring,throughput,0,4,32,0,0,194356582317,194356758939,176622,23,8388608
Uring,throughput,0,4,32,0,0,194356583998,194357465868,881869,3709,8388608
Uring,throughput,0,4,32,0,0,194356585748,194356923378,337630,19,8388608
Uring,throughput,0,4,32,0,0,194356593408,194356936975,343566,48,8388608
Uring,throughput,0,4,32,0,0,194356596879,194357658076,1061197,14,8388608
Uring,throughput,0,4,32,0,0,194356599125,194356937556,338431,13,8388608
Uring,throughput,0,4,32,0,0,194356599624,194357469975,870350,3570,8388608
Uring,throughput,0,4,32,0,0,194356603111,194356951472,348360,26,8388608
Uring,throughput,0,4,32,0,0,194356607370,194357470715,863345,149,8388608
Uring,throughput,0,4,32,0,0,194356609542,194356927723,318181,32,8388608
Uring,throughput,0,4,32,0,0,194356613482,194356666203,52720,3092,8388608
Uring,throughput,0,4,32,0,0,194356614516,194356968599,354083,34,8388608
Uring,throughput,0,4,32,0,0,194356621504,194356832516,211012,18,8388608
Uring,throughput,0,4,32,0,0,194356626591,194356861237,234646,27,8388608
Uring,throughput,0,4,32,0,0,194356626918,194356656418,29500,974,8388608
Uring,throughput,0,4,32,0,0,194356632876,194358137885,1505009,19,8388608
Uring,throughput,0,4,32,0,0,194356634227,194356981180,346952,15,8388608
Uring,throughput,0,4,32,0,0,194356637139,194356984322,347183,52,8388608
Uring,throughput,0,4,32,0,0,194356646279,194356732524,86244,1133,8388608
Uring,throughput,0,4,32,0,0,194356647934,194357130128,482194,22,8388608
Uring,throughput,0,4,32,0,0,194356655902,194356993838,337936,42,8388608
Uring,throughput,0,4,32,0,0,194356656421,194356698926,42504,14,8388608
Uring,throughput,0,4,32,0,0,194356657035,194357716355,1059319,70,8388608
Uring,throughput,0,4,32,0,0,194356662536,194357528071,865535,30,8388608
Uring,throughput,0,4,32,0,0,194356666209,194356771974,105764,18,8388608
Uring,throughput,0,4,32,0,0,194356666364,194357282074,615710,14,8388608
Uring,throughput,0,4,32,0,0,194356666728,194356735099,68370,8,8388608
Uring,throughput,0,4,32,0,0,194356673964,194357517362,843397,21,8388608
Uring,throughput,0,4,32,0,0,194356685644,194357016630,330986,2194,8388608
Uring,throughput,0,4,32,0,0,194356695120,194356999339,304219,1223,8388608
Uring,throughput,0,4,32,0,0,194356696064,194357352916,656851,26,8388608
Uring,throughput,0,4,32,0,0,194356698930,194356777943,79012,16,8388608
Uring,throughput,0,4,32,0,0,194356699313,194357020297,320983,3072,8388608
Uring,throughput,0,4,32,0,0,194356702057,194356850102,148045,108,8388608
Uring,throughput,0,4,32,0,0,194356703461,194357023260,319798,5579,8388608
Uring,throughput,0,4,32,0,0,194356715692,194356991166,275473,41,8388608
Uring,throughput,0,4,32,0,0,194356724113,194356780907,56793,1657,8388608
Uring,throughput,0,4,32,0,0,194356725376,194357426243,700867,828,8388608
Uring,throughput,0,4,32,0,0,194356732351,194356900569,168217,27,8388608
Uring,throughput,0,4,32,0,0,194356732526,194356938596,206070,12,8388608
Uring,throughput,0,4,32,0,0,194356735105,194356853381,118275,1638,8388608
Uring,throughput,0,4,32,0,0,194356736514,194357721741,985227,1116,8388608
Uring,throughput,0,4,32,0,0,194356753575,194357575540,821964,41,8388608
Uring,throughput,0,4,32,0,0,194356758946,194356812433,53487,2149,8388608
Uring,throughput,0,4,32,0,0,194356763281,194357308445,545163,20,8388608
Uring,throughput,0,4,32,0,0,194356769028,194356809176,40147,1393,8388608
Uring,throughput,0,4,32,0,0,194356771979,194356802823,30844,62,8388608
Uring,throughput,0,4,32,0,0,194356777950,194356867431,89481,1516,8388608
Uring,throughput,0,4,32,0,0,194356779800,194357048637,268837,17,8388608
Uring,throughput,0,4,32,0,0,194356780914,194357252640,471725,22,8388608
Uring,throughput,0,4,32,0,0,194356781924,194357047308,265383,1198,8388608
Uring,throughput,0,4,32,0,0,194356791610,194357743536,951926,18,8388608
Uring,throughput,0,4,32,0,0,194356795303,194356849365,54062,1212,8388608
Uring,throughput,0,4,32,0,0,194356802463,194357592106,789642,1487,8388608
Uring,throughput,0,4,32,0,0,194356802830,194356841459,38629,557,8388608
Uring,throughput,0,4,32,0,0,194356809184,194356985021,175837,33,8388608
Uring,throughput,0,4,32,0,0,194356810729,194356834987,24257,22,8388608
Uring,throughput,0,4,32,0,0,194356812441,194357044619,232178,21,8388608
Uring,throughput,0,4,32,0,0,194356814972,194357594272,779300,106,8388608
Uring,throughput,0,4,32,0,0,194356832523,194357052500,219977,5423,8388608
Uring,throughput,0,4,32,0,0,194356834994,194356892563,57569,38,8388608
Uring,throughput,0,4,32,0,0,194356836191,194357323201,487010,22,8388608
Uring,throughput,0,4,32,0,0,194356841466,194356869844,28378,22,8388608
Uring,throughput,0,4,32,0,0,194356849372,194357024753,175380,74,8388608
Uring,throughput,0,4,32,0,0,194356850108,194356893090,42981,748,8388608
Uring,throughput,0,4,32,0,0,194356853386,194356905329,51942,20,8388608
Uring,throughput,0,4,32,0,0,194356861247,194357172311,311063,34,8388608
Uring,throughput,0,4,32,0,0,194356867437,194356891379,23941,19,8388608
Uring,throughput,0,4,32,0,0,194356868974,194357619259,750284,56,8388608
Uring,throughput,0,4,32,0,0,194356869847,194357620751,750903,13,8388608
Uring,throughput,0,4,32,0,0,194356891383,194356949678,58294,34,8388608
Uring,throughput,0,4,32,0,0,194356892566,194358051613,1159047,1700,8388608
Uring,throughput,0,4,32,0,0,194356893098,194357417695,524597,28,8388608
Uring,throughput,0,4,32,0,0,194356898656,194357771182,872526,16,8388608
Uring,throughput,0,4,32,0,0,194356900575,194357236783,336207,1766,8388608
Uring,throughput,0,4,32,0,0,194356905335,194357180766,275431,19,8388608
Uring,throughput,0,4,32,0,0,194356923384,194357274928,351544,1784,8388608
Uring,throughput,0,4,32,0,0,194356927788,194357399428,471640,138,8388608
Uring,throughput,0,4,32,0,0,194356928959,194357256139,327179,103,8388608
Uring,throughput,0,4,32,0,0,194356930476,194357663997,733521,2054,8388608
Uring,throughput,0,4,32,0,0,194356934318,194357589583,655265,5491,8388608
Uring,throughput,0,4,32,0,0,194356936985,194356963318,26332,533,8388608
Uring,throughput,0,4,32,0,0,194356937582,194357805499,867916,11319,8388608
Uring,throughput,0,4,32,0,0,194356938603,194357290749,352145,26,8388608
Uring,throughput,0,4,32,0,0,194356939646,194357803499,863852,353,8388608
Uring,throughput,0,4,32,0,0,194356946645,194357806291,859645,2550,8388608
Uring,throughput,0,4,32,0,0,194356949682,194357704216,754534,5252,8388608
Uring,throughput,0,4,32,0,0,194356951477,194358301092,1349614,54,8388608
Uring,throughput,0,4,32,0,0,194356963323,194356987345,24022,16,8388608
Uring,throughput,0,4,32,0,0,194356968606,194357170195,201588,853,8388608
Uring,throughput,0,4,32,0,0,194356969637,194357681347,711709,30,8388608
Uring,throughput,0,4,32,0,0,194356971999,194357560758,588758,576,8388608
Uring,throughput,0,4,32,0,0,194356979792,194357374394,394602,19,8388608
Uring,throughput,0,4,32,0,0,194356981188,194357081145,99956,1921,8388608
Uring,throughput,0,4,32,0,0,194356984330,194357736730,752399,75,8388608
Uring,throughput,0,4,32,0,0,194356985024,194357507293,522269,19,8388608
Uring,throughput,0,4,32,0,0,194356985217,194357802504,817287,8,8388608
Uring,throughput,0,4,32,0,0,194356986414,194357687241,700827,1625,8388608
Uring,throughput,0,4,32,0,0,194356987353,194357024735,37382,23,8388608
Uring,throughput,0,4,32,0,0,194356991174,194357051100,59926,1137,8388608
Uring,throughput,0,4,32,0,0,194356993857,194357858067,864210,5865,8388608
Uring,throughput,0,4,32,0,0,194356996709,194357103866,107156,24,8388608
Uring,throughput,0,4,32,0,0,194356999347,194357404939,405591,51,8388608
Uring,throughput,0,4,32,0,0,194357016638,194357851061,834423,60,8388608
Uring,throughput,0,4,32,0,0,194357020306,194357054395,34089,48,8388608
Uring,throughput,0,4,32,0,0,194357023268,194357462110,438842,20,8388608
Uring,throughput,0,4,32,0,0,194357024740,194357495905,471165,2333,8388608
Uring,throughput,0,4,32,0,0,194357024767,194357055916,31148,26,8388608
Uring,throughput,0,4,32,0,0,194357044628,194357502885,458257,50,8388608
Uring,throughput,0,4,32,0,0,194357047409,194357338549,291139,46,8388608
Uring,throughput,0,4,32,0,0,194357048730,194357410763,362033,105,8388608
Uring,throughput,0,4,32,0,0,194357051104,194357512065,460960,21,8388608
Uring,throughput,0,4,32,0,0,194357052508,194357928422,875913,19,8388608
Uring,throughput,0,4,32,0,0,194357054399,194357097225,42825,15,8388608
Uring,throughput,0,4,32,0,0,194357055924,194357089426,33501,396,8388608
Uring,throughput,0,4,32,0,0,194357071659,194357762537,690878,96,8388608
Uring,throughput,0,4,32,0,0,194357077808,194357625837,548029,29,8388608
Uring,throughput,0,4,32,0,0,194357081153,194358080154,999001,43,8388608
Uring,throughput,0,4,32,0,0,194357082198,194357866234,784035,17,8388608
Uring,throughput,0,4,32,0,0,194357084891,194358000858,915967,25,8388608
Uring,throughput,0,4,32,0,0,194357089431,194357766237,676805,22,8388608
Uring,throughput,0,4,32,0,0,194357097232,194357125216,27984,3848,8388608
Uring,throughput,0,4,32,0,0,194357103871,194357775986,672114,194,8388608
Uring,throughput,0,4,32,0,0,194357125223,194357146683,21459,26,8388608
Uring,throughput,0,4,32,0,0,194357127247,194357977507,850259,36,8388608
Uring,throughput,0,4,32,0,0,194357130170,194357780758,650587,24,8388608
Uring,throughput,0,4,32,0,0,194357133337,194357265048,131710,458,8388608
Uring,throughput,0,4,32,0,0,194357139932,194357875046,735114,21,8388608
Uring,throughput,0,4,32,0,0,194357146689,194357177138,30448,83,8388608
Uring,throughput,0,4,32,0,0,194357152081,194358177438,1025356,18,8388608
Uring,throughput,0,4,32,0,0,194357165111,194358221976,1056865,18,8388608
Uring,throughput,0,4,32,0,0,194357170222,194357329772,159549,53,8388608
Uring,throughput,0,4,32,0,0,194357172316,194357637015,464698,2083,8388608
Uring,throughput,0,4,32,0,0,194357177143,194358268862,1091719,1258,8388608
Uring,throughput,0,4,32,0,0,194357177941,194357424406,246464,7958,8388608
Uring,throughput,0,4,32,0,0,194357180770,194357923100,742329,5871,8388608
Uring,throughput,0,4,32,0,0,194357196737,194357993400,796663,644,8388608
Uring,throughput,0,4,32,0,0,194357197819,194358281924,1084104,20,8388608
Uring,throughput,0,4,32,0,0,194357201521,194357267463,65942,22,8388608
Uring,throughput,0,4,32,0,0,194357202702,194357240511,37808,21,8388608
Uring,throughput,0,4,32,0,0,194357213311,194357891494,678182,32,8388608
Uring,throughput,0,4,32,0,0,194357216274,194358060034,843759,65,8388608
Uring,throughput,0,4,32,0,0,194357234496,194358371841,1137345,97,8388608
Uring,throughput,0,4,32,0,0,194357236790,194358378513,1141722,22,8388608
Uring,throughput,0,4,32,0,0,194357236953,194357971063,734109,63,8388608
Uring,throughput,0,4,32,0,0,194357238160,194357964045,725884,13,8388608
Uring,throughput,0,4,32,0,0,194357240045,194357964285,724239,2556,8388608
Uring,throughput,0,4,32,0,0,194357240517,194358404124,1163607,5061,8388608
Uring,throughput,0,4,32,0,0,194357244751,194358404341,1159590,2538,8388608
Uring,throughput,0,4,32,0,0,194357245656,194357992637,746981,107,8388608
Uring,throughput,0,4,32,0,0,194357245892,194357949975,704082,23,8388608
Uring,throughput,0,4,32,0,0,194357247172,194357931948,684776,32,8388608
Uring,throughput,0,4,32,0,0,194357247929,194358244604,996675,10,8388608
Uring,throughput,0,4,32,0,0,194357252648,194357905906,653258,33,8388608
Uring,throughput,0,4,32,0,0,194357256145,194357417191,161045,1133,8388608
Uring,throughput,0,4,32,0,0,194357265072,194357362483,97410,19,8388608
Uring,throughput,0,4,32,0,0,194357266801,194358420746,1153945,65,8388608
Uring,throughput,0,4,32,0,0,194357267467,194357778072,510605,12,8388608
Uring,throughput,0,4,32,0,0,194357268233,194357993200,724967,2351,8388608
Uring,throughput,0,4,32,0,0,194357274934,194357974935,700000,27,8388608
Uring,throughput,0,4,32,0,0,194357279549,194358027780,748230,31,8388608
Uring,throughput,0,4,32,0,0,194357280827,194358021903,741075,14,8388608
Uring,throughput,0,4,32,0,0,194357281075,194358437558,1156483,12,8388608
Uring,throughput,0,4,32,0,0,194357282081,194357447544,165462,34,8388608
Uring,throughput,0,4,32,0,0,194357290791,194358069698,778907,4845,8388608
Uring,throughput,0,4,32,0,0,194357292081,194357326598,34517,1163,8388608
Uring,throughput,0,4,32,0,0,194357292659,194358062550,769891,3500,8388608
Uring,throughput,0,4,32,0,0,194357295632,194358056061,760429,530,8388608
Uring,throughput,0,4,32,0,0,194357297365,194358452276,1154910,24,8388608
Uring,throughput,0,4,32,0,0,194357301091,194358068680,767589,21,8388608
Uring,throughput,0,4,32,0,0,194357307643,194358076865,769221,17,8388608
Uring,throughput,0,4,32,0,0,194357308452,194358326399,1017946,105,8388608
Uring,throughput,0,4,32,0,0,194357323209,194358006476,683267,20,8388608
Uring,throughput,0,4,32,0,0,194357326604,194357688174,361569,21,8388608
Uring,throughput,0,4,32,0,0,194357329778,194358135506,805728,16,8388608
Uring,throughput,0,4,32,0,0,194357331902,194358045419,713517,167,8388608
Uring,throughput,0,4,32,0,0,194357336450,194358521531,1185080,1271,8388608
Uring,throughput,0,4,32,0,0,194357338556,194357375092,36535,21,8388608
Uring,throughput,0,4,32,0,0,194357340535,194358118937,778402,21,8388608
Uring,throughput,0,4,32,0,0,194357345485,194357965902,620417,44,8388608
Uring,throughput,0,4,32,0,0,194357352922,194357396606,43683,743,8388608
Uring,throughput,0,4,32,0,0,194357360475,194358011322,650847,1720,8388608
Uring,throughput,0,4,32,0,0,194357362490,194358016434,653943,140,8388608
Uring,throughput,0,4,32,0,0,194357365303,194358005935,640631,22,8388608
Uring,throughput,0,4,32,0,0,194357372551,194358563866,1191315,25,8388608
Uring,throughput,0,4,32,0,0,194357374418,194357428675,54256,618,8388608
Uring,throughput,0,4,32,0,0,194357375094,194357478439,103344,1874,8388608
Uring,throughput,0,4,32,0,0,194357391598,194358035623,644025,15,8388608
Uring,throughput,0,4,32,0,0,194357395710,194357491922,96211,107,8388608
Uring,throughput,0,4,32,0,0,194357396619,194357573285,176666,23,8388608
Uring,throughput,0,4,32,0,0,194357399437,194358053436,653999,2533,8388608
Uring,throughput,0,4,32,0,0,194357401517,194357553669,152151,3544,8388608
Uring,throughput,0,4,32,0,0,194357404947,194358198265,793317,18,8388608
Uring,throughput,0,4,32,0,0,194357410771,194358202054,791283,3279,8388608
Uring,throughput,0,4,32,0,0,194357417198,194357640235,223037,118,8388608
Uring,throughput,0,4,32,0,0,194357417704,194357850611,432906,31,8388608
Uring,throughput,0,4,32,0,0,194357423046,194358552301,1129255,23,8388608
Uring,throughput,0,4,32,0,0,194357424413,194358221463,797050,18,8388608
Uring,throughput,0,4,32,0,0,194357426252,194357667131,240879,23,8388608
Uring,throughput,0,4,32,0,0,194357428682,194357486513,57831,17,8388608
Uring,throughput,0,4,32,0,0,194357429116,194358089368,660252,10,8388608
Uring,throughput,0,4,32,0,0,194357430251,194358115130,684879,18,8388608
Uring,throughput,0,4,32,0,0,194357431335,194358506097,1074762,29,8388608
Uring,throughput,0,4,32,0,0,194357435215,194358092512,657297,22,8388608
Uring,throughput,0,4,32,0,0,194357438665,194358235958,797293,30,8388608
Uring,throughput,0,4,32,0,0,194357447551,194358314054,866502,1390,8388608
Uring,throughput,0,4,32,0,0,194357453058,194357659026,205967,4116,8388608
Uring,throughput,0,4,32,0,0,194357462121,194357961459,499337,24,8388608
Uring,throughput,0,4,32,0,0,194357465877,194357531876,65998,31,8388608
Uring,throughput,0,4,32,0,0,194357469984,194357532990,63006,44,8388608
Uring,throughput,0,4,32,0,0,194357470724,194358265312,794587,21,8388608
Uring,throughput,0,4,32,0,0,194357474815,194357812916,338100,22,8388608
Uring,throughput,0,4,32,0,0,194357478475,194357585174,106699,28,8388608
Uring,throughput,0,4,32,0,0,194357480473,194358141342,660869,16,8388608
Uring,throughput,0,4,32,0,0,194357486519,194357609986,123466,22,8388608
Uring,throughput,0,4,32,0,0,194357491929,194358121152,629223,5778,8388608
Uring,throughput,0,4,32,0,0,194357495912,194357679477,183565,16,8388608
Uring,throughput,0,4,32,0,0,194357502894,194357684370,181476,4298,8388608
Uring,throughput,0,4,32,0,0,194357507240,194358140683,633442,2931,8388608
Uring,throughput,0,4,32,0,0,194357507302,194357538907,31604,1404,8388608
Uring,throughput,0,4,32,0,0,194357512074,194357568958,56883,137,8388608
Uring,throughput,0,4,32,0,0,194357517371,194358821851,1304479,35,8388608
Uring,throughput,0,4,32,0,0,194357528078,194357908677,380598,19,8388608
Uring,throughput,0,4,32,0,0,194357530922,194358141222,610300,25,8388608
Uring,throughput,0,4,32,0,0,194357531879,194357584182,52302,10,8388608
Uring,throughput,0,4,32,0,0,194357532999,194357853402,320402,149,8388608
Uring,throughput,0,4,32,0,0,194357538915,194357578173,39258,20,8388608
Uring,throughput,0,4,32,0,0,194357548804,194358351623,802818,17,8388608
Uring,throughput,0,4,32,0,0,194357551884,194358569988,1018104,25,8388608
Uring,throughput,0,4,32,0,0,194357553676,194357666149,112473,41,8388608
Uring,throughput,0,4,32,0,0,194357560766,194358146355,585589,22,8388608
Uring,throughput,0,4,32,0,0,194357568967,194357814966,245999,4530,8388608
Uring,throughput,0,4,32,0,0,194357573293,194357750990,177696,313,8388608
Uring,throughput,0,4,32,0,0,194357575547,194358375949,800401,3179,8388608
Uring,throughput,0,4,32,0,0,194357578181,194357749844,171663,28,8388608
Uring,throughput,0,4,32,0,0,194357584190,194357629333,45142,1035,8388608
Uring,throughput,0,4,32,0,0,194357585183,194357777514,192331,77,8388608
Uring,throughput,0,4,32,0,0,194357589592,194358167362,577770,135,8388608
Uring,throughput,0,4,32,0,0,194357592142,194358388333,796191,32,8388608
Uring,throughput,0,4,32,0,0,194357594279,194358163920,569641,2537,8388608
Uring,throughput,0,4,32,0,0,194357597922,194358993263,1395341,3561,8388608
Uring,throughput,0,4,32,0,0,194357609993,194357726941,116947,3745,8388608
Uring,throughput,0,4,32,0,0,194357619266,194357665288,46021,1042,8388608
Uring,throughput,0,4,32,0,0,194357620760,194358408468,787708,572,8388608
Uring,throughput,0,4,32,0,0,194357625844,194358557293,931449,1023,8388608
Uring,throughput,0,4,32,0,0,194357629338,194357720089,90750,20,8388608
Uring,throughput,0,4,32,0,0,194357635649,194358410561,774912,175,8388608
Uring,throughput,0,4,32,0,0,194357637022,194358177616,540594,43,8388608
Uring,throughput,0,4,32,0,0,194357640249,194358481712,841463,18,8388608
Uring,throughput,0,4,32,0,0,194357643572,194358420992,777420,19,8388608
Uring,throughput,0,4,32,0,0,194357647589,194358753650,1106060,21,8388608
Uring,throughput,0,4,32,0,0,194357658083,194359107564,1449481,3906,8388608
Uring,throughput,0,4,32,0,0,194357658955,194358498876,839920,18,8388608
Uring,throughput,0,4,32,0,0,194357659034,194357941134,282099,49,8388608
Uring,throughput,0,4,32,0,0,194357662261,194358478784,816522,13,8388608
Uring,throughput,0,4,32,0,0,194357664014,194357809638,145623,12,8388608
Uring,throughput,0,4,32,0,0,194357665291,194358196423,531131,14,8388608
Uring,throughput,0,4,32,0,0,194357666157,194358367566,701409,108,8388608
Uring,throughput,0,4,32,0,0,194357667140,194358425313,758172,24,8388608
Uring,throughput,0,4,32,0,0,194357668480,194357774896,106416,5127,8388608
Uring,throughput,0,4,32,0,0,194357672124,194359122074,1449950,18,8388608
Uring,throughput,0,4,32,0,0,194357679481,194358443930,764448,15,8388608
Uring,throughput,0,4,32,0,0,194357681354,194358206838,525483,15,8388608
Uring,throughput,0,4,32,0,0,194357684374,194357715752,31377,11,8388608
Uring,throughput,0,4,32,0,0,194357687249,194357811711,124461,73,8388608
Uring,throughput,0,4,32,0,0,194357688177,194358210822,522644,11,8388608
Uring,throughput,0,4,32,0,0,194357704222,194359179088,1474866,56,8388608
Uring,throughput,0,4,32,0,0,194357715760,194357746236,30475,33,8388608
Uring,throughput,0,4,32,0,0,194357716359,194357846783,130424,3183,8388608
Uring,throughput,0,4,32,0,0,194357720096,194358226640,506544,43,8388608
Uring,throughput,0,4,32,0,0,194357721751,194357845243,123492,49,8388608
Uring,throughput,0,4,32,0,0,194357726947,194357760414,33466,22,8388608
Uring,throughput,0,4,32,0,0,194357736737,194359229166,1492429,4412,8388608
Uring,throughput,0,4,32,0,0,194357743546,194358241479,497933,22,8388608
Uring,throughput,0,4,32,0,0,194357746243,194359443245,1697001,14708,8388608
Uring,throughput,0,4,32,0,0,194357749851,194358061024,311172,17,8388608
Uring,throughput,0,4,32,0,0,194357750997,194359237532,1486534,1536,8388608
Uring,throughput,0,4,32,0,0,194357760494,194358159240,398745,26,8388608
Uring,throughput,0,4,32,0,0,194357762546,194358505319,742773,921,8388608
Uring,throughput,0,4,32,0,0,194357766246,194357860687,94441,20,8388608
Uring,throughput,0,4,32,0,0,194357771215,194358471325,700109,30,8388608
Uring,throughput,0,4,32,0,0,194357774904,194357860465,85560,44,8388608
Uring,throughput,0,4,32,0,0,194357775993,194358542509,766515,3106,8388608
Uring,throughput,0,4,32,0,0,194357777520,194357862637,85117,2614,8388608
Uring,throughput,0,4,32,0,0,194357778076,194358973543,1195466,1049,8388608
Uring,throughput,0,4,32,0,0,194357780766,194359330447,1549681,3662,8388608
Uring,throughput,0,4,32,0,0,194357802511,194357850624,48113,2370,8388608
Uring,throughput,0,4,32,0,0,194357803505,194358659774,856269,14,8388608
Uring,throughput,0,4,32,0,0,194357805505,194358557128,751623,12,8388608
Uring,throughput,0,4,32,0,0,194357806295,194358486585,680290,9,8388608
Uring,throughput,0,4,32,0,0,194357809646,194358538560,728914,25,8388608
Uring,throughput,0,4,32,0,0,194357811716,194358580102,768385,18,8388608
Uring,throughput,0,4,32,0,0,194357812921,194357984469,171548,14,8388608
Uring,throughput,0,4,32,0,0,194357814971,194357869506,54534,17,8388608
Uring,throughput,0,4,32,0,0,194357845250,194358073347,228097,25,8388608
Uring,throughput,0,4,32,0,0,194357846791,194358439881,593089,26,8388608
Uring,throughput,0,4,32,0,0,194357850618,194359429184,1578566,4912,8388608
Uring,throughput,0,4,32,0,0,194357850626,194359072484,1221857,15,8388608
Uring,throughput,0,4,32,0,0,194357851063,194358009305,158241,15,8388608
Uring,throughput,0,4,32,0,0,194357853407,194358571761,718353,3073,8388608
Uring,throughput,0,4,32,0,0,194357858074,194358253077,395003,17,8388608
Uring,throughput,0,4,32,0,0,194357860470,194357938949,78479,13,8388608
Uring,throughput,0,4,32,0,0,194357860691,194358615406,754715,3608,8388608
Uring,throughput,0,4,32,0,0,194357862641,194357930149,67507,25,8388608
Uring,throughput,0,4,32,0,0,194357866242,194358332647,466404,189,8388608
Uring,throughput,0,4,32,0,0,194357869510,194358004657,135146,40,8388608
Uring,throughput,0,4,32,0,0,194357875056,194358587822,712765,22,8388608
Uring,throughput,0,4,32,0,0,194357891502,194358592629,701126,16,8388608
Uring,throughput,0,4,32,0,0,194357905916,194358092562,186646,2283,8388608
Uring,throughput,0,4,32,0,0,194357908686,194358608461,699775,691,8388608
Uring,throughput,0,4,32,0,0,194357923108,194358204220,281111,55,8388608
Uring,throughput,0,4,32,0,0,194357928428,194358324832,396404,37,8388608
Uring,throughput,0,4,32,0,0,194357930170,194358468099,537929,21,8388608
Uring,throughput,0,4,32,0,0,194357931954,194358601475,669521,18,8388608
Uring,throughput,0,4,32,0,0,194357938953,194358268210,329256,2245,8388608
Uring,throughput,0,4,32,0,0,194357941141,194358086843,145701,69,8388608
Uring,throughput,0,4,32,0,0,194357949985,194358640668,690683,2244,8388608
Uring,throughput,0,4,32,0,0,194357961467,194359723588,1762121,10959,8388608
Uring,throughput,0,4,32,0,0,194357964052,194358298818,334766,1870,8388608
Uring,throughput,0,4,32,0,0,194357964317,194358289158,324840,84,8388608
Uring,throughput,0,4,32,0,0,194357965907,194358673415,707508,24,8388608
Uring,throughput,0,4,32,0,0,194357971178,194359282354,1311175,278,8388608
Uring,throughput,0,4,32,0,0,194357974944,194358246544,271600,85,8388608
Uring,throughput,0,4,32,0,0,194357977512,194358690352,712840,16,8388608
Uring,throughput,0,4,32,0,0,194357984477,194358118323,133845,1091,8388608
Uring,throughput,0,4,32,0,0,194357992646,194358670707,678061,2853,8388608
Uring,throughput,0,4,32,0,0,194357993208,194358369939,376731,18,8388608
Uring,throughput,0,4,32,0,0,194357993436,194358106755,113318,29,8388608
Uring,throughput,0,4,32,0,0,194358000867,194358396503,395635,21,8388608
Uring,throughput,0,4,32,0,0,194358004663,194358150069,145406,813,8388608
Uring,throughput,0,4,32,0,0,194358005940,194358389781,383841,13,8388608
Uring,throughput,0,4,32,0,0,194358006479,194359432563,1426083,3633,8388608
Uring,throughput,0,4,32,0,0,194358009389,194358675566,666176,1029,8388608
Uring,throughput,0,4,32,0,0,194358011328,194358725160,713832,15,8388608
Uring,throughput,0,4,32,0,0,194358016440,194359850297,1833857,6001,8388608
Uring,throughput,0,4,32,0,0,194358021909,194358685303,663393,15,8388608
Uring,throughput,0,4,32,0,0,194358027787,194358119858,92070,18,8388608
Uring,throughput,0,4,32,0,0,194358035632,194358666639,631006,21,8388608
Uring,throughput,0,4,32,0,0,194358045427,194358685382,639955,23,8388608
Uring,throughput,0,4,32,0,0,194358051620,194358130692,79071,37,8388608
Uring,throughput,0,4,32,0,0,194358053443,194358773322,719878,17,8388608
Uring,throughput,0,4,32,0,0,194358056070,194358668594,612523,31,8388608
Uring,throughput,0,4,32,0,0,194358060040,194358201726,141685,2633,8388608
Uring,throughput,0,4,32,0,0,194358061032,194358325527,264495,32,8388608
Uring,throughput,0,4,32,0,0,194358062559,194358333110,270550,24,8388608
Uring,throughput,0,4,32,0,0,194358068709,194359914984,1846275,5184,8388608
Uring,throughput,0,4,32,0,0,194358069705,194359910480,1840775,25,8388608
Uring,throughput,0,4,32,0,0,194358073377,194359304999,1231622,3675,8388608
Uring,throughput,0,4,32,0,0,194358076872,194358553264,476391,21,8388608
Uring,throughput,0,4,32,0,0,194358080160,194358502545,422384,14,8388608
Uring,throughput,0,4,32,0,0,194358086851,194358463424,376572,5944,8388608
Uring,throughput,0,4,32,0,0,194358089376,194359919368,1829992,3761,8388608
Uring,throughput,0,4,32,0,0,194358092519,194358219241,126722,18,8388608
Uring,throughput,0,4,32,0,0,194358092569,194358135263,42694,13,8388608
Uring,throughput,0,4,32,0,0,194358106764,194358244868,138104,20,8388608
Uring,throughput,0,4,32,0,0,194358115138,194358790209,675070,22,8388608
Uring,throughput,0,4,32,0,0,194358118331,194358372084,253752,47,8388608
Uring,throughput,0,4,32,0,0,194358118943,194358455072,336129,2255,8388608
Uring,throughput,0,4,32,0,0,194358119861,194358751259,631398,5767,8388608
Uring,throughput,0,4,32,0,0,194358121155,194358335321,214166,95,8388608
Uring,throughput,0,4,32,0,0,194358130699,194358227832,97132,18,8388608
Uring,throughput,0,4,32,0,0,194358135270,194358720098,584828,16,8388608
Uring,throughput,0,4,32,0,0,194358135512,194358208638,73126,5392,8388608
Uring,throughput,0,4,32,0,0,194358137890,194358516324,378434,5698,8388608
Uring,throughput,0,4,32,0,0,194358140688,194358795837,655149,419,8388608
Uring,throughput,0,4,32,0,0,194358141232,194358733195,591963,3359,8388608
Uring,throughput,0,4,32,0,0,194358141349,194358241938,100589,2610,8388608
Uring,throughput,0,4,32,0,0,194358146364,194358709488,563123,13,8388608
Uring,throughput,0,4,32,0,0,194358150076,194358407110,257034,46,8388608
Uring,throughput,0,4,32,0,0,194358159246,194358332507,173261,5290,8388608
Uring,throughput,0,4,32,0,0,194358163927,194358525409,361481,42,8388608
Uring,throughput,0,4,32,0,0,194358167366,194358524082,356715,11,8388608
Uring,throughput,0,4,32,0,0,194358177446,194359944802,1767356,23,8388608
Uring,throughput,0,4,32,0,0,194358177623,194358239153,61530,45,8388608
Uring,throughput,0,4,32,0,0,194358196432,194358377097,180664,38,8388608
Uring,throughput,0,4,32,0,0,194358198271,194358609987,411715,3386,8388608
Uring,throughput,0,4,32,0,0,194358201731,194358558515,356783,27,8388608
Uring,throughput,0,4,32,0,0,194358202056,194358793399,591342,11,8388608
Uring,throughput,0,4,32,0,0,194358204228,194358394053,189825,38,8388608
Uring,throughput,0,4,32,0,0,194358206845,194360093363,1886518,4230,8388608
Uring,throughput,0,4,32,0,0,194358208703,194358381641,172937,20,8388608
Uring,throughput,0,4,32,0,0,194358210828,194358413521,202692,4109,8388608
Uring,throughput,0,4,32,0,0,194358219251,194358822678,603426,2517,8388608
Uring,throughput,0,4,32,0,0,194358221468,194359275752,1054283,308,8388608
Uring,throughput,0,4,32,0,0,194358221985,194358285587,63602,82,8388608
Uring,throughput,0,4,32,0,0,194358226649,194358460490,233840,4138,8388608
Uring,throughput,0,4,32,0,0,194358227839,194359973279,1745440,2639,8388608
Uring,throughput,0,4,32,0,0,194358235965,194360018765,1782799,25,8388608
Uring,throughput,0,4,32,0,0,194358239205,194358430112,190906,871,8388608
Uring,throughput,0,4,32,0,0,194358241486,194358677457,435971,2799,8388608
Uring,throughput,0,4,32,0,0,194358241983,194358586461,344477,46,8388608
Uring,throughput,0,4,32,0,0,194358244609,194359935758,1691149,55,8388608
Uring,throughput,0,4,32,0,0,194358244872,194358679955,435082,3258,8388608
Uring,throughput,0,4,32,0,0,194358246551,194358426605,180053,2349,8388608
Uring,throughput,0,4,32,0,0,194358253086,194358841090,588003,14,8388608
Uring,throughput,0,4,32,0,0,194358265319,194358318986,53667,2964,8388608
Uring,throughput,0,4,32,0,0,194358268218,194358684734,416516,24,8388608
Uring,throughput,0,4,32,0,0,194358268867,194358803985,535118,24,8388608
Uring,throughput,0,4,32,0,0,194358281933,194358839219,557285,2704,8388608
Uring,throughput,0,4,32,0,0,194358285595,194358568852,283257,5580,8388608
Uring,throughput,0,4,32,0,0,194358289164,194358442981,153817,17,8388608
Uring,throughput,0,4,32,0,0,194358298825,194358625951,327125,18,8388608
Uring,throughput,0,4,32,0,0,194358301098,194358625372,324274,5184,8388608
Uring,throughput,0,4,32,0,0,194358314062,194360014688,1700626,42,8388608
Uring,throughput,0,4,32,0,0,194358318993,194358721805,402812,45,8388608
Uring,throughput,0,4,32,0,0,194358324839,194358630631,305791,5551,8388608
Uring,throughput,0,4,32,0,0,194358325531,194358846892,521361,22,8388608
Uring,throughput,0,4,32,0,0,194358326402,194358846593,520190,2873,8388608
Uring,throughput,0,4,32,0,0,194358332514,194358448264,115749,20,8388608
Uring,throughput,0,4,32,0,0,194358332649,194358907914,575264,2927,8388608
Uring,throughput,0,4,32,0,0,194358333119,194358448616,115497,86,8388608
Uring,throughput,0,4,32,0,0,194358335326,194358776149,440822,44,8388608
Uring,throughput,0,4,32,0,0,194358351629,194359999591,1647962,17,8388608
Uring,throughput,0,4,32,0,0,194358367574,194360020994,1653420,2106,8388608
Uring,throughput,0,4,32,0,0,194358369947,194359268916,898968,47,8388608
Uring,throughput,0,4,32,0,0,194358371851,194358857383,485531,20,8388608
Uring,throughput,0,4,32,0,0,194358372118,194358679688,307569,41,8388608
Uring,throughput,0,4,32,0,0,194358375957,194358943897,567940,16,8388608
Uring,throughput,0,4,32,0,0,194358377100,194358635263,258163,11465,8388608
Uring,throughput,0,4,32,0,0,194358378520,194358969122,590602,26,8388608
Uring,throughput,0,4,32,0,0,194358381646,194358773511,391864,18,8388608
Uring,throughput,0,4,32,0,0,194358388340,194358779775,391435,17,8388608
Uring,throughput,0,4,32,0,0,194358389788,194360037145,1647357,2102,8388608
Uring,throughput,0,4,32,0,0,194358394062,194358881910,487848,12060,8388608
Uring,throughput,0,4,32,0,0,194358396511,194358788146,391635,4027,8388608
Uring,throughput,0,4,32,0,0,194358404131,194358621655,217523,18,8388608
Uring,throughput,0,4,32,0,0,194358404360,194358981358,576997,55,8388608
Uring,throughput,0,4,32,0,0,194358407117,194359201368,794251,29,8388608
Uring,throughput,0,4,32,0,0,194358408474,194358987378,578904,16,8388608
Uring,throughput,0,4,32,0,0,194358410571,194358932948,522376,31,8388608
Uring,throughput,0,4,32,0,0,194358413539,194358503162,89622,16,8388608
Uring,throughput,0,4,32,0,0,194358420755,194358932413,511658,36,8388608
Uring,throughput,0,4,32,0,0,194358420998,194360156106,1735108,4087,8388608
Uring,throughput,0,4,32,0,0,194358425321,194358757638,332316,5379,8388608
Uring,throughput,0,4,32,0,0,194358426613,194358847656,421042,22,8388608
Uring,throughput,0,4,32,0,0,194358430120,194359013535,583415,81,8388608
Uring,throughput,0,4,32,0,0,194358437565,194358880634,443068,16,8388608
Uring,throughput,0,4,32,0,0,194358439887,194358804931,365044,63,8388608
Uring,throughput,0,4,32,0,0,194358443041,194360088474,1645432,3176,8388608
Uring,throughput,0,4,32,0,0,194358443933,194360078719,1634785,4224,8388608
Uring,throughput,0,4,32,0,0,194358448271,194358817331,369060,47,8388608
Uring,throughput,0,4,32,0,0,194358448622,194358676961,228339,4017,8388608
Uring,throughput,0,4,32,0,0,194358452284,194358909922,457638,371,8388608
Uring,throughput,0,4,32,0,0,194358455077,194360162466,1707388,37,8388608
Uring,throughput,0,4,32,0,0,194358460498,194359043460,582961,17,8388608
Uring,throughput,0,4,32,0,0,194358463432,194358816948,353516,28,8388608
Uring,throughput,0,4,32,0,0,194358468107,194359053224,585116,2771,8388608
Uring,throughput,0,4,32,0,0,194358471336,194359053996,582660,1186,8388608
Uring,throughput,0,4,32,0,0,194358478792,194358906424,427632,28,8388608
Uring,throughput,0,4,32,0,0,194358481720,194358998280,516560,3791,8388608
Uring,throughput,0,4,32,0,0,194358486591,194358855169,368577,17,8388608
Uring,throughput,0,4,32,0,0,194358498882,194358853221,354339,3725,8388608
Uring,throughput,0,4,32,0,0,194358502589,194358530791,28202,749,8388608
Uring,throughput,0,4,32,0,0,194358503170,194358920953,417783,96,8388608
Uring,throughput,0,4,32,0,0,194358505323,194359037424,532100,11,8388608
Uring,throughput,0,4,32,0,0,194358506127,194359021319,515191,26,8388608
Uring,throughput,0,4,32,0,0,194358516330,194360101297,1584967,23,8388608
Uring,throughput,0,4,32,0,0,194358521535,194359068928,547392,20,8388608
Uring,throughput,0,4,32,0,0,194358524086,194360104765,1580678,3976,8388608
Uring,throughput,0,4,32,0,0,194358525413,194358949778,424365,14,8388608
Uring,throughput,0,4,32,0,0,194358530800,194358914341,383541,28,8388608
Uring,throughput,0,4,32,0,0,194358538566,194359092522,553956,3210,8388608
Uring,throughput,0,4,32,0,0,194358542513,194359101800,559287,12,8388608
Uring,throughput,0,4,32,0,0,194358552309,194358897049,344739,3636,8388608
Uring,throughput,0,4,32,0,0,194358553272,194360121284,1568012,4047,8388608
Uring,throughput,0,4,32,0,0,194358557133,194359086717,529584,234,8388608
Uring,throughput,0,4,32,0,0,194358557294,194358902545,345251,91,8388608
Uring,throughput,0,4,32,0,0,194358558524,194359048260,489736,22,8388608
Uring,throughput,0,4,32,0,0,194358563873,194359119381,555508,1394,8388608
Uring,throughput,0,4,32,0,0,194358568859,194359069745,500885,36,8388608
Uring,throughput,0,4,32,0,0,194358570042,194358953568,383525,56,8388608
Uring,throughput,0,4,32,0,0,194358571767,194359082618,510851,16,8388608
Uring,throughput,0,4,32,0,0,194358580109,194358674267,94158,4537,8388608
Uring,throughput,0,4,32,0,0,194358586469,194359112591,526121,29,8388608
Uring,throughput,0,4,32,0,0,194358587830,194359132230,544399,6428,8388608
Uring,throughput,0,4,32,0,0,194358592636,194359148344,555708,3882,8388608
Uring,throughput,0,4,32,0,0,194358601485,194359157138,555653,4856,8388608
Uring,throughput,0,4,32,0,0,194358608468,194358648695,40226,24,8388608
Uring,throughput,0,4,32,0,0,194358610027,194358943524,333496,42,8388608
Uring,throughput,0,4,32,0,0,194358615414,194358945761,330346,18,8388608
Uring,throughput,0,4,32,0,0,194358621663,194359203570,581906,24,8388608
Uring,throughput,0,4,32,0,0,194358625380,194359170522,545141,26,8388608
Uring,throughput,0,4,32,0,0,194358625959,194358951731,325772,17,8388608
Uring,throughput,0,4,32,0,0,194358630638,194359154475,523836,25,8388608
Uring,throughput,0,4,32,0,0,194358635305,194359179983,544677,74,8388608
Uring,throughput,0,4,32,0,0,194358640675,194359244323,603648,19,8388608
Uring,throughput,0,4,32,0,0,194358648700,194359270588,621888,17,8388608
Uring,throughput,0,4,32,0,0,194358659783,194358962277,302493,3801,8388608
Uring,throughput,0,4,32,0,0,194358666645,194359311831,645185,4086,8388608
Uring,throughput,0,4,32,0,0,194358668602,194359355319,686717,4600,8388608
Uring,throughput,0,4,32,0,0,194358670712,194359212154,541441,124,8388608
Uring,throughput,0,4,32,0,0,194358673422,194358967711,294288,572,8388608
Uring,throughput,0,4,32,0,0,194358674272,194358844506,170233,18,8388608
Uring,throughput,0,4,32,0,0,194358675590,194358922131,246540,12,8388608
Uring,throughput,0,4,32,0,0,194358676965,194359189362,512396,19,8388608
Uring,throughput,0,4,32,0,0,194358677479,194358816208,138728,25,8388608
Uring,throughput,0,4,32,0,0,194358679694,194359368569,688874,2702,8388608
Uring,throughput,0,4,32,0,0,194358679962,194359347043,667080,31,8388608
Uring,throughput,0,4,32,0,0,194358684741,194359196133,511392,94,8388608
Uring,throughput,0,4,32,0,0,194358685311,194359212727,527416,3870,8388608
Uring,throughput,0,4,32,0,0,194358685389,194358749749,64359,2245,8388608
Uring,throughput,0,4,32,0,0,194358690359,194358994371,304012,2302,8388608
Uring,throughput,0,4,32,0,0,194358709496,194358766947,57451,1915,8388608
Uring,throughput,0,4,32,0,0,194358720105,194359438371,718265,4339,8388608
Uring,throughput,0,4,32,0,0,194358721811,194358996639,274827,15,8388608
Uring,throughput,0,4,32,0,0,194358725166,194359255360,530193,36,8388608
Uring,throughput,0,4,32,0,0,194358733200,194358998109,264908,46,8388608
Uring,throughput,0,4,32,0,0,194358749780,194359375293,625513,15,8388608
Uring,throughput,0,4,32,0,0,194358751267,194359042240,290972,46,8388608
Uring,throughput,0,4,32,0,0,194358753656,194359268618,514961,4034,8388608
Uring,throughput,0,4,32,0,0,194358757641,194358999277,241635,301,8388608
Uring,throughput,0,4,32,0,0,194358766952,194358959550,192597,15,8388608
Uring,throughput,0,4,32,0,0,194358773358,194359294383,521025,63,8388608
Uring,throughput,0,4,32,0,0,194358773513,194359299959,526446,4055,8388608
Uring,throughput,0,4,32,0,0,194358776153,194359299585,523432,920,8388608
Uring,throughput,0,4,32,0,0,194358779784,194359304941,525156,2513,8388608
Uring,throughput,0,4,32,0,0,194358788151,194359570368,782216,21,8388608
Uring,throughput,0,4,32,0,0,194358790218,194359314334,524115,4233,8388608
Uring,throughput,0,4,32,0,0,194358793442,194359238330,444888,65,8388608
Uring,throughput,0,4,32,0,0,194358795843,194359290978,495135,16,8388608
Uring,throughput,0,4,32,0,0,194358803993,194359319053,515060,37,8388608
Uring,throughput,0,4,32,0,0,194358804940,194359116631,311691,1793,8388608
Uring,throughput,0,4,32,0,0,194358816215,194358902840,86624,27,8388608
Uring,throughput,0,4,32,0,0,194358816957,194359110429,293472,31,8388608
Uring,throughput,0,4,32,0,0,194358817333,194358918916,101582,8783,8388608
Uring,throughput,0,4,32,0,0,194358821858,194360275232,1453373,4563,8388608
Uring,throughput,0,4,32,0,0,194358822687,194360077282,1254595,89,8388608
Uring,throughput,0,4,32,0,0,194358839227,194359649968,810740,33,8388608
Uring,throughput,0,4,32,0,0,194358841096,194359328090,486994,3154,8388608
Uring,throughput,0,4,32,0,0,194358844513,194358877630,33117,31,8388608
Uring,throughput,0,4,32,0,0,194358846601,194359662926,816324,28,8388608
Uring,throughput,0,4,32,0,0,194358846899,194359600145,753246,16,8388608
Uring,throughput,0,4,32,0,0,194358847658,194359139919,292261,57,8388608
Uring,throughput,0,4,32,0,0,194358853225,194359051778,198552,12,8388608
Uring,throughput,0,4,32,0,0,194358855173,194359364102,508928,2613,8388608
Uring,throughput,0,4,32,0,0,194358857414,194359014109,156694,1548,8388608
Uring,throughput,0,4,32,0,0,194358877636,194359162270,284633,4615,8388608
Uring,throughput,0,4,32,0,0,194358880642,194360180903,1300261,4979,8388608
Uring,throughput,0,4,32,0,0,194358881916,194358980614,98697,353,8388608
Uring,throughput,0,4,32,0,0,194358897058,194359170317,273258,86,8388608
Uring,throughput,0,4,32,0,0,194358902552,194359713609,811056,17,8388608
Uring,throughput,0,4,32,0,0,194358902845,194360080707,1177861,1796,8388608
Uring,throughput,0,4,32,0,0,194358906432,194359404431,497999,4088,8388608
Uring,throughput,0,4,32,0,0,194358907919,194360184317,1276397,15,8388608
Uring,throughput,0,4,32,0,0,194358909932,194359405308,495376,2842,8388608
Uring,throughput,0,4,32,0,0,194358914348,194359353936,439588,13,8388608
Uring,throughput,0,4,32,0,0,194358918922,194359379024,460102,17,8388608
Uring,throughput,0,4,32,0,0,194358920959,194359924992,1004033,4553,8388608
Uring,throughput,0,4,32,0,0,194358922144,194359013972,91827,23,8388608
Uring,throughput,0,4,32,0,0,194358932422,194359933528,1001106,4331,8388608
Uring,throughput,0,4,32,0,0,194358932957,194359265079,332121,4511,8388608
Uring,throughput,0,4,32,0,0,194358943532,194359212772,269239,21,8388608
Uring,throughput,0,4,32,0,0,194358943905,194359377934,434029,181,8388608
Uring,throughput,0,4,32,0,0,194358945772,194359371793,426021,37,8388608
Uring,throughput,0,4,32,0,0,194358949786,194359428361,478574,2855,8388608
Uring,throughput,0,4,32,0,0,194358951739,194360049749,1098010,2629,8388608
Uring,throughput,0,4,32,0,0,194358953576,194359070128,116552,1479,8388608
Uring,throughput,0,4,32,0,0,194358959558,194359394239,434681,18,8388608
Uring,throughput,0,4,32,0,0,194358962284,194359242388,280103,13,8388608
Uring,throughput,0,4,32,0,0,194358967716,194359398943,431226,48,8388608
Uring,throughput,0,4,32,0,0,194358969131,194359976756,1007624,4373,8388608
Uring,throughput,0,4,32,0,0,194358973550,194359450255,476704,104,8388608
Uring,throughput,0,4,32,0,0,194358980619,194359028969,48350,15,8388608
Uring,throughput,0,4,32,0,0,194358981365,194359263150,281785,18,8388608
Uring,throughput,0,4,32,0,0,194358987385,194359806631,819246,19,8388608
Uring,throughput,0,4,32,0,0,194358993284,194359987595,994311,16,8388608
Uring,throughput,0,4,32,0,0,194358994379,194359280587,286208,18,8388608
Uring,throughput,0,4,32,0,0,194358996645,194359283427,286782,568,8388608
Uring,throughput,0,4,32,0,0,194358998116,194359419766,421649,16,8388608
Uring,throughput,0,4,32,0,0,194358998305,194359465083,466777,39,8388608
Uring,throughput,0,4,32,0,0,194358999279,194359990185,990905,11,8388608
Uring,throughput,0,4,32,0,0,194359013542,194359418764,405222,16,8388608
Uring,throughput,0,4,32,0,0,194359013977,194359997814,983836,1748,8388608
Uring,throughput,0,4,32,0,0,194359014116,194359074299,60182,16,8388608
Uring,throughput,0,4,32,0,0,194359021329,194359302351,281022,3321,8388608
Uring,throughput,0,4,32,0,0,194359028976,194359436424,407447,2612,8388608
Uring,throughput,0,4,32,0,0,194359037430,194360038274,1000843,37,8388608
Uring,throughput,0,4,32,0,0,194359042245,194359498823,456578,20,8388608
Uring,throughput,0,4,32,0,0,194359043468,194359290975,247507,16,8388608
Uring,throughput,0,4,32,0,0,194359048296,194359327219,278923,324,8388608
Uring,throughput,0,4,32,0,0,194359051786,194359451721,399935,24,8388608
Uring,throughput,0,4,32,0,0,194359053232,194359097671,44439,26,8388608
Uring,throughput,0,4,32,0,0,194359054058,194359505516,451458,41,8388608
Uring,throughput,0,4,32,0,0,194359068935,194360073281,1004345,23,8388608
Uring,throughput,0,4,32,0,0,194359069753,194359248075,178322,102,8388608
Uring,throughput,0,4,32,0,0,194359070137,194359518121,447983,22,8388608
Uring,throughput,0,4,32,0,0,194359072491,194360074641,1002149,20,8388608
Uring,throughput,0,4,32,0,0,194359074340,194359194950,120609,21,8388608
Uring,throughput,0,4,32,0,0,194359082627,194360300203,1217576,44,8388608
Uring,throughput,0,4,32,0,0,194359086724,194359531277,444553,1999,8388608
Uring,throughput,0,4,32,0,0,194359092527,194359822661,730133,15,8388608
Uring,throughput,0,4,32,0,0,194359097678,194359537853,440175,20,8388608
Uring,throughput,0,4,32,0,0,194359101807,194360241784,1139976,103,8388608
Uring,throughput,0,4,32,0,0,194359107572,194360213605,1106032,22,8388608
Uring,throughput,0,4,32,0,0,194359110437,194359549829,439391,1321,8388608
Uring,throughput,0,4,32,0,0,194359112596,194359324406,211809,1756,8388608
Uring,throughput,0,4,32,0,0,194359116639,194359323538,206899,17,8388608
Uring,throughput,0,4,32,0,0,194359119390,194360193910,1074519,22,8388608
Uring,throughput,0,4,32,0,0,194359122081,194359544659,422577,36,8388608
Uring,throughput,0,4,32,0,0,194359132238,194359279942,147704,19,8388608
Uring,throughput,0,4,32,0,0,194359139928,194359573452,433523,4362,8388608
Uring,throughput,0,4,32,0,0,194359148376,194360154787,1006411,18,8388608
Uring,throughput,0,4,32,0,0,194359154503,194359471827,317324,21,8388608
Uring,throughput,0,4,32,0,0,194359157146,194360221942,1064795,73,8388608
Uring,throughput,0,4,32,0,0,194359162277,194359391207,228929,23,8388608
Uring,throughput,0,4,32,0,0,194359170325,194359246310,75985,48,8388608
Uring,throughput,0,4,32,0,0,194359170524,194359226985,56461,29,8388608
Uring,throughput,0,4,32,0,0,194359179095,194360196528,1017432,59,8388608
Uring,throughput,0,4,32,0,0,194359180042,194360089622,909580,29,8388608
Uring,throughput,0,4,32,0,0,194359189369,194359411915,222545,30,8388608
Uring,throughput,0,4,32,0,0,194359194956,194360199635,1004678,4762,8388608
Uring,throughput,0,4,32,0,0,194359196141,194359599521,403379,8640,8388608
Uring,throughput,0,4,32,0,0,194359201373,194359600512,399138,3576,8388608
Uring,throughput,0,4,32,0,0,194359203579,194359413179,209599,8653,8388608
Uring,throughput,0,4,32,0,0,194359212162,194359603379,391216,404,8388608
Uring,throughput,0,4,32,0,0,194359212731,194360200295,987564,1822,8388608
Uring,throughput,0,4,32,0,0,194359212775,194359578124,365348,2017,8388608
Uring,throughput,0,4,32,0,0,194359226992,194360229756,1002763,2890,8388608
Uring,throughput,0,4,32,0,0,194359229172,194360218230,989058,55,8388608
Uring,throughput,0,4,32,0,0,194359237556,194360100293,862736,25,8388608
Uring,throughput,0,4,32,0,0,194359238335,194360340881,1102546,3133,8388608
Uring,throughput,0,4,32,0,0,194359242394,194359302625,60231,15,8388608
Uring,throughput,0,4,32,0,0,194359244332,194359675993,431660,106,8388608
Uring,throughput,0,4,32,0,0,194359246319,194359642140,395821,3716,8388608
Uring,throughput,0,4,32,0,0,194359248083,194359633425,385342,1337,8388608
Uring,throughput,0,4,32,0,0,194359255367,194360297433,1042066,4896,8388608
Uring,throughput,0,4,32,0,0,194359263159,194359336907,73748,1101,8388608
Uring,throughput,0,4,32,0,0,194359265086,194359332326,67239,115,8388608
Uring,throughput,0,4,32,0,0,194359268624,194360234596,965971,31,8388608
Uring,throughput,0,4,32,0,0,194359268922,194359643354,374431,1930,8388608
Uring,throughput,0,4,32,0,0,194359270594,194359447947,177353,5227,8388608
Uring,throughput,0,4,32,0,0,194359275759,194360241309,965549,4732,8388608
Uring,throughput,0,4,32,0,0,194359279949,194359646515,366565,32,8388608
Uring,throughput,0,4,32,0,0,194359280594,194360093166,812571,31,8388608
Uring,throughput,0,4,32,0,0,194359282363,194360244449,962085,4454,8388608
Uring,throughput,0,4,32,0,0,194359283451,194359340573,57121,14,8388608
Uring,throughput,0,4,32,0,0,194359290983,194359624189,333205,4187,8388608
Uring,throughput,0,4,32,0,0,194359290987,194359659225,368237,36,8388608
Uring,throughput,0,4,32,0,0,194359294392,194359342272,47879,5473,8388608
Uring,throughput,0,4,32,0,0,194359299591,194359525333,225741,11,8388608
Uring,throughput,0,4,32,0,0,194359299964,194359663402,363438,88,8388608
Uring,throughput,0,4,32,0,0,194359302360,194359784086,481726,22,8388608
Uring,throughput,0,4,32,0,0,194359302631,194359666877,364246,2350,8388608
Uring,throughput,0,4,32,0,0,194359304945,194359667323,362377,95,8388608
Uring,throughput,0,4,32,0,0,194359305000,194360251673,946672,56,8388608
Uring,throughput,0,4,32,0,0,194359311837,194359908475,596638,19,8388608
Uring,throughput,0,4,32,0,0,194359314338,194360251573,937235,36,8388608
Uring,throughput,0,4,32,0,0,194359319062,194359674955,355893,1253,8388608
Uring,throughput,0,4,32,0,0,194359323545,194360266489,942943,45,8388608
Uring,throughput,0,4,32,0,0,194359324413,194359674899,350486,17,8388608
Uring,throughput,0,4,32,0,0,194359327227,194359367612,40384,19,8388608
Uring,throughput,0,4,32,0,0,194359328099,194359677947,349848,33,8388608
Uring,throughput,0,4,32,0,0,194359330453,194360244043,913589,63,8388608
Uring,throughput,0,4,32,0,0,194359332330,194360258288,925958,15,8388608
Uring,throughput,0,4,32,0,0,194359336914,194359681064,344149,20,8388608
Uring,throughput,0,4,32,0,0,194359340578,194359682528,341949,36,8388608
Uring,throughput,0,4,32,0,0,194359342276,194359445344,103067,42,8388608
Uring,throughput,0,4,32,0,0,194359347050,194359454795,107744,20,8388608
Uring,throughput,0,4,32,0,0,194359353943,194359489199,135256,4593,8388608
Uring,throughput,0,4,32,0,0,194359355326,194360244207,888880,24,8388608
Uring,throughput,0,4,32,0,0,194359364110,194359606317,242207,25,8388608
Uring,throughput,0,4,32,0,0,194359367618,194359693810,326192,71,8388608
Uring,throughput,0,4,32,0,0,194359368586,194359684547,315961,23,8388608
Uring,throughput,0,4,32,0,0,194359371801,194359697300,325499,1982,8388608
Uring,throughput,0,4,32,0,0,194359375302,194360057093,681791,17,8388608
Uring,throughput,0,4,32,0,0,194359377942,194359913846,535903,473,8388608
Uring,throughput,0,4,32,0,0,194359379090,194359698759,319669,18,8388608
Uring,throughput,0,4,32,0,0,194359391216,194359447141,55925,27,8388608
Uring,throughput,0,4,32,0,0,194359394248,194359476405,82157,927,8388608
Uring,throughput,0,4,32,0,0,194359398951,194359717848,318897,38,8388608
Uring,throughput,0,4,32,0,0,194359404437,194359677794,273356,18,8388608
Uring,throughput,0,4,32,0,0,194359405312,194360090621,685309,13,8388608
Uring,throughput,0,4,32,0,0,194359411919,194359717312,305392,3235,8388608
Uring,throughput,0,4,32,0,0,194359413186,194360284372,871185,17,8388608
Uring,throughput,0,4,32,0,0,194359418771,194359488654,69883,2339,8388608
Uring,throughput,0,4,32,0,0,194359419773,194360286573,866799,448,8388608
Uring,throughput,0,4,32,0,0,194359428366,194359767466,339099,28,8388608
Uring,throughput,0,4,32,0,0,194359429193,194360287910,858717,48,8388608
Uring,throughput,0,4,32,0,0,194359432569,194360245810,813241,18,8388608
Uring,throughput,0,4,32,0,0,194359436456,194359729979,293523,65,8388608
Uring,throughput,0,4,32,0,0,194359438378,194360288493,850114,23,8388608
Uring,throughput,0,4,32,0,0,194359443253,194359752756,309503,19,8388608
Uring,throughput,0,4,32,0,0,194359445348,194359721158,275809,14,8388608
Uring,throughput,0,4,32,0,0,194359447146,194359755763,308616,3155,8388608
Uring,throughput,0,4,32,0,0,194359447954,194360239288,791334,16,8388608
Uring,throughput,0,4,32,0,0,194359450262,194359755906,305643,79,8388608
Uring,throughput,0,4,32,0,0,194359451727,194359723015,271287,2303,8388608
Uring,throughput,0,4,32,0,0,194359454798,194359722713,267914,2169,8388608
Uring,throughput,0,4,32,0,0,194359465090,194359762370,297280,17,8388608
Uring,throughput,0,4,32,0,0,194359471837,194360292878,821041,4453,8388608
Uring,throughput,0,4,32,0,0,194359476412,194360292871,816459,16,8388608
Uring,throughput,0,4,32,0,0,194359488664,194359732194,243530,38,8388608
Uring,throughput,0,4,32,0,0,194359489203,194359644517,155314,14,8388608
Uring,throughput,0,4,32,0,0,194359498830,194360294235,795404,2825,8388608
Uring,throughput,0,4,32,0,0,194359505524,194360295363,789838,15,8388608
Uring,throughput,0,4,32,0,0,194359518129,194359834510,316380,28,8388608
Uring,throughput,0,4,32,0,0,194359525340,194359549725,24384,32,8388608
Uring,throughput,0,4,32,0,0,194359531285,194359798591,267305,34,8388608
Uring,throughput,0,4,32,0,0,194359537899,194360253931,716031,3083,8388608
Uring,throughput,0,4,32,0,0,194359544668,194359569801,25132,850,8388608
Uring,throughput,0,4,32,0,0,194359549732,194359652313,102580,294,8388608
Uring,throughput,0,4,32,0,0,194359549836,194359806431,256595,26,8388608
Uring,throughput,0,4,32,0,0,194359569807,194359737103,167296,42,8388608
Uring,throughput,0,4,32,0,0,194359570375,194360111560,541185,23,8388608
Uring,throughput,0,4,32,0,0,194359573486,194359654352,80866,23,8388608
Uring,throughput,0,4,32,0,0,194359578132,194359762937,184805,53,8388608
Uring,throughput,0,4,32,0,0,194359599528,194359920782,321253,20,8388608
Uring,throughput,0,4,32,0,0,194359600154,194360157136,556981,100,8388608
Uring,throughput,0,4,32,0,0,194359600515,194360303887,703372,16,8388608
Uring,throughput,0,4,32,0,0,194359603389,194360225178,621788,8249,8388608
Uring,throughput,0,4,32,0,0,194359606325,194360154413,548088,17,8388608
Uring,throughput,0,4,32,0,0,194359624198,194360175063,550864,68,8388608
Uring,throughput,0,4,32,0,0,194359633434,194359805751,172317,21,8388608
Uring,throughput,0,4,32,0,0,194359642150,194360045478,403328,49,8388608
Uring,throughput,0,4,32,0,0,194359643359,194360186386,543027,12,8388608
Uring,throughput,0,4,32,0,0,194359644520,194359776393,131872,26,8388608
Uring,throughput,0,4,32,0,0,194359646520,194360259545,613025,3775,8388608
Uring,throughput,0,4,32,0,0,194359649976,194360055058,405082,394,8388608
Uring,throughput,0,4,32,0,0,194359652320,194360142544,490224,18,8388608
Uring,throughput,0,4,32,0,0,194359654360,194359920728,266367,21,8388608
Uring,throughput,0,4,32,0,0,194359659233,194360202621,543388,19,8388608
Uring,throughput,0,4,32,0,0,194359662934,194359823183,160249,159,8388608
Uring,throughput,0,4,32,0,0,194359663404,194360203350,539945,13,8388608
Uring,throughput,0,4,32,0,0,194359666885,194359800318,133432,35,8388608
Uring,throughput,0,4,32,0,0,194359667325,194359801339,134014,16,8388608
Uring,throughput,0,4,32,0,0,194359674906,194360213613,538706,80,8388608
Uring,throughput,0,4,32,0,0,194359674963,194359857835,182871,34,8388608
Uring,throughput,0,4,32,0,0,194359676043,194360183985,507942,5421,8388608
Uring,throughput,0,4,32,0,0,194359677802,194359859974,182171,28,8388608
Uring,throughput,0,4,32,0,0,194359677951,194360309726,631774,21,8388608
Uring,throughput,0,4,32,0,0,194359681109,194360218510,537401,29,8388608
Uring,throughput,0,4,32,0,0,194359682535,194360310087,627552,1440,8388608
Uring,throughput,0,4,32,0,0,194359684555,194359814171,129615,21,8388608
Uring,throughput,0,4,32,0,0,194359693818,194359815097,121279,3603,8388608
Uring,throughput,0,4,32,0,0,194359697308,194360226105,528796,79,8388608
Uring,throughput,0,4,32,0,0,194359698765,194360262110,563345,4172,8388608
Uring,throughput,0,4,32,0,0,194359713618,194360268275,554656,3963,8388608
Uring,throughput,0,4,32,0,0,194359717316,194359879584,162268,321,8388608
Uring,throughput,0,4,32,0,0,194359717851,194359900014,182162,268,8388608
Uring,throughput,0,4,32,0,0,194359721166,194359907051,185884,2707,8388608
Uring,throughput,0,4,32,0,0,194359722721,194360238150,515428,25,8388608
Uring,throughput,0,4,32,0,0,194359723023,194359841826,118803,28,8388608
Uring,throughput,0,4,32,0,0,194359723595,194359825764,102168,301,8388608
Uring,throughput,0,4,32,0,0,194359729986,194359824134,94147,40,8388608
Uring,throughput,0,4,32,0,0,194359732199,194359879724,147524,12,8388608
Uring,throughput,0,4,32,0,0,194359737107,194359841127,104019,21,8388608
Uring,throughput,0,4,32,0,0,194359752764,194360313888,561124,58,8388608
Uring,throughput,0,4,32,0,0,194359755770,194359888931,133160,20,8388608
Uring,throughput,0,4,32,0,0,194359755910,194360264374,508464,5225,8388608
Uring,throughput,0,4,32,0,0,194359762376,194359877327,114950,1811,8388608
Uring,throughput,0,4,32,0,0,194359762942,194360314149,551207,14,8388608
Uring,throughput,0,4,32,0,0,194359767497,194359891899,124402,19,8388608
Uring,throughput,0,4,32,0,0,194359776400,194360257112,480711,3753,8388608
Uring,throughput,0,4,32,0,0,194359784092,194359895109,111016,21,8388608
Uring,throughput,0,4,32,0,0,194359798598,194359889574,90975,25,8388608
Uring,throughput,0,4,32,0,0,194359800323,194359880976,80653,31,8388608
Uring,throughput,0,4,32,0,0,194359801343,194360258181,456837,4233,8388608
Uring,throughput,0,4,32,0,0,194359805756,194360315295,509538,26,8388608
Uring,throughput,0,4,32,0,0,194359806433,194360258431,451998,13,8388608
Uring,throughput,0,4,32,0,0,194359806638,194360259362,452723,3742,8388608
Uring,throughput,0,4,32,0,0,194359814196,194360266186,451990,2475,8388608
Uring,throughput,0,4,32,0,0,194359815103,194360315406,500302,16,8388608
Uring,throughput,0,4,32,0,0,194359822667,194360055624,232956,17,8388608
Uring,throughput,0,4,32,0,0,194359823186,194360315632,492446,2724,8388608
Uring,throughput,0,4,32,0,0,194359824141,194360316039,491897,6582,8388608
Uring,throughput,0,4,32,0,0,194359825769,194360211806,386037,160,8388608
Uring,throughput,0,4,32,0,0,194359834517,194360314486,479969,6938,8388608
Uring,throughput,0,4,32,0,0,194359841135,194360266587,425452,5996,8388608
Uring,throughput,0,4,32,0,0,194359841836,194359904233,62396,116,8388608
Uring,throughput,0,4,32,0,0,194359850305,194360310710,460405,73,8388608
Uring,throughput,0,4,32,0,0,194359857843,194359942182,84339,25,8388608
Uring,throughput,0,4,32,0,0,194359860031,194360267048,407016,384,8388608
Uring,throughput,0,4,32,0,0,194359877335,194359980165,102829,30,8388608
Uring,throughput,0,4,32,0,0,194359879592,194360316353,436761,19,8388608
Uring,throughput,0,4,32,0,0,194359879727,194360267568,387841,3498,8388608
Uring,throughput,0,4,32,0,0,194359880983,194360267046,386063,3405,8388608
Uring,throughput,0,4,32,0,0,194359888935,194360117158,228222,57,8388608
Uring,throughput,0,4,32,0,0,194359889577,194360315118,425540,4843,8388608
Uring,throughput,0,4,32,0,0,194359891902,194360206531,314629,4653,8388608
Uring,throughput,0,4,32,0,0,194359895115,194360226805,331690,3801,8388608
Uring,throughput,0,4,32,0,0,194359900019,194360208400,308380,20,8388608
Uring,throughput,0,4,32,0,0,194359904239,194360269181,364942,15958,8388608
Uring,throughput,0,4,32,0,0,194359907102,194360268910,361808,24,8388608
Uring,throughput,0,4,32,0,0,194359908502,194360317498,408996,21,8388608
Uring,throughput,0,4,32,0,0,194359910485,194360290365,379879,12,8388608
Uring,throughput,0,4,32,0,0,194359913852,194360137417,223564,41,8388608
Uring,throughput,0,4,32,0,0,194359915092,194360142999,227907,79,8388608
Uring,throughput,0,4,32,0,0,194359919375,194360316648,397272,45,8388608
Uring,throughput,0,4,32,0,0,194359920736,194360115990,195254,1467,8388608
Uring,throughput,0,4,32,0,0,194359920787,194360000077,79290,17,8388608
Uring,throughput,0,4,32,0,0,194359925051,194360037871,112820,17,8388608
Uring,throughput,0,4,32,0,0,194359933535,194360222813,289277,16,8388608
Uring,throughput,0,4,32,0,0,194359935763,194360222912,287149,6021,8388608
Uring,throughput,0,4,32,0,0,194359942203,194360276092,333888,6193,8388608
Uring,throughput,0,4,32,0,0,194359944810,194360317566,372756,2157,8388608
Uring,throughput,0,4,32,0,0,194359973286,194360273745,300458,17,8388608
Uring,throughput,0,4,32,0,0,194359976763,194360328881,352117,53,8388608
Uring,throughput,0,4,32,0,0,194359980169,194360139171,159002,15,8388608
Uring,throughput,0,4,32,0,0,194359987599,194360137180,149581,36,8388608
Uring,throughput,0,4,32,0,0,194359990188,194360085061,94872,2913,8388608
Uring,throughput,0,4,32,0,0,194359997819,194360228208,230389,15,8388608
Uring,throughput,0,4,32,0,0,194359999595,194360328436,328840,2254,8388608
Uring,throughput,0,4,32,0,0,194360000082,194360222960,222877,649,8388608
Uring,throughput,0,4,32,0,0,194360014697,194360274095,259397,25,8388608
Uring,throughput,0,4,32,0,0,194360018773,194360052533,33759,693,8388608
Uring,throughput,0,4,32,0,0,194360021000,194360083080,62080,29,8388608
Uring,throughput,0,4,32,0,0,194360037154,194360220563,183409,71,8388608
Uring,throughput,0,4,64,0,0,194360525098,194361989568,1464470,34851,8388608
Uring,throughput,0,4,64,0,0,194360525134,194361488203,963069,14574,8388608
Uring,throughput,0,4,64,0,0,194360525184,194362013122,1487937,35366,8388608
Uring,throughput,0,4,64,0,0,194360525208,194362230646,1705437,34472,8388608
Uring,throughput,0,4,64,0,0,194360525611,194363075059,2549448,34444,8388608
Uring,throughput,0,4,64,0,0,194360525650,194361518038,992388,14115,8388608
Uring,throughput,0,4,64,0,0,194360525672,194362466697,1941025,34940,8388608
Uring,throughput,0,4,64,0,0,194360525821,194362443388,1917566,34277,8388608
Uring,throughput,0,4,64,0,0,194360525834,194362007112,1481278,33930,8388608
Uring,throughput,0,4,64,0,0,194360525898,194362046399,1520501,13905,8388608
Uring,throughput,0,4,64,0,0,194360525983,194362472055,1946072,34672,8388608
Uring,throughput,0,4,64,0,0,194360526047,194362272282,1746234,33780,8388608
Uring,throughput,0,4,64,0,0,194360526100,194363051722,2525621,34034,8388608
Uring,throughput,0,4,64,0,0,194360526103,194362603891,2077788,13776,8388608
Uring,throughput,0,4,64,0,0,194360526222,194362288676,1762454,34478,8388608
Uring,throughput,0,4,64,0,0,194360526302,194361942318,1416016,13619,8388608
Uring,throughput,0,4,64,0,0,194360526312,194362000119,1473806,33609,8388608
Uring,throughput,0,4,64,0,0,194360526323,194362579893,2053570,33886,8388608
Uring,throughput,0,4,64,0,0,194360526481,194363083743,2557262,34321,8388608
Uring,throughput,0,4,64,0,0,194360526529,194362264091,1737561,33725,8388608
Uring,throughput,0,4,64,0,0,194360526543,194361934045,1407502,13415,8388608
Uring,throughput,0,4,64,0,0,194360526602,194363066499,2539896,33423,8388608
Uring,throughput,0,4,64,0,0,194360526663,194362176583,1649919,34178,8388608
Uring,throughput,0,4,64,0,0,194360526744,194362605278,2078534,13297,8388608
Uring,throughput,0,4,64,0,0,194360526761,194362143916,1617154,33538,8388608
Uring,throughput,0,4,64,0,0,194360526842,194362160098,1633256,33245,8388608
Uring,throughput,0,4,64,0,0,194360526910,194361986883,1459973,33425,8388608
Uring,throughput,0,4,64,0,0,194360526925,194362339750,1812824,13150,8388608
Uring,throughput,0,4,64,0,0,194360526978,194362301842,1774864,33903,8388608
Uring,throughput,0,4,64,0,0,194360527040,194361997796,1470756,33098,8388608
Uring,throughput,0,4,64,0,0,194360527072,194362185235,1658162,33306,8388608
Uring,throughput,0,4,64,0,0,194360527111,194362357644,1830532,13003,8388608
Uring,throughput,0,4,64,0,0,194360527161,194362214651,1687490,33757,8388608
Uring,throughput,0,4,64,0,0,194360527173,194362006275,1479101,33049,8388608
Uring,throughput,0,4,64,0,0,194360527226,194362453711,1926484,33200,8388608
Uring,throughput,0,4,64,0,0,194360527340,194362350283,1822942,12808,8388608
Uring,throughput,0,4,64,0,0,194360527365,194362309642,1782277,33595,8388608
Uring,throughput,0,4,64,0,0,194360527409,194362511106,1983696,33071,8388608
Uring,throughput,0,4,64,0,0,194360527423,194362002219,1474796,32872,8388608
Uring,throughput,0,4,64,0,0,194360527595,194361960734,1433139,12595,8388608
Uring,throughput,0,4,64,0,0,194360527619,194362592208,2064588,32746,8388608
Uring,throughput,0,4,64,0,0,194360527648,194362136345,1608697,32986,8388608
Uring,throughput,0,4,64,0,0,194360527667,194363067077,2539409,33328,8388608
Uring,throughput,0,4,64,0,0,194360527784,194362412804,1885019,12441,8388608
Uring,throughput,0,4,64,0,0,194360527824,194362607318,2079494,32605,8388608
Uring,throughput,0,4,64,0,0,194360527857,194362348473,1820616,32825,8388608
Uring,throughput,0,4,64,0,0,194360527857,194362313339,1785481,33208,8388608
Uring,throughput,0,4,64,0,0,194360527952,194362049947,1521995,12313,8388608
Uring,throughput,0,4,64,0,0,194360527960,194362260835,1732874,32517,8388608
Uring,throughput,0,4,64,0,0,194360528056,194362212859,1684802,33058,8388608
Uring,throughput,0,4,64,0,0,194360528091,194363040309,2512217,32635,8388608
Uring,throughput,0,4,64,0,0,194360528127,194362030955,1502828,12172,8388608
Uring,throughput,0,4,64,0,0,194360528146,194362161526,1633379,32394,8388608
Uring,throughput,0,4,64,0,0,194360528235,194362015334,1487098,32924,8388608
Uring,throughput,0,4,64,0,0,194360528294,194362352034,1823740,12119,8388608
Uring,throughput,0,4,64,0,0,194360528393,194362207362,1678969,32500,8388608
Uring,throughput,0,4,64,0,0,194360528397,194362003103,1474706,32211,8388608
Uring,throughput,0,4,64,0,0,194360528489,194362625486,2096997,32732,8388608
Uring,throughput,0,4,64,0,0,194360528491,194361659122,1130630,11961,8388608
Uring,throughput,0,4,64,0,0,194360528637,194362194230,1665593,32078,8388608
Uring,throughput,0,4,64,0,0,194360528659,194362298833,1770173,32660,8388608
Uring,throughput,0,4,64,0,0,194360528712,194361874792,1346080,11775,8388608
Uring,throughput,0,4,64,0,0,194360528725,194362181676,1652951,32213,8388608
Uring,throughput,0,4,64,0,0,194360528921,194362607787,2078866,11603,8388608
Uring,throughput,0,4,64,0,0,194360528943,194362474335,1945391,32432,8388608
Uring,throughput,0,4,64,0,0,194360528973,194362206410,1677437,31917,8388608
Uring,throughput,0,4,64,0,0,194360529034,194362595421,2066387,31941,8388608
Uring,throughput,0,4,64,0,0,194360529095,194361942860,1413764,11462,8388608
Uring,throughput,0,4,64,0,0,194360529226,194362197218,1667991,31711,8388608
Uring,throughput,0,4,64,0,0,194360529231,194362290558,1761327,32181,8388608
Uring,throughput,0,4,64,0,0,194360529302,194362457822,1928520,31736,8388608
Uring,throughput,0,4,64,0,0,194360529333,194362027245,1497911,11261,8388608
Uring,throughput,0,4,64,0,0,194360529551,194362596575,2067024,31428,8388608
Uring,throughput,0,4,64,0,0,194360529582,194362160825,1631243,31494,8388608
Uring,throughput,0,4,64,0,0,194360529620,194362028187,1498566,11009,8388608
Uring,throughput,0,4,64,0,0,194360529632,194362281848,1752216,31820,8388608
Uring,throughput,0,4,64,0,0,194360529753,194363072517,2542764,31285,8388608
Uring,throughput,0,4,64,0,0,194360529819,194361930816,1400996,10849,8388608
Uring,throughput,0,4,64,0,0,194360529908,194362471520,1941611,31581,8388608
Uring,throughput,0,4,64,0,0,194360529908,194363057708,2527799,31211,8388608
Uring,throughput,0,4,64,0,0,194360529949,194362596035,2066085,31149,8388608
Uring,throughput,0,4,64,0,0,194360530143,194362169505,1639361,30998,8388608
Uring,throughput,0,4,64,0,0,194360530206,194362593492,2063286,30954,8388608
Uring,throughput,0,4,64,0,0,194360530210,194361888272,1358062,10493,8388608
Uring,throughput,0,4,64,0,0,194360530254,194363081864,2551610,31317,8388608
Uring,throughput,0,4,64,0,0,194360530378,194362281426,1751048,30822,8388608
Uring,throughput,0,4,64,0,0,194360530405,194362088513,1558107,30797,8388608
Uring,throughput,0,4,64,0,0,194360530426,194361868805,1338378,10314,8388608
Uring,throughput,0,4,64,0,0,194360530530,194362051053,1520523,31083,8388608
Uring,throughput,0,4,64,0,0,194360530577,194363069766,2539188,30721,8388608
Uring,throughput,0,4,64,0,0,194360530604,194361964892,1434287,10173,8388608
Uring,throughput,0,4,64,0,0,194360530628,194362454574,1923946,30663,8388608
Uring,throughput,0,4,64,0,0,194360530728,194362610826,2080098,10091,8388608
Uring,throughput,0,4,64,0,0,194360530759,194362286760,1756001,30893,8388608
Uring,throughput,0,4,64,0,0,194360530801,194362162617,1631815,30607,8388608
Uring,throughput,0,4,64,0,0,194360530836,194361992828,1461992,30493,8388608
Uring,throughput,0,4,64,0,0,194360530874,194361946783,1415909,9981,8388608
Uring,throughput,0,4,64,0,0,194360530971,194362006962,1475991,30480,8388608
Uring,throughput,0,4,64,0,0,194360531029,194362218754,1687724,30347,8388608
Uring,throughput,0,4,64,0,0,194360531080,194361761884,1230804,9810,8388608
Uring,throughput,0,4,64,0,0,194360531092,194362175271,1644179,30601,8388608
Uring,throughput,0,4,64,0,0,194360531216,194362275844,1744628,30284,8388608
Uring,throughput,0,4,64,0,0,194360531278,194362153370,1622092,30136,8388608
Uring,throughput,0,4,64,0,0,194360531290,194362058573,1527282,9638,8388608
Uring,throughput,0,4,64,0,0,194360531329,194363081170,2549841,30408,8388608
Uring,throughput,0,4,64,0,0,194360531483,194362167171,1635688,30057,8388608
Uring,throughput,0,4,64,0,0,194360531514,194362215128,1683614,30270,8388608
Uring,throughput,0,4,64,0,0,194360531514,194363053642,2522128,30014,8388608
Uring,throughput,0,4,64,0,0,194360531533,194361864809,1333275,9536,8388608
Uring,throughput,0,4,64,0,0,194360531646,194362279028,1747381,29946,8388608
Uring,throughput,0,4,64,0,0,194360531728,194362174645,1642917,30093,8388608
Uring,throughput,0,4,64,0,0,194360531789,194361880667,1348878,9318,8388608
Uring,throughput,0,4,64,0,0,194360531849,194362240380,1708531,29784,8388608
Uring,throughput,0,4,64,0,0,194360531853,194362192029,1660176,29712,8388608
Uring,throughput,0,4,64,0,0,194360531897,194362016090,1484193,30017,8388608
Uring,throughput,0,4,64,0,0,194360531971,194362082807,1550835,9184,8388608
Uring,throughput,0,4,64,0,0,194360532027,194363066280,2534252,29662,8388608
Uring,throughput,0,4,64,0,0,194360532103,194362508337,1976234,29505,8388608
Uring,throughput,0,4,64,0,0,194360532203,194361758083,1225879,8991,8388608
Uring,throughput,0,4,64,0,0,194360532280,194362191864,1659584,29369,8388608
Uring,throughput,0,4,64,0,0,194360532314,194362611142,2078827,29416,8388608
Uring,throughput,0,4,64,0,0,194360532318,194363079125,2546806,29634,8388608
Uring,throughput,0,4,64,0,0,194360532350,194362050728,1518378,8883,8388608
Uring,throughput,0,4,64,0,0,194360532454,194362271129,1738675,29233,8388608
Uring,throughput,0,4,64,0,0,194360532470,194362235616,1703145,29299,8388608
Uring,throughput,0,4,64,0,0,194360532531,194362402251,1869719,29463,8388608
Uring,throughput,0,4,64,0,0,194360532634,194361842216,1309582,8639,8388608
Uring,throughput,0,4,64,0,0,194360532648,194361993903,1461254,29079,8388608
Uring,throughput,0,4,64,0,0,194360532672,194363044184,2511511,29140,8388608
Uring,throughput,0,4,64,0,0,194360532726,194363085190,2552463,29333,8388608
Uring,throughput,0,4,64,0,0,194360532807,194362358685,1825877,8505,8388608
Uring,throughput,0,4,64,0,0,194360532814,194362456148,1923333,29055,8388608
Uring,throughput,0,4,64,0,0,194360532852,194362557963,2025110,28919,8388608
Uring,throughput,0,4,64,0,0,194360532875,194363076459,2543584,29239,8388608
Uring,throughput,0,4,64,0,0,194360533017,194362482557,1949539,28798,8388608
Uring,throughput,0,4,64,0,0,194360533048,194363075045,2541996,29114,8388608
Uring,throughput,0,4,64,0,0,194360533084,194362163568,1630483,28827,8388608
Uring,throughput,0,4,64,0,0,194360533181,194361975777,1442596,8165,8388608
Uring,throughput,0,4,64,0,0,194360533237,194362175257,1642020,28968,8388608
Uring,throughput,0,4,64,0,0,194360533282,194362459223,1925941,28570,8388608
Uring,throughput,0,4,64,0,0,194360533283,194362209266,1675982,28669,8388608
Uring,throughput,0,4,64,0,0,194360533337,194362027201,1493864,8048,8388608
Uring,throughput,0,4,64,0,0,194360533398,194362173738,1640340,28883,8388608
Uring,throughput,0,4,64,0,0,194360533457,194362005510,1472053,28539,8388608
Uring,throughput,0,4,64,0,0,194360533469,194362192784,1659314,28424,8388608
Uring,throughput,0,4,64,0,0,194360533477,194362056130,1522653,7944,8388608
Uring,throughput,0,4,64,0,0,194360533552,194362169601,1636049,28809,8388608
Uring,throughput,0,4,64,0,0,194360533654,194362008402,1474748,28398,8388608
Uring,throughput,0,4,64,0,0,194360533698,194362351390,1817692,7771,8388608
Uring,throughput,0,4,64,0,0,194360533704,194362170209,1636504,28705,8388608
Uring,throughput,0,4,64,0,0,194360533834,194362192013,1658179,28097,8388608
Uring,throughput,0,4,64,0,0,194360533850,194362151103,1617253,28251,8388608
Uring,throughput,0,4,64,0,0,194360533877,194362043876,1509998,28574,8388608
Uring,throughput,0,4,64,0,0,194360533896,194362713842,2179945,7629,8388608
Uring,throughput,0,4,64,0,0,194360534030,194362294588,1760557,28116,8388608
Uring,throughput,0,4,64,0,0,194360534140,194363221446,2687306,7426,8388608
Uring,throughput,0,4,64,0,0,194360534163,194362254516,1720353,28345,8388608
Uring,throughput,0,4,64,0,0,194360534163,194363053701,2519538,27808,8388608
Uring,throughput,0,4,64,0,0,194360534286,194363069663,2535377,27903,8388608
Uring,throughput,0,4,64,0,0,194360534298,194362057723,1523424,7303,8388608
Uring,throughput,0,4,64,0,0,194360534362,194362320364,1786002,28184,8388608
Uring,throughput,0,4,64,0,0,194360534501,194362200940,1666438,27813,8388608
Uring,throughput,0,4,64,0,0,194360534509,194362272254,1737745,27518,8388608
Uring,throughput,0,4,64,0,0,194360534631,194363072365,2537734,27999,8388608
Uring,throughput,0,4,64,0,0,194360534694,194362203204,1668510,27671,8388608
Uring,throughput,0,4,64,0,0,194360534709,194363057753,2523043,27358,8388608
Uring,throughput,0,4,64,0,0,194360534731,194361982900,1448169,6916,8388608
Uring,throughput,0,4,64,0,0,194360534829,194362214673,1679843,27840,8388608
Uring,throughput,0,4,64,0,0,194360534866,194362006912,1472045,27557,8388608
Uring,throughput,0,4,64,0,0,194360534929,194362266550,1731620,27184,8388608
Uring,throughput,0,4,64,0,0,194360534961,194361490957,955995,6738,8388608
Uring,throughput,0,4,64,0,0,194360535026,194362618768,2083741,27712,8388608
Uring,throughput,0,4,64,0,0,194360535091,194362209765,1674673,27403,8388608
Uring,throughput,0,4,64,0,0,194360535183,194362218577,1683394,26975,8388608
Uring,throughput,0,4,64,0,0,194360535193,194362347221,1812027,6545,8388608
Uring,throughput,0,4,64,0,0,194360535277,194362462470,1927192,27517,8388608
Uring,throughput,0,4,64,0,0,194360535280,194362166424,1631144,27269,8388608
Uring,throughput,0,4,64,0,0,194360535355,194361994303,1458948,26860,8388608
Uring,throughput,0,4,64,0,0,194360535409,194362334822,1799413,6368,8388608
Uring,throughput,0,4,64,0,0,194360535500,194362613989,2078489,27342,8388608
Uring,throughput,0,4,64,0,0,194360535569,194362343946,1808376,6247,8388608
Uring,throughput,0,4,64,0,0,194360535574,194362168473,1632898,27021,8388608
Uring,throughput,0,4,64,0,0,194360535586,194362311344,1775757,26664,8388608
Uring,throughput,0,4,64,0,0,194360535757,194362258348,1722590,27188,8388608
Uring,throughput,0,4,64,0,0,194360535768,194362285519,1749750,26879,8388608
Uring,throughput,0,4,64,0,0,194360535785,194363004410,2468625,6071,8388608
Uring,throughput,0,4,64,0,0,194360535889,194362273065,1737176,26404,8388608
Uring,throughput,0,4,64,0,0,194360535959,194362016967,1481007,5930,8388608
Uring,throughput,0,4,64,0,0,194360535987,194362553965,2017978,26702,8388608
Uring,throughput,0,4,64,0,0,194360536026,194363083213,2547187,26953,8388608
Uring,throughput,0,4,64,0,0,194360536152,194362052948,1516796,5774,8388608
Uring,throughput,0,4,64,0,0,194360536171,194362192802,1656630,26156,8388608
Uring,throughput,0,4,64,0,0,194360536233,194362625989,2089756,26809,8388608
Uring,throughput,0,4,64,0,0,194360536239,194362465897,1929658,26490,8388608
Uring,throughput,0,4,64,0,0,194360536345,194362361203,1824858,5623,8388608
Uring,throughput,0,4,64,0,0,194360536387,194362603323,2066935,26379,8388608
Uring,throughput,0,4,64,0,0,194360536433,194362624128,2087694,26655,8388608
Uring,throughput,0,4,64,0,0,194360536457,194362593504,2057046,25911,8388608
Uring,throughput,0,4,64,0,0,194360536537,194362769262,2232725,5519,8388608
Uring,throughput,0,4,64,0,0,194360536572,194362007852,1471279,26410,8388608
Uring,throughput,0,4,64,0,0,194360536626,194362254762,1718135,26541,8388608
Uring,throughput,0,4,64,0,0,194360536631,194362444981,1908350,25773,8388608
Uring,throughput,0,4,64,0,0,194360536739,194361425125,888385,5364,8388608
Uring,throughput,0,4,64,0,0,194360536785,194362236710,1699925,26258,8388608
Uring,throughput,0,4,64,0,0,194360536831,194361996717,1459886,25618,8388608
Uring,throughput,0,4,64,0,0,194360536843,194364042080,3505237,26359,8388608
Uring,throughput,0,4,64,0,0,194360536907,194362593378,2056471,5230,8388608
Uring,throughput,0,4,64,0,0,194360537069,194362155952,1618883,25423,8388608
Uring,throughput,0,4,64,0,0,194360537100,194362463804,1926703,25979,8388608
Uring,throughput,0,4,64,0,0,194360537153,194361938303,1401149,5021,8388608
Uring,throughput,0,4,64,0,0,194360537171,194362015408,1478237,26071,8388608
Uring,throughput,0,4,64,0,0,194360537258,194362152466,1615207,25271,8388608
Uring,throughput,0,4,64,0,0,194360537317,194362598984,2061667,4889,8388608
Uring,throughput,0,4,64,0,0,194360537377,194362488187,1950810,25744,8388608
Uring,throughput,0,4,64,0,0,194360537403,194362189077,1651674,25924,8388608
Uring,throughput,0,4,64,0,0,194360537440,194363057770,2520330,25151,8388608
Uring,throughput,0,4,64,0,0,194360537522,194362048259,1510737,4723,8388608
Uring,throughput,0,4,64,0,0,194360537591,194362011365,1473774,25779,8388608
Uring,throughput,0,4,64,0,0,194360537598,194362606795,2069196,25643,8388608
Uring,throughput,0,4,64,0,0,194360537611,194361990102,1452490,25017,8388608
Uring,throughput,0,4,64,0,0,194360537749,194362176748,1638999,25661,8388608
Uring,throughput,0,4,64,0,0,194360537784,194362343831,1806046,4637,8388608
Uring,throughput,0,4,64,0,0,194360537791,194362234778,1696986,25533,8388608
Uring,throughput,0,4,64,0,0,194360537832,194363046191,2508359,24837,8388608
Uring,throughput,0,4,64,0,0,194360537941,194362174677,1636736,25504,8388608
Uring,throughput,0,4,64,0,0,194360537989,194362154634,1616644,24716,8388608
Uring,throughput,0,4,64,0,0,194360538033,194362463130,1925096,25331,8388608
Uring,throughput,0,4,64,0,0,194360538045,194362160664,1622619,4414,8388608
Uring,throughput,0,4,64,0,0,194360538086,194362015659,1477573,25400,8388608
Uring,throughput,0,4,64,0,0,194360538169,194362227084,1688914,24574,8388608
Uring,throughput,0,4,64,0,0,194360538239,194362601451,2063212,4285,8388608
Uring,throughput,0,4,64,0,0,194360538259,194362612365,2074106,25263,8388608
Uring,throughput,0,4,64,0,0,194360538304,194362167807,1629503,25100,8388608
Uring,throughput,0,4,64,0,0,194360538425,194362181152,1642727,24547,8388608
Uring,throughput,0,4,64,0,0,194360538431,194362404594,1866163,4141,8388608
Uring,throughput,0,4,64,0,0,194360538499,194362016478,1477978,25065,8388608
Uring,throughput,0,4,64,0,0,194360538592,194362601324,2062731,24437,8388608
Uring,throughput,0,4,64,0,0,194360538678,194362960690,2422012,24764,8388608
Uring,throughput,0,4,64,0,0,194360538730,194362865589,2326858,3876,8388608
Uring,throughput,0,4,64,0,0,194360538764,194362380767,1842003,24302,8388608
Uring,throughput,0,4,64,0,0,194360538847,194362513908,1975061,24756,8388608
Uring,throughput,0,4,64,0,0,194360538897,194361874820,1335922,3746,8388608
Uring,throughput,0,4,64,0,0,194360538909,194363389824,2850914,24569,8388608
Uring,throughput,0,4,64,0,0,194360538964,194363093171,2554206,24146,8388608
Uring,throughput,0,4,64,0,0,194360539034,194362254681,1715647,24610,8388608
Uring,throughput,0,4,64,0,0,194360539081,194362274662,1735580,24439,8388608
Uring,throughput,0,4,64,0,0,194360539134,194362593320,2054186,24016,8388608
Uring,throughput,0,4,64,0,0,194360558417,194362206102,1647684,5138,8388608
Uring,throughput,0,4,64,0,0,194360558433,194362457646,1899213,4756,8388608
Uring,throughput,0,4,64,0,0,194360558430,194363077853,2519422,5253,8388608
Uring,throughput,0,4,64,0,0,194360558688,194362207238,1648550,5034,8388608
Uring,throughput,0,4,64,0,0,194360558690,194362460702,1902011,4905,8388608
Uring,throughput,0,4,64,0,0,194360558831,194362587608,2028776,4397,8388608
Uring,throughput,0,4,64,0,0,194360559100,194362265077,1705976,4203,8388608
Uring,throughput,0,4,64,0,0,194360559146,194363072343,2513196,4622,8388608
Uring,throughput,0,4,64,0,0,194360559404,194362325698,1766294,4480,8388608
Uring,throughput,0,4,64,0,0,194361425143,194362364975,939831,22,8388608
Uring,throughput,0,4,64,0,0,194361488211,194362345671,857460,17,8388608
Uring,throughput,0,4,64,0,0,194361490971,194362148660,657688,15,8388608
Uring,throughput,0,4,64,0,0,194361518047,194362335478,817430,66,8388608
Uring,throughput,0,4,64,0,0,194361659208,194362469080,809872,21,8388608
Uring,throughput,0,4,64,0,0,194361758089,194362568221,810132,17,8388608
Uring,throughput,0,4,64,0,0,194361761889,194362638189,876299,20,8388608
Uring,throughput,0,4,64,0,0,194361842224,194362648378,806154,18,8388608
Uring,throughput,0,4,64,0,0,194361864817,194362676140,811323,45,8388608
Uring,throughput,0,4,64,0,0,194361868810,194362455608,586798,12,8388608
Uring,throughput,0,4,64,0,0,194361874801,194363306127,1431326,28,8388608
Uring,throughput,0,4,64,0,0,194361874821,194363260912,1386091,10,8388608
Uring,throughput,0,4,64,0,0,194361880694,194362737882,857187,17,8388608
Uring,throughput,0,4,64,0,0,194361888279,194362903511,1015231,17,8388608
Uring,throughput,0,4,64,0,0,194361930824,194363107851,1177026,24,8388608
Uring,throughput,0,4,64,0,0,194361934051,194363001098,1067047,13,8388608
Uring,throughput,0,4,64,0,0,194361938307,194363021721,1083413,16,8388608
Uring,throughput,0,4,64,0,0,194361942322,194362832507,890185,18,8388608
Uring,throughput,0,4,64,0,0,194361942863,194362857234,914371,39,8388608
Uring,throughput,0,4,64,0,0,194361946792,194363005362,1058570,60,8388608
Uring,throughput,0,4,64,0,0,194361960743,194363357225,1396481,132,8388608
Uring,throughput,0,4,64,0,0,194361964921,194362795650,830729,26,8388608
Uring,throughput,0,4,64,0,0,194361975784,194363015478,1039693,16,8388608
Uring,throughput,0,4,64,0,0,194361982908,194362785870,802961,33,8388608
Uring,throughput,0,4,64,0,0,194361986890,194362997794,1010904,37,8388608
Uring,throughput,0,4,64,0,0,194361989572,194362970782,981209,50,8388608
Uring,throughput,0,4,64,0,0,194361990103,194362810460,820356,12,8388608
Uring,throughput,0,4,64,0,0,194361992831,194362996241,1003409,141,8388608
Uring,throughput,0,4,64,0,0,194361993904,194362789271,795366,20,8388608
Uring,throughput,0,4,64,0,0,194361994304,194362823065,828761,12,8388608
Uring,throughput,0,4,64,0,0,194361996720,194363110600,1113880,19,8388608
Uring,throughput,0,4,64,0,0,194361997804,194363005856,1008052,46,8388608
Uring,throughput,0,4,64,0,0,194362000123,194362999417,999294,124,8388608
Uring,throughput,0,4,64,0,0,194362002269,194362489994,487724,60,8388608
Uring,throughput,0,4,64,0,0,194362003106,194363130275,1127169,21,8388608
Uring,throughput,0,4,64,0,0,194362005513,194362493185,487671,35,8388608
Uring,throughput,0,4,64,0,0,194362006279,194362865080,858800,15,8388608
Uring,throughput,0,4,64,0,0,194362006914,194362854199,847285,9,8388608
Uring,throughput,0,4,64,0,0,194362006963,194362870635,863672,8,8388608
Uring,throughput,0,4,64,0,0,194362007114,194362843075,835961,17,8388608
Uring,throughput,0,4,64,0,0,194362007853,194362503586,495732,13,8388608
Uring,throughput,0,4,64,0,0,194362008404,194362882876,874472,10,8388608
Uring,throughput,0,4,64,0,0,194362011373,194362903047,891674,45,8388608
Uring,throughput,0,4,64,0,0,194362013127,194363053983,1040855,19,8388608
Uring,throughput,0,4,64,0,0,194362015339,194363102955,1087616,37,8388608
Uring,throughput,0,4,64,0,0,194362015409,194362905777,890368,10,8388608
Uring,throughput,0,4,64,0,0,194362015661,194363112341,1096680,15,8388608
Uring,throughput,0,4,64,0,0,194362016092,194363016478,1000385,15,8388608
Uring,throughput,0,4,64,0,0,194362016479,194362532943,516464,86,8388608
Uring,throughput,0,4,64,0,0,194362016976,194363074425,1057449,18,8388608
Uring,throughput,0,4,64,0,0,194362027208,194362979310,952102,44,8388608
Uring,throughput,0,4,64,0,0,194362027245,194363545208,1517962,9,8388608
Uring,throughput,0,4,64,0,0,194362028189,194362900240,872050,13,8388608
Uring,throughput,0,4,64,0,0,194362030962,194363031589,1000626,30,8388608
Uring,throughput,0,4,64,0,0,194362043883,194363041389,997506,18,8388608
Uring,throughput,0,4,64,0,0,194362046404,194362459673,413268,30,8388608
Uring,throughput,0,4,64,0,0,194362048261,194362659100,610838,17,8388608
Uring,throughput,0,4,64,0,0,194362049949,194363044790,994841,14,8388608
Uring,throughput,0,4,64,0,0,194362050730,194362472468,421738,15,8388608
Uring,throughput,0,4,64,0,0,194362051058,194362727220,676161,21,8388608
Uring,throughput,0,4,64,0,0,194362052950,194362714796,661846,15,8388608
Uring,throughput,0,4,64,0,0,194362056138,194362907514,851375,20,8388608
Uring,throughput,0,4,64,0,0,194362057728,194362908136,850407,22,8388608
Uring,throughput,0,4,64,0,0,194362058576,194362482439,423862,70,8388608
Uring,throughput,0,4,64,0,0,194362082815,194363503339,1420524,22,8388608
Uring,throughput,0,4,64,0,0,194362088521,194363344910,1256389,26,8388608
Uring,throughput,0,4,64,0,0,194362136354,194362963283,826928,75,8388608
Uring,throughput,0,4,64,0,0,194362143921,194363399040,1255118,34,8388608
Uring,throughput,0,4,64,0,0,194362148668,194363338220,1189551,75,8388608
Uring,throughput,0,4,64,0,0,194362151113,194363138888,987775,49,8388608
Uring,throughput,0,4,64,0,0,194362152470,194363368745,1216274,22,8388608
Uring,throughput,0,4,64,0,0,194362153373,194363351683,1198309,16,8388608
Uring,throughput,0,4,64,0,0,194362154637,194363040432,885795,16,8388608
Uring,throughput,0,4,64,0,0,194362155955,194363401619,1245663,21,8388608
Uring,throughput,0,4,64,0,0,194362160121,194363507425,1347303,23,8388608
Uring,throughput,0,4,64,0,0,194362160762,194363124751,963989,41,8388608
Uring,throughput,0,4,64,0,0,194362160827,194363103279,942452,18,8388608
Uring,throughput,0,4,64,0,0,194362161529,194363362786,1201256,23,8388608
Uring,throughput,0,4,64,0,0,194362162619,194363303873,1141253,23,8388608
Uring,throughput,0,4,64,0,0,194362163570,194363383354,1219783,20,8388608
Uring,throughput,0,4,64,0,0,194362166477,194363353789,1187312,51,8388608
Uring,throughput,0,4,64,0,0,194362167229,194363388987,1221757,42,8388608
Uring,throughput,0,4,64,0,0,194362167809,194363408405,1240596,12,8388608
Uring,throughput,0,4,64,0,0,194362168475,194363163554,995078,13,8388608
Uring,throughput,0,4,64,0,0,194362169507,194363033242,863735,67,8388608
Uring,throughput,0,4,64,0,0,194362169604,194363620518,1450913,33,8388608
Uring,throughput,0,4,64,0,0,194362170210,194363107394,937183,203,8388608
Uring,throughput,0,4,64,0,0,194362173746,194363659854,1486107,23,8388608
Uring,throughput,0,4,64,0,0,194362174648,194363179245,1004596,41,8388608
Uring,throughput,0,4,64,0,0,194362174678,194363244182,1069504,15,8388608
Uring,throughput,0,4,64,0,0,194362175259,194363149645,974385,19,8388608
Uring,throughput,0,4,64,0,0,194362175272,194363398215,1222942,8,8388608
Uring,throughput,0,4,64,0,0,194362176590,194363107698,931108,32,8388608
Uring,throughput,0,4,64,0,0,194362176751,194363527028,1350276,14,8388608
Uring,throughput,0,4,64,0,0,194362181158,194363124707,943548,15,8388608
Uring,throughput,0,4,64,0,0,194362181678,194363218083,1036404,22,8388608
Uring,throughput,0,4,64,0,0,194362185238,194363123017,937778,28,8388608
Uring,throughput,0,4,64,0,0,194362189086,194363146682,957595,100,8388608
Uring,throughput,0,4,64,0,0,194362191868,194363542680,1350811,11,8388608
Uring,throughput,0,4,64,0,0,194362192014,194363066547,874532,22,8388608
Uring,throughput,0,4,64,0,0,194362192030,194363088994,896963,9,8388608
Uring,throughput,0,4,64,0,0,194362192786,194363153890,961104,40,8388608
Uring,throughput,0,4,64,0,0,194362192810,194363112909,920098,19,8388608
Uring,throughput,0,4,64,0,0,194362194241,194363162144,967902,32,8388608
Uring,throughput,0,4,64,0,0,194362197224,194363274764,1077540,20,8388608
Uring,throughput,0,4,64,0,0,194362200948,194363279905,1078956,43,8388608
Uring,throughput,0,4,64,0,0,194362203244,194363337478,1134234,21,8388608
Uring,throughput,0,4,64,0,0,194362206108,194363115977,909868,16,8388608
Uring,throughput,0,4,64,0,0,194362206412,194363201459,995047,20,8388608
Uring,throughput,0,4,64,0,0,194362207355,194363328040,1120684,90,8388608
Uring,throughput,0,4,64,0,0,194362207371,194363039934,832563,58,8388608
Uring,throughput,0,4,64,0,0,194362209269,194363295898,1086628,149,8388608
Uring,throughput,0,4,64,0,0,194362209767,194363141845,932078,10,8388608
Uring,throughput,0,4,64,0,0,194362212866,194363245845,1032978,28,8388608
Uring,throughput,0,4,64,0,0,194362214657,194363317533,1102875,23,8388608
Uring,throughput,0,4,64,0,0,194362214673,194363178162,963488,9,8388608
Uring,throughput,0,4,64,0,0,194362215131,194363360858,1145727,12,8388608
Uring,throughput,0,4,64,0,0,194362218584,194363135704,917120,16,8388608
Uring,throughput,0,4,64,0,0,194362218755,194363064171,845415,18,8388608
Uring,throughput,0,4,64,0,0,194362227092,194363726974,1499881,24,8388608
Uring,throughput,0,4,64,0,0,194362230654,194363129879,899224,41,8388608
Uring,throughput,0,4,64,0,0,194362234817,194363224964,990146,56,8388608
Uring,throughput,0,4,64,0,0,194362235620,194363263760,1028140,22,8388608
Uring,throughput,0,4,64,0,0,194362236713,194363066467,829753,46,8388608
Uring,throughput,0,4,64,0,0,194362240384,194363178176,937792,138,8388608
Uring,throughput,0,4,64,0,0,194362254524,194363249478,994953,27,8388608
Uring,throughput,0,4,64,0,0,194362254683,194363364931,1110247,32,8388608
Uring,throughput,0,4,64,0,0,194362254763,194363096468,841705,30,8388608
Uring,throughput,0,4,64,0,0,194362258351,194363136115,877764,13,8388608
Uring,throughput,0,4,64,0,0,194362260839,194363375790,1114950,19,8388608
Uring,throughput,0,4,64,0,0,194362264099,194363152447,888348,94,8388608
Uring,throughput,0,4,64,0,0,194362265080,194362889456,624375,15,8388608
Uring,throughput,0,4,64,0,0,194362266554,194363285632,1019078,32,8388608
Uring,throughput,0,4,64,0,0,194362271136,194363215829,944692,26,8388608
Uring,throughput,0,4,64,0,0,194362272258,194363291618,1019359,14,8388608
Uring,throughput,0,4,64,0,0,194362272288,194362625515,353227,21,8388608
Uring,throughput,0,4,64,0,0,194362273068,194363437805,1164737,15,8388608
Uring,throughput,0,4,64,0,0,194362274686,194362964103,689417,17,8388608
Uring,throughput,0,4,64,0,0,194362275847,194363608749,1332901,29,8388608
Uring,throughput,0,4,64,0,0,194362279049,194362905943,626894,17,8388608
Uring,throughput,0,4,64,0,0,194362281429,194362908792,627362,20,8388608
Uring,throughput,0,4,64,0,0,194362281850,194363116183,834332,12,8388608
Uring,throughput,0,4,64,0,0,194362285522,194363451777,1166255,62,8388608
Uring,throughput,0,4,64,0,0,194362286764,194362808777,522013,13,8388608
Uring,throughput,0,4,64,0,0,194362288679,194363112886,824206,17,8388608
Uring,throughput,0,4,64,0,0,194362290563,194363343846,1053282,24,8388608
Uring,throughput,0,4,64,0,0,194362294593,194362840677,546084,32,8388608
Uring,throughput,0,4,64,0,0,194362298843,194363225911,927068,24,8388608
Uring,throughput,0,4,64,0,0,194362301850,194362784439,482589,44,8388608
Uring,throughput,0,4,64,0,0,194362309649,194363515482,1205832,15,8388608
Uring,throughput,0,4,64,0,0,194362311370,194363166793,855422,45,8388608
Uring,throughput,0,4,64,0,0,194362313344,194363413732,1100387,11,8388608
Uring,throughput,0,4,64,0,0,194362320369,194363333478,1013108,34,8388608
Uring,throughput,0,4,64,0,0,194362325704,194363331575,1005870,15,8388608
Uring,throughput,0,4,64,0,0,194362334827,194363560618,1225790,18,8388608
Uring,throughput,0,4,64,0,0,194362335479,194362710147,374667,70,8388608
Uring,throughput,0,4,64,0,0,194362339753,194363259846,920092,22,8388608
Uring,throughput,0,4,64,0,0,194362343839,194363800698,1456859,28,8388608
Uring,throughput,0,4,64,0,0,194362343947,194363573826,1229878,14,8388608
Uring,throughput,0,4,64,0,0,194362345674,194363340189,994515,39,8388608
Uring,throughput,0,4,64,0,0,194362347223,194363270692,923468,62,8388608
Uring,throughput,0,4,64,0,0,194362348480,194363313063,964583,54,8388608
Uring,throughput,0,4,64,0,0,194362350287,194363668425,1318137,11,8388608
Uring,throughput,0,4,64,0,0,194362351393,194363497389,1145996,11,8388608
Uring,throughput,0,4,64,0,0,194362352036,194363967853,1615816,10,8388608
Uring,throughput,0,4,64,0,0,194362357648,194363553611,1195963,12,8388608
Uring,throughput,0,4,64,0,0,194362358688,194363584262,1225574,10,8388608
Uring,throughput,0,4,64,0,0,194362361213,194363195326,834113,78,8388608
Uring,throughput,0,4,64,0,0,194362364982,194363294375,929392,14,8388608
Uring,throughput,0,4,64,0,0,194362380774,194363608916,1228142,107,8388608
Uring,throughput,0,4,64,0,0,194362402259,194363270628,868369,31,8388608
Uring,throughput,0,4,64,0,0,194362404616,194363526840,1122224,60,8388608
Uring,throughput,0,4,64,0,0,194362412809,194363277204,864394,33,8388608
Uring,throughput,0,4,64,0,0,194362443398,194363764431,1321032,66,8388608
Uring,throughput,0,4,64,0,0,194362444986,194363673494,1228507,76,8388608
Uring,throughput,0,4,64,0,0,194362453719,194363772045,1318326,21,8388608
Uring,throughput,0,4,64,0,0,194362454616,194363673339,1218722,22,8388608
Uring,throughput,0,4,64,0,0,194362455617,194363735044,1279427,23,8388608
Uring,throughput,0,4,64,0,0,194362456173,194363364369,908195,24,8388608
Uring,throughput,0,4,64,0,0,194362457652,194363712022,1254370,24,8388608
Uring,throughput,0,4,64,0,0,194362457824,194363775137,1317313,12,8388608
Uring,throughput,0,4,64,0,0,194362459227,194363852545,1393318,32,8388608
Uring,throughput,0,4,64,0,0,194362459677,194362914202,454525,33,8388608
Uring,throughput,0,4,64,0,0,194362460706,194363692908,1232201,29,8388608
Uring,throughput,0,4,64,0,0,194362462475,194363745545,1283069,25,8388608
Uring,throughput,0,4,64,0,0,194362463135,194363809903,1346768,14,8388608
Uring,throughput,0,4,64,0,0,194362463807,194363764284,1300477,12,8388608
Uring,throughput,0,4,64,0,0,194362465900,194363606067,1140167,68,8388608
Uring,throughput,0,4,64,0,0,194362466702,194363788872,1322170,48,8388608
Uring,throughput,0,4,64,0,0,194362469098,194363622154,1153056,20,8388608
Uring,throughput,0,4,64,0,0,194362471549,194363516135,1044585,32,8388608
Uring,throughput,0,4,64,0,0,194362472105,194363725567,1253462,21,8388608
Uring,throughput,0,4,64,0,0,194362472472,194363402917,930445,28,8388608
Uring,throughput,0,4,64,0,0,194362474338,194363762909,1288571,14,8388608
Uring,throughput,0,4,64,0,0,194362482489,194363577746,1095257,211,8388608
Uring,throughput,0,4,64,0,0,194362482563,194363548279,1065715,114,8388608
Uring,throughput,0,4,64,0,0,194362488193,194363340317,852123,101,8388608
Uring,throughput,0,4,64,0,0,194362489997,194363817768,1327771,45,8388608
Uring,throughput,0,4,64,0,0,194362493189,194363410820,917630,13,8388608
Uring,throughput,0,4,64,0,0,194362503594,194363353465,849871,29,8388608
Uring,throughput,0,4,64,0,0,194362508345,194363783879,1275533,110,8388608
Uring,throughput,0,4,64,0,0,194362511110,194363487798,976688,17,8388608
Uring,throughput,0,4,64,0,0,194362513917,194363500251,986334,21,8388608
Uring,throughput,0,4,64,0,0,194362532968,194363533274,1000305,176,8388608
Uring,throughput,0,4,64,0,0,194362553973,194363807964,1253990,24,8388608
Uring,throughput,0,4,64,0,0,194362557970,194363917909,1359939,28,8388608
Uring,throughput,0,4,64,0,0,194362568251,194363635866,1067614,76,8388608
Uring,throughput,0,4,64,0,0,194362579901,194363993742,1413840,95,8388608
Uring,throughput,0,4,64,0,0,194362587615,194363902909,1315294,15,8388608
Uring,throughput,0,4,64,0,0,194362592214,194363965948,1373733,20,8388608
Uring,throughput,0,4,64,0,0,194362593324,194364024969,1431644,38,8388608
Uring,throughput,0,4,64,0,0,194362593386,194364212979,1619593,16,8388608
Uring,throughput,0,4,64,0,0,194362593494,194363908397,1314903,19,8388608
Uring,throughput,0,4,64,0,0,194362593504,194363772198,1178693,10,8388608
Uring,throughput,0,4,64,0,0,194362595425,194363918170,1322745,23,8388608
Uring,throughput,0,4,64,0,0,194362596044,194363887385,1291341,99,8388608
Uring,throughput,0,4,64,0,0,194362596577,194363870798,1274221,50,8388608
Uring,throughput,0,4,64,0,0,194362598990,194363767450,1168459,34,8388608
Uring,throughput,0,4,64,0,0,194362601330,194363975021,1373691,16,8388608
Uring,throughput,0,4,64,0,0,194362601454,194363712269,1110814,13,8388608
Uring,throughput,0,4,64,0,0,194362603346,194363869524,1266177,24,8388608
Uring,throughput,0,4,64,0,0,194362603899,194364082333,1478433,21,8388608
Uring,throughput,0,4,64,0,0,194362605283,194363861386,1256102,24,8388608
Uring,throughput,0,4,64,0,0,194362606802,194363956037,1349235,147,8388608
Uring,throughput,0,4,64,0,0,194362607321,194363730353,1123032,40,8388608
Uring,throughput,0,4,64,0,0,194362607797,194364269264,1661467,74,8388608
Uring,throughput,0,4,64,0,0,194362610832,194363427985,817153,14,8388608
Uring,throughput,0,4,64,0,0,194362611147,194363935269,1324122,118,8388608
Uring,throughput,0,4,64,0,0,194362612372,194364089272,1476900,61,8388608
Uring,throughput,0,4,64,0,0,194362613994,194363790611,1176617,97,8388608
Uring,throughput,0,4,64,0,0,194362618776,194364044090,1425314,113,8388608
Uring,throughput,0,4,64,0,0,194362624132,194363952963,1328831,22,8388608
Uring,throughput,0,4,64,0,0,194362625490,194363963795,1338304,50,8388608
Uring,throughput,0,4,64,0,0,194362625554,194363366175,740621,75,8388608
Uring,throughput,0,4,64,0,0,194362625992,194364069551,1443559,36,8388608
Uring,throughput,0,4,64,0,0,194362638195,194363741951,1103756,25,8388608
Uring,throughput,0,4,64,0,0,194362648384,194363855374,1206990,18,8388608
Uring,throughput,0,4,64,0,0,194362659105,194362884465,225360,90,8388608
Uring,throughput,0,4,64,0,0,194362676145,194363799325,1123179,67,8388608
Uring,throughput,0,4,64,0,0,194362710155,194363950476,1240320,2601,8388608
Uring,throughput,0,4,64,0,0,194362713847,194364097026,1383178,15,8388608
Uring,throughput,0,4,64,0,0,194362714799,194363926700,1211901,11,8388608
Uring,throughput,0,4,64,0,0,194362727227,194363967514,1240287,31,8388608
Uring,throughput,0,4,64,0,0,194362737890,194363538225,800334,38,8388608
Uring,throughput,0,4,64,0,0,194362769273,194364309988,1540715,43,8388608
Uring,throughput,0,4,64,0,0,194362784447,194363643399,858951,64,8388608
Uring,throughput,0,4,64,0,0,194362785876,194363567880,782004,14,8388608
Uring,throughput,0,4,64,0,0,194362789279,194363562098,772818,52,8388608
Uring,throughput,0,4,64,0,0,194362795656,194363904144,1108487,31,8388608
Uring,throughput,0,4,64,0,0,194362808785,194363315051,506265,63,8388608
Uring,throughput,0,4,64,0,0,194362810465,194363645134,834668,14,8388608
Uring,throughput,0,4,64,0,0,194362823073,194364102588,1279515,38,8388608
Uring,throughput,0,4,64,0,0,194362832516,194364313241,1480725,75,8388608
Uring,throughput,0,4,64,0,0,194362840685,194363545348,704662,89,8388608
Uring,throughput,0,4,64,0,0,194362843084,194363630090,787006,17,8388608
Uring,throughput,0,4,64,0,0,194362854208,194364009929,1155721,39,8388608
Uring,throughput,0,4,64,0,0,194362857241,194363965545,1108303,23,8388608
Uring,throughput,0,4,64,0,0,194362865100,194363584998,719898,21,8388608
Uring,throughput,0,4,64,0,0,194362865595,194364259556,1393960,13,8388608
Uring,throughput,0,4,64,0,0,194362870641,194363738254,867613,17,8388608
Uring,throughput,0,4,64,0,0,194362882883,194363740194,857310,13,8388608
Uring,throughput,0,4,64,0,0,194362884474,194363609104,724630,1771,8388608
Uring,throughput,0,4,64,0,0,194362889463,194363581310,691847,42,8388608
Uring,throughput,0,4,64,0,0,194362900247,194364227025,1326778,85,8388608
Uring,throughput,0,4,64,0,0,194362903088,194363572093,669005,49,8388608
Uring,throughput,0,4,64,0,0,194362903520,194364140306,1236786,37,8388608
Uring,throughput,0,4,64,0,0,194362905783,194363743375,837592,31,8388608
Uring,throughput,0,4,64,0,0,194362905952,194363851037,945085,106,8388608
Uring,throughput,0,4,64,0,0,194362907548,194363571189,663640,75,8388608
Uring,throughput,0,4,64,0,0,194362908140,194364160257,1252117,22,8388608
Uring,throughput,0,4,64,0,0,194362908800,194363395234,486434,171,8388608
Uring,throughput,0,4,64,0,0,194362914211,194364175380,1261169,1698,8388608
Uring,throughput,0,4,64,0,0,194362960698,194366531044,3570345,22,8388608
Uring,throughput,0,4,64,0,0,194362963291,194364170298,1207007,32,8388608
Uring,throughput,0,4,64,0,0,194362964109,194363613419,649310,19,8388608
Uring,throughput,0,4,64,0,0,194362970788,194363906487,935698,27,8388608
Uring,throughput,0,4,64,0,0,194362979319,194364176666,1197347,18,8388608
Uring,throughput,0,4,64,0,0,194362996250,194363721392,725142,28,8388608
Uring,throughput,0,4,64,0,0,194362997814,194363727228,729414,43,8388608
Uring,throughput,0,4,64,0,0,194362999425,194363704707,705281,47,8388608
Uring,throughput,0,4,64,0,0,194363001107,194363811409,810301,37,8388608
Uring,throughput,0,4,64,0,0,194363004415,194366958061,3953645,59,8388608
Uring,throughput,0,4,64,0,0,194363005367,194363919831,914463,90,8388608
Uring,throughput,0,4,64,0,0,194363005864,194363799571,793707,101,8388608
Uring,throughput,0,4,64,0,0,194363015483,194363907783,892300,91,8388608
Uring,throughput,0,4,64,0,0,194363016518,194363901631,885113,28,8388608
Uring,throughput,0,4,64,0,0,194363021724,194363984165,962441,19,8388608
Uring,throughput,0,4,64,0,0,194363031594,194364127261,1095667,21,8388608
Uring,throughput,0,4,64,0,0,194363033248,194364199832,1166584,23,8388608
Uring,throughput,0,4,64,0,0,194363039954,194364465996,1426042,43,8388608
Uring,throughput,0,4,64,0,0,194363040310,194364744936,1704626,10,8388608
Uring,throughput,0,4,64,0,0,194363040434,194364294147,1253712,29,8388608
Uring,throughput,0,4,64,0,0,194363041397,194363701726,660328,117,8388608
Uring,throughput,0,4,64,0,0,194363044192,194364627655,1583462,27,8388608
Uring,throughput,0,4,64,0,0,194363044799,194364661377,1616578,36,8388608
Uring,throughput,0,4,64,0,0,194363046197,194364611260,1565063,16,8388608
Uring,throughput,0,4,64,0,0,194363051726,194364700753,1649026,16,8388608
Uring,throughput,0,4,64,0,0,194363053683,194364446856,1393173,31,8388608
Uring,throughput,0,4,64,0,0,194363053702,194364680576,1626873,14,8388608
Uring,throughput,0,4,64,0,0,194363053991,194363780085,726093,38,8388608
Uring,throughput,0,4,64,0,0,194363057733,194364724309,1666575,65,8388608
Uring,throughput,0,4,64,0,0,194363057754,194364628501,1570746,61,8388608
Uring,throughput,0,4,64,0,0,194363057771,194364670241,1612469,46,8388608
Uring,throughput,0,4,64,0,0,194363064177,194364162172,1097994,44,8388608
Uring,throughput,0,4,64,0,0,194363066288,194364690757,1624469,30,8388608
Uring,throughput,0,4,64,0,0,194363066468,194364014524,948056,38,8388608
Uring,throughput,0,4,64,0,0,194363066500,194364365766,1299266,11,8388608
Uring,throughput,0,4,64,0,0,194363066584,194364362195,1295611,16,8388608
Uring,throughput,0,4,64,0,0,194363067081,194364647184,1580102,17,8388608
Uring,throughput,0,4,64,0,0,194363069667,194364740889,1671222,20,8388608
Uring,throughput,0,4,64,0,0,194363069767,194364697527,1627759,10,8388608
Uring,throughput,0,4,64,0,0,194363072346,194364748275,1675928,31,8388608
Uring,throughput,0,4,64,0,0,194363072366,194364729241,1656875,13,8388608
Uring,throughput,0,4,64,0,0,194363072521,194364368549,1296027,24,8388608
Uring,throughput,0,4,64,0,0,194363074454,194364666187,1591733,116,8388608
Uring,throughput,0,4,64,0,0,194363075048,194364689520,1614471,43,8388608
Uring,throughput,0,4,64,0,0,194363075061,194364695477,1620415,102,8388608
Uring,throughput,0,4,64,0,0,194363076465,194364642243,1565778,75,8388608
Uring,throughput,0,4,64,0,0,194363077856,194364703973,1626116,34,8388608
Uring,throughput,0,4,64,0,0,194363079127,194364684330,1605202,10,8388608
Uring,throughput,0,4,64,0,0,194363081173,194364739954,1658781,13,8388608
Uring,throughput,0,4,64,0,0,194363081866,194364729286,1647420,74,8388608
Uring,throughput,0,4,64,0,0,194363083215,194364718366,1635150,61,8388608
Uring,throughput,0,4,64,0,0,194363083746,194364689541,1605795,51,8388608
Uring,throughput,0,4,64,0,0,194363085196,194365047351,1962154,22,8388608
Uring,throughput,0,4,64,0,0,194363089088,194364433374,1344286,40,8388608
Uring,throughput,0,4,64,0,0,194363093176,194364717392,1624216,57,8388608
Uring,throughput,0,4,64,0,0,194363096489,194364054826,958336,16,8388608
Uring,throughput,0,4,64,0,0,194363102962,194363963913,860950,25,8388608
Uring,throughput,0,4,64,0,0,194363103289,194363773999,670710,213,8388608
Uring,throughput,0,4,64,0,0,194363107400,194364401818,1294418,13,8388608
Uring,throughput,0,4,64,0,0,194363107700,194364424122,1316421,16,8388608
Uring,throughput,0,4,64,0,0,194363107858,194364262801,1154942,58,8388608
Uring,throughput,0,4,64,0,0,194363110606,194363804392,693785,37,8388608
Uring,throughput,0,4,64,0,0,194363112376,194363770021,657645,93,8388608
Uring,throughput,0,4,64,0,0,194363112888,194363648919,536030,13,8388608
Uring,throughput,0,4,64,0,0,194363112913,194364528641,1415727,13,8388608
Uring,throughput,0,4,64,0,0,194363115986,194364491807,1375821,60,8388608
Uring,throughput,0,4,64,0,0,194363116189,194363304443,188254,16,8388608
Uring,throughput,0,4,64,0,0,194363123025,194364415448,1292422,27,8388608
Uring,throughput,0,4,64,0,0,194363124712,194364484576,1359863,11,8388608
Uring,throughput,0,4,64,0,0,194363124761,194363990212,865451,100,8388608
Uring,throughput,0,4,64,0,0,194363130035,194364346644,1216608,29,8388608
Uring,throughput,0,4,64,0,0,194363130277,194364179962,1049685,11,8388608
Uring,throughput,0,4,64,0,0,194363135712,194364218273,1082561,30,8388608
Uring,throughput,0,4,64,0,0,194363136137,194364349568,1213431,35,8388608
Uring,throughput,0,4,64,0,0,194363138895,194364530404,1391508,68,8388608
Uring,throughput,0,4,64,0,0,194363141850,194364303929,1162079,20,8388608
Uring,throughput,0,4,64,0,0,194363146690,194363809644,662954,23,8388608
Uring,throughput,0,4,64,0,0,194363149651,194364381292,1231641,114,8388608
Uring,throughput,0,4,64,0,0,194363152453,194364919048,1766594,16,8388608
Uring,throughput,0,4,64,0,0,194363153893,194364331849,1177956,12,8388608
Uring,throughput,0,4,64,0,0,194363162149,194364317638,1155489,15,8388608
Uring,throughput,0,4,64,0,0,194363163556,194364455101,1291544,23,8388608
Uring,throughput,0,4,64,0,0,194363166796,194364214269,1047473,16,8388608
Uring,throughput,0,4,64,0,0,194363178170,194364429792,1251621,45,8388608
Uring,throughput,0,4,64,0,0,194363178186,194364167615,989428,87,8388608
Uring,throughput,0,4,64,0,0,194363179250,194364441321,1262071,37,8388608
Uring,throughput,0,4,64,0,0,194363195333,194364474465,1279131,39,8388608
Uring,throughput,0,4,64,0,0,194363201467,194364237516,1036048,19,8388608
Uring,throughput,0,4,64,0,0,194363215838,194363731280,515442,116,8388608
Uring,throughput,0,4,64,0,0,194363218129,194364413834,1195705,58,8388608
Uring,throughput,0,4,64,0,0,194363221454,194365937541,2716087,26,8388608
Uring,throughput,0,4,64,0,0,194363224970,194364264384,1039413,65,8388608
Uring,throughput,0,4,64,0,0,194363225918,194363379658,153740,23,8388608
Uring,throughput,0,4,64,0,0,194363244189,194364573063,1328874,17,8388608
Uring,throughput,0,4,64,0,0,194363245850,194364469127,1223276,15,8388608
Uring,throughput,0,4,64,0,0,194363249482,194364194075,944593,23,8388608
Uring,throughput,0,4,64,0,0,194363259888,194364494052,1234164,26,8388608
Uring,throughput,0,4,64,0,0,194363260915,194365316545,2055629,72,8388608
Uring,throughput,0,4,64,0,0,194363263766,194364258174,994407,28,8388608
Uring,throughput,0,4,64,0,0,194363270633,194364148291,877657,14,8388608
Uring,throughput,0,4,64,0,0,194363270751,194363998296,727545,30,8388608
Uring,throughput,0,4,64,0,0,194363274794,194363861638,586844,76,8388608
Uring,throughput,0,4,64,0,0,194363277213,194364646217,1369004,21,8388608
Uring,throughput,0,4,64,0,0,194363279909,194364432764,1152854,36,8388608
Uring,throughput,0,4,64,0,0,194363285640,194364164465,878824,17,8388608
Uring,throughput,0,4,64,0,0,194363291624,194364548392,1256767,13,8388608
Uring,throughput,0,4,64,0,0,194363294405,194364837341,1542935,4010,8388608
Uring,throughput,0,4,64,0,0,194363295902,194364172210,876307,20,8388608
Uring,throughput,0,4,64,0,0,194363303878,194363891890,588012,52,8388608
Uring,throughput,0,4,64,0,0,194363304446,194363974202,669756,1662,8388608
Uring,throughput,0,4,64,0,0,194363306220,194364533488,1227268,20,8388608
Uring,throughput,0,4,64,0,0,194363313070,194364247468,934398,75,8388608
Uring,throughput,0,4,64,0,0,194363315054,194364685603,1370548,2662,8388608
Uring,throughput,0,4,64,0,0,194363317536,194364529320,1211783,209,8388608
Uring,throughput,0,4,64,0,0,194363328044,194364518519,1190474,62,8388608
Uring,throughput,0,4,64,0,0,194363331582,194364504483,1172900,75,8388608
Uring,throughput,0,4,64,0,0,194363333512,194364523694,1190181,52,8388608
Uring,throughput,0,4,64,0,0,194363337487,194364504438,1166950,79,8388608
Uring,throughput,0,4,64,0,0,194363338278,194363459133,120855,3939,8388608
Uring,throughput,0,4,64,0,0,194363340196,194363907519,567322,2270,8388608
Uring,throughput,0,4,64,0,0,194363340323,194364229023,888700,91,8388608
Uring,throughput,0,4,64,0,0,194363343852,194364229399,885547,27,8388608
Uring,throughput,0,4,64,0,0,194363344917,194364232582,887665,59,8388608
Uring,throughput,0,4,64,0,0,194363351691,194364567677,1215986,32,8388608
Uring,throughput,0,4,64,0,0,194363353473,194363941506,588033,18,8388608
Uring,throughput,0,4,64,0,0,194363353791,194363911266,557474,10,8388608
Uring,throughput,0,4,64,0,0,194363357270,194365023168,1665897,156,8388608
Uring,throughput,0,4,64,0,0,194363360867,194364927762,1566895,72,8388608
Uring,throughput,0,4,64,0,0,194363362793,194364564721,1201928,18,8388608
Uring,throughput,0,4,64,0,0,194363364373,194363635692,271318,15,8388608
Uring,throughput,0,4,64,0,0,194363364937,194364256473,891535,16,8388608
Uring,throughput,0,4,64,0,0,194363366180,194364139712,773532,1676,8388608
Uring,throughput,0,4,64,0,0,194363368754,194364585205,1216451,24,8388608
Uring,throughput,0,4,64,0,0,194363375796,194363710053,334257,71,8388608
Uring,throughput,0,4,64,0,0,194363379683,194363579541,199857,2508,8388608
Uring,throughput,0,4,64,0,0,194363383360,194363670344,286984,22,8388608
Uring,throughput,0,4,64,0,0,194363388996,194364680991,1291995,46,8388608
Uring,throughput,0,4,64,0,0,194363389827,194364255356,865529,13,8388608
Uring,throughput,0,4,64,0,0,194363395239,194365382420,1987181,2702,8388608
Uring,throughput,0,4,64,0,0,194363398223,194364686021,1287798,26,8388608
Uring,throughput,0,4,64,0,0,194363399048,194364260514,861465,38,8388608
Uring,throughput,0,4,64,0,0,194363401624,194364616183,1214558,11,8388608
Uring,throughput,0,4,64,0,0,194363402923,194364903303,1500379,2549,8388608
Uring,throughput,0,4,64,0,0,194363408410,194364276666,868255,45,8388608
Uring,throughput,0,4,64,0,0,194363410825,194364000802,589977,266,8388608
Uring,throughput,0,4,64,0,0,194363413739,194365684528,2270788,50,8388608
Uring,throughput,0,4,64,0,0,194363427993,194364814854,1386861,87,8388608
Uring,throughput,0,4,64,0,0,194363437813,194363875164,437350,46,8388608
Uring,throughput,0,4,64,0,0,194363451801,194364665377,1213575,23,8388608
Uring,throughput,0,4,64,0,0,194363459140,194364745983,1286842,75,8388608
Uring,throughput,0,4,64,0,0,194363487805,194364000091,512286,20,8388608
Uring,throughput,0,4,64,0,0,194363497398,194364777420,1280022,20,8388608
Uring,throughput,0,4,64,0,0,194363500276,194364325722,825445,21,8388608
Uring,throughput,0,4,64,0,0,194363503344,194365448441,1945097,12,8388608
Uring,throughput,0,4,64,0,0,194363507433,194365855074,2347641,19,8388608
Uring,throughput,0,4,64,0,0,194363515490,194364604568,1089077,28,8388608
Uring,throughput,0,4,64,0,0,194363516137,194365426183,1910045,15,8388608
Uring,throughput,0,4,64,0,0,194363526848,194365696959,2170111,24,8388608
Uring,throughput,0,4,64,0,0,194363527035,194364750980,1223944,122,8388608
Uring,throughput,0,4,64,0,0,194363533281,194364390555,857274,61,8388608
Uring,throughput,0,4,64,0,0,194363538230,194365207989,1669758,2086,8388608
Uring,throughput,0,4,64,0,0,194363542721,194364654304,1111583,196,8388608
Uring,throughput,0,4,64,0,0,194363545212,194365613118,2067906,88,8388608
Uring,throughput,0,4,64,0,0,194363545354,194365236444,1691089,3603,8388608
Uring,throughput,0,4,64,0,0,194363548300,194364369440,821140,79,8388608
Uring,throughput,0,4,64,0,0,194363553616,194365370284,1816667,44,8388608
Uring,throughput,0,4,64,0,0,194363560625,194365301419,1740793,20,8388608
Uring,throughput,0,4,64,0,0,194363562104,194364747101,1184997,2156,8388608
Uring,throughput,0,4,64,0,0,194363567887,194364269455,701568,6090,8388608
Uring,throughput,0,4,64,0,0,194363571193,194363992912,421718,2980,8388608
Uring,throughput,0,4,64,0,0,194363572120,194366398992,2826872,8073,8388608
Uring,throughput,0,4,64,0,0,194363573830,194365419231,1845401,462,8388608
Uring,throughput,0,4,64,0,0,194363577751,194363707761,130009,1839,8388608
Uring,throughput,0,4,64,0,0,194363579545,194365432971,1853425,787,8388608
Uring,throughput,0,4,64,0,0,194363581315,194365346269,1764954,1795,8388608
Uring,throughput,0,4,64,0,0,194363584267,194365376266,1791999,19,8388608
Uring,throughput,0,4,64,0,0,194363585021,194364919944,1334922,2047,8388608
Uring,throughput,0,4,64,0,0,194363606095,194365416538,1810443,34,8388608
Uring,throughput,0,4,64,0,0,194363608754,194364771249,1162495,164,8388608
Uring,throughput,0,4,64,0,0,194363608951,194365386757,1777806,42,8388608
Uring,throughput,0,4,64,0,0,194363609108,194363720612,111504,35,8388608
Uring,throughput,0,4,64,0,0,194363613423,194364686979,1073555,1928,8388608
Uring,throughput,0,4,64,0,0,194363620526,194364749243,1128717,39,8388608
Uring,throughput,0,4,64,0,0,194363622163,194364696813,1074650,2423,8388608
Uring,throughput,0,4,64,0,0,194363630096,194364723868,1093772,3619,8388608
Uring,throughput,0,4,64,0,0,194363635696,194364472697,837000,1744,8388608
Uring,throughput,0,4,64,0,0,194363635874,194364364704,728830,2694,8388608
Uring,throughput,0,4,64,0,0,194363643404,194364507466,864062,2052,8388608
Uring,throughput,0,4,64,0,0,194363645138,194364704211,1059073,3252,8388608
Uring,throughput,0,4,64,0,0,194363648922,194364877332,1228409,1829,8388608
Uring,throughput,0,4,64,0,0,194363659858,194364740274,1080415,16,8388608
Uring,throughput,0,4,64,0,0,194363668432,194365524361,1855929,22,8388608
Uring,throughput,0,4,64,0,0,194363670351,194364464466,794115,4055,8388608
Uring,throughput,0,4,64,0,0,194363673379,194365449451,1776072,30,8388608
Uring,throughput,0,4,64,0,0,194363673495,194364784748,1111253,20,8388608
Uring,throughput,0,4,64,0,0,194363692915,194365557176,1864260,29,8388608
Uring,throughput,0,4,64,0,0,194363701733,194366556833,2855100,1938,8388608
Uring,throughput,0,4,64,0,0,194363704719,194364381968,677248,7438,8388608
Uring,throughput,0,4,64,0,0,194363707769,194364026628,318858,342,8388608
Uring,throughput,0,4,64,0,0,194363710057,194364634236,924178,2247,8388608
Uring,throughput,0,4,64,0,0,194363712032,194365446322,1734289,76,8388608
Uring,throughput,0,4,64,0,0,194363712273,194365042259,1329986,115,8388608
Uring,throughput,0,4,64,0,0,194363720617,194364214330,493712,21,8388608
Uring,throughput,0,4,64,0,0,194363721442,194364839123,1117680,2722,8388608
Uring,throughput,0,4,64,0,0,194363725573,194364526401,800827,34,8388608
Uring,throughput,0,4,64,0,0,194363726982,194364381431,654449,45,8388608
Uring,throughput,0,4,64,0,0,194363727230,194364099455,372225,1107,8388608
Uring,throughput,0,4,64,0,0,194363730358,194366580121,2849762,29,8388608
Uring,throughput,0,4,64,0,0,194363731286,194365604465,1873178,2504,8388608
Uring,throughput,0,4,64,0,0,194363735052,194364457382,722330,1592,8388608
Uring,throughput,0,4,64,0,0,194363738260,194364389372,651112,1648,8388608
Uring,throughput,0,4,64,0,0,194363740197,194365473611,1733413,1861,8388608
Uring,throughput,0,4,64,0,0,194363741960,194365098685,1356724,9088,8388608
Uring,throughput,0,4,64,0,0,194363743383,194364189742,446358,117,8388608
Uring,throughput,0,4,64,0,0,194363745550,194365469016,1723465,74,8388608
Uring,throughput,0,4,64,0,0,194363762916,194365487649,1724732,28,8388608
Uring,throughput,0,4,64,0,0,194363764293,194365480097,1715804,17,8388608
Uring,throughput,0,4,64,0,0,194363764438,194365087521,1323083,16,8388608
Uring,throughput,0,4,64,0,0,194363767454,194365090114,1322660,46,8388608
Uring,throughput,0,4,64,0,0,194363770049,194364089534,319484,22,8388608
Uring,throughput,0,4,64,0,0,194363772053,194365486739,1714686,20,8388608
Uring,throughput,0,4,64,0,0,194363772199,194364775986,1003786,18,8388608
Uring,throughput,0,4,64,0,0,194363774030,194364045408,271377,1141,8388608
Uring,throughput,0,4,64,0,0,194363775140,194364863316,1088175,69,8388608
Uring,throughput,0,4,64,0,0,194363780090,194364870513,1090422,2107,8388608
Uring,throughput,0,4,64,0,0,194363783884,194364405927,622042,82,8388608
Uring,throughput,0,4,64,0,0,194363788880,194365501414,1712534,82,8388608
Uring,throughput,0,4,64,0,0,194363790615,194366618778,2828163,80,8388608
Uring,throughput,0,4,64,0,0,194363799332,194364413386,614054,331,8388608
Uring,throughput,0,4,64,0,0,194363799577,194366730298,2930721,1686,8388608
Uring,throughput,0,4,64,0,0,194363800701,194365525915,1725214,25,8388608
Uring,throughput,0,4,64,0,0,194363804401,194364054103,249702,59,8388608
Uring,throughput,0,4,64,0,0,194363807970,194365562590,1754619,29,8388608
Uring,throughput,0,4,64,0,0,194363809648,194364755965,946317,1676,8388608
Uring,throughput,0,4,64,0,0,194363809906,194365554596,1744690,45,8388608
Uring,throughput,0,4,64,0,0,194363811411,194365193409,1381997,3503,8388608
Uring,throughput,0,4,64,0,0,194363817776,194364058684,240907,1340,8388608
Uring,throughput,0,4,64,0,0,194363851045,194365360433,1509388,2236,8388608
Uring,throughput,0,4,64,0,0,194363852552,194364437900,585347,31,8388608
Uring,throughput,0,4,64,0,0,194363855381,194364947551,1092169,799,8388608
Uring,throughput,0,4,64,0,0,194363861493,194365049348,1187854,33,8388608
Uring,throughput,0,4,64,0,0,194363861642,194366073532,2211889,2008,8388608
Uring,throughput,0,4,64,0,0,194363869529,194366916628,3047099,52,8388608
Uring,throughput,0,4,64,0,0,194363870801,194366692463,2821662,30,8388608
Uring,throughput,0,4,64,0,0,194363875173,194364830667,955494,2565,8388608
Uring,throughput,0,4,64,0,0,194363887393,194366718233,2830839,35,8388608
Uring,throughput,0,4,64,0,0,194363891896,194364980388,1088491,1802,8388608
Uring,throughput,0,4,64,0,0,194363901640,194365115440,1213799,3494,8388608
Uring,throughput,0,4,64,0,0,194363902918,194366766474,2863556,73,8388608
Uring,throughput,0,4,64,0,0,194363904151,194364958838,1054686,3514,8388608
Uring,throughput,0,4,64,0,0,194363906495,194365122599,1216103,1614,8388608
Uring,throughput,0,4,64,0,0,194363907523,194365001827,1094303,3457,8388608
Uring,throughput,0,4,64,0,0,194363907785,194365180209,1272424,3681,8388608
Uring,throughput,0,4,64,0,0,194363908418,194366730899,2822481,23,8388608
Uring,throughput,0,4,64,0,0,194363911271,194365251864,1340593,2193,8388608
Uring,throughput,0,4,64,0,0,194363917913,194366737995,2820081,11,8388608
Uring,throughput,0,4,64,0,0,194363918172,194364849870,931698,56,8388608
Uring,throughput,0,4,64,0,0,194363919836,194366735406,2815570,2568,8388608
Uring,throughput,0,4,64,0,0,194363926756,194363957879,31122,1104,8388608
Uring,throughput,0,4,64,0,0,194363935278,194366251272,2315993,244,8388608
Uring,throughput,0,4,64,0,0,194363941514,194364870344,928830,17,8388608
Uring,throughput,0,4,64,0,0,194363950482,194365437305,1486822,20,8388608
Uring,throughput,0,4,64,0,0,194363952969,194366788493,2835524,96,8388608
Uring,throughput,0,4,64,0,0,194363956086,194366782659,2826573,24,8388608
Uring,throughput,0,4,64,0,0,194363957885,194364926896,969010,49,8388608
Uring,throughput,0,4,64,0,0,194363963803,194366809754,2845951,3385,8388608
Uring,throughput,0,4,64,0,0,194363963914,194364102149,138234,5678,8388608
Uring,throughput,0,4,64,0,0,194363965550,194365007399,1041849,2598,8388608
Uring,throughput,0,4,64,0,0,194363965953,194366766500,2800546,66,8388608
Uring,throughput,0,4,64,0,0,194363967523,194364947110,979587,2432,8388608
Uring,throughput,0,4,64,0,0,194363967856,194365660031,1692174,340,8388608
Uring,throughput,0,4,64,0,0,194363974208,194364546662,572454,15,8388608
Uring,throughput,0,4,64,0,0,194363975028,194366770154,2795126,102,8388608
Uring,throughput,0,4,64,0,0,194363984197,194365111313,1127116,2408,8388608
Uring,throughput,0,4,64,0,0,194363990266,194366780141,2789874,2229,8388608
Uring,throughput,0,4,64,0,0,194363992919,194365749829,1756910,74,8388608
Uring,throughput,0,4,64,0,0,194363993747,194366786463,2792715,222,8388608
Uring,throughput,0,4,64,0,0,194363998315,194364217255,218939,1473,8388608
Uring,throughput,0,4,64,0,0,194364000094,194364973408,973313,2542,8388608
Uring,throughput,0,4,64,0,0,194364000810,194364484715,483904,1500,8388608
Uring,throughput,0,4,64,0,0,194364009937,194364133186,123249,123,8388608
Uring,throughput,0,4,64,0,0,194364014528,194364896498,881970,2261,8388608
Uring,throughput,0,4,64,0,0,194364024977,194364963860,938883,118,8388608
Uring,throughput,0,4,64,0,0,194364026636,194364121548,94912,44,8388608
Uring,throughput,0,4,64,0,0,194364042088,194366780871,2738783,16,8388608
Uring,throughput,0,4,64,0,0,194364044095,194366905647,2861552,25,8388608
Uring,throughput,0,4,64,0,0,194364045415,194364082468,37053,33,8388608
Uring,throughput,0,4,64,0,0,194364054110,194365717066,1662955,3456,8388608
Uring,throughput,0,4,64,0,0,194364054879,194364918385,863505,2505,8388608
Uring,throughput,0,4,64,0,0,194364058692,194365287063,1228371,19,8388608
Uring,throughput,0,4,64,0,0,194364069559,194366870810,2801250,48,8388608
Uring,throughput,0,4,64,0,0,194364082340,194365269855,1187514,56,8388608
Uring,throughput,0,4,64,0,0,194364082474,194364311681,229207,23,8388608
Uring,throughput,0,4,64,0,0,194364089282,194366785677,2696395,35,8388608
Uring,throughput,0,4,64,0,0,194364089535,194365748922,1659386,2290,8388608
Uring,throughput,0,4,64,0,0,194364097034,194367985435,3888401,37,8388608
Uring,throughput,0,4,64,0,0,194364099472,194364152148,52676,14,8388608
Uring,throughput,0,4,64,0,0,194364102172,194365282307,1180135,16,8388608
Uring,throughput,0,4,64,0,0,194364102596,194364824634,722038,58,8388608
Uring,throughput,0,4,64,0,0,194364121554,194365462465,1340911,5280,8388608
Uring,throughput,0,4,64,0,0,194364127278,194365035901,908622,1372,8388608
Uring,throughput,0,4,64,0,0,194364133213,194364213592,80378,36,8388608
Uring,throughput,0,4,64,0,0,194364139719,194365307435,1167715,20,8388608
Uring,throughput,0,4,64,0,0,194364140336,194365603124,1462787,14500,8388608
Uring,throughput,0,4,64,0,0,194364148298,194364580270,431971,1880,8388608
Uring,throughput,0,4,64,0,0,194364152154,194364854758,702604,31,8388608
Uring,throughput,0,4,64,0,0,194364160265,194366014112,1853847,3728,8388608
Uring,throughput,0,4,64,0,0,194364162180,194365354720,1192539,2194,8388608
Uring,throughput,0,4,64,0,0,194364164470,194365795545,1631074,3003,8388608
Uring,throughput,0,4,64,0,0,194364167621,194365284490,1116868,4483,8388608
Uring,throughput,0,4,64,0,0,194364170305,194364579210,408904,2300,8388608
Uring,throughput,0,4,64,0,0,194364172216,194364306557,134341,1042,8388608
Uring,throughput,0,4,64,0,0,194364175415,194365348333,1172918,121,8388608
Uring,throughput,0,4,64,0,0,194364176670,194364580102,403431,1828,8388608
Uring,throughput,0,4,64,0,0,194364179969,194364968354,788384,2071,8388608
Uring,throughput,0,4,64,0,0,194364189750,194366908950,2719200,2071,8388608
Uring,throughput,0,4,64,0,0,194364194084,194365301259,1107174,2368,8388608
Uring,throughput,0,4,64,0,0,194364199839,194364974472,774633,2352,8388608
Uring,throughput,0,4,64,0,0,194364212987,194365364881,1151893,46,8388608
Uring,throughput,0,4,64,0,0,194364213611,194364979116,765505,47,8388608
Uring,throughput,0,4,64,0,0,194364214278,194364716902,502623,3782,8388608
Uring,throughput,0,4,64,0,0,194364214334,194364992674,778340,519,8388608
Uring,throughput,0,4,64,0,0,194364217261,194364831933,614672,12,8388608
Uring,throughput,0,4,64,0,0,194364218342,194365609150,1390808,1413,8388608
Uring,throughput,0,4,64,0,0,194364227032,194365027262,800229,1426,8388608
Uring,throughput,0,4,64,0,0,194364229032,194365796555,1567523,2448,8388608
Uring,throughput,0,4,64,0,0,194364229406,194364586257,356850,743,8388608
Uring,throughput,0,4,64,0,0,194364232589,194364259423,26833,2401,8388608
Uring,throughput,0,4,64,0,0,194364237563,194365407244,1169681,2091,8388608
Uring,throughput,0,4,64,0,0,194364247473,194364430625,183152,797,8388608
Uring,throughput,0,4,64,0,0,194364255363,194367605287,3349924,20,8388608
Uring,throughput,0,4,64,0,0,194364256480,194365032303,775822,1500,8388608
Uring,throughput,0,4,64,0,0,194364258178,194365033886,775707,1673,8388608
Uring,throughput,0,4,64,0,0,194364259431,194364932613,673182,37,8388608
Uring,throughput,0,4,64,0,0,194364259564,194366927707,2668143,17,8388608
Uring,throughput,0,4,64,0,0,194364260521,194364367107,106585,683,8388608
Uring,throughput,0,4,64,0,0,194364262806,194365277935,1015128,815,8388608
Uring,throughput,0,4,64,0,0,194364264392,194365006705,742313,15080,8388608
Uring,throughput,0,4,64,0,0,194364269273,194365415102,1145828,40,8388608
Uring,throughput,0,4,64,0,0,194364269456,194365921477,1652020,9,8388608
Uring,throughput,0,4,64,0,0,194364276695,194365035871,759176,2894,8388608
Uring,throughput,0,4,64,0,0,194364294153,194365041660,747506,2464,8388608
Uring,throughput,0,4,64,0,0,194364303938,194365910129,1606190,1855,8388608
Uring,throughput,0,4,64,0,0,194364306565,194365514770,1208204,46,8388608
Uring,throughput,0,4,64,0,0,194364309995,194365607023,1297027,38,8388608
Uring,throughput,0,4,64,0,0,194364311691,194365628183,1316492,1191,8388608
Uring,throughput,0,4,64,0,0,194364313248,194366036918,1723670,1575,8388608
Uring,throughput,0,4,64,0,0,194364317646,194365913810,1596164,1987,8388608
Uring,throughput,0,4,64,0,0,194364325731,194365917195,1591463,2484,8388608
Uring,throughput,0,4,64,0,0,194364331857,194365143773,811915,370,8388608
Uring,throughput,0,4,64,0,0,194364346652,194364992535,645882,842,8388608
Uring,throughput,0,4,64,0,0,194364349575,194366679694,2330118,2283,8388608
Uring,throughput,0,4,64,0,0,194364362257,194364829456,467199,1376,8388608
Uring,throughput,0,4,64,0,0,194364364712,194365583944,1219231,53,8388608
Uring,throughput,0,4,64,0,0,194364365775,194365749681,1383906,27,8388608
Uring,throughput,0,4,64,0,0,194364367174,194366015947,1648772,21,8388608
Uring,throughput,0,4,64,0,0,194364368554,194365620984,1252430,19,8388608
Uring,throughput,0,4,64,0,0,194364369447,194364844774,475327,1778,8388608
Uring,throughput,0,4,64,0,0,194364381300,194367047314,2666014,1936,8388608
Uring,throughput,0,4,64,0,0,194364381438,194365061343,679905,1962,8388608
Uring,throughput,0,4,64,0,0,194364381976,194364860206,478229,73,8388608
Uring,throughput,0,4,64,0,0,194364389378,194365062413,673035,21,8388608
Uring,throughput,0,4,64,0,0,194364390563,194364969971,579407,1619,8388608
Uring,throughput,0,4,64,0,0,194364401826,194365374564,972738,1669,8388608
Uring,throughput,0,4,64,0,0,194364405935,194365065836,659901,1881,8388608
Uring,throughput,0,4,64,0,0,194364413395,194364745771,332376,45,8388608
Uring,throughput,0,4,64,0,0,194364413841,194364999230,585388,812,8388608
Uring,throughput,0,4,64,0,0,194364415454,194365067479,652024,1488,8388608
Uring,throughput,0,4,64,0,0,194364424129,194365675118,1250989,2093,8388608
Uring,throughput,0,4,64,0,0,194364429796,194365046280,616484,2020,8388608
Uring,throughput,0,4,64,0,0,194364430630,194365013786,583156,28,8388608
Uring,throughput,0,4,64,0,0,194364432767,194366918581,2485813,2262,8388608
Uring,throughput,0,4,64,0,0,194364433377,194367109981,2676604,2018,8388608
Uring,throughput,0,4,64,0,0,194364437902,194365974325,1536423,2795,8388608
Uring,throughput,0,4,64,0,0,194364441342,194366314831,1873488,1814,8388608
Uring,throughput,0,4,64,0,0,194364446864,194365771026,1324162,42,8388608
Uring,throughput,0,4,64,0,0,194364455110,194367144480,2689369,2493,8388608
Uring,throughput,0,4,64,0,0,194364457388,194364519283,61895,54,8388608
Uring,throughput,0,4,64,0,0,194364464474,194365096961,632487,53,8388608
Uring,throughput,0,4,64,0,0,194364466024,194365706887,1240862,1234,8388608
Uring,throughput,0,4,64,0,0,194364469133,194365114056,644923,16730,8388608
Uring,throughput,0,4,64,0,0,194364472726,194365375478,902752,24,8388608
Uring,throughput,0,4,64,0,0,194364474471,194367126966,2652494,2174,8388608
Uring,throughput,0,4,64,0,0,194364484585,194365114509,629923,2382,8388608
Uring,throughput,0,4,64,0,0,194364484724,194365601411,1116687,55,8388608
Uring,throughput,0,4,64,0,0,194364491840,194365117882,626041,1518,8388608
Uring,throughput,0,4,64,0,0,194364494061,194365181797,687736,1987,8388608
Uring,throughput,0,4,64,0,0,194364504445,194366441183,1936737,2434,8388608
Uring,throughput,0,4,64,0,0,194364504543,194365083605,579062,1688,8388608
Uring,throughput,0,4,64,0,0,194364507472,194364632289,124816,11,8388608
Uring,throughput,0,4,64,0,0,194364518526,194365489477,970950,2123,8388608
Uring,throughput,0,4,64,0,0,194364519292,194365374175,854883,24,8388608
Uring,throughput,0,4,64,0,0,194364523700,194365500988,977287,3475,8388608
Uring,throughput,0,4,64,0,0,194364526409,194364610081,83672,957,8388608
Uring,throughput,0,4,64,0,0,194364528650,194365147559,618908,1921,8388608
Uring,throughput,0,4,64,0,0,194364529325,194366283492,1754166,1351,8388608
Uring,throughput,0,4,64,0,0,194364530412,194366011530,1481118,4148,8388608
Uring,throughput,0,4,64,0,0,194364533496,194365446631,913134,1737,8388608
Uring,throughput,0,4,64,0,0,194364546668,194365320689,774020,23,8388608
Uring,throughput,0,4,64,0,0,194364548398,194367180092,2631693,2236,8388608
Uring,throughput,0,4,64,0,0,194364564728,194365351240,786511,2144,8388608
Uring,throughput,0,4,64,0,0,194364567686,194365184105,616418,308,8388608
Uring,throughput,0,4,64,0,0,194364573071,194364747589,174518,2038,8388608
Uring,throughput,0,4,64,0,0,194364579217,194366029893,1450675,21,8388608
Uring,throughput,0,4,64,0,0,194364580110,194364858485,278375,24,8388608
Uring,throughput,0,4,64,0,0,194364580273,194365098292,518018,13,8388608
Uring,throughput,0,4,64,0,0,194364585213,194365444452,859238,1986,8388608
Uring,throughput,0,4,64,0,0,194364586262,194365217364,631101,42,8388608
Uring,throughput,0,4,64,0,0,194364604575,194364944862,340287,3626,8388608
Uring,throughput,0,4,64,0,0,194364610104,194364892988,282884,101,8388608
Uring,throughput,0,4,64,0,0,194364611267,194365224515,613247,45,8388608
Uring,throughput,0,4,64,0,0,194364616189,194365365331,749141,2572,8388608
Uring,throughput,0,4,64,0,0,194364627662,194365803480,1175817,19,8388608
Uring,throughput,0,4,64,0,0,194364628543,194365238405,609862,28,8388608
Uring,throughput,0,4,64,0,0,194364632293,194365708385,1076092,81,8388608
Uring,throughput,0,4,64,0,0,194364634240,194365272000,637760,12,8388608
Uring,throughput,0,4,64,0,0,194364642725,194366838484,2195759,106,8388608
Uring,throughput,0,4,64,0,0,194364646222,194365124824,478601,558,8388608
Uring,throughput,0,4,64,0,0,194364647193,194365963066,1315872,82,8388608
Uring,throughput,0,4,64,0,0,194364654312,194365916270,1261957,1226,8388608
Uring,throughput,0,4,64,0,0,194364661385,194367759604,3098219,2815,8388608
Uring,throughput,0,4,64,0,0,194364665383,194365195066,529683,1866,8388608
Uring,throughput,0,4,64,0,0,194364666194,194365515552,849358,1625,8388608
Uring,throughput,0,4,64,0,0,194364670250,194365849811,1179561,47,8388608
Uring,throughput,0,4,64,0,0,194364680584,194366284900,1604316,174,8388608
Uring,throughput,0,4,64,0,0,194364681075,194365797655,1116580,1568,8388608
Uring,throughput,0,4,64,0,0,194364684336,194366023081,1338744,166,8388608
Uring,throughput,0,4,64,0,0,194364685607,194365330399,644791,13,8388608
Uring,throughput,0,4,64,0,0,194364686024,194365996022,1309997,3557,8388608
Uring,throughput,0,4,64,0,0,194364686985,194365251237,564252,39,8388608
Uring,throughput,0,4,64,0,0,194364689525,194366135444,1445919,429,8388608
Uring,throughput,0,4,64,0,0,194364689542,194365280410,590867,415,8388608
Uring,throughput,0,4,64,0,0,194364690766,194366084175,1393409,21,8388608
Uring,throughput,0,4,64,0,0,194364695486,194366021872,1326385,36,8388608
Uring,throughput,0,4,64,0,0,194364696818,194365834138,1137320,33,8388608
Uring,throughput,0,4,64,0,0,194364697533,194365289060,591526,13,8388608
Uring,throughput,0,4,64,0,0,194364700761,194365908429,1207667,87,8388608
Uring,throughput,0,4,64,0,0,194364703981,194365943354,1239372,93,8388608
Uring,throughput,0,4,64,0,0,194364704220,194365291785,587565,197,8388608
Uring,throughput,0,4,64,0,0,194364716910,194365324084,607174,25,8388608
Uring,throughput,0,4,64,0,0,194364717394,194366040298,1322903,16,8388608
Uring,throughput,0,4,64,0,0,194364718374,194365946860,1228485,17,8388608
Uring,throughput,0,4,64,0,0,194364723876,194366623819,1899942,49,8388608
Uring,throughput,0,4,64,0,0,194364724314,194365350925,626611,16,8388608
Uring,throughput,0,4,64,0,0,194364729250,194365959531,1230281,85,8388608
Uring,throughput,0,4,64,0,0,194364729287,194365129222,399934,50,8388608
Uring,throughput,0,4,64,0,0,194364739961,194365316077,576115,31,8388608
Uring,throughput,0,4,64,0,0,194364740276,194365403162,662886,3653,8388608
Uring,throughput,0,4,64,0,0,194364740896,194365950075,1209178,40,8388608
Uring,throughput,0,4,64,0,0,194364744945,194366109771,1364826,169,8388608
Uring,throughput,0,4,64,0,0,194364745776,194366097822,1352045,114,8388608
Uring,throughput,0,4,64,0,0,194364745985,194365881919,1135934,68,8388608
Uring,throughput,0,4,64,0,0,194364747107,194365134319,387211,18,8388608
Uring,throughput,0,4,64,0,0,194364747594,194365323528,575933,42,8388608
Uring,throughput,0,4,64,0,0,194364748278,194366299514,1551235,33,8388608
Uring,throughput,0,4,64,0,0,194364749246,194365424152,674906,1303,8388608
Uring,throughput,0,4,64,0,0,194364750983,194366384044,1633060,1339,8388608
Uring,throughput,0,4,64,0,0,194364755971,194366015061,1259090,135,8388608
Uring,throughput,0,4,64,0,0,194364771256,194366190956,1419699,2032,8388608
Uring,throughput,0,4,64,0,0,194364775994,194365344177,568182,1270,8388608
Uring,throughput,0,4,64,0,0,194364777429,194366205488,1428059,1964,8388608
Uring,throughput,0,4,64,0,0,194364784756,194366149889,1365132,3628,8388608
Uring,throughput,0,4,64,0,0,194364814863,194365224113,409250,787,8388608
Uring,throughput,0,4,64,0,0,194364824642,194365383934,559291,2144,8388608
Uring,throughput,0,4,64,0,0,194364829464,194365386281,556816,49,8388608
Uring,throughput,0,4,64,0,0,194364830671,194366561579,1730907,54,8388608
Uring,throughput,0,4,64,0,0,194364831940,194365321461,489521,46,8388608
Uring,throughput,0,4,64,0,0,194364837346,194365155115,317769,13,8388608
Uring,throughput,0,4,64,0,0,194364839206,194366784948,1945741,98,8388608
Uring,throughput,0,4,64,0,0,194364844780,194366480538,1635758,82,8388608
Uring,throughput,0,4,64,0,0,194364849879,194367261801,2411922,4390,8388608
Uring,throughput,0,4,64,0,0,194364854766,194366340978,1486211,3442,8388608
Uring,throughput,0,4,64,0,0,194364858493,194365677527,819033,17,8388608
Uring,throughput,0,4,64,0,0,194364860215,194366311964,1451748,46,8388608
Uring,throughput,0,4,64,0,0,194364863325,194366190532,1327207,1134,8388608
Uring,throughput,0,4,64,0,0,194364870353,194365338072,467719,32,8388608
Uring,throughput,0,4,64,0,0,194364870519,194365702665,832145,48,8388608
Uring,throughput,0,4,64,0,0,194364877338,194366193972,1316634,37,8388608
Uring,throughput,0,4,64,0,0,194364892996,194366293337,1400340,87,8388608
Uring,throughput,0,4,64,0,0,194364896505,194365763796,867291,28,8388608
Uring,throughput,0,4,64,0,0,194364903311,194367169696,2266384,38,8388608
Uring,throughput,0,4,64,0,0,194364918390,194365460085,541694,20,8388608
Uring,throughput,0,4,64,0,0,194364919052,194366356937,1437884,4095,8388608
Uring,throughput,0,4,64,0,0,194364919952,194365308698,388745,168,8388608
Uring,throughput,0,4,64,0,0,194364926901,194365843485,916583,15,8388608
Uring,throughput,0,4,64,0,0,194364927779,194366045697,1117917,1517,8388608
Uring,throughput,0,4,64,0,0,194364932617,194365259724,327106,49,8388608
Uring,throughput,0,4,64,0,0,194364944868,194366421379,1476511,26,8388608
Uring,throughput,0,4,64,0,0,194364947114,194365873613,926498,61,8388608
Uring,throughput,0,4,64,0,0,194364947560,194366324765,1377204,17,8388608
Uring,throughput,0,4,64,0,0,194364958845,194366319098,1360252,80,8388608
Uring,throughput,0,4,64,0,0,194364963868,194366478881,1515013,4291,8388608
Uring,throughput,0,4,64,0,0,194364968439,194366105244,1136805,19,8388608
Uring,throughput,0,4,64,0,0,194364969980,194365509386,539406,18,8388608
Uring,throughput,0,4,64,0,0,194364973414,194365200074,226660,21,8388608
Uring,throughput,0,4,64,0,0,194364974479,194366269922,1295443,15,8388608
Uring,throughput,0,4,64,0,0,194364979121,194365947322,968201,1391,8388608
Uring,throughput,0,4,64,0,0,194364980427,194366322948,1342520,105,8388608
Uring,throughput,0,4,64,0,0,194364992540,194366118663,1126122,20,8388608
Uring,throughput,0,4,64,0,0,194364992676,194366256565,1263889,22,8388608
Uring,throughput,0,4,64,0,0,194364999238,194366012772,1013533,68,8388608
Uring,throughput,0,4,64,0,0,194365001830,194365486115,484284,20,8388608
Uring,throughput,0,4,64,0,0,194365006708,194365546316,539607,136,8388608
Uring,throughput,0,4,64,0,0,194365007401,194366562291,1554890,32,8388608
Uring,throughput,0,4,64,0,0,194365013818,194365552022,538203,46,8388608
Uring,throughput,0,4,64,0,0,194365023176,194365224872,201696,4147,8388608
Uring,throughput,0,4,64,0,0,194365027269,194365208146,180876,133,8388608
Uring,throughput,0,4,64,0,0,194365032311,194366298788,1266477,18,8388608
Uring,throughput,0,4,64,0,0,194365033920,194366332057,1298137,58,8388608
Uring,throughput,0,4,64,0,0,194365035880,194365226898,191017,20,8388608
Uring,throughput,0,4,64,0,0,194365035907,194365414989,379081,13,8388608
Uring,throughput,0,4,64,0,0,194365041667,194365575477,533810,23,8388608
Uring,throughput,0,4,64,0,0,194365042279,194365079126,36847,3312,8388608
Uring,throughput,0,4,64,0,0,194365046290,194366099041,1052751,91,8388608
Uring,throughput,0,4,64,0,0,194365047354,194366848113,1800759,35,8388608
Uring,throughput,0,4,64,0,0,194365049357,194366029223,979866,1363,8388608
Uring,throughput,0,4,64,0,0,194365061353,194365242114,180761,62,8388608
Uring,throughput,0,4,64,0,0,194365062422,194366574085,1511663,21,8388608
Uring,throughput,0,4,64,0,0,194365065884,194365906999,841114,42,8388608
Uring,throughput,0,4,64,0,0,194365067484,194365595916,528431,19,8388608
Uring,throughput,0,4,64,0,0,194365079133,194366551946,1472812,19,8388608
Uring,throughput,0,4,64,0,0,194365083613,194366183147,1099533,139,8388608
Uring,throughput,0,4,64,0,0,194365087529,194365891632,804102,1372,8388608
Uring,throughput,0,4,64,0,0,194365090120,194365406948,316828,729,8388608
Uring,throughput,0,4,64,0,0,194365096970,194365618272,521301,65,8388608
Uring,throughput,0,4,64,0,0,194365098300,194366459505,1361205,29,8388608
Uring,throughput,0,4,64,0,0,194365098693,194366359117,1260424,73,8388608
Uring,throughput,0,4,64,0,0,194365111340,194365357966,246626,29,8388608
Uring,throughput,0,4,64,0,0,194365114062,194365169742,55679,26,8388608
Uring,throughput,0,4,64,0,0,194365114515,194366680113,1565598,19,8388608
Uring,throughput,0,4,64,0,0,194365115447,194366247726,1132279,120,8388608
Uring,throughput,0,4,64,0,0,194365117891,194365274738,156846,17,8388608
Uring,throughput,0,4,64,0,0,194365122603,194366302835,1180231,12,8388608
Uring,throughput,0,4,64,0,0,194365124834,194365251460,126626,20,8388608
Uring,throughput,0,4,64,0,0,194365129230,194366304675,1175445,1357,8388608
Uring,throughput,0,4,64,0,0,194365134325,194367346875,2212549,23,8388608
Uring,throughput,0,4,64,0,0,194365143781,194365654439,510658,56,8388608
Uring,throughput,0,4,64,0,0,194365147565,194365263245,115679,17,8388608
Uring,throughput,0,4,64,0,0,194365155122,194366722246,1567123,15,8388608
Uring,throughput,0,4,64,0,0,194365169750,194365473205,303455,25,8388608
Uring,throughput,0,4,64,0,0,194365180216,194366318892,1138675,27,8388608
Uring,throughput,0,4,64,0,0,194365181805,194365496463,314657,18,8388608
Uring,throughput,0,4,64,0,0,194365184112,194366638953,1454840,38,8388608
Uring,throughput,0,4,64,0,0,194365193415,194366106414,912998,18,8388608
Uring,throughput,0,4,64,0,0,194365195071,194366323514,1128442,12,8388608
Uring,throughput,0,4,64,0,0,194365200082,194365861800,661718,25,8388608
Uring,throughput,0,4,64,0,0,194365207997,194367362737,2154739,58,8388608
Uring,throughput,0,4,64,0,0,194365208147,194365569982,361834,8,8388608
Uring,throughput,0,4,64,0,0,194365217504,194366537863,1320358,34,8388608
Uring,throughput,0,4,64,0,0,194365224121,194366063099,838978,29,8388608
Uring,throughput,0,4,64,0,0,194365224522,194366419171,1194648,3265,8388608
Uring,throughput,0,4,64,0,0,194365224875,194367145299,1920424,15,8388608
Uring,throughput,0,4,64,0,0,194365226903,194365498603,271699,24,8388608
Uring,throughput,0,4,64,0,0,194365236451,194366481058,1244606,29,8388608
Uring,throughput,0,4,64,0,0,194365238412,194365367258,128846,2655,8388608
Uring,throughput,0,4,64,0,0,194365242119,194366663048,1420928,13,8388608
Uring,throughput,0,4,64,0,0,194365251243,194365706527,455284,58,8388608
Uring,throughput,0,4,64,0,0,194365251466,194366170238,918771,17,8388608
Uring,throughput,0,4,64,0,0,194365251867,194366282110,1030243,54,8388608
Uring,throughput,0,4,64,0,0,194365259732,194365988211,728478,3248,8388608
Uring,throughput,0,4,64,0,0,194365263253,194366347419,1084166,47,8388608
Uring,throughput,0,4,64,0,0,194365269863,194366025081,755218,3418,8388608
Uring,throughput,0,4,64,0,0,194365272022,194365592634,320611,43,8388608
Uring,throughput,0,4,64,0,0,194365274741,194366277992,1003250,11,8388608
Uring,throughput,0,4,64,0,0,194365277944,194365513328,235384,27,8388608
Uring,throughput,0,4,64,0,0,194365280418,194366356651,1076232,1964,8388608
Uring,throughput,0,4,64,0,0,194365282313,194366318741,1036427,97,8388608
Uring,throughput,0,4,64,0,0,194365284494,194366451974,1167479,13,8388608
Uring,throughput,0,4,64,0,0,194365287067,194365469535,182468,16,8388608
Uring,throughput,0,4,64,0,0,194365289063,194365792056,502992,5015,8388608
Uring,throughput,0,4,64,0,0,194365291793,194366542516,1250723,24,8388608
Uring,throughput,0,4,64,0,0,194365301266,194365811247,509980,34,8388608
Uring,throughput,0,4,64,0,0,194365301426,194367393228,2091802,18814,8388608
Uring,throughput,0,4,64,0,0,194365307478,194365537708,230230,33,8388608
Uring,throughput,0,4,64,0,0,194365308701,194365369171,60470,12,8388608
Uring,throughput,0,4,64,0,0,194365316085,194366590975,1274890,3666,8388608
Uring,throughput,0,4,64,0,0,194365316550,194366393021,1076471,4232,8388608
Uring,throughput,0,4,64,0,0,194365320696,194366916666,1595969,2156,8388608
Uring,throughput,0,4,64,0,0,194365321468,194365819272,497804,3706,8388608
Uring,throughput,0,4,64,0,0,194365323532,194366458705,1135173,16,8388608
Uring,throughput,0,4,64,0,0,194365324091,194366546994,1222902,57,8388608
Uring,throughput,0,4,64,0,0,194365330406,194366392886,1062480,45,8388608
Uring,throughput,0,4,64,0,0,194365338078,194365501608,163529,2580,8388608
Uring,throughput,0,4,64,0,0,194365344185,194366381755,1037569,54,8388608
Uring,throughput,0,4,64,0,0,194365346274,194368474372,3128097,11,8388608
Uring,throughput,0,4,64,0,0,194365348341,194367099725,1751384,31,8388608
Uring,throughput,0,4,64,0,0,194365350931,194366486558,1135627,3910,8388608
Uring,throughput,0,4,64,0,0,194365351249,194366404455,1053206,27,8388608
Uring,throughput,0,4,64,0,0,194365354751,194366950214,1595462,203,8388608
Uring,throughput,0,4,64,0,0,194365357974,194366061955,703981,26,8388608
Uring,throughput,0,4,64,0,0,194365360441,194365845031,484590,29,8388608
Uring,throughput,0,4,64,0,0,194365364888,194366967399,1602511,916,8388608
Uring,throughput,0,4,64,0,0,194365365338,194367405578,2040240,23,8388608
Uring,throughput,0,4,64,0,0,194365367264,194366300901,933637,13,8388608
Uring,throughput,0,4,64,0,0,194365369176,194366496465,1127288,3301,8388608
Uring,throughput,0,4,64,0,0,194365370304,194366499199,1128894,3543,8388608
Uring,throughput,0,4,64,0,0,194365374179,194366676073,1301893,3587,8388608
Uring,throughput,0,4,64,0,0,194365374569,194366686080,1311511,31,8388608
Uring,throughput,0,4,64,0,0,194365375483,194366214424,838940,33,8388608
Uring,throughput,0,4,64,0,0,194365376270,194366455858,1079588,1756,8388608
Uring,throughput,0,4,64,0,0,194365382425,194366456395,1073970,18,8388608
Uring,throughput,0,4,64,0,0,194365383940,194365976097,592157,25,8388608
Uring,throughput,0,4,64,0,0,194365386284,194365865706,479422,22,8388608
Uring,throughput,0,4,64,0,0,194365386759,194365856475,469715,355,8388608
Uring,throughput,0,4,64,0,0,194365403169,194366506891,1103722,29,8388608
Uring,throughput,0,4,64,0,0,194365406952,194365533490,126537,18,8388608
Uring,throughput,0,4,64,0,0,194365407250,194366999126,1591875,41,8388608
Uring,throughput,0,4,64,0,0,194365414993,194365551092,136098,65,8388608
Uring,throughput,0,4,64,0,0,194365415103,194366741732,1326628,3450,8388608
Uring,throughput,0,4,64,0,0,194365416545,194365886945,470400,1104,8388608
Uring,throughput,0,4,64,0,0,194365419235,194366232323,813088,372,8388608
Uring,throughput,0,4,64,0,0,194365424156,194366392429,968273,86,8388608
Uring,throughput,0,4,64,0,0,194365426187,194366762382,1336195,3548,8388608
Uring,throughput,0,4,64,0,0,194365432976,194367034276,1601299,45,8388608
Uring,throughput,0,4,64,0,0,194365437309,194365701907,264598,22,8388608
Uring,throughput,0,4,64,0,0,194365444459,194365961253,516793,40,8388608
Uring,throughput,0,4,64,0,0,194365446330,194365910426,464096,3927,8388608
Uring,throughput,0,4,64,0,0,194365446635,194366777427,1330792,119,8388608
Uring,throughput,0,4,64,0,0,194365448444,194366783573,1335128,3026,8388608
Uring,throughput,0,4,64,0,0,194365449518,194366956183,1506665,848,8388608
Uring,throughput,0,4,64,0,0,194365460093,194365913711,453617,45,8388608
Uring,throughput,0,4,64,0,0,194365462472,194366630907,1168435,39,8388608
Uring,throughput,0,4,64,0,0,194365469025,194367416209,1947184,3967,8388608
Uring,throughput,0,4,64,0,0,194365469543,194366864018,1394475,4020,8388608
Uring,throughput,0,4,64,0,0,194365473211,194366702905,1229693,1222,8388608
Uring,throughput,0,4,64,0,0,194365473616,194365922857,449240,273,8388608
Uring,throughput,0,4,64,0,0,194365480125,194366743330,1263204,4936,8388608
Uring,throughput,0,4,64,0,0,194365486123,194366846241,1360117,3126,8388608
Uring,throughput,0,4,64,0,0,194365486745,194365929489,442743,2298,8388608
Uring,throughput,0,4,64,0,0,194365487654,194365559155,71500,1911,8388608
Uring,throughput,0,4,64,0,0,194365489480,194367084273,1594793,101,8388608
Uring,throughput,0,4,64,0,0,194365496485,194365839510,343025,172,8388608
Uring,throughput,0,4,64,0,0,194365498610,194366769606,1270995,2901,8388608
Uring,throughput,0,4,64,0,0,194365500995,194366569533,1068537,99,8388608
Uring,throughput,0,4,64,0,0,194365501416,194367203551,1702135,1360,8388608
Uring,throughput,0,4,64,0,0,194365501612,194366888638,1387026,9,8388608
Uring,throughput,0,4,64,0,0,194365509395,194366530969,1021574,22,8388608
Uring,throughput,0,4,64,0,0,194365513334,194365746144,232810,28,8388608
Uring,throughput,0,4,64,0,0,194365514774,194366878901,1364126,23,8388608
Uring,throughput,0,4,64,0,0,194365515555,194366302590,787035,60,8388608
Uring,throughput,0,4,64,0,0,194365524368,194366887288,1362919,5249,8388608
Uring,throughput,0,4,64,0,0,194365525919,194367099187,1573267,4157,8388608
Uring,throughput,0,4,64,0,0,194365533498,194365983964,450465,30,8388608
Uring,throughput,0,4,64,0,0,194365537716,194365957131,419414,4041,8388608
Uring,throughput,0,4,64,0,0,194365546324,194367303994,1757670,52,8388608
Uring,throughput,0,4,64,0,0,194365551098,194366904842,1353743,899,8388608
Uring,throughput,0,4,64,0,0,194365552027,194366540588,988560,3689,8388608
Uring,throughput,0,4,64,0,0,194365554637,194366343263,788626,698,8388608
Uring,throughput,0,4,64,0,0,194365557181,194366499975,942793,2000,8388608
Uring,throughput,0,4,64,0,0,194365559162,194366261934,702772,25,8388608
Uring,throughput,0,4,64,0,0,194365562598,194366657290,1094692,1767,8388608
Uring,throughput,0,4,64,0,0,194365569990,194365975929,405939,3715,8388608
Uring,throughput,0,4,64,0,0,194365575484,194366551251,975766,19,8388608
Uring,throughput,0,4,64,0,0,194365583952,194367523296,1939344,32,8388608
Uring,throughput,0,4,64,0,0,194365592640,194367433101,1840461,3724,8388608
Uring,throughput,0,4,64,0,0,194365595923,194366278607,682684,44,8388608
Uring,throughput,0,4,64,0,0,194365601418,194367154025,1552607,22,8388608
Uring,throughput,0,4,64,0,0,194365603131,194366990820,1387689,42,8388608
Uring,throughput,0,4,64,0,0,194365604471,194367042762,1438290,28,8388608
Uring,throughput,0,4,64,0,0,194365607028,194367178330,1571302,2215,8388608
Uring,throughput,0,4,64,0,0,194365609156,194366740402,1131246,23,8388608
Uring,throughput,0,4,64,0,0,194365613128,194367010888,1397760,3025,8388608
Uring,throughput,0,4,64,0,0,194365618278,194367457243,1838965,6034,8388608
Uring,throughput,0,4,64,0,0,194365621056,194365814572,193516,3468,8388608
Uring,throughput,0,4,64,0,0,194365628190,194366705228,1077037,38,8388608
Uring,throughput,0,4,64,0,0,194365654447,194366046461,392014,38,8388608
Uring,throughput,0,4,64,0,0,194365660061,194367488895,1828833,1105,8388608
Uring,throughput,0,4,64,0,0,194365675125,194366617235,942110,35,8388608
Uring,throughput,0,4,64,0,0,194365677532,194366522454,844921,638,8388608
Uring,throughput,0,4,64,0,0,194365684535,194366287396,602860,3542,8388608
Uring,throughput,0,4,64,0,0,194365696984,194366969417,1272432,748,8388608
Uring,throughput,0,4,64,0,0,194365701937,194365736251,34313,831,8388608
Uring,throughput,0,4,64,0,0,194365702673,194366451617,748943,36,8388608
Uring,throughput,0,4,64,0,0,194365706557,194366491106,784549,1807,8388608
Uring,throughput,0,4,64,0,0,194365706894,194366954805,1247911,16,8388608
Uring,throughput,0,4,64,0,0,194365708391,194367117490,1409099,3397,8388608
Uring,throughput,0,4,64,0,0,194365717118,194366737429,1020311,118,8388608
Uring,throughput,0,4,64,0,0,194365736258,194366467724,731465,82,8388608
Uring,throughput,0,4,64,0,0,194365746150,194367743754,1997604,3477,8388608
Uring,throughput,0,4,64,0,0,194365748930,194366706982,958051,119,8388608
Uring,throughput,0,4,64,0,0,194365749687,194366585195,835507,480,8388608
Uring,throughput,0,4,64,0,0,194365749833,194367305164,1555331,99,8388608
Uring,throughput,0,4,64,0,0,194365763810,194366070070,306260,58,8388608
Uring,throughput,0,4,64,0,0,194365771057,194366083290,312233,3508,8388608
Uring,throughput,0,4,64,0,0,194365792062,194367577829,1785766,20,8388608
Uring,throughput,0,4,64,0,0,194365795566,194368107808,2312241,22,8388608
Uring,throughput,0,4,64,0,0,194365796560,194366088626,292065,21,8388608
Uring,throughput,0,4,64,0,0,194365797659,194365877489,79829,52,8388608
Uring,throughput,0,4,64,0,0,194365803485,194365851215,47730,560,8388608
Uring,throughput,0,4,64,0,0,194365811256,194367611783,1800527,29,8388608
Uring,throughput,0,4,64,0,0,194365814576,194367178463,1363887,13,8388608
Uring,throughput,0,4,64,0,0,194365819281,194367538235,1718953,29,8388608
Uring,throughput,0,4,64,0,0,194365834145,194366103976,269830,22,8388608
Uring,throughput,0,4,64,0,0,194365839622,194367345359,1505736,1481,8388608
Uring,throughput,0,4,64,0,0,194365843491,194367527520,1684028,3265,8388608
Uring,throughput,0,4,64,0,0,194365845040,194366158071,313031,33,8388608
Uring,throughput,0,4,64,0,0,194365849818,194366877725,1027906,1988,8388608
Uring,throughput,0,4,64,0,0,194365851240,194365897655,46415,21,8388608
Uring,throughput,0,4,64,0,0,194365855082,194365934974,79892,1979,8388608
Uring,throughput,0,4,64,0,0,194365856481,194366114205,257724,34,8388608
Uring,throughput,0,4,64,0,0,194365861862,194365936192,74330,875,8388608
Uring,throughput,0,4,64,0,0,194365865710,194365898915,33204,543,8388608
Uring,throughput,0,4,64,0,0,194365873621,194367362057,1488436,17,8388608
Uring,throughput,0,4,64,0,0,194365877496,194366443239,565742,18,8388608
Uring,throughput,0,4,64,0,0,194365881924,194367369360,1487436,3987,8388608
Uring,throughput,0,4,64,0,0,194365886954,194367728612,1841658,94,8388608
Uring,throughput,0,4,64,0,0,194365891638,194367647752,1756113,16,8388608
Uring,throughput,0,4,64,0,0,194365897662,194366128082,230420,19,8388608
Uring,throughput,0,4,64,0,0,194365898964,194366171135,272171,17,8388608
Uring,throughput,0,4,64,0,0,194365907019,194366333518,426499,23,8388608
Uring,throughput,0,4,64,0,0,194365908433,194366803102,894668,622,8388608
Uring,throughput,0,4,64,0,0,194365910135,194367811305,1901170,52,8388608
Uring,throughput,0,4,64,0,0,194365910430,194366000136,89706,13,8388608
Uring,throughput,0,4,64,0,0,194365913719,194367820646,1906927,2801,8388608
Uring,throughput,0,4,64,0,0,194365913814,194366748537,834723,55,8388608
Uring,throughput,0,4,64,0,0,194365916273,194367164112,1247839,24,8388608
Uring,throughput,0,4,64,0,0,194365917199,194367771512,1854313,46,8388608
Uring,throughput,0,4,64,0,0,194365921485,194367440671,1519185,22,8388608
Uring,throughput,0,4,64,0,0,194365922865,194366428277,505412,46,8388608
Uring,throughput,0,4,64,0,0,194365929521,194366703473,773952,35,8388608
Uring,throughput,0,4,64,0,0,194365934981,194366246727,311745,33,8388608
Uring,throughput,0,4,64,0,0,194365936212,194367545119,1608907,124,8388608
Uring,throughput,0,4,64,0,0,194365937550,194371630908,5693357,46,8388608
Uring,throughput,0,4,64,0,0,194365943361,194367500151,1556789,3440,8388608
Uring,throughput,0,4,64,0,0,194365946866,194367231757,1284891,613,8388608
Uring,throughput,0,4,64,0,0,194365947331,194367069575,1122244,20,8388608
Uring,throughput,0,4,64,0,0,194365950080,194366455309,505229,467,8388608
Uring,throughput,0,4,64,0,0,194365957137,194366938068,980930,27,8388608
Uring,throughput,0,4,64,0,0,194365959539,194367413532,1453992,3358,8388608
Uring,throughput,0,4,64,0,0,194365961260,194366675191,713931,35,8388608
Uring,throughput,0,4,64,0,0,194365963070,194366943777,980707,5262,8388608
Uring,throughput,0,4,64,0,0,194365974333,194367811439,1837105,30,8388608
Uring,throughput,0,4,64,0,0,194365975937,194367665961,1690023,49,8388608
Uring,throughput,0,4,64,0,0,194365976100,194366414895,438794,17,8388608
Uring,throughput,0,4,64,0,0,194365983970,194366161869,177898,421,8388608
Uring,throughput,0,4,64,0,0,194365988215,194366967506,979291,16,8388608
Uring,throughput,0,4,64,0,0,194365996027,194367433789,1437761,24,8388608
Uring,throughput,0,4,64,0,0,194366000144,194367560945,1560800,85,8388608
Uring,throughput,0,4,64,0,0,194366011556,194367424256,1412700,85,8388608
Uring,throughput,0,4,64,0,0,194366012779,194367856934,1844154,22,8388608
Uring,throughput,0,4,64,0,0,194366014119,194366993435,979316,15,8388608
Uring,throughput,0,4,64,0,0,194366015093,194367043147,1028053,16,8388608
Uring,throughput,0,4,64,0,0,194366015950,194367628266,1612315,11,8388608
Uring,throughput,0,4,64,0,0,194366021877,194367055195,1033317,437,8388608
Uring,throughput,0,4,64,0,0,194366023084,194366176594,153509,1912,8388608
Uring,throughput,0,4,64,0,0,194366025140,194367747298,1722157,27,8388608
Uring,throughput,0,4,64,0,0,194366029267,194367213383,1184116,66,8388608
Uring,throughput,0,4,64,0,0,194366029900,194368116563,2086663,50,8388608
Uring,throughput,0,4,64,0,0,194366036926,194367454517,1417590,23,8388608
Uring,throughput,0,4,64,0,0,194366040303,194367623507,1583203,1829,8388608
Uring,throughput,0,4,64,0,0,194366045705,194367023673,977967,23,8388608
Uring,throughput,0,4,64,0,0,194366046468,194366509341,462872,668,8388608
Uring,throughput,0,4,64,0,0,194366061963,194367290796,1228832,1190,8388608
Uring,throughput,0,4,64,0,0,194366063102,194366419390,356288,61,8388608
Uring,throughput,0,4,64,0,0,194366070078,194366108476,38397,371,8388608
Uring,throughput,0,4,64,0,0,194366073541,194366243832,170290,72,8388608
Uring,throughput,0,4,64,0,0,194366083298,194367459925,1376626,21,8388608
Uring,throughput,0,4,64,0,0,194366084183,194366120303,36120,3908,8388608
Uring,throughput,0,4,64,0,0,194366088631,194368107819,2019187,43,8388608
Uring,throughput,0,4,64,0,0,194366097830,194368442798,2344967,3401,8388608
Uring,throughput,0,4,64,0,0,194366099050,194368039516,1940466,83,8388608
Uring,throughput,0,4,64,0,0,194366103983,194367950395,1846412,2629,8388608
Uring,throughput,0,4,64,0,0,194366105251,194366449809,344557,102,8388608
Uring,throughput,0,4,64,0,0,194366106418,194367837375,1730956,197,8388608
Uring,throughput,0,4,64,0,0,194366108479,194366202517,94038,12,8388608
Uring,throughput,0,4,64,0,0,194366109779,194367495733,1385953,4631,8388608
Uring,throughput,0,4,64,0,0,194366114210,194366936027,821817,229,8388608
Uring,throughput,0,4,64,0,0,194366118668,194367657420,1538751,13,8388608
Uring,throughput,0,4,64,0,0,194366120325,194366156198,35872,33,8388608
Uring,throughput,0,4,64,0,0,194366128090,194367117721,989630,1262,8388608
Uring,throughput,0,4,64,0,0,194366135452,194367861015,1725562,3368,8388608
Uring,throughput,0,4,64,0,0,194366149897,194367877840,1727943,27,8388608
Uring,throughput,0,4,64,0,0,194366156205,194367243198,1086993,36,8388608
Uring,throughput,0,4,64,0,0,194366158076,194367637720,1479644,2115,8388608
Uring,throughput,0,4,64,0,0,194366161878,194366641520,479642,47,8388608
Uring,throughput,0,4,64,0,0,194366170244,194366260515,90270,876,8388608
Uring,throughput,0,4,64,0,0,194366171142,194366252591,81448,38,8388608
Uring,throughput,0,4,64,0,0,194366176598,194366262974,86375,11,8388608
Uring,throughput,0,4,64,0,0,194366183152,194366953072,769920,229,8388608
Uring,throughput,0,4,64,0,0,194366190540,194367390787,1200247,16,8388608
Uring,throughput,0,4,64,0,0,194366190963,194366396991,206027,18,8388608
Uring,throughput,0,4,64,0,0,194366193977,194368305504,2111527,18,8388608
Uring,throughput,0,4,64,0,0,194366202525,194366853442,650917,39,8388608
Uring,throughput,0,4,64,0,0,194366205518,194366331261,125742,91,8388608
Uring,throughput,0,4,64,0,0,194366214430,194368421200,2206769,1221,8388608
Uring,throughput,0,4,64,0,0,194366232330,194366653207,420876,48,8388608
Uring,throughput,0,4,64,0,0,194366243838,194366445805,201967,15,8388608
Uring,throughput,0,4,64,0,0,194366246732,194366431352,184620,15,8388608
Uring,throughput,0,4,64,0,0,194366247747,194367429906,1182159,65,8388608
Uring,throughput,0,4,64,0,0,194366251278,194367666314,1415036,18845,8388608
Uring,throughput,0,4,64,0,0,194366252598,194367663803,1411204,1940,8388608
Uring,throughput,0,4,64,0,0,194366256573,194368211709,1955136,105,8388608
Uring,throughput,0,4,64,0,0,194366260523,194366975185,714661,127,8388608
Uring,throughput,0,4,64,0,0,194366261940,194367239985,978044,88,8388608
Uring,throughput,0,4,64,0,0,194366262976,194368099430,1836453,105,8388608
Uring,throughput,0,4,64,0,0,194366269930,194366452237,182307,717,8388608
Uring,throughput,0,4,64,0,0,194366277998,194366855640,577642,3654,8388608
Uring,throughput,0,4,64,0,0,194366278615,194367665856,1387240,6048,8388608
Uring,throughput,0,4,64,0,0,194366282116,194367443592,1161476,101,8388608
Uring,throughput,0,4,64,0,0,194366283497,194367558951,1275454,16,8388608
Uring,throughput,0,4,64,0,0,194366284908,194366705079,420170,737,8388608
Uring,throughput,0,4,64,0,0,194366287400,194368161903,1874503,29,8388608
Uring,throughput,0,4,64,0,0,194366293345,194367668976,1375631,3084,8388608
Uring,throughput,0,4,64,0,0,194366298792,194367478686,1179894,77,8388608
Uring,throughput,0,4,64,0,0,194366299518,194366912613,613094,558,8388608
Uring,throughput,0,4,64,0,0,194366300938,194367445380,1144442,48,8388608
Uring,throughput,0,4,64,0,0,194366302633,194366458107,155473,99,8388608
Uring,throughput,0,4,64,0,0,194366302839,194367869921,1567081,14,8388608
Uring,throughput,0,4,64,0,0,194366304679,194367353986,1049306,95,8388608
Uring,throughput,0,4,64,0,0,194366311972,194367666134,1354162,4660,8388608
Uring,throughput,0,4,64,0,0,194366314839,194367631553,1316713,113,8388608
Uring,throughput,0,4,64,0,0,194366318745,194366350613,31867,2630,8388608
Uring,throughput,0,4,64,0,0,194366318899,194367857032,1538132,45,8388608
Uring,throughput,0,4,64,0,0,194366319099,194366613416,294316,10,8388608
Uring,throughput,0,4,64,0,0,194366322979,194366803082,480103,56,8388608
Uring,throughput,0,4,64,0,0,194366323516,194367670232,1346715,14,8388608
Uring,throughput,0,4,64,0,0,194366324771,194368326408,2001637,55,8388608
Uring,throughput,0,4,64,0,0,194366331285,194367349953,1018668,26,8388608
Uring,throughput,0,4,64,0,0,194366332062,194366860144,528082,18,8388608
Uring,throughput,0,4,64,0,0,194366333543,194366492605,159062,790,8388608
Uring,throughput,0,4,64,0,0,194366340986,194368816294,2475308,40,8388608
Uring,throughput,0,4,64,0,0,194366343268,194367261101,917832,41,8388608
Uring,throughput,0,4,64,0,0,194366347447,194368345960,1998512,3582,8388608
Uring,throughput,0,4,64,0,0,194366350617,194366383591,32973,16,8388608
Uring,throughput,0,4,64,0,0,194366356658,194367988114,1631456,17,8388608
Uring,throughput,0,4,64,0,0,194366356941,194368328403,1971461,165,8388608
Uring,throughput,0,4,64,0,0,194366359125,194367757424,1398298,97,8388608
Uring,throughput,0,4,64,0,0,194366381763,194367579802,1198039,50,8388608
Uring,throughput,0,4,64,0,0,194366383598,194366736977,353379,41,8388608
Uring,throughput,0,4,64,0,0,194366384046,194367457456,1073409,15,8388608
Uring,throughput,0,4,64,0,0,194366392434,194366752695,360260,16,8388608
Uring,throughput,0,4,64,0,0,194366392889,194367598245,1205356,2671,8388608
Uring,throughput,0,4,64,0,0,194366393030,194367768691,1375660,162,8388608
Uring,throughput,0,4,64,0,0,194366396998,194366687734,290736,38,8388608
Uring,throughput,0,4,64,0,0,194366398997,194367853518,1454521,45,8388608
Uring,throughput,0,4,64,0,0,194366404462,194366507707,103244,27,8388608
Uring,throughput,0,4,64,0,0,194366414903,194366802831,387928,4681,8388608
Uring,throughput,0,4,64,0,0,194366419177,194369251340,2832163,448,8388608
Uring,throughput,0,4,64,0,0,194366419393,194367678646,1259252,3004,8388608
Uring,throughput,0,4,64,0,0,194366421388,194366898084,476695,23,8388608
Uring,throughput,0,4,64,0,0,194366428283,194367626896,1198613,1936,8388608
Uring,throughput,0,4,64,0,0,194366431410,194367685772,1254362,4509,8388608
Uring,throughput,0,4,64,0,0,194366441189,194367661247,1220057,16,8388608
Uring,throughput,0,4,64,0,0,194366443244,194367845314,1402070,1252,8388608
Uring,throughput,0,4,64,0,0,194366445809,194367357905,912095,1766,8388608
Uring,throughput,0,4,64,0,0,194366449816,194366841542,391725,2240,8388608
Uring,throughput,0,4,64,0,0,194366451625,194366490248,38622,647,8388608
Uring,throughput,0,4,64,0,0,194366451980,194367012264,560283,186,8388608
Uring,throughput,0,4,64,0,0,194366452239,194368513147,2060908,3048,8388608
Uring,throughput,0,4,64,0,0,194366455313,194366847194,391880,262,8388608
Uring,throughput,0,4,64,0,0,194366455866,194368990456,2534589,34,8388608
Uring,throughput,0,4,64,0,0,194366456398,194368946531,2490132,14,8388608
Uring,throughput,0,4,64,0,0,194366458115,194367004193,546077,789,8388608
Uring,throughput,0,4,64,0,0,194366458712,194366854410,395698,2014,8388608
Uring,throughput,0,4,64,0,0,194366459509,194366964985,505476,1337,8388608
Uring,throughput,0,4,64,0,0,194366467729,194367031492,563762,21,8388608
Uring,throughput,0,4,64,0,0,194366478890,194367943846,1464956,19,8388608
Uring,throughput,0,4,64,0,0,194366480547,194367778206,1297659,37,8388608
Uring,throughput,0,4,64,0,0,194366481081,194367698109,1217028,23,8388608
Uring,throughput,0,4,64,0,0,194366486563,194367688987,1202423,15,8388608
Uring,throughput,0,4,64,0,0,194366490256,194367587468,1097211,22,8388608
Uring,throughput,0,4,64,0,0,194366491111,194366655416,164305,17,8388608
Uring,throughput,0,4,64,0,0,194366492611,194367719797,1227186,29,8388608
Uring,throughput,0,4,64,0,0,194366496472,194367743761,1247289,89,8388608
Uring,throughput,0,4,64,0,0,194366499207,194367597146,1097939,42,8388608
Uring,throughput,0,4,64,0,0,194366499979,194366886735,386756,11,8388608
Uring,throughput,0,4,64,0,0,194366506920,194368442365,1935444,30,8388608
Uring,throughput,0,4,64,0,0,194366507713,194367725710,1217996,2635,8388608
Uring,throughput,0,4,64,0,0,194366509348,194367152101,642753,40,8388608
Uring,throughput,0,4,64,0,0,194366522461,194367531335,1008874,108,8388608
Uring,throughput,0,4,64,0,0,194366530977,194366800201,269224,1198,8388608
Uring,throughput,0,4,64,0,0,194366531048,194369215175,2684127,101,8388608
Uring,throughput,0,4,64,0,0,194366537870,194367345185,807314,783,8388608
Uring,throughput,0,4,64,0,0,194366540595,194367746376,1205780,30,8388608
Uring,throughput,0,4,64,0,0,194366542524,194369074249,2531724,4205,8388608
Uring,throughput,0,4,64,0,0,194366547016,194369103373,2556357,2590,8388608
Uring,throughput,0,4,64,0,0,194366551255,194366970645,419389,1485,8388608
Uring,throughput,0,4,64,0,0,194366551953,194368758166,2206213,150,8388608
Uring,throughput,0,4,64,0,0,194366556841,194367856133,1299291,51,8388608
Uring,throughput,0,4,64,0,0,194366561602,194367931077,1369474,44,8388608
Uring,throughput,0,4,64,0,0,194366562297,194367753552,1191255,160,8388608
Uring,throughput,0,4,64,0,0,194366569540,194367755798,1186258,24,8388608
Uring,throughput,0,4,64,0,0,194366574092,194368774331,2200238,3283,8388608
Uring,throughput,0,4,64,0,0,194366580129,194367766285,1186156,3283,8388608
Uring,throughput,0,4,64,0,0,194366585199,194366929438,344239,35,8388608
Uring,throughput,0,4,64,0,0,194366590983,194368618415,2027431,64,8388608
Uring,throughput,0,4,64,0,0,194366613479,194367780748,1167269,2306,8388608
Uring,throughput,0,4,64,0,0,194366617266,194367962787,1345521,44,8388608
Uring,throughput,0,4,64,0,0,194366618782,194369424913,2806130,3937,8388608
Uring,throughput,0,4,64,0,0,194366623827,194367784484,1160656,161,8388608
Uring,throughput,0,4,64,0,0,194366630915,194367965871,1334955,22,8388608
Uring,throughput,0,4,64,0,0,194366638959,194367800458,1161498,92,8388608
Uring,throughput,0,4,64,0,0,194366641527,194366685027,43499,37,8388608
Uring,throughput,0,4,64,0,0,194366653213,194368006649,1353436,35,8388608
Uring,throughput,0,4,64,0,0,194366655420,194367082124,426703,18,8388608
Uring,throughput,0,4,64,0,0,194366657294,194367368220,710925,46,8388608
Uring,throughput,0,4,64,0,0,194366663056,194367802498,1139442,1205,8388608
Uring,throughput,0,4,64,0,0,194366675199,194367108148,432949,1608,8388608
Uring,throughput,0,4,64,0,0,194366676079,194366728720,52641,30,8388608
Uring,throughput,0,4,64,0,0,194366679716,194367972302,1292586,27,8388608
Uring,throughput,0,4,64,0,0,194366680121,194368987134,2307012,29,8388608
Uring,throughput,0,4,64,0,0,194366685032,194368019393,1334360,2094,8388608
Uring,throughput,0,4,64,0,0,194366686120,194368022210,1336089,29,8388608
Uring,throughput,0,4,64,0,0,194366687740,194369014497,2326757,4592,8388608
Uring,throughput,0,4,64,0,0,194366692470,194368025167,1332697,2661,8388608
Uring,throughput,0,4,64,0,0,194366702913,194369267348,2564435,17,8388608
Uring,throughput,0,4,64,0,0,194366703506,194367256983,553476,30,8388608
Uring,throughput,0,4,64,0,0,194366705084,194367689117,984033,19,8388608
Uring,throughput,0,4,64,0,0,194366705229,194367995224,1289994,10,8388608
Uring,throughput,0,4,64,0,0,194366706990,194369242715,2535724,50,8388608
Uring,throughput,0,4,64,0,0,194366718238,194368045149,1326911,5848,8388608
Uring,throughput,0,4,64,0,0,194366722253,194367639864,917611,477,8388608
Uring,throughput,0,4,64,0,0,194366728755,194368113931,1385176,23,8388608
Uring,throughput,0,4,64,0,0,194366730306,194367869911,1139605,37,8388608
Uring,throughput,0,4,64,0,0,194366730904,194367179491,448586,3212,8388608
Uring,throughput,0,4,64,0,0,194366735416,194367873123,1137707,87,8388608
Uring,throughput,0,4,64,0,0,194366736983,194369123072,2386089,3476,8388608
Uring,throughput,0,4,64,0,0,194366737463,194368047414,1309951,18,8388608
Uring,throughput,0,4,64,0,0,194366737998,194368056247,1318248,2806,8388608
Uring,throughput,0,4,64,0,0,194366740407,194368005337,1264930,414,8388608
Uring,throughput,0,4,64,0,0,194366741739,194367839698,1097959,32,8388608
Uring,throughput,0,4,64,0,0,194366743334,194368177412,1434077,22,8388608
Uring,throughput,0,4,64,0,0,194366748541,194369325661,2577119,20,8388608
Uring,throughput,0,4,64,0,0,194366752703,194367915762,1163059,9647,8388608
Uring,throughput,0,4,64,0,0,194366762390,194367210000,447610,442,8388608
Uring,throughput,0,4,64,0,0,194366766482,194367127197,360714,369,8388608
Uring,throughput,0,4,64,0,0,194366766507,194369153426,2386919,3127,8388608
Uring,throughput,0,4,64,0,0,194366769610,194367217392,447781,61,8388608
Uring,throughput,0,4,64,0,0,194366770159,194366968954,198795,672,8388608
Uring,throughput,0,4,64,0,0,194366777433,194367225192,447758,21,8388608
Uring,throughput,0,4,64,0,0,194366780164,194368347706,1567542,16,8388608
Uring,throughput,0,4,64,0,0,194366780877,194371845433,5064555,35,8388608
Uring,throughput,0,4,64,0,0,194366782666,194367940488,1157822,3646,8388608
Uring,throughput,0,4,64,0,0,194366783577,194369168955,2385377,24,8388608
Uring,throughput,0,4,64,0,0,194366784958,194367862019,1077061,17,8388608
Uring,throughput,0,4,64,0,0,194366785682,194367862623,1076940,2030,8388608
Uring,throughput,0,4,64,0,0,194366786467,194367940957,1154490,2096,8388608
Uring,throughput,0,4,64,0,0,194366788498,194367502820,714321,1966,8388608
Uring,throughput,0,4,64,0,0,194366800209,194367270935,470726,67,8388608
Uring,throughput,0,4,64,0,0,194366802836,194368569379,1766542,25,8388608
Uring,throughput,0,4,64,0,0,194366803087,194368082761,1279673,1625,8388608
Uring,throughput,0,4,64,0,0,194366803105,194367247320,444215,26,8388608
Uring,throughput,0,4,64,0,0,194366809763,194368420841,1611078,2610,8388608
Uring,throughput,0,4,64,0,0,194366838493,194367885387,1046894,1408,8388608
Uring,throughput,0,4,64,0,0,194366841550,194367459479,617928,84,8388608
Uring,throughput,0,4,64,0,0,194366846249,194369080055,2233806,106,8388608
Uring,throughput,0,4,64,0,0,194366847200,194367768683,921482,16,8388608
Uring,throughput,0,4,64,0,0,194366848121,194368114816,1266694,1986,8388608
Uring,throughput,0,4,64,0,0,194366853450,194368196903,1343452,2411,8388608
Uring,throughput,0,4,64,0,0,194366854432,194367876445,1022012,15,8388608
Uring,throughput,0,4,64,0,0,194366855645,194368117166,1261520,250,8388608
Uring,throughput,0,4,64,0,0,194366860150,194369335110,2474959,3040,8388608
Uring,throughput,0,4,64,0,0,194366864022,194369491436,2627413,12,8388608
Uring,throughput,0,4,64,0,0,194366870816,194367315233,444417,1683,8388608
Uring,throughput,0,4,64,0,0,194366877732,194367061315,183583,62,8388608
Uring,throughput,0,4,64,0,0,194366878904,194367555310,676405,368,8388608
Uring,throughput,0,4,64,0,0,194366886744,194367356296,469551,23,8388608
Uring,throughput,0,4,64,0,0,194366887296,194368038026,1150729,52,8388608
Uring,throughput,0,4,64,0,0,194366888644,194367667398,778754,19,8388608
Uring,throughput,0,4,64,0,0,194366898092,194369377599,2479506,2927,8388608
Uring,throughput,0,4,64,0,0,194366904850,194368058096,1153245,41,8388608
Uring,throughput,0,4,64,0,0,194366905655,194369552617,2646962,2173,8388608
Uring,throughput,0,4,64,0,0,194366908956,194368072578,1163621,11,8388608
Uring,throughput,0,4,64,0,0,194366912619,194367289686,377067,51,8388608
Uring,throughput,0,4,64,0,0,194366916636,194368620999,1704362,2059,8388608
Uring,throughput,0,4,64,0,0,194366916675,194367918046,1001370,28,8388608
Uring,throughput,0,4,64,0,0,194366918590,194368081578,1162987,169,8388608
Uring,throughput,0,4,64,0,0,194366927714,194369423257,2495542,3303,8388608
Uring,throughput,0,4,64,0,0,194366929443,194367284967,355523,122,8388608
Uring,throughput,0,4,64,0,0,194366936035,194369441783,2505747,1924,8388608
Uring,throughput,0,4,64,0,0,194366938161,194367382999,444838,44,8388608
Uring,throughput,0,4,64,0,0,194366943787,194368463924,1520137,153,8388608
Uring,throughput,0,4,64,0,0,194366950238,194367394561,444322,34,8388608
Uring,throughput,0,4,64,0,0,194366953077,194367398730,445653,1488,8388608
Uring,throughput,0,4,64,0,0,194366954813,194368202940,1248126,20,8388608
Uring,throughput,0,4,64,0,0,194366956187,194368286816,1330629,19,8388608
Uring,throughput,0,4,64,0,0,194366958068,194369076117,2118049,81,8388608
Uring,throughput,0,4,64,0,0,194366964994,194367142069,177074,43,8388608
Uring,throughput,0,4,64,0,0,194366967405,194367406854,439449,18,8388608
Uring,throughput,0,4,64,0,0,194366967513,194370168691,3201178,16,8388608
Uring,throughput,0,4,64,0,0,194366968960,194367586358,617397,15,8388608
Uring,throughput,0,4,64,0,0,194366969421,194367405045,435624,39,8388608
Uring,throughput,0,4,64,0,0,194366970648,194368229986,1259337,89,8388608
Uring,throughput,0,4,64,0,0,194366975190,194367008303,33112,17,8388608
Uring,throughput,0,4,64,0,0,194366990826,194367970372,979546,57,8388608
Uring,throughput,0,4,64,0,0,194366993439,194368348647,1355207,37,8388608
Uring,throughput,0,4,64,0,0,194366999134,194369522179,2523044,32,8388608
Uring,throughput,0,4,64,0,0,194367004199,194367774055,769856,20,8388608
Uring,throughput,0,4,64,0,0,194367008306,194369694310,2686003,2929,8388608
Uring,throughput,0,4,64,0,0,194367010895,194369536108,2525212,381,8388608
Uring,throughput,0,4,64,0,0,194367012286,194368175880,1163594,652,8388608
Uring,throughput,0,4,64,0,0,194367023681,194367461440,437759,40,8388608
Uring,throughput,0,4,64,0,0,194367031500,194368191217,1159716,1875,8388608
Uring,throughput,0,4,64,0,0,194367034283,194367074598,40314,763,8388608
Uring,throughput,0,4,64,0,0,194367042772,194369676860,2634087,26,8388608
Uring,throughput,0,4,64,0,0,194367043154,194368337178,1294024,1345,8388608
Uring,throughput,0,4,64,0,0,194367047318,194368382686,1335367,67,8388608
Uring,throughput,0,4,64,0,0,194367055202,194367311736,256534,18,8388608
Uring,throughput,0,4,64,0,0,194367061334,194367116733,55399,53,8388608
Uring,throughput,0,4,64,0,0,194367069597,194368357775,1288178,22,8388608
Uring,throughput,0,4,64,0,0,194367074604,194368226145,1151541,55,8388608
Uring,throughput,0,4,64,0,0,194367082131,194367117323,35191,2092,8388608
Uring,throughput,0,4,64,0,0,194367084279,194369331960,2247680,20,8388608
Uring,throughput,0,4,64,0,0,194367099195,194367537673,438478,25,8388608
Uring,throughput,0,4,64,0,0,194367099730,194367610543,510812,827,8388608
Uring,throughput,0,4,64,0,0,194367108155,194368242436,1134281,51,8388608
Uring,throughput,0,4,64,0,0,194367109988,194368228334,1118346,43,8388608
Uring,throughput,0,4,64,0,0,194367116741,194367557835,441093,2413,8388608
Uring,throughput,0,4,64,0,0,194367117347,194367478205,360857,137,8388608
Uring,throughput,0,4,64,0,0,194367117497,194367555883,438385,24,8388608
Uring,throughput,0,4,64,0,0,194367117723,194368024284,906561,14,8388608
Uring,throughput,0,4,64,0,0,194367127027,194368426120,1299093,40,8388608
Uring,throughput,0,4,64,0,0,194367127205,194367564339,437134,25,8388608
Uring,throughput,0,4,64,0,0,194367142075,194367196869,54793,27,8388608
Uring,throughput,0,4,64,0,0,194367144487,194368202360,1057872,20,8388608
Uring,throughput,0,4,64,0,0,194367145305,194368332763,1187457,84,8388608
Uring,throughput,0,4,64,0,0,194367152115,194367748495,596380,146,8388608
Uring,throughput,0,4,64,0,0,194367154033,194368282879,1128845,2451,8388608
Uring,throughput,0,4,64,0,0,194367164121,194368113499,949378,40,8388608
Uring,throughput,0,4,64,0,0,194367169703,194369638622,2468918,36,8388608
Uring,throughput,0,4,64,0,0,194367178338,194367600094,421756,29,8388608
Uring,throughput,0,4,64,0,0,194367178509,194368300208,1121698,96,8388608
Uring,throughput,0,4,64,0,0,194367179496,194367207751,28254,12,8388608
Uring,throughput,0,4,64,0,0,194367180095,194368305880,1125784,23,8388608
Uring,throughput,0,4,64,0,0,194367196875,194368458900,1262025,3119,8388608
Uring,throughput,0,4,64,0,0,194367203556,194369926219,2722662,12,8388608
Uring,throughput,0,4,64,0,0,194367207758,194368133275,925517,34,8388608
Uring,throughput,0,4,64,0,0,194367210020,194368089185,879164,25,8388608
Uring,throughput,0,4,64,0,0,194367213406,194368460837,1247430,33,8388608
Uring,throughput,0,4,64,0,0,194367217411,194368663344,1445932,32,8388608
Uring,throughput,0,4,64,0,0,194367225198,194369832543,2607345,2174,8388608
Uring,throughput,0,4,64,0,0,194367231766,194367825713,593947,20,8388608
Uring,throughput,0,4,64,0,0,194367239990,194369976043,2736052,3671,8388608
Uring,throughput,0,4,64,0,0,194367243206,194367661351,418145,2030,8388608
Uring,throughput,0,4,64,0,0,194367247326,194367750506,503180,25,8388608
Uring,throughput,0,4,64,0,0,194367256991,194368184844,927853,1640,8388608
Uring,throughput,0,4,64,0,0,194367261107,194367821794,560686,100,8388608
Uring,throughput,0,4,64,0,0,194367261807,194368086178,824371,21,8388608
Uring,throughput,0,4,64,0,0,194367270942,194367337908,66965,39,8388608
Uring,throughput,0,4,64,0,0,194367284975,194368426829,1141853,3288,8388608
Uring,throughput,0,4,64,0,0,194367289756,194367702175,412419,33,8388608
Uring,throughput,0,4,64,0,0,194367290804,194368544379,1253575,21,8388608
Uring,throughput,0,4,64,0,0,194367304000,194369956814,2652813,3063,8388608
Uring,throughput,0,4,64,0,0,194367305174,194368771158,1465983,2099,8388608
Uring,throughput,0,4,64,0,0,194367311744,194367626470,314725,165,8388608
Uring,throughput,0,4,64,0,0,194367315282,194367719330,404048,49,8388608
Uring,throughput,0,4,64,0,0,194367337916,194369999853,2661937,2567,8388608
Uring,throughput,0,4,64,0,0,194367345192,194367540114,194921,65,8388608
Uring,throughput,0,4,64,0,0,194367345363,194368533886,1188523,107,8388608
Uring,throughput,0,4,64,0,0,194367346880,194370269078,2922198,9212,8388608
Uring,throughput,0,4,64,0,0,194367349957,194368541307,1191350,3451,8388608
Uring,throughput,0,4,64,0,0,194367353993,194368554908,1200914,44,8388608
Uring,throughput,0,4,64,0,0,194367356325,194367763227,406902,1805,8388608
Uring,throughput,0,4,64,0,0,194367357908,194367891786,533878,254,8388608
Uring,throughput,0,4,64,0,0,194367362067,194370261380,2899312,3388,8388608
Uring,throughput,0,4,64,0,0,194367362751,194368555639,1192887,72,8388608
Uring,throughput,0,4,64,0,0,194367368226,194367430091,61865,26,8388608
Uring,throughput,0,4,64,0,0,194367369369,194368213211,843842,34,8388608
Uring,throughput,0,4,64,0,0,194367383063,194367676754,293690,701,8388608
Uring,throughput,0,4,64,0,0,194367390795,194368572660,1181864,31,8388608
Uring,throughput,0,4,64,0,0,194367393237,194368687104,1293867,36,8388608
Uring,throughput,0,4,64,0,0,194367394568,194368624291,1229723,2328,8388608
Uring,throughput,0,4,64,0,0,194367398737,194369048203,1649466,185,8388608
Uring,throughput,0,4,64,0,0,194367405053,194367925517,520463,119,8388608
Uring,throughput,0,4,64,0,0,194367405585,194368692753,1287167,42,8388608
Uring,throughput,0,4,64,0,0,194367406857,194367804832,397974,91,8388608
Uring,throughput,0,4,64,0,0,194367413539,194368800313,1386774,183,8388608
Uring,throughput,0,4,64,0,0,194367416215,194368559576,1143361,32,8388608
Uring,throughput,0,4,64,0,0,194367424265,194368254409,830144,38,8388608
Uring,throughput,0,4,64,0,0,194367429912,194370224039,2794127,3352,8388608
Uring,throughput,0,4,64,0,0,194367430096,194368579631,1149535,1323,8388608
Uring,throughput,0,4,64,0,0,194367433131,194370685529,3252398,78,8388608
Uring,throughput,0,4,64,0,0,194367433796,194369639189,2205393,160,8388608
Uring,throughput,0,4,64,0,0,194367440677,194367509206,68529,779,8388608
Uring,throughput,0,4,64,0,0,194367443597,194367502100,58503,536,8388608
Uring,throughput,0,4,64,0,0,194367445389,194370243943,2798553,5343,8388608
Uring,throughput,0,4,64,0,0,194367454525,194368829194,1374668,17,8388608
Uring,throughput,0,4,64,0,0,194367457250,194369038305,1581054,31,8388608
Uring,throughput,0,4,64,0,0,194367457463,194367892172,434709,26,8388608
Uring,throughput,0,4,64,0,0,194367459482,194367846874,387391,12,8388608
Uring,throughput,0,4,64,0,0,194367459930,194367900711,440780,11,8388608
Uring,throughput,0,4,64,0,0,194367461445,194368589095,1127650,3324,8388608
Uring,throughput,0,4,64,0,0,194367478213,194367920103,441889,84,8388608
Uring,throughput,0,4,64,0,0,194367478693,194369172155,1693461,2277,8388608
Uring,throughput,0,4,64,0,0,194367488902,194370068970,2580067,22,8388608
Uring,throughput,0,4,64,0,0,194367495741,194368743787,1248046,38,8388608
Uring,throughput,0,4,64,0,0,194367500157,194368744500,1244343,32,8388608
Uring,throughput,0,4,64,0,0,194367502123,194367538383,36259,65,8388608
Uring,throughput,0,4,64,0,0,194367502825,194368341085,838259,16,8388608
Uring,throughput,0,4,64,0,0,194367509215,194367751797,242581,32,8388608
Uring,throughput,0,4,64,0,0,194367523304,194368364634,841330,1915,8388608
Uring,throughput,0,4,64,0,0,194367527525,194368624471,1096946,12,8388608
Uring,throughput,0,4,64,0,0,194367531340,194368625645,1094305,12,8388608
Uring,throughput,0,4,64,0,0,194367537677,194368781089,1243411,14,8388608
Uring,throughput,0,4,64,0,0,194367538237,194369279227,1740990,15,8388608
Uring,throughput,0,4,64,0,0,194367538389,194368781573,1243183,16,8388608
Uring,throughput,0,4,64,0,0,194367540121,194367723589,183468,65,8388608
Uring,throughput,0,4,64,0,0,194367545127,194367755749,210622,63,8388608
Uring,throughput,0,4,64,0,0,194367555318,194367657199,101881,15,8388608
Uring,throughput,0,4,64,0,0,194367555889,194370162344,2606454,83,8388608
Uring,throughput,0,4,64,0,0,194367557842,194368732609,1174767,19,8388608
Uring,throughput,0,4,64,0,0,194367558956,194368688893,1129936,135,8388608
Uring,throughput,0,4,64,0,0,194367560950,194368408442,847491,3468,8388608
Uring,throughput,0,4,64,0,0,194367564355,194367644051,79695,172,8388608
Uring,throughput,0,4,64,0,0,194367577837,194370391345,2813508,29,8388608
Uring,throughput,0,4,64,0,0,194367579810,194369690632,2110822,1958,8388608
Uring,throughput,0,4,64,0,0,194367586364,194367664713,78349,37,8388608
Uring,throughput,0,4,64,0,0,194367587475,194368162719,575243,48,8388608
Uring,throughput,0,4,64,0,0,194367597152,194368588913,991760,37,8388608
Uring,throughput,0,4,64,0,0,194367598253,194369336502,1738248,17,8388608
Uring,throughput,0,4,64,0,0,194367600099,194368444802,844703,18,8388608
Uring,throughput,0,4,64,0,0,194367605295,194368526357,921062,1742,8388608
Uring,throughput,0,4,64,0,0,194367610551,194368198098,587547,24,8388608
Uring,throughput,0,4,64,0,0,194367611793,194368461470,849677,1633,8388608
Uring,throughput,0,4,64,0,0,194367623515,194370436261,2812746,32,8388608
Uring,throughput,0,4,64,0,0,194367626476,194368887503,1261027,3711,8388608
Uring,throughput,0,4,64,0,0,194367626901,194368810671,1183770,20,8388608
Uring,throughput,0,4,64,0,0,194367628301,194368093260,464958,2431,8388608
Uring,throughput,0,4,64,0,0,194367631575,194368763332,1131757,49,8388608
Uring,throughput,0,4,64,0,0,194367637727,194368552213,914485,17,8388608
Uring,throughput,0,4,64,0,0,194367639872,194368626852,986980,26,8388608
Uring,throughput,0,4,64,0,0,194367644057,194368711436,1067379,29,8388608
Uring,throughput,0,4,64,0,0,194367647760,194368119359,471599,79,8388608
Uring,throughput,0,4,64,0,0,194367657204,194368333383,676179,22,8388608
Uring,throughput,0,4,64,0,0,194367657421,194368905425,1248003,4190,8388608
Uring,throughput,0,4,64,0,0,194367661251,194368560230,898979,375,8388608
Uring,throughput,0,4,64,0,0,194367661351,194369257153,1595801,309,8388608
Uring,throughput,0,4,64,0,0,194367663808,194368518310,854501,40,8388608
Uring,throughput,0,4,64,0,0,194367664717,194367936891,272174,952,8388608
Uring,throughput,0,4,64,0,0,194367665884,194368283521,617636,79,8388608
Uring,throughput,0,4,64,0,0,194367665965,194370183122,2517157,25,8388608
Uring,throughput,0,4,64,0,0,194367666177,194368918047,1251869,26,8388608
Uring,throughput,0,4,64,0,0,194367666316,194368518479,852163,40,8388608
Uring,throughput,0,4,64,0,0,194367667401,194368522857,855455,1970,8388608
Uring,throughput,0,4,64,0,0,194367668985,194370462690,2793705,53,8388608
Uring,throughput,0,4,64,0,0,194367670238,194370505683,2835444,3582,8388608
Uring,throughput,0,4,64,0,0,194367676759,194368280209,603449,17,8388608
Uring,throughput,0,4,64,0,0,194367678651,194370513533,2834882,19,8388608
Uring,throughput,0,4,64,0,0,194367685779,194368983531,1297752,95,8388608
Uring,throughput,0,4,64,0,0,194367689058,194369383605,1694547,98,8388608
Uring,throughput,0,4,64,0,0,194367689118,194368201478,512360,96,8388608
Uring,throughput,0,4,64,0,0,194367698117,194368177820,479702,505,8388608
Uring,throughput,0,4,64,0,0,194367702183,194368182513,480330,1438,8388608
Uring,throughput,0,4,64,0,0,194367719336,194368201311,481974,21,8388608
Uring,throughput,0,4,64,0,0,194367719803,194368778376,1058572,86,8388608
Uring,throughput,0,4,64,0,0,194367723597,194370554503,2830905,3674,8388608
Uring,throughput,0,4,64,0,0,194367725799,194369010708,1284908,23,8388608
Uring,throughput,0,4,64,0,0,194367728615,194369663532,1934916,11,8388608
Uring,throughput,0,4,64,0,0,194367743763,194369068913,1325150,31,8388608
Uring,throughput,0,4,64,0,0,194367743769,194368742588,998818,143,8388608
Uring,throughput,0,4,64,0,0,194367746384,194368965723,1219339,39,8388608
Uring,throughput,0,4,64,0,0,194367747306,194368740589,993282,93,8388608
Uring,throughput,0,4,64,0,0,194367748501,194369200787,1452286,1734,8388608
Uring,throughput,0,4,64,0,0,194367750513,194368061486,310972,542,8388608
Uring,throughput,0,4,64,0,0,194367751804,194368240459,488654,16,8388608
Uring,throughput,0,4,64,0,0,194367753557,194368244807,491249,1898,8388608
Uring,throughput,0,4,64,0,0,194367755757,194368618800,863042,1925,8388608
Uring,throughput,0,4,64,0,0,194367755800,194369082233,1326432,1750,8388608
Uring,throughput,0,4,64,0,0,194367757427,194368244556,487129,1728,8388608
Uring,throughput,0,4,64,0,0,194367759613,194368246608,486995,49,8388608
Uring,throughput,0,4,64,0,0,194367763235,194368699951,936715,36,8388608
Uring,throughput,0,4,64,0,0,194367766289,194368255150,488860,11,8388608
Uring,throughput,0,4,64,0,0,194367768690,194368253367,484676,1794,8388608
Uring,throughput,0,4,64,0,0,194367768697,194368746712,978014,28,8388608
Uring,throughput,0,4,64,0,0,194367771520,194370640480,2868959,46,8388608
Uring,throughput,0,4,64,0,0,194367774059,194368837581,1063521,10,8388608
Uring,throughput,0,4,64,0,0,194367778214,194367806198,27983,574,8388608
Uring,throughput,0,4,64,0,0,194367780752,194369057444,1276691,43,8388608
Uring,throughput,0,4,64,0,0,194367784490,194368381877,597387,905,8388608
Uring,throughput,0,4,64,0,0,194367800466,194368285229,484763,795,8388608
Uring,throughput,0,4,64,0,0,194367802504,194368279994,477490,92,8388608
Uring,throughput,0,4,64,0,0,194367804838,194368684966,880127,2558,8388608
Uring,throughput,0,4,64,0,0,194367806204,194367833475,27271,41,8388608
Uring,throughput,0,4,64,0,0,194367811313,194371300152,3488839,23,8388608
Uring,throughput,0,4,64,0,0,194367811446,194370321644,2510197,51,8388608
Uring,throughput,0,4,64,0,0,194367820720,194368845901,1025181,36,8388608
Uring,throughput,0,4,64,0,0,194367821820,194368709346,887525,2067,8388608
Uring,throughput,0,4,64,0,0,194367825720,194368503582,677861,19,8388608
Uring,throughput,0,4,64,0,0,194367833481,194368501351,667870,56,8388608
Uring,throughput,0,4,64,0,0,194367837397,194368313781,476383,1636,8388608
Uring,throughput,0,4,64,0,0,194367839702,194368726501,886798,12,8388608
Uring,throughput,0,4,64,0,0,194367845322,194368770080,924758,29,8388608
Uring,throughput,0,4,64,0,0,194367846877,194368788872,941994,1675,8388608
Uring,throughput,0,4,64,0,0,194367853557,194368868793,1015236,17,8388608
Uring,throughput,0,4,64,0,0,194367856140,194369305934,1449794,35,8388608
Uring,throughput,0,4,64,0,0,194367856941,194368753485,896543,1428,8388608
Uring,throughput,0,4,64,0,0,194367857036,194370852099,2995062,3111,8388608
Uring,throughput,0,4,64,0,0,194367861091,194370725852,2864761,31,8388608
Uring,throughput,0,4,64,0,0,194367862022,194369441284,1579261,1385,8388608
Uring,throughput,0,4,64,0,0,194367862627,194368778120,915493,13,8388608
Uring,throughput,0,4,64,0,0,194367869916,194369327823,1457906,17,8388608
Uring,throughput,0,4,64,0,0,194367869923,194368903299,1033376,785,8388608
Uring,throughput,0,4,64,0,0,194367873130,194369330443,1457313,36,8388608
Uring,throughput,0,4,64,0,0,194367876453,194368326408,449954,124,8388608
Uring,throughput,0,4,64,0,0,194367877846,194370866762,2988915,130,8388608
Uring,throughput,0,4,64,0,0,194367885396,194368790679,905282,19,8388608
Uring,throughput,0,4,64,0,0,194367891794,194368355499,463705,96,8388608
Uring,throughput,0,4,64,0,0,194367892177,194369331663,1439485,1361,8388608
Uring,throughput,0,4,64,0,0,194367900719,194368494090,593370,683,8388608
Uring,throughput,0,4,64,0,0,194367915771,194370042456,2126685,50,8388608
Uring,throughput,0,4,64,0,0,194367918051,194370969993,3051941,12,8388608
Uring,throughput,0,4,64,0,0,194367920124,194370394323,2474199,2073,8388608
Uring,throughput,0,4,64,0,0,194367925524,194368251800,326276,356,8388608
Uring,throughput,0,4,64,0,0,194367931085,194368949482,1018397,1043,8388608
Uring,throughput,0,4,64,0,0,194367936899,194368252652,315753,18,8388608
Uring,throughput,0,4,64,0,0,194367940496,194370204787,2264291,22,8388608
Uring,throughput,0,4,64,0,0,194367940963,194369360306,1419342,80,8388608
Uring,throughput,0,4,64,0,0,194367943852,194368417436,473584,22,8388608
Uring,throughput,0,4,64,0,0,194367950404,194368874337,923933,28,8388608
Uring,throughput,0,4,64,0,0,194367962795,194368889080,926284,1577,8388608
Uring,throughput,0,4,64,0,0,194367965879,194369069888,1104009,630,8388608
Uring,throughput,0,4,64,0,0,194367970377,194368004675,34298,3611,8388608
Uring,throughput,0,4,64,0,0,194367972308,194368454384,482075,13,8388608
Uring,throughput,0,4,64,0,0,194367985443,194368904142,918699,864,8388608
Uring,throughput,0,4,64,0,0,194367988135,194368527977,539841,100,8388608
Uring,throughput,0,4,64,0,0,194367995232,194368541985,546753,684,8388608
Uring,throughput,0,4,64,0,0,194368004682,194369389574,1384892,171,8388608
Uring,throughput,0,4,64,0,0,194368005344,194371938503,3933158,4274,8388608
Uring,throughput,0,4,64,0,0,194368006694,194368495053,488358,2163,8388608
Uring,throughput,0,4,64,0,0,194368019401,194369111549,1092148,115,8388608
Uring,throughput,0,4,64,0,0,194368022217,194368531132,508915,1494,8388608
Uring,throughput,0,4,64,0,0,194368024357,194369528864,1504506,100,8388608
Uring,throughput,0,4,64,0,0,194368025171,194371222239,3197068,19,8388608
Uring,throughput,0,4,64,0,0,194368038034,194368523627,485593,20,8388608
Uring,throughput,0,4,64,0,0,194368039525,194369481189,1441664,1512,8388608
Uring,throughput,0,4,64,0,0,194368045157,194370346408,2301250,58,8388608
Uring,throughput,0,4,64,0,0,194368047422,194371461329,3413906,6031,8388608
Uring,throughput,0,4,64,0,0,194368056254,194369544041,1487787,25,8388608
Uring,throughput,0,4,64,0,0,194368058122,194371786280,3728158,26,8388608
Uring,throughput,0,4,64,0,0,194368061491,194368545792,484300,13,8388608
Uring,throughput,0,4,64,0,0,194368072585,194369302894,1230309,66,8388608
Uring,throughput,0,4,64,0,0,194368081585,194369310561,1228976,21,8388608
Uring,throughput,0,4,64,0,0,194368082765,194369384748,1301983,51,8388608
Uring,throughput,0,4,64,0,0,194368086184,194369172360,1086176,35,8388608
Uring,throughput,0,4,64,0,0,194368089189,194368121413,32224,729,8388608
Uring,throughput,0,4,64,0,0,194368093263,194369425362,1332099,16,8388608
Uring,throughput,0,4,64,0,0,194368099438,194369247722,1148283,782,8388608
Uring,throughput,0,4,64,0,0,194368107816,194371435350,3327533,27,8388608
Uring,throughput,0,4,64,0,0,194368107827,194368968673,860846,1514,8388608
Uring,throughput,0,4,64,0,0,194368113509,194368594171,480661,1821,8388608
Uring,throughput,0,4,64,0,0,194368113943,194368591400,477456,1394,8388608
Uring,throughput,0,4,64,0,0,194368114914,194368998240,883325,213,8388608
Uring,throughput,0,4,64,0,0,194368116568,194369386879,1270311,1450,8388608
Uring,throughput,0,4,64,0,0,194368117176,194369054939,937763,58,8388608
Uring,throughput,0,4,64,0,0,194368119363,194370363971,2244607,4212,8388608
Uring,throughput,0,4,64,0,0,194368121416,194368153652,32236,44,8388608
Uring,throughput,0,4,64,0,0,194368133282,194369151693,1018411,1589,8388608
Uring,throughput,0,4,64,0,0,194368153688,194369511503,1357814,36,8388608
Uring,throughput,0,4,64,0,0,194368161912,194371000102,2838189,53,8388608
Uring,throughput,0,4,64,0,0,194368162751,194368627303,464551,1577,8388608
Uring,throughput,0,4,64,0,0,194368175888,194368615984,440096,29,8388608
Uring,throughput,0,4,64,0,0,194368177422,194369115479,938057,21,8388608
Uring,throughput,0,4,64,0,0,194368177823,194369231374,1053551,15,8388608
Uring,throughput,0,4,64,0,0,194368182520,194369324914,1142393,48,8388608
Uring,throughput,0,4,64,0,0,194368184851,194369271467,1086615,19,8388608
Uring,throughput,0,4,64,0,0,194368191225,194369129750,938525,26,8388608
Uring,throughput,0,4,64,0,0,194368196912,194369280692,1083779,32,8388608
Uring,throughput,0,4,64,0,0,194368198108,194368933994,735886,41,8388608
Uring,throughput,0,4,64,0,0,194368201319,194369140965,939645,4074,8388608
Uring,throughput,0,4,64,0,0,194368201501,194368892056,690554,473,8388608
Uring,throughput,0,4,64,0,0,194368202366,194369475875,1273508,80,8388608
Uring,throughput,0,4,64,0,0,194368202946,194369422710,1219763,1129,8388608
Uring,throughput,0,4,64,0,0,194368211718,194368670866,459147,1562,8388608
Uring,throughput,0,4,64,0,0,194368213215,194369395703,1182488,85,8388608
Uring,throughput,0,4,64,0,0,194368226153,194368680366,454212,30,8388608
Uring,throughput,0,4,64,0,0,194368228356,194369417815,1189458,23,8388608
Uring,throughput,0,4,64,0,0,194368229991,194368855320,625329,92,8388608
Uring,throughput,0,4,64,0,0,194368240466,194369423589,1183123,4066,8388608
Uring,throughput,0,4,64,0,0,194368242444,194369157936,915492,15,8388608
Uring,throughput,0,4,64,0,0,194368244562,194369238020,993457,272,8388608
Uring,throughput,0,4,64,0,0,194368244809,194368284271,39461,53,8388608
Uring,throughput,0,4,64,0,0,194368246611,194368693026,446414,214,8388608
Uring,throughput,0,4,64,0,0,194368251804,194368812762,560957,14,8388608
Uring,throughput,0,4,64,0,0,194368252656,194368457073,204417,14,8388608
Uring,throughput,0,4,64,0,0,194368253377,194368739082,485705,78,8388608
Uring,throughput,0,4,64,0,0,194368254414,194368377639,123224,810,8388608
Uring,throughput,0,4,64,0,0,194368255153,194369335774,1080620,74,8388608
Uring,throughput,0,4,64,0,0,194368280000,194368760401,480401,42,8388608
Uring,throughput,0,4,64,0,0,194368280217,194368328460,48243,29,8388608
Uring,throughput,0,4,64,0,0,194368282883,194369417078,1134195,35,8388608
Uring,throughput,0,4,64,0,0,194368283525,194369571137,1287612,13,8388608
Uring,throughput,0,4,64,0,0,194368284302,194369419532,1135229,26,8388608
Uring,throughput,0,4,64,0,0,194368285297,194368630217,344919,55,8388608
Uring,throughput,0,4,64,0,0,194368286819,194368713612,426793,11,8388608
Uring,throughput,0,4,64,0,0,194368300241,194368742091,441850,1407,8388608
Uring,throughput,0,4,64,0,0,194368305511,194368622078,316566,619,8388608
Uring,throughput,0,4,64,0,0,194368305890,194369241794,935904,108,8388608
Uring,throughput,0,4,64,0,0,194368313789,194368742777,428987,16,8388608
Uring,throughput,0,4,64,0,0,194368326415,194369663772,1337356,1443,8388608
Uring,throughput,0,4,64,0,0,194368326415,194369261816,935400,452,8388608
Uring,throughput,0,4,64,0,0,194368328411,194371346504,3018093,28,8388608
Uring,throughput,0,4,64,0,0,194368328468,194368763458,434990,1758,8388608
Uring,throughput,0,4,64,0,0,194368332771,194368933216,600445,726,8388608
Uring,throughput,0,4,64,0,0,194368333389,194371738145,3404755,13740,8388608
Uring,throughput,0,4,64,0,0,194368337184,194369379915,1042731,19,8388608
Uring,throughput,0,4,64,0,0,194368341088,194368748367,407278,32,8388608
Uring,throughput,0,4,64,0,0,194368345991,194369393352,1047360,94,8388608
Uring,throughput,0,4,64,0,0,194368347715,194369410814,1063099,43,8388608
Uring,throughput,0,4,64,0,0,194368348650,194368692375,343725,489,8388608
Uring,throughput,0,4,64,0,0,194368355508,194369493224,1137715,2123,8388608
Uring,throughput,0,4,64,0,0,194368357819,194368399815,41995,529,8388608
Uring,throughput,0,4,64,0,0,194368364641,194369471099,1106457,38,8388608
Uring,throughput,0,4,64,0,0,194368377646,194368696440,318794,59,8388608
Uring,throughput,0,4,64,0,0,194368381886,194368783923,402037,19,8388608
Uring,throughput,0,4,64,0,0,194368382691,194369524375,1141683,45,8388608
Uring,throughput,0,4,64,0,0,194368399821,194369015509,615687,141,8388608
Uring,throughput,0,4,64,0,0,194368408449,194369337852,929403,27,8388608
Uring,throughput,0,4,64,0,0,194368417444,194369525042,1107597,4607,8388608
Uring,throughput,0,4,64,0,0,194368420850,194369289301,868451,42,8388608
Uring,throughput,0,4,64,0,0,194368421208,194369739903,1318695,21,8388608
Uring,throughput,0,4,64,0,0,194368426142,194369521238,1095095,97,8388608
Uring,throughput,0,4,64,0,0,194368426835,194369440561,1013725,25,8388608
Uring,throughput,0,4,64,0,0,194368442372,194369131697,689325,847,8388608
Uring,throughput,0,4,64,0,0,194368442853,194369486032,1043179,43,8388608
Uring,throughput,0,4,64,0,0,194368444811,194369381590,936778,2553,8388608
Uring,throughput,0,4,64,0,0,194368454392,194368493191,38799,704,8388608
Uring,throughput,0,4,64,0,0,194368457080,194368499196,42115,8764,8388608
Uring,throughput,0,4,64,0,0,194368459100,194371569334,3110234,61,8388608
Uring,throughput,0,4,64,0,0,194368460845,194369539635,1078789,1453,8388608
Uring,throughput,0,4,64,0,0,194368461474,194369540376,1078901,16,8388608
Uring,throughput,0,4,64,0,0,194368463929,194369463393,999463,46,8388608
Uring,throughput,0,4,64,0,0,194368474379,194369924727,1450347,15,8388608
Uring,throughput,0,4,64,0,0,194368493199,194369006990,513791,23,8388608
Uring,throughput,0,4,64,0,0,194368494114,194369351544,857429,55,8388608
Uring,throughput,0,4,64,0,0,194368495060,194369000357,505297,40,8388608
Uring,throughput,0,4,64,0,0,194368499202,194369902785,1403582,53,8388608
Uring,throughput,0,4,64,0,0,194368501360,194368842070,340710,1917,8388608
Uring,throughput,0,4,64,0,0,194368503590,194369450655,947065,2108,8388608
Uring,throughput,0,4,64,0,0,194368513179,194369514502,1001323,58,8388608
Uring,throughput,0,4,64,0,0,194368518318,194371110149,2591830,18,8388608
Uring,throughput,0,4,64,0,0,194368518485,194368853210,334725,27,8388608
Uring,throughput,0,4,64,0,0,194368522866,194369456924,934057,81,8388608
Uring,throughput,0,4,64,0,0,194368523812,194369554505,1030692,2111,8388608
Uring,throughput,0,4,64,0,0,194368526362,194369479262,952900,22,8388608
Uring,throughput,0,4,64,0,0,194368527987,194368888719,360732,850,8388608
Uring,throughput,0,4,64,0,0,194368531139,194369598488,1067348,287,8388608
Uring,throughput,0,4,64,0,0,194368533913,194369414515,880602,15,8388608
Uring,throughput,0,4,64,0,0,194368541313,194369520148,978835,26,8388608
Uring,throughput,0,4,64,0,0,194368541993,194368868238,326245,37,8388608
Uring,throughput,0,4,64,0,0,194368544438,194369609130,1064691,56,8388608
Uring,throughput,0,4,64,0,0,194368545800,194368962220,416419,16,8388608
Uring,throughput,0,4,64,0,0,194368552221,194368884577,332355,22,8388608
Uring,throughput,0,4,64,0,0,194368554916,194368960470,405554,636,8388608
Uring,throughput,0,4,64,0,0,194368555646,194369568462,1012816,1884,8388608
Uring,throughput,0,4,64,0,0,194368559584,194369506999,947414,15,8388608
Uring,throughput,0,4,64,0,0,194368560234,194368879605,319371,419,8388608
Uring,throughput,0,4,64,0,0,194368569387,194369609421,1040033,92,8388608
Uring,throughput,0,4,64,0,0,194368572665,194369200356,627691,650,8388608
Uring,throughput,0,4,64,0,0,194368579639,194369746049,1166409,37,8388608
Uring,throughput,0,4,64,0,0,194368588921,194368618845,29923,1947,8388608
Uring,throughput,0,4,64,0,0,194368589103,194369594853,1005749,66,8388608
Uring,throughput,0,4,64,0,0,194368591404,194369146070,554665,14,8388608
Uring,throughput,0,4,64,0,0,194368594180,194369600367,1006187,63,8388608
Uring,throughput,0,4,64,0,0,194368615992,194369414885,798893,54,8388608
Uring,throughput,0,4,64,0,0,194368618422,194371614217,2995794,22,8388608
Uring,throughput,0,4,64,0,0,194368618806,194369870122,1251315,35,8388608
Uring,throughput,0,4,64,0,0,194368618874,194369591018,972143,23,8388608
Uring,throughput,0,4,64,0,0,194368621018,194369735924,1114906,22,8388608
Uring,throughput,0,4,64,0,0,194368622084,194369001409,379324,16,8388608
Uring,throughput,0,4,64,0,0,194368624315,194371833601,3209286,81,8388608
Uring,throughput,0,4,64,0,0,194368624477,194371886050,3261573,13,8388608
Uring,throughput,0,4,64,0,0,194368625649,194368661049,35400,785,8388608
Uring,throughput,0,4,64,0,0,194368626870,194368839910,213039,30,8388608
Uring,throughput,0,4,64,0,0,194368627310,194369554459,927149,39,8388608
Uring,throughput,0,4,64,0,0,194368630222,194368672972,42750,39,8388608
Uring,throughput,0,4,64,0,0,194368661056,194369752864,1091808,108,8388608
Uring,throughput,0,4,64,0,0,194368663351,194369854890,1191539,1127,8388608
Uring,throughput,0,4,64,0,0,194368670904,194370675705,2004801,23,8388608
Uring,throughput,0,4,64,0,0,194368672981,194369835372,1162390,1693,8388608
Uring,throughput,0,4,64,0,0,194368680372,194371933753,3253380,5503,8388608
Uring,throughput,0,4,64,0,0,194368684971,194369379844,694872,18,8388608
Uring,throughput,0,4,64,0,0,194368687107,194369618507,931400,10,8388608
Uring,throughput,0,4,64,0,0,194368688927,194370059094,1370167,1800,8388608
Uring,throughput,0,4,64,0,0,194368692377,194369409199,716822,24,8388608
Uring,throughput,0,4,64,0,0,194368692761,194369608136,915374,1218,8388608
Uring,throughput,0,4,64,0,0,194368693029,194369955143,1262114,1649,8388608
Uring,throughput,0,4,64,0,0,194368696449,194368728086,31637,23,8388608
Uring,throughput,0,4,64,0,0,194368699958,194369171200,471241,92,8388608
Uring,throughput,0,4,64,0,0,194368709351,194369771940,1062588,52,8388608
Uring,throughput,0,4,64,0,0,194368711442,194369614456,903013,99,8388608
Uring,throughput,0,4,64,0,0,194368713616,194370012713,1299096,1850,8388608
Uring,throughput,0,4,64,0,0,194368726510,194369511589,785079,647,8388608
Uring,throughput,0,4,64,0,0,194368728093,194369714292,986198,1629,8388608
Uring,throughput,0,4,64,0,0,194368732616,194369680995,948379,25,8388608
Uring,throughput,0,4,64,0,0,194368739105,194369018466,279360,63,8388608
Uring,throughput,0,4,64,0,0,194368740597,194369287020,546423,508,8388608
Uring,throughput,0,4,64,0,0,194368742096,194369037175,295078,40,8388608
Uring,throughput,0,4,64,0,0,194368742590,194371140553,2397962,3619,8388608
Uring,throughput,0,4,64,0,0,194368742782,194369991954,1249171,19,8388608
Uring,throughput,0,4,64,0,0,194368743797,194372220226,3476429,90,8388608
Uring,throughput,0,4,64,0,0,194368744509,194372026539,3282029,46,8388608
Uring,throughput,0,4,64,0,0,194368746722,194371850198,3103475,4466,8388608
Uring,throughput,0,4,64,0,0,194368748374,194369743132,994758,1239,8388608
Uring,throughput,0,4,64,0,0,194368753492,194369737750,984257,55,8388608
Uring,throughput,0,4,64,0,0,194368758175,194368809149,50973,1702,8388608
Uring,throughput,0,4,64,0,0,194368760410,194369131291,370881,1899,8388608
Uring,throughput,0,4,64,0,0,194368763340,194369945905,1182565,1245,8388608
Uring,throughput,0,4,64,0,0,194368763466,194369648078,884612,34,8388608
Uring,throughput,0,4,64,0,0,194368770089,194369764555,994465,58,8388608
Uring,throughput,0,4,64,0,0,194368771164,194372064570,3293405,30,8388608
Uring,throughput,0,4,64,0,0,194368774337,194371963930,3189592,28,8388608
Uring,throughput,0,4,64,0,0,194368778129,194370163457,1385327,94,8388608
Uring,throughput,0,4,64,0,0,194368778379,194368816348,37968,4988,8388608
Uring,throughput,0,4,64,0,0,194368781112,194369117820,336707,1181,8388608
Uring,throughput,0,4,64,0,0,194368781581,194369769842,988261,1971,8388608
Uring,throughput,0,4,64,0,0,194368783931,194369601739,817808,36,8388608
Uring,throughput,0,4,64,0,0,194368788876,194369702535,913658,14,8388608
Uring,throughput,0,4,64,0,0,194368790686,194369133310,342623,18,8388608
Uring,throughput,0,4,64,0,0,194368800319,194369903301,1102982,88,8388608
Uring,throughput,0,4,64,0,0,194368809158,194369170097,360938,74,8388608
Uring,throughput,0,4,64,0,0,194368810689,194369814374,1003685,29,8388608
Uring,throughput,0,4,64,0,0,194368812768,194369659950,847181,17,8388608
Uring,throughput,0,4,64,0,0,194368816302,194369761585,945283,42,8388608
Uring,throughput,0,4,64,0,0,194368816348,194368852660,36312,6,8388608
Uring,throughput,0,4,64,0,0,194368829201,194369239630,410429,1041,8388608
Uring,throughput,0,4,64,0,0,194368837589,194369757869,920280,1760,8388608
Uring,throughput,0,4,64,0,0,194368839916,194369828935,989019,5112,8388608
Uring,throughput,0,4,64,0,0,194368842077,194369157788,315710,19,8388608
Uring,throughput,0,4,64,0,0,194368845908,194369919273,1073365,19,8388608
Uring,throughput,0,4,64,0,0,194368852681,194371855569,3002888,22,8388608
Uring,throughput,0,4,64,0,0,194368853218,194369245860,392641,3217,8388608
Uring,throughput,0,4,64,0,0,194368855325,194368898874,43548,906,8388608
Uring,throughput,0,4,64,0,0,194368868300,194369868143,999842,26,8388608
Uring,throughput,0,4,64,0,0,194368868802,194370001182,1132380,2786,8388608
Uring,throughput,0,4,64,0,0,194368874346,194369871852,997505,37,8388608
Uring,throughput,0,4,64,0,0,194368879612,194368936231,56618,17,8388608
Uring,throughput,0,4,64,0,0,194368884581,194369939827,1055245,1505,8388608
Uring,throughput,0,4,64,0,0,194368887511,194370001939,1114428,64,8388608
Uring,throughput,0,4,64,0,0,194368888727,194369701451,812724,24,8388608
Uring,throughput,0,4,64,0,0,194368889083,194369935166,1046083,19,8388608
Uring,throughput,0,4,64,0,0,194368892061,194368965381,73320,74,8388608
Uring,throughput,0,4,64,0,0,194368898881,194369316115,417234,52,8388608
Uring,throughput,0,4,64,0,0,194368903305,194369645577,742272,21,8388608
Uring,throughput,0,4,64,0,0,194368904148,194368996237,92088,119,8388608
Uring,throughput,0,4,64,0,0,194368905432,194369656902,751469,16,8388608
Uring,throughput,0,4,64,0,0,194368918092,194369643390,725298,24,8388608
Uring,throughput,0,4,64,0,0,194368933223,194370103560,1170337,36,8388608
Uring,throughput,0,4,64,0,0,194368933997,194369918641,984644,2196,8388608
Uring,throughput,0,4,64,0,0,194368936298,194369957099,1020800,16,8388608
Uring,throughput,0,4,64,0,0,194368946535,194369666674,720138,3771,8388608
Uring,throughput,0,4,64,0,0,194368949491,194369016271,66780,44,8388608
Uring,throughput,0,4,64,0,0,194368960492,194370541210,1580717,19,8388608
Uring,throughput,0,4,64,0,0,194368962228,194370094235,1132006,1665,8388608
Uring,throughput,0,4,64,0,0,194368965385,194369019103,53717,13,8388608
Uring,throughput,0,4,64,0,0,194368965725,194372381877,3416152,3733,8388608
Uring,throughput,0,4,64,0,0,194368968697,194369445424,476727,44,8388608
Uring,throughput,0,4,64,0,0,194368983540,194370043925,1060385,23,8388608
Uring,throughput,0,4,64,0,0,194368987152,194369943672,956519,1711,8388608
Uring,throughput,0,4,64,0,0,194368990463,194371812702,2822238,21,8388608
Uring,throughput,0,4,64,0,0,194368996243,194369220996,224753,22,8388608
Uring,throughput,0,4,64,0,0,194368998247,194370334722,1336474,23,8388608
Uring,throughput,0,4,64,0,0,194369000362,194369433305,432943,14,8388608
Uring,throughput,0,4,64,0,0,194369001414,194369207754,206339,15,8388608
Uring,throughput,0,4,64,0,0,194369007000,194369398328,391328,62,8388608
Uring,throughput,0,4,64,0,0,194369010714,194370448742,1438027,85,8388608
Uring,throughput,0,4,64,0,0,194369014506,194369570438,555931,56,8388608
Uring,throughput,0,4,64,0,0,194369015514,194369232400,216886,58,8388608
Uring,throughput,0,4,64,0,0,194369016279,194369573382,557103,109,8388608
Uring,throughput,0,4,64,0,0,194369018470,194370188636,1170165,2016,8388608
Uring,throughput,0,4,64,0,0,194369019107,194369969024,949916,1491,8388608
Uring,throughput,0,4,64,0,0,194369037221,194369715093,677871,78,8388608
Uring,throughput,0,4,64,0,0,194369038309,194371906139,2867830,56,8388608
Uring,throughput,0,4,64,0,0,194369048211,194370601095,1552883,73,8388608
Uring,throughput,0,4,64,0,0,194369054947,194370072617,1017669,1847,8388608
Uring,throughput,0,4,64,0,0,194369057451,194369739810,682358,143,8388608
Uring,throughput,0,4,64,0,0,194369068922,194370210068,1141145,37,8388608
Uring,throughput,0,4,64,0,0,194369069891,194369804800,734909,13,8388608
Uring,throughput,0,4,64,0,0,194369074257,194371942143,2867886,21,8388608
Uring,throughput,0,4,64,0,0,194369076127,194369972340,896212,668,8388608
Uring,throughput,0,4,64,0,0,194369080151,194371462436,2382285,152,8388608
Uring,throughput,0,4,64,0,0,194369082241,194369678989,596748,34,8388608
Uring,throughput,0,4,64,0,0,194369103383,194372045562,2942179,157,8388608
Uring,throughput,0,4,64,0,0,194369111559,194370153531,1041972,35,8388608
Uring,throughput,0,4,64,0,0,194369115486,194371952773,2837286,2850,8388608
Uring,throughput,0,4,64,0,0,194369117826,194369147300,29473,18,8388608
Uring,throughput,0,4,64,0,0,194369123079,194372082908,2959828,15,8388608
Uring,throughput,0,4,64,0,0,194369129760,194369706197,576437,25,8388608
Uring,throughput,0,4,64,0,0,194369131299,194370231485,1100186,31,8388608
Uring,throughput,0,4,64,0,0,194369131704,194370081154,949449,21,8388608
Uring,throughput,0,4,64,0,0,194369133316,194370099378,966061,1935,8388608
Uring,throughput,0,4,64,0,0,194369140973,194370147116,1006143,16,8388608
Uring,throughput,0,4,64,0,0,194369146094,194369826893,680799,64,8388608
Uring,throughput,0,4,64,0,0,194369147303,194370226383,1079079,15,8388608
Uring,throughput,0,4,64,0,0,194369151702,194369782866,631163,27,8388608
Uring,throughput,0,4,64,0,0,194369153434,194370153107,999673,13,8388608
Uring,throughput,0,4,64,0,0,194369157795,194370120052,962256,32,8388608
Uring,throughput,0,4,64,0,0,194369157937,194369866979,709041,452,8388608
Uring,throughput,0,4,64,0,0,194369168966,194372752738,3583771,17,8388608
Uring,throughput,0,4,64,0,0,194369170100,194369912137,742037,40,8388608
Uring,throughput,0,4,64,0,0,194369171207,194372773304,3602097,2986,8388608
Uring,throughput,0,4,64,0,0,194369172160,194370199473,1027312,42,8388608
Uring,throughput,0,4,64,0,0,194369172369,194370403693,1231324,1588,8388608
Uring,throughput,0,4,64,0,0,194369200364,194369289975,89610,37,8388608
Uring,throughput,0,4,64,0,0,194369200789,194369892873,692083,17,8388608
Uring,throughput,0,4,64,0,0,194369207762,194370163071,955309,3157,8388608
Uring,throughput,0,4,64,0,0,194369215183,194370512990,1297806,1297,8388608
Uring,throughput,0,4,64,0,0,194369221090,194370306972,1085881,3580,8388608
Uring,throughput,0,4,64,0,0,194369231382,194370064782,833399,31,8388608
Uring,throughput,0,4,64,0,0,194369232404,194369926705,694300,1728,8388608
Uring,throughput,0,4,64,0,0,194369238028,194370092000,853972,24,8388608
Uring,throughput,0,4,64,0,0,194369239635,194369617638,378003,14,8388608
Uring,throughput,0,4,64,0,0,194369241802,194369915342,673539,2404,8388608
Uring,throughput,0,4,64,0,0,194369242720,194370051130,808410,1542,8388608
Uring,throughput,0,4,64,0,0,194369245971,194370363551,1117579,92,8388608
Uring,throughput,0,4,64,0,0,194369247728,194369944255,696526,25,8388608
Uring,throughput,0,4,64,0,0,194369251348,194371910323,2658974,21,8388608
Uring,throughput,0,4,64,0,0,194369257160,194370150186,893025,14,8388608
Uring,throughput,0,4,64,0,0,194369261848,194369808045,546197,151,8388608
Uring,throughput,0,4,64,0,0,194369267355,194371990907,2723552,13,8388608
Uring,throughput,0,4,64,0,0,194369271490,194370179286,907795,76,8388608
Uring,throughput,0,4,64,0,0,194369279235,194373223728,3944492,2865,8388608
Uring,throughput,0,4,64,0,0,194369280699,194369941970,661271,33,8388608
Uring,throughput,0,4,64,0,0,194369287030,194369887068,600038,64,8388608
Uring,throughput,0,4,64,0,0,194369289333,194370204905,915571,15,8388608
Uring,throughput,0,4,64,0,0,194369289982,194370004203,714220,52,8388608
Uring,throughput,0,4,64,0,0,194369302901,194371510703,2207801,4137,8388608
Uring,throughput,0,4,64,0,0,194369305938,194370528421,1222483,1294,8388608
Uring,throughput,0,4,64,0,0,194369310571,194373060891,3750320,3561,8388608
Uring,throughput,0,4,64,0,0,194369316123,194370038675,722552,19,8388608
Uring,throughput,0,4,64,0,0,194369324923,194369989663,664740,43,8388608
Uring,throughput,0,4,64,0,0,194369325669,194369997325,671656,1575,8388608
Uring,throughput,0,4,64,0,0,194369327828,194370863287,1535458,1314,8388608
Uring,throughput,0,4,64,0,0,194369330451,194370301335,970884,1366,8388608
Uring,throughput,0,4,64,0,0,194369331670,194370059292,727622,40,8388608
Uring,throughput,0,4,64,0,0,194369331963,194373146501,3814538,2628,8388608
Uring,throughput,0,4,64,0,0,194369335117,194371980552,2645435,26,8388608
Uring,throughput,0,4,64,0,0,194369335777,194370331068,995290,610,8388608
Uring,throughput,0,4,64,0,0,194369336504,194370259526,923021,22,8388608
Uring,throughput,0,4,64,0,0,194369337861,194370064918,727057,31,8388608
Uring,throughput,0,4,64,0,0,194369351551,194370074156,722604,26,8388608
Uring,throughput,0,4,64,0,0,194369360314,194370163172,802858,37,8388608
Uring,throughput,0,4,64,0,0,194369377606,194370282882,905276,22,8388608
Uring,throughput,0,4,64,0,0,194369379852,194370355064,975212,39,8388608
Uring,throughput,0,4,64,0,0,194369379931,194370485173,1105241,30,8388608
Uring,throughput,0,4,64,0,0,194369381593,194370114065,732472,14,8388608
Uring,throughput,0,4,64,0,0,194369383611,194372017737,2634126,3362,8388608
Uring,throughput,0,4,64,0,0,194369384755,194370523595,1138839,55,8388608
Uring,throughput,0,4,64,0,0,194369386883,194370093303,706419,170,8388608
Uring,throughput,0,4,64,0,0,194369389581,194370292306,902725,35,8388608
Uring,throughput,0,4,64,0,0,194369393464,194370127443,733979,35,8388608
Uring,throughput,0,4,64,0,0,194369395709,194370294641,898931,2538,8388608
Uring,throughput,0,4,64,0,0,194369398334,194370135956,737622,2553,8388608
Uring,throughput,0,4,64,0,0,194369409219,194369931355,522135,71,8388608
Uring,throughput,0,4,64,0,0,194369410818,194370146497,735678,1459,8388608
Uring,throughput,0,4,64,0,0,194369414518,194369832483,417964,572,8388608
Uring,throughput,0,4,64,0,0,194369414894,194370156512,741618,2273,8388608
Uring,throughput,0,4,64,0,0,194369417083,194370084244,667161,344,8388608
Uring,throughput,0,4,64,0,0,194369417822,194369730374,312552,769,8388608
Uring,throughput,0,4,64,0,0,194369419536,194372548291,3128755,2062,8388608
Uring,throughput,0,4,64,0,0,194369422715,194370420277,997562,11,8388608
Uring,throughput,0,4,64,0,0,194369423261,194373410293,3987031,25,8388608
Uring,throughput,0,4,64,0,0,194369423592,194370103534,679941,16,8388608
Uring,throughput,0,4,64,0,0,194369424920,194372723529,3298609,39,8388608
Uring,throughput,0,4,64,0,0,194369425396,194370261054,835658,23,8388608
Uring,throughput,0,4,64,0,0,194369433313,194369758835,325521,790,8388608
Uring,throughput,0,4,64,0,0,194369440567,194370450740,1010172,40,8388608
Uring,throughput,0,4,64,0,0,194369441290,194370980239,1538948,20,8388608
Uring,throughput,0,4,64,0,0,194369441785,194370177269,735484,39,8388608
Uring,throughput,0,4,64,0,0,194369445450,194370378872,933422,15,8388608
Uring,throughput,0,4,64,0,0,194369450664,194370145125,694460,67,8388608
Uring,throughput,0,4,64,0,0,194369456930,194370115526,658596,19,8388608
Uring,throughput,0,4,64,0,0,194369463400,194373405842,3942441,2017,8388608
Uring,throughput,0,4,64,0,0,194369471107,194370020475,549368,42,8388608
Uring,throughput,0,4,64,0,0,194369475882,194370607788,1131906,1631,8388608
Uring,throughput,0,4,64,0,0,194369479266,194370665749,1186482,23,8388608
Uring,throughput,0,4,64,0,0,194369481218,194370329281,848062,23,8388608
Uring,throughput,0,4,64,0,0,194369486040,194372096174,2610133,29,8388608
Uring,throughput,0,4,64,0,0,194369491442,194370331297,839855,18,8388608
Uring,throughput,0,4,64,0,0,194369493228,194370519082,1025853,20,8388608
Uring,throughput,0,4,64,0,0,194369507025,194370352331,845305,1532,8388608
Uring,throughput,0,4,64,0,0,194369511510,194370977057,1465546,1725,8388608
Uring,throughput,0,4,64,0,0,194369511595,194370068623,557027,46,8388608
Uring,throughput,0,4,64,0,0,194369514508,194373340430,3825921,18,8388608
Uring,throughput,0,4,64,0,0,194369520157,194370764270,1244113,31,8388608
Uring,throughput,0,4,64,0,0,194369521242,194370255674,734431,2191,8388608
Uring,throughput,0,4,64,0,0,194369522184,194370351565,829380,727,8388608
Uring,throughput,0,4,64,0,0,194369524381,194372106560,2582178,2933,8388608
Uring,throughput,0,4,64,0,0,194369525094,194373470035,3944941,44,8388608
Uring,throughput,0,4,64,0,0,194369528900,194373469656,3940755,2456,8388608
Uring,throughput,0,4,64,0,0,194369536116,194370283410,747293,139,8388608
Uring,throughput,0,4,64,0,0,194369539643,194370357863,818219,68,8388608
Uring,throughput,0,4,64,0,0,194369540384,194370599444,1059059,24,8388608
Uring,throughput,0,4,64,0,0,194369544087,194373577214,4033127,59,8388608
Uring,throughput,0,4,64,0,0,194369552626,194373397949,3845323,29,8388608
Uring,throughput,0,4,64,0,0,194369554464,194370368050,813586,14,8388608
Uring,throughput,0,4,64,0,0,194369554512,194370423899,869386,91,8388608
Uring,throughput,0,4,64,0,0,194369568469,194370378256,809787,17,8388608
Uring,throughput,0,4,64,0,0,194369570446,194370297344,726897,33,8388608
Uring,throughput,0,4,64,0,0,194369571152,194371050572,1479419,5356,8388608
Uring,throughput,0,4,64,0,0,194369573388,194371544244,1970855,3285,8388608
Uring,throughput,0,4,64,0,0,194369591026,194370378349,787323,42,8388608
Uring,throughput,0,4,64,0,0,194369594861,194370326062,731201,93,8388608
Uring,throughput,0,4,64,0,0,194369598492,194370804708,1206215,29,8388608
Uring,throughput,0,4,64,0,0,194369600375,194370540945,940570,58,8388608
Uring,throughput,0,4,64,0,0,194369601766,194372122900,2521134,2058,8388608
Uring,throughput,0,4,64,0,0,194369608142,194370530642,922499,51,8388608
Uring,throughput,0,4,64,0,0,194369609137,194370357803,748666,1197,8388608
Uring,throughput,0,4,64,0,0,194369609426,194373754855,4145429,2760,8388608
Uring,throughput,0,4,64,0,0,194369614461,194370442451,827990,13,8388608
Uring,throughput,0,4,64,0,0,194369617705,194370346628,728922,30,8388608
Uring,throughput,0,4,64,0,0,194369618510,194370088553,470042,596,8388608
Uring,throughput,0,4,64,0,0,194369638629,194370758924,1120295,1996,8388608
Uring,throughput,0,4,64,0,0,194369639198,194371046933,1407735,930,8388608
Uring,throughput,0,4,64,0,0,194369643398,194370458913,815514,1017,8388608
Uring,throughput,0,4,64,0,0,194369645584,194370370027,724443,62,8388608
Uring,throughput,0,4,64,0,0,194369648099,194370422423,774323,28,8388608
Uring,throughput,0,4,64,0,0,194369656910,194370435401,778490,178,8388608
Uring,throughput,0,4,64,0,0,194369659956,194370383125,723169,1535,8388608
Uring,throughput,0,4,64,0,0,194369663539,194370449706,786167,690,8388608
Uring,throughput,0,4,64,0,0,194369663780,194370424877,761097,18,8388608
Uring,throughput,0,4,64,0,0,194369666678,194370449833,783154,12,8388608
Uring,throughput,0,4,64,0,0,194369676867,194370096561,419693,543,8388608
Uring,throughput,0,4,64,0,0,194369678998,194370771967,1092968,107,8388608
Uring,throughput,0,4,64,0,0,194369681052,194370450679,769626,2926,8388608
Uring,throughput,0,4,64,0,0,194369690638,194370784564,1093926,14,8388608
Uring,throughput,0,4,64,0,0,194369694318,194370447745,753426,17,8388608
Uring,throughput,0,4,64,0,0,194369701459,194370490833,789374,19,8388608
Uring,throughput,0,4,64,0,0,194369702540,194370765887,1063347,13,8388608
Uring,throughput,0,4,64,0,0,194369706300,194370487030,780730,2821,8388608
Uring,throughput,0,4,64,0,0,194369714299,194370671172,956873,76,8388608
Uring,throughput,0,4,64,0,0,194369715097,194369798921,83824,1969,8388608
Uring,throughput,0,4,64,0,0,194369730381,194370598417,868036,20,8388608
Uring,throughput,0,4,64,0,0,194369735933,194370857522,1121589,18,8388608
Uring,throughput,0,4,64,0,0,194369737756,194370527965,790208,16,8388608
Uring,throughput,0,4,64,0,0,194369739851,194370782124,1042273,2405,8388608
Uring,throughput,0,4,64,0,0,194369739956,194370846652,1106696,22,8388608
Uring,throughput,0,4,64,0,0,194369743140,194370487043,743902,16,8388608
Uring,throughput,0,4,64,0,0,194369746078,194370488290,742212,39,8388608
Uring,throughput,0,4,64,0,0,194369752874,194369925845,172971,37,8388608
Uring,throughput,0,4,64,0,0,194369757874,194370721751,963877,32,8388608
Uring,throughput,0,4,64,0,0,194369758839,194370668732,909892,30,8388608
Uring,throughput,0,4,64,0,0,194369761594,194370476303,714708,462,8388608
Uring,throughput,0,4,64,0,0,194369764562,194369806359,41797,2824,8388608
Uring,throughput,0,4,64,0,0,194369769847,194369851071,81224,37,8388608
Uring,throughput,0,4,64,0,0,194369771945,194370484216,712271,32,8388608
Uring,throughput,0,4,64,0,0,194369782874,194370510207,727333,18,8388608
Uring,throughput,0,4,64,0,0,194369798927,194370895451,1096523,17,8388608
Uring,throughput,0,4,64,0,0,194369804809,194369993438,188628,50,8388608
Uring,throughput,0,4,64,0,0,194369806366,194370598956,792590,28,8388608
Uring,throughput,0,4,64,0,0,194369808072,194369989356,181283,63,8388608
Uring,throughput,0,4,64,0,0,194369814381,194370809409,995028,2058,8388608
Uring,throughput,0,4,64,0,0,194369826901,194370537659,710758,2155,8388608
Uring,throughput,0,4,64,0,0,194369828940,194371119275,1290335,169,8388608
Uring,throughput,0,4,64,0,0,194369832529,194370620671,788142,34,8388608
Uring,throughput,0,4,64,0,0,194369832544,194373471436,3638891,21,8388608
Uring,throughput,0,4,64,0,0,194369835379,194370825966,990586,47,8388608
Uring,throughput,0,4,64,0,0,194369851077,194370576129,725052,19,8388608
Uring,throughput,0,4,64,0,0,194369854898,194370888327,1033429,88,8388608
Uring,throughput,0,4,64,0,0,194369866987,194370101922,234935,81,8388608
Uring,throughput,0,4,64,0,0,194369868147,194371105966,1237818,1392,8388608
Uring,throughput,0,4,64,0,0,194369870125,194370545872,675746,18,8388608
Uring,throughput,0,4,64,0,0,194369871860,194373675123,3803263,8963,8388608
Uring,throughput,0,4,64,0,0,194369887085,194370089611,202525,39,8388608
Uring,throughput,0,4,64,0,0,194369892879,194370756193,863314,19,8388608
Uring,throughput,0,4,64,0,0,194369902791,194370878547,975755,31,8388608
Uring,throughput,0,4,64,0,0,194369903306,194370944144,1040837,1761,8388608
Uring,throughput,0,4,64,0,0,194369912145,194372188072,2275927,2483,8388608
Uring,throughput,0,4,64,0,0,194369915348,194370973301,1057952,53,8388608
Uring,throughput,0,4,64,0,0,194369918646,194370978880,1060234,60,8388608
Uring,throughput,0,4,64,0,0,194369919310,194370608661,689351,2686,8388608
Uring,throughput,0,4,64,0,0,194369924732,194371773831,1849099,2108,8388608
Uring,throughput,0,4,64,0,0,194369925871,194370986641,1060770,1831,8388608
Uring,throughput,0,4,64,0,0,194369926222,194372229388,2303165,25,8388608
Uring,throughput,0,4,64,0,0,194369926713,194370631472,704758,102,8388608
Uring,throughput,0,4,64,0,0,194369931360,194370647290,715930,11009,8388608
Uring,throughput,0,4,64,0,0,194369935172,194370695226,760053,44,8388608
Uring,throughput,0,4,64,0,0,194369939863,194370338681,398817,23,8388608
Uring,throughput,0,4,64,0,0,194369942151,194370078063,135911,617,8388608
Uring,throughput,0,4,64,0,0,194369943679,194370907371,963692,28,8388608
Uring,throughput,0,4,64,0,0,194369944259,194370647819,703559,14,8388608
Uring,throughput,0,4,64,0,0,194369945909,194371011270,1065361,29,8388608
Uring,throughput,0,4,64,0,0,194369955149,194370999699,1044550,51,8388608
Uring,throughput,0,4,64,0,0,194369956822,194371000997,1044175,62,8388608
Uring,throughput,0,4,64,0,0,194369957101,194371002431,1045330,695,8388608
Uring,throughput,0,4,64,0,0,194369969030,194372858905,2889874,23,8388608
Uring,throughput,0,4,64,0,0,194369972348,194370659560,687212,35,8388608
Uring,throughput,0,4,64,0,0,194369976051,194370879644,903592,40,8388608
Uring,throughput,0,4,64,0,0,194369989424,194372239394,2249970,3767,8388608
Uring,throughput,0,4,64,0,0,194369989672,194370686866,697193,2822,8388608
Uring,throughput,0,4,64,0,0,194369991959,194370740234,748275,1425,8388608
Uring,throughput,0,4,64,0,0,194369993442,194370691489,698047,3226,8388608
Uring,throughput,0,4,64,0,0,194369997334,194371040028,1042694,16,8388608
Uring,throughput,0,4,64,0,0,194369999860,194370689913,690053,52,8388608
Uring,throughput,0,4,64,0,0,194370001186,194371059773,1058587,12,8388608
Uring,throughput,0,4,64,0,0,194370001947,194370750163,748216,43,8388608
Uring,throughput,0,4,64,0,0,194370004207,194372238487,2234279,3195,8388608
Uring,throughput,0,4,64,0,0,194370012875,194370674989,662113,75,8388608
Uring,throughput,0,4,64,0,0,194370020548,194371024483,1003935,3421,8388608
Uring,throughput,0,4,64,0,0,194370038682,194372902220,2863538,4263,8388608
Uring,throughput,0,4,64,0,0,194370042465,194370775265,732800,25,8388608
Uring,throughput,0,4,64,0,0,194370043933,194373747054,3703121,2932,8388608
Uring,throughput,0,4,64,0,0,194370051138,194371033258,982120,39,8388608
Uring,throughput,0,4,64,0,0,194370059103,194371162476,1103372,23,8388608
Uring,throughput,0,4,64,0,0,194370059294,194370834507,775213,23,8388608
Uring,throughput,0,4,64,0,0,194370064810,194372618539,2553728,2070,8388608
Uring,throughput,0,4,64,0,0,194370064925,194371349796,1284870,2048,8388608
Uring,throughput,0,4,64,0,0,194370068630,194370648408,579777,34,8388608
Uring,throughput,0,4,64,0,0,194370068971,194372277576,2208605,9,8388608
Uring,throughput,0,4,64,0,0,194370072622,194370829097,756474,17,8388608
Uring,throughput,0,4,64,0,0,194370074160,194370744958,670797,440,8388608
Uring,throughput,0,4,64,0,0,194370078071,194370394374,316302,21,8388608
Uring,throughput,0,4,64,0,0,194370081162,194370488531,407368,24,8388608
Uring,throughput,0,4,64,0,0,194370084252,194370866925,782672,531,8388608
Uring,throughput,0,4,64,0,0,194370088560,194370946812,858252,47,8388608
Uring,throughput,0,4,64,0,0,194370089616,194370763535,673919,2094,8388608
Uring,throughput,0,4,64,0,0,194370092060,194371044835,952774,837,8388608
Uring,throughput,0,4,64,0,0,194370093307,194370902270,808962,62,8388608
Uring,throughput,0,4,64,0,0,194370094237,194370765104,670866,11,8388608
Uring,throughput,0,4,64,0,0,194370096564,194370777620,681056,33,8388608
Uring,throughput,0,4,64,0,0,194370099383,194370768314,668930,18,8388608
Uring,throughput,0,4,64,0,0,194370101925,194370766689,664763,21,8388608
Uring,throughput,0,4,64,0,0,194370103538,194370790733,687194,18,8388608
Uring,throughput,0,4,64,0,0,194370103561,194370297546,193984,6,8388608
Uring,throughput,0,4,64,0,0,194370114072,194370149751,35678,23,8388608
Uring,throughput,0,4,64,0,0,194370115534,194370783415,667881,3769,8388608
Uring,throughput,0,4,64,0,0,194370120058,194370776488,656429,352,8388608
Uring,throughput,0,4,64,0,0,194370127451,194370790000,662548,2000,8388608
Uring,throughput,0,4,64,0,0,194370135964,194370959524,823559,18,8388608
Uring,throughput,0,4,64,0,0,194370145152,194370800428,655275,53,8388608
Uring,throughput,0,4,64,0,0,194370146505,194370833875,687370,18,8388608
Uring,throughput,0,4,64,0,0,194370147157,194371085156,937999,20,8388608
Uring,throughput,0,4,64,0,0,194370149756,194370832316,682559,1907,8388608
Uring,throughput,0,4,64,0,0,194370150193,194370789529,639336,1008,8388608
Uring,throughput,0,4,64,0,0,194370153114,194373775900,3622785,16,8388608
Uring,throughput,0,4,64,0,0,194370153536,194370809494,655957,2109,8388608
Uring,throughput,0,4,64,0,0,194370156516,194371082257,925740,20,8388608
Uring,throughput,0,4,64,0,0,194370162351,194370957807,795456,787,8388608
Uring,throughput,0,4,64,0,0,194370163087,194372262383,2099295,56,8388608
Uring,throughput,0,4,64,0,0,194370163179,194372335494,2172315,2779,8388608
Uring,throughput,0,4,64,0,0,194370163458,194370934718,771259,500,8388608
Uring,throughput,0,4,64,0,0,194370168698,194371776228,1607529,2702,8388608
Uring,throughput,0,4,64,0,0,194370177336,194371101496,924159,67,8388608
Uring,throughput,0,4,64,0,0,194370179292,194372951192,2771900,1303,8388608
Uring,throughput,0,4,64,0,0,194370183130,194372218033,2034902,2114,8388608
Uring,throughput,0,4,64,0,0,194370188644,194371102633,913989,30,8388608
Uring,throughput,0,4,64,0,0,194370199482,194370876484,677002,34,8388608
Uring,throughput,0,4,64,0,0,194370204797,194371420771,1215973,21,8388608
Uring,throughput,0,4,64,0,0,194370204913,194371141262,936349,2743,8388608
Uring,throughput,0,4,64,0,0,194370210075,194370241528,31452,416,8388608
Uring,throughput,0,4,64,0,0,194370224067,194373871188,3647121,19,8388608
Uring,throughput,0,4,64,0,0,194370226389,194371127623,901233,2393,8388608
Uring,throughput,0,4,64,0,0,194370231495,194370850562,619066,102,8388608
Uring,throughput,0,4,64,0,0,194370241536,194370274470,32934,18,8388608
Uring,throughput,0,4,64,0,0,194370243951,194372241862,1997911,104,8388608
Uring,throughput,0,4,64,0,0,194370255688,194370825163,569474,71,8388608
Uring,throughput,0,4,64,0,0,194370259535,194370570842,311307,1047,8388608
Uring,throughput,0,4,64,0,0,194370261062,194371132265,871203,2040,8388608
Uring,throughput,0,4,64,0,0,194370261387,194373813602,3552214,78,8388608
Uring,throughput,0,4,64,0,0,194370269087,194373725740,3456653,60,8388608
Uring,throughput,0,4,64,0,0,194370274476,194370874137,599660,18,8388608
Uring,throughput,0,4,64,0,0,194370282890,194371707835,1424945,20,8388608
Uring,throughput,0,4,64,0,0,194370283418,194371035886,752467,8616,8388608
Uring,throughput,0,4,64,0,0,194370292314,194371006627,714312,2101,8388608
Uring,throughput,0,4,64,0,0,194370294686,194372612943,2318256,55,8388608
Uring,throughput,0,4,64,0,0,194370297350,194371146403,849053,1726,8388608
Uring,throughput,0,4,64,0,0,194370297549,194371017582,720032,3883,8388608
Uring,throughput,0,4,64,0,0,194370301343,194371094845,793501,211,8388608
Uring,throughput,0,4,64,0,0,194370306978,194371151612,844634,18,8388608
Uring,throughput,0,4,64,0,0,194370321652,194371264094,942442,1746,8388608
Uring,throughput,0,4,64,0,0,194370326070,194371472131,1146060,1624,8388608
Uring,throughput,0,4,64,0,0,194370329288,194371480401,1151112,20,8388608
Uring,throughput,0,4,64,0,0,194370331125,194370514792,183666,65,8388608
Uring,throughput,0,4,64,0,0,194370331300,194370668882,337582,614,8388608
Uring,throughput,0,4,64,0,0,194370334729,194371058995,724266,1392,8388608
Uring,throughput,0,4,64,0,0,194370338689,194370913596,574907,19,8388608
Uring,throughput,0,4,64,0,0,194370346415,194372380186,2033771,15,8388608
Uring,throughput,0,4,64,0,0,194370346635,194371583241,1236605,3983,8388608
Uring,throughput,0,4,64,0,0,194370351573,194371172841,821267,19,8388608
Uring,throughput,0,4,64,0,0,194370352339,194371069482,717143,23,8388608
Uring,throughput,0,4,64,0,0,194370355085,194370920170,565084,2752,8388608
Uring,throughput,0,4,64,0,0,194370357808,194371175902,818093,146,8388608
Uring,throughput,0,4,64,0,0,194370357864,194371628767,1270902,93,8388608
Uring,throughput,0,4,64,0,0,194370363573,194372664989,2301416,21,8388608
Uring,throughput,0,4,64,0,0,194370363981,194371174169,810188,104,8388608
Uring,throughput,0,4,64,0,0,194370368057,194371176723,808665,4478,8388608
Uring,throughput,0,4,64,0,0,194370370035,194371684216,1314181,1446,8388608
Uring,throughput,0,4,64,0,0,194370378276,194371127679,749403,2393,8388608
Uring,throughput,0,4,64,0,0,194370378351,194371117070,738718,2672,8388608
Uring,throughput,0,4,64,0,0,194370378878,194371177770,798891,2227,8388608
Uring,throughput,0,4,64,0,0,194370383134,194373381872,2998738,46,8388608
Uring,throughput,0,4,64,0,0,194370391351,194371134074,742722,3017,8388608
Uring,throughput,0,4,64,0,0,194370394346,194371475250,1080904,77,8388608
Uring,throughput,0,4,64,0,0,194370394375,194370430547,36172,49,8388608
Uring,throughput,0,4,64,0,0,194370403701,194371853414,1449713,54,8388608
Uring,throughput,0,4,64,0,0,194370420327,194371126949,706621,73,8388608
Uring,throughput,0,4,64,0,0,194370422430,194370961173,538743,4157,8388608
Uring,throughput,0,4,64,0,0,194370423927,194373466815,3042887,163,8388608
Uring,throughput,0,4,64,0,0,194370424884,194371244487,819603,39,8388608
Uring,throughput,0,4,64,0,0,194370430554,194371466875,1036321,1486,8388608
Uring,throughput,0,4,64,0,0,194370435405,194371783227,1347821,2787,8388608
Uring,throughput,0,4,64,0,0,194370436270,194370519909,83638,41,8388608
Uring,throughput,0,4,64,0,0,194370442459,194370745889,303430,20,8388608
Uring,throughput,0,4,64,0,0,194370447770,194371136211,688441,78,8388608
Uring,throughput,0,4,64,0,0,194370448769,194371759793,1311023,1083,8388608
Uring,throughput,0,4,64,0,0,194370449752,194370933180,483428,122,8388608
Uring,throughput,0,4,64,0,0,194370449834,194372388268,1938434,46,8388608
Uring,throughput,0,4,64,0,0,194370450685,194370974494,523809,48,8388608
Uring,throughput,0,4,64,0,0,194370450742,194371205629,754886,2307,8388608
Uring,throughput,0,4,64,0,0,194370458918,194371282359,823441,40,8388608
Uring,throughput,0,4,64,0,0,194370462698,194373884969,3422270,41,8388608
Uring,throughput,0,4,64,0,0,194370476311,194370843671,367359,25,8388608
Uring,throughput,0,4,64,0,0,194370484224,194371665803,1181579,3929,8388608
Uring,throughput,0,4,64,0,0,194370485177,194370992918,507740,1902,8388608
Uring,throughput,0,4,64,0,0,194370487039,194371215805,728765,49,8388608
Uring,throughput,0,4,64,0,0,194370487050,194371180597,693546,60,8388608
Uring,throughput,0,4,64,0,0,194370488294,194371215067,726772,2045,8388608
Uring,throughput,0,4,64,0,0,194370488550,194373641858,3153307,5896,8388608
Uring,throughput,0,4,64,0,0,194370490836,194370974514,483678,4010,8388608
Uring,throughput,0,4,64,0,0,194370505729,194372412316,1906587,25,8388608
Uring,throughput,0,4,64,0,0,194370510216,194373245709,2735493,2869,8388608
Uring,throughput,0,4,64,0,0,194370512999,194372156552,1643552,41,8388608
Uring,throughput,0,4,64,0,0,194370513542,194373757159,3243616,32,8388608
Uring,throughput,0,4,64,0,0,194370514795,194371090736,575940,31,8388608
Uring,throughput,0,4,64,0,0,194370519087,194371476578,957490,13,8388608
Uring,throughput,0,4,64,0,0,194370519917,194371296744,776827,2123,8388608
Uring,throughput,0,4,64,0,0,194370523619,194371302252,778633,2249,8388608
Uring,throughput,0,4,64,0,0,194370527973,194371016756,488782,2849,8388608
Uring,throughput,0,4,64,0,0,194370528430,194373725411,3196981,27,8388608
Uring,throughput,0,4,64,0,0,194370530645,194372790313,2259667,195,8388608
Uring,throughput,0,4,64,0,0,194370537668,194371438290,900621,18,8388608
Uring,throughput,0,4,64,0,0,194370540966,194371022984,482017,993,8388608
Uring,throughput,0,4,64,0,0,194370541217,194371717420,1176202,21,8388608
Uring,throughput,0,4,64,0,0,194370545876,194371273869,727992,23,8388608
Uring,throughput,0,4,64,0,0,194370554528,194373901047,3346518,26,8388608
Uring,throughput,0,4,64,0,0,194370570852,194371394176,823324,32,8388608
Uring,throughput,0,4,64,0,0,194370576137,194371358311,782173,2988,8388608
Uring,throughput,0,4,64,0,0,194370598426,194371244616,646189,17,8388608
Uring,throughput,0,4,64,0,0,194370599070,194373522117,2923047,77,8388608
Uring,throughput,0,4,64,0,0,194370599517,194371673858,1074340,2387,8388608
Uring,throughput,0,4,64,0,0,194370601099,194371051384,450284,926,8388608
Uring,throughput,0,4,64,0,0,194370607796,194371538986,931189,25,8388608
Uring,throughput,0,4,64,0,0,194370608667,194371287089,678421,32,8388608
Uring,throughput,0,4,64,0,0,194370620679,194371352579,731899,107,8388608
Uring,throughput,0,4,64,0,0,194370631480,194370685994,54513,34,8388608
Uring,throughput,0,4,64,0,0,194370640487,194371423924,783437,773,8388608
Uring,throughput,0,4,64,0,0,194370647298,194371409283,761984,51,8388608
Uring,throughput,0,4,64,0,0,194370647829,194373499690,2851861,3568,8388608
Uring,throughput,0,4,64,0,0,194370648417,194371440935,792517,10602,8388608
Uring,throughput,0,4,64,0,0,194370659569,194371406890,747321,208,8388608
Uring,throughput,0,4,64,0,0,194370665757,194372437261,1771504,2729,8388608
Uring,throughput,0,4,64,0,0,194370668738,194371011030,342291,55,8388608
Uring,throughput,0,4,64,0,0,194370668884,194371447489,778604,14,8388608
Uring,throughput,0,4,64,0,0,194370671176,194372775721,2104545,46,8388608
Uring,throughput,0,4,64,0,0,194370674997,194371453947,778949,66,8388608
Uring,throughput,0,4,64,0,0,194370675713,194371473541,797828,22,8388608
Uring,throughput,0,4,64,0,0,194370685536,194373955160,3269624,105,8388608
Uring,throughput,0,4,64,0,0,194370685997,194371099944,413947,3065,8388608
Uring,throughput,0,4,64,0,0,194370686874,194371713088,1026214,75,8388608
Uring,throughput,0,4,64,0,0,194370689918,194371469658,779739,20,8388608
Uring,throughput,0,4,64,0,0,194370691497,194373959193,3267696,57,8388608
Uring,throughput,0,4,64,0,0,194370695231,194371476257,781026,2386,8388608
Uring,throughput,0,4,64,0,0,194370721758,194371122505,400746,16,8388608
Uring,throughput,0,4,64,0,0,194370725861,194373887990,3162129,18,8388608
Uring,throughput,0,4,64,0,0,194370740242,194373496332,2756089,42,8388608
Uring,throughput,0,4,64,0,0,194370744964,194371036291,291326,22,8388608
Uring,throughput,0,4,64,0,0,194370745892,194371050764,304871,15,8388608
Uring,throughput,0,4,64,0,0,194370750264,194373973105,3222840,3799,8388608
Uring,throughput,0,4,64,0,0,194370756199,194370924623,168423,404,8388608
Uring,throughput,0,4,64,0,0,194370758930,194371138211,379281,22,8388608
Uring,throughput,0,4,64,0,0,194370763540,194371303677,540136,21,8388608
Uring,throughput,0,4,64,0,0,194370764298,194371147176,382877,1899,8388608
Uring,throughput,0,4,64,0,0,194370765108,194373481551,2716443,21,8388608
Uring,throughput,0,4,64,0,0,194370765909,194371536945,771036,2289,8388608
Uring,throughput,0,4,64,0,0,194370766692,194373986873,3220180,9192,8388608
Uring,throughput,0,4,64,0,0,194370768322,194371351596,583273,92,8388608
Uring,throughput,0,4,64,0,0,194370771971,194371355146,583174,23,8388608
Uring,throughput,0,4,64,0,0,194370775269,194371155080,379810,1819,8388608
Uring,throughput,0,4,64,0,0,194370776496,194371711641,935145,404,8388608
Uring,throughput,0,4,64,0,0,194370777624,194372329548,1551923,61,8388608
Uring,throughput,0,4,64,0,0,194370782131,194371554714,772582,32,8388608
Uring,throughput,0,4,64,0,0,194370783424,194371553618,770194,17,8388608
Uring,throughput,0,4,64,0,0,194370784573,194371147813,363239,41,8388608
Uring,throughput,0,4,64,0,0,194370789535,194371542263,752727,20,8388608
Uring,throughput,0,4,64,0,0,194370790019,194371715275,925255,15,8388608
Uring,throughput,0,4,64,0,0,194370790740,194371168175,377435,1773,8388608
Uring,throughput,0,4,64,0,0,194370800437,194373997373,3196935,8201,8388608
Uring,throughput,0,4,64,0,0,194370804714,194371373929,569215,4150,8388608
Uring,throughput,0,4,64,0,0,194370809417,194372175849,1366432,16,8388608
Uring,throughput,0,4,64,0,0,194370809501,194371525234,715733,18,8388608
Uring,throughput,0,4,64,0,0,194370825197,194371386744,561547,20,8388608
Uring,throughput,0,4,64,0,0,194370825973,194371413689,587715,105,8388608
Uring,throughput,0,4,64,0,0,194370829104,194373537878,2708773,27,8388608
Uring,throughput,0,4,64,0,0,194370832324,194371595376,763052,33,8388608
Uring,throughput,0,4,64,0,0,194370833880,194371242652,408772,14,8388608
Uring,throughput,0,4,64,0,0,194370834514,194373879669,3045154,2949,8388608
Uring,throughput,0,4,64,0,0,194370843679,194371266968,423289,23,8388608
Uring,throughput,0,4,64,0,0,194370846657,194371222478,375821,3702,8388608
Uring,throughput,0,4,64,0,0,194370850565,194371296058,445492,4297,8388608
Uring,throughput,0,4,64,0,0,194370852107,194374013225,3161117,23,8388608
Uring,throughput,0,4,64,0,0,194370857532,194371482366,624834,4175,8388608
Uring,throughput,0,4,64,0,0,194370863314,194371409055,545741,76,8388608
Uring,throughput,0,4,64,0,0,194370866771,194371618845,752074,718,8388608
Uring,throughput,0,4,64,0,0,194370866933,194371407811,540877,29,8388608
Uring,throughput,0,4,64,0,0,194370874146,194372165749,1291603,2269,8388608
Uring,throughput,0,4,64,0,0,194370876492,194371630795,754302,3496,8388608
Uring,throughput,0,4,64,0,0,194370878556,194371246948,368392,1920,8388608
Uring,throughput,0,4,64,0,0,194370879650,194372431355,1551705,399,8388608
Uring,throughput,0,4,64,0,0,194370888335,194371436805,548469,17,8388608
Uring,throughput,0,4,64,0,0,194370895459,194371954256,1058796,41,8388608
Uring,throughput,0,4,64,0,0,194370902277,194371265347,363069,1862,8388608
Uring,throughput,0,4,64,0,0,194370907379,194371922302,1014923,23,8388608
Uring,throughput,0,4,64,0,0,194370913603,194371406989,493386,4320,8388608
Uring,throughput,0,4,64,0,0,194370920217,194371278128,357910,26,8388608
Uring,throughput,0,4,64,0,0,194370924654,194371666616,741961,17,8388608
Uring,throughput,0,4,64,0,0,194370933190,194371289341,356151,66,8388608
Uring,throughput,0,4,64,0,0,194370934726,194371233570,298843,59,8388608
Uring,throughput,0,4,64,0,0,194370944151,194371681524,737372,22,8388608
Uring,throughput,0,4,64,0,0,194370946889,194371463451,516561,46,8388608
Uring,throughput,0,4,64,0,0,194370957815,194371483653,525837,73,8388608
Uring,throughput,0,4,64,0,0,194370959540,194374050878,3091338,12,8388608
Uring,throughput,0,4,64,0,0,194370961181,194371486436,525255,41,8388608
Uring,throughput,0,4,64,0,0,194370970028,194373649755,2679727,3653,8388608
Uring,throughput,0,4,64,0,0,194370973331,194371499793,526462,39,8388608
Uring,throughput,0,4,64,0,0,194370974499,194372451322,1476822,16,8388608
Uring,throughput,0,4,64,0,0,194370974523,194373894641,2920118,18,8388608
Uring,throughput,0,4,64,0,0,194370977063,194371513106,536043,16,8388608
Uring,throughput,0,4,64,0,0,194370978889,194371517262,538373,69,8388608
Uring,throughput,0,4,64,0,0,194370980248,194371712143,731894,187,8388608
Uring,throughput,0,4,64,0,0,194370986649,194372729124,1742475,53,8388608
Uring,throughput,0,4,64,0,0,194370992928,194371342614,349685,124,8388608
Uring,throughput,0,4,64,0,0,194370999710,194371541146,541435,143,8388608
Uring,throughput,0,4,64,0,0,194371000110,194372432971,1432860,1519,8388608
Uring,throughput,0,4,64,0,0,194371001024,194372470554,1469529,22,8388608
Uring,throughput,0,4,64,0,0,194371002466,194371543555,541089,43,8388608
Uring,throughput,0,4,64,0,0,194371006635,194371730196,723561,18,8388608
Uring,throughput,0,4,64,0,0,194371011037,194373696472,2685434,4740,8388608
Uring,throughput,0,4,64,0,0,194371011279,194371525980,514700,24,8388608
Uring,throughput,0,4,64,0,0,194371016767,194372476383,1459615,30,8388608
Uring,throughput,0,4,64,0,0,194371017589,194371739704,722114,15,8388608
Uring,throughput,0,4,64,0,0,194371022993,194371537720,514727,91,8388608
Uring,throughput,0,4,64,0,0,194371024491,194372471138,1446646,24,8388608
Uring,throughput,0,4,64,0,0,194371033268,194371571672,538403,23,8388608
Uring,throughput,0,4,64,0,0,194371035930,194372602874,1566944,228,8388608
Uring,throughput,0,4,64,0,0,194371036299,194371708342,672042,23,8388608
Uring,throughput,0,4,64,0,0,194371040038,194373787796,2747757,38,8388608
Uring,throughput,0,4,64,0,0,194371044843,194371277815,232971,17,8388608
Uring,throughput,0,4,64,0,0,194371046947,194371581723,534775,26,8388608
Uring,throughput,0,4,64,0,0,194371050581,194371395514,344933,56,8388608
Uring,throughput,0,4,64,0,0,194371050766,194371728538,677771,42,8388608
Uring,throughput,0,4,64,0,0,194371051393,194371538410,487017,26,8388608
Uring,throughput,0,4,64,0,0,194371059062,194373895348,2836286,41,8388608
Uring,throughput,0,4,64,0,0,194371059775,194373699077,2639302,12,8388608
Uring,throughput,0,4,64,0,0,194371069487,194373671684,2602196,18,8388608
Uring,throughput,0,4,64,0,0,194371082266,194372573103,1490837,32,8388608
Uring,throughput,0,4,64,0,0,194371085163,194371424433,339270,732,8388608
Uring,throughput,0,4,64,0,0,194371090743,194371273457,182714,453,8388608
Uring,throughput,0,4,64,0,0,194371094855,194371618327,523472,43,8388608
Uring,throughput,0,4,64,0,0,194371099952,194372469270,1369317,143,8388608
Uring,throughput,0,4,64,0,0,194371101503,194372663237,1561733,2604,8388608
Uring,throughput,0,4,64,0,0,194371102637,194372269912,1167275,24,8388608
Uring,throughput,0,4,64,0,0,194371105972,194371626515,520542,77,8388608
Uring,throughput,0,4,64,0,0,194371110217,194371443774,333556,594,8388608
Uring,throughput,0,4,64,0,0,194371117078,194372607835,1490757,17,8388608
Uring,throughput,0,4,64,0,0,194371119279,194373571860,2452581,44,8388608
Uring,throughput,0,4,64,0,0,194371122509,194374120101,2997592,4917,8388608
Uring,throughput,0,4,64,0,0,194371126957,194371776789,649831,2003,8388608
Uring,throughput,0,4,64,0,0,194371127631,194372478215,1350583,2992,8388608
Uring,throughput,0,4,64,0,0,194371127680,194371835826,708146,3210,8388608
Uring,throughput,0,4,64,0,0,194371132272,194371442093,309821,94,8388608
Uring,throughput,0,4,64,0,0,194371134082,194372478974,1344891,17,8388608
Uring,throughput,0,4,64,0,0,194371136217,194373205396,2069178,2123,8388608
Uring,throughput,0,4,64,0,0,194371138215,194371457790,319575,141,8388608
Uring,throughput,0,4,64,0,0,194371140606,194373999481,2858874,39,8388608
Uring,throughput,0,4,64,0,0,194371141270,194372467220,1325950,65,8388608
Uring,throughput,0,4,64,0,0,194371146412,194372268987,1122575,40,8388608
Uring,throughput,0,4,64,0,0,194371147184,194371827321,680137,28,8388608
Uring,throughput,0,4,64,0,0,194371147819,194373724901,2577082,2206,8388608
Uring,throughput,0,4,64,0,0,194371151619,194371494312,342693,22,8388608
Uring,throughput,0,4,64,0,0,194371155087,194371464585,309497,27,8388608
Uring,throughput,0,4,64,0,0,194371162481,194371867521,705039,40,8388608
Uring,throughput,0,4,64,0,0,194371168183,194371914904,746720,108,8388608
Uring,throughput,0,4,64,0,0,194371172891,194371727793,554902,62,8388608
Uring,throughput,0,4,64,0,0,194371174178,194372571675,1397496,86,8388608
Uring,throughput,0,4,64,0,0,194371175962,194373908943,2732981,134,8388608
Uring,throughput,0,4,64,0,0,194371176822,194371877389,700566,38,8388608
Uring,throughput,0,4,64,0,0,194371177774,194371915033,737259,64,8388608
Uring,throughput,0,4,64,0,0,194371180602,194374084844,2904241,3672,8388608
Uring,throughput,0,4,64,0,0,194371205699,194372103187,897488,24,8388608
Uring,throughput,0,4,64,0,0,194371215073,194371593532,378459,31,8388608
Uring,throughput,0,4,64,0,0,194371215814,194372002256,786442,17,8388608
Uring,throughput,0,4,64,0,0,194371222246,194373822048,2599802,51,8388608
Uring,throughput,0,4,64,0,0,194371222480,194372058926,836446,11,8388608
Uring,throughput,0,4,64,0,0,194371233578,194371742679,509101,51,8388608
Uring,throughput,0,4,64,0,0,194371242662,194374186429,2943767,4607,8388608
Uring,throughput,0,4,64,0,0,194371244515,194371749393,504877,584,8388608
Uring,throughput,0,4,64,0,0,194371244623,194371749601,504977,2311,8388608
Uring,throughput,0,4,64,0,0,194371246955,194371936148,689193,97,8388608
Uring,throughput,0,4,64,0,0,194371264101,194372127492,863390,38,8388608
Uring,throughput,0,4,64,0,0,194371265350,194372659561,1394211,13,8388608
Uring,throughput,0,4,64,0,0,194371266972,194371732522,465549,771,8388608
Uring,throughput,0,4,64,0,0,194371273466,194372142241,868775,38,8388608
Uring,throughput,0,4,64,0,0,194371273887,194371674807,400919,17,8388608
Uring,throughput,0,4,64,0,0,194371277822,194371775359,497537,17,8388608
Uring,throughput,0,4,64,0,0,194371278130,194371765549,487419,22,8388608
Uring,throughput,0,4,64,0,0,194371282365,194371708031,425665,21,8388608
Uring,throughput,0,4,64,0,0,194371287096,194371907465,620368,21,8388608
Uring,throughput,0,4,64,0,0,194371289348,194373984366,2695017,2849,8388608
Uring,throughput,0,4,64,0,0,194371296065,194372206890,910825,59,8388608
Uring,throughput,0,4,64,0,0,194371296748,194371981417,684668,26,8388608
Uring,throughput,0,4,64,0,0,194371300159,194372489830,1189670,2057,8388608
Uring,throughput,0,4,64,0,0,194371302274,194372424625,1122350,151,8388608
Uring,throughput,0,4,64,0,0,194371303682,194372298799,995117,16,8388608
Uring,throughput,0,4,64,0,0,194371342620,194371660653,318033,30,8388608
Uring,throughput,0,4,64,0,0,194371346526,194372381437,1034911,3836,8388608
Uring,throughput,0,4,64,0,0,194371349809,194371696701,346891,572,8388608
Uring,throughput,0,4,64,0,0,194371351602,194374234568,2882966,3233,8388608
Uring,throughput,0,4,64,0,0,194371352581,194371503949,151368,1695,8388608
Uring,throughput,0,4,64,0,0,194371355148,194371663100,307952,40,8388608
Uring,throughput,0,4,64,0,0,194371358320,194372495232,1136912,58,8388608
Uring,throughput,0,4,64,0,0,194371373957,194371857039,483081,82,8388608
Uring,throughput,0,4,64,0,0,194371386750,194372447453,1060703,4781,8388608
Uring,throughput,0,4,64,0,0,194371394182,194371872242,478059,23,8388608
Uring,throughput,0,4,64,0,0,194371395522,194372054967,659445,16,8388608
Uring,throughput,0,4,64,0,0,194371406917,194372078378,671460,2401,8388608
Uring,throughput,0,4,64,0,0,194371406999,194372540266,1133267,58,8388608
Uring,throughput,0,4,64,0,0,194371407818,194372112886,705067,26,8388608
Uring,throughput,0,4,64,0,0,194371409059,194372915766,1506707,18,8388608
Uring,throughput,0,4,64,0,0,194371409306,194373058902,1649595,116,8388608
Uring,throughput,0,4,64,0,0,194371413696,194372317030,903334,1713,8388608
Uring,throughput,0,4,64,0,0,194371420795,194374296023,2875228,4126,8388608
Uring,throughput,0,4,64,0,0,194371423933,194371891226,467293,31,8388608
Uring,throughput,0,4,64,0,0,194371424435,194371959708,535272,56,8388608
Uring,throughput,0,4,64,0,0,194371435359,194372105044,669685,1167,8388608
Uring,throughput,0,4,64,0,0,194371436813,194374070944,2634130,3583,8388608
Uring,throughput,0,4,64,0,0,194371438298,194372059479,621180,20,8388608
Uring,throughput,0,4,64,0,0,194371440943,194372506211,1065268,25,8388608
Uring,throughput,0,4,64,0,0,194371442100,194371703671,261570,96,8388608
Uring,throughput,0,4,64,0,0,194371443822,194371902308,458486,38,8388608
Uring,throughput,0,4,64,0,0,194371447500,194371655038,207538,59,8388608
Uring,throughput,0,4,64,0,0,194371453955,194372649773,1195818,918,8388608
Uring,throughput,0,4,64,0,0,194371457798,194373959807,2502008,5381,8388608
Uring,throughput,0,4,64,0,0,194371461376,194372117429,656052,79,8388608
Uring,throughput,0,4,64,0,0,194371462445,194372394511,932065,9630,8388608
Uring,throughput,0,4,64,0,0,194371463457,194372487627,1024169,9089,8388608
Uring,throughput,0,4,64,0,0,194371464593,194372076162,611568,24,8388608
Uring,throughput,0,4,64,0,0,194371466898,194372658155,1191257,18,8388608
Uring,throughput,0,4,64,0,0,194371469664,194373181906,1712242,2222,8388608
Uring,throughput,0,4,64,0,0,194371472135,194373775111,2302976,14,8388608
Uring,throughput,0,4,64,0,0,194371473551,194371592178,118627,2998,8388608
Uring,throughput,0,4,64,0,0,194371475259,194372201779,726519,41,8388608
Uring,throughput,0,4,64,0,0,194371476262,194371923841,447578,95,8388608
Uring,throughput,0,4,64,0,0,194371476583,194372161239,684656,995,8388608
Uring,throughput,0,4,64,0,0,194371480404,194372070482,590077,910,8388608
Uring,throughput,0,4,64,0,0,194371482372,194372720306,1237934,34,8388608
Uring,throughput,0,4,64,0,0,194371483657,194371860207,376549,14,8388608
Uring,throughput,0,4,64,0,0,194371486441,194371642916,156474,148,8388608
Uring,throughput,0,4,64,0,0,194371494320,194373645815,2151494,3317,8388608
Uring,throughput,0,4,64,0,0,194371499802,194372163145,663342,3577,8388608
Uring,throughput,0,4,64,0,0,194371503956,194371659327,155370,38,8388608
Uring,throughput,0,4,64,0,0,194371510712,194374332414,2821702,215,8388608
Uring,throughput,0,4,64,0,0,194371513109,194372826416,1313306,46,8388608
Uring,throughput,0,4,64,0,0,194371517269,194371666903,149634,2367,8388608
Uring,throughput,0,4,64,0,0,194371525243,194372180884,655640,21,8388608
Uring,throughput,0,4,64,0,0,194371525988,194371767336,241347,630,8388608
Uring,throughput,0,4,64,0,0,194371536952,194372512808,975855,131,8388608
Uring,throughput,0,4,64,0,0,194371537728,194371678711,140982,16,8388608
Uring,throughput,0,4,64,0,0,194371538418,194372275602,737184,22,8388608
Uring,throughput,0,4,64,0,0,194371538992,194372856473,1317480,78,8388608
Uring,throughput,0,4,64,0,0,194371541324,194372810600,1269276,3301,8388608
Uring,throughput,0,4,64,0,0,194371542269,194371964858,422589,16,8388608
Uring,throughput,0,4,64,0,0,194371543559,194372114288,570728,18,8388608
Uring,throughput,0,4,64,0,0,194371544250,194372512062,967812,34,8388608
Uring,throughput,0,4,64,0,0,194371553624,194371728995,175370,20,8388608
Uring,throughput,0,4,64,0,0,194371554721,194372079423,524701,26,8388608
Uring,throughput,0,4,64,0,0,194371569367,194372513610,944243,67,8388608
Uring,throughput,0,4,64,0,0,194371571677,194372000480,428802,4167,8388608
Uring,throughput,0,4,64,0,0,194371581783,194372525318,943535,34,8388608
Uring,throughput,0,4,64,0,0,194371583249,194375076631,3493381,96,8388608
Uring,throughput,0,4,64,0,0,194371592184,194372139609,547425,47,8388608
Uring,throughput,0,4,64,0,0,194371593540,194372336037,742497,48,8388608
Uring,throughput,0,4,64,0,0,194371595466,194372199805,604339,70,8388608
Uring,throughput,0,4,64,0,0,194371614225,194373029339,1415113,4363,8388608
Uring,throughput,0,4,64,0,0,194371618336,194374021406,2403070,4116,8388608
Uring,throughput,0,4,64,0,0,194371618854,194372245349,626494,46,8388608
Uring,throughput,0,4,64,0,0,194371626521,194374741060,3114538,42,8388608
Uring,throughput,0,4,64,0,0,194371628775,194373004398,1375623,5414,8388608
Uring,throughput,0,4,64,0,0,194371630804,194372049092,418287,70,8388608
Uring,throughput,0,4,64,0,0,194371630911,194372055146,424234,3693,8388608
Uring,throughput,0,4,64,0,0,194371642923,194374032532,2389608,3297,8388608
Uring,throughput,0,4,64,0,0,194371655046,194373073625,1418578,3834,8388608
Uring,throughput,0,4,64,0,0,194371659334,194372082914,423579,39,8388608
Uring,throughput,0,4,64,0,0,194371660656,194372306574,645918,2392,8388608
Uring,throughput,0,4,64,0,0,194371663107,194372167326,504218,81,8388608
Uring,throughput,0,4,64,0,0,194371665811,194373881806,2215995,119,8388608
Uring,throughput,0,4,64,0,0,194371666649,194372216643,549994,26,8388608
Uring,throughput,0,4,64,0,0,194371666907,194372403692,736784,47,8388608
Uring,throughput,0,4,64,0,0,194371673865,194371884449,210584,39,8388608
Uring,throughput,0,4,64,0,0,194371674814,194372374182,699368,115,8388608
Uring,throughput,0,4,64,0,0,194371678717,194373106218,1427501,5196,8388608
Uring,throughput,0,4,64,0,0,194371681530,194372386407,704876,20,8388608
Uring,throughput,0,4,64,0,0,194371684222,194374044665,2360442,29,8388608
Uring,throughput,0,4,64,0,0,194371696710,194372271395,574685,62,8388608
Uring,throughput,0,4,64,0,0,194371703679,194374179195,2475515,4620,8388608
Uring,throughput,0,4,64,0,0,194371707843,194372361240,653397,3652,8388608
Uring,throughput,0,4,64,0,0,194371708037,194372041246,333209,3311,8388608
Uring,throughput,0,4,64,0,0,194371708345,194373135941,1427596,3574,8388608
Uring,throughput,0,4,64,0,0,194371711644,194372794914,1083269,470,8388608
Uring,throughput,0,4,64,0,0,194371712145,194372139523,427377,2980,8388608
Uring,throughput,0,4,64,0,0,194371713092,194373005747,1292655,38,8388608
Uring,throughput,0,4,64,0,0,194371715277,194372519515,804237,113,8388608
Uring,throughput,0,4,64,0,0,194371717434,194374597695,2880261,3200,8388608
Uring,throughput,0,4,64,0,0,194371727797,194372083165,355367,662,8388608
Uring,throughput,0,4,64,0,0,194371728540,194372386438,657897,13,8388608
Uring,throughput,0,4,64,0,0,194371728998,194372077896,348898,638,8388608
Uring,throughput,0,4,64,0,0,194371730205,194372383436,653231,43,8388608
Uring,throughput,0,4,64,0,0,194371732524,194372120905,388380,12,8388608
Uring,throughput,0,4,64,0,0,194371738147,194372393530,655382,23,8388608
Uring,throughput,0,4,64,0,0,194371739710,194372158629,418918,24,8388608
Uring,throughput,0,4,64,0,0,194371742684,194372710349,967664,3747,8388608
Uring,throughput,0,4,64,0,0,194371749401,194372167808,418406,132,8388608
Uring,throughput,0,4,64,0,0,194371749604,194372401055,651450,72,8388608
Uring,throughput,0,4,64,0,0,194371759797,194372327362,567565,54,8388608
Uring,throughput,0,4,64,0,0,194371765596,194372190156,424559,4266,8388608
Uring,throughput,0,4,64,0,0,194371767342,194372856105,1088763,13,8388608
Uring,throughput,0,4,64,0,0,194371773840,194372697843,924003,51,8388608
Uring,throughput,0,4,64,0,0,194371775388,194372198276,422888,3111,8388608
Uring,throughput,0,4,64,0,0,194371776232,194372427480,651248,11,8388608
Uring,throughput,0,4,64,0,0,194371776791,194372349795,573003,13,8388608
Uring,throughput,0,4,64,0,0,194371783234,194373127840,1344606,22,8388608
Uring,throughput,0,4,64,0,0,194371786287,194372435267,648979,1694,8388608
Uring,throughput,0,4,64,0,0,194371812709,194372490732,678022,2650,8388608
Uring,throughput,0,4,64,0,0,194371827330,194372504221,676891,22,8388608
Uring,throughput,0,4,64,0,0,194371833609,194374087037,2253427,22,8388608
Uring,throughput,0,4,64,0,0,194371835835,194373871956,2036121,48,8388608
Uring,throughput,0,4,64,0,0,194371845441,194372569476,724035,2168,8388608
Uring,throughput,0,4,64,0,0,194371850204,194372567623,717419,38,8388608
Uring,throughput,0,4,64,0,0,194371853424,194372601885,748461,83,8388608
Uring,throughput,0,4,64,0,0,194371855578,194372587102,731524,3504,8388608
Uring,throughput,0,4,64,0,0,194371857047,194373319857,1462809,23,8388608
Uring,throughput,0,4,64,0,0,194371860212,194372260744,400531,2034,8388608
Uring,throughput,0,4,64,0,0,194371867528,194372616626,749098,1061,8388608
Uring,throughput,0,4,64,0,0,194371872248,194374093344,2221095,5044,8388608
Uring,throughput,0,4,64,0,0,194371877397,194374426140,2548742,120,8388608
Uring,throughput,0,4,64,0,0,194371884484,194372286179,401694,47,8388608
Uring,throughput,0,4,64,0,0,194371886058,194372585439,699381,828,8388608
Uring,throughput,0,4,64,0,0,194371891232,194372461399,570167,59,8388608
Uring,throughput,0,4,64,0,0,194371902315,194372291239,388923,22,8388608
Uring,throughput,0,4,64,0,0,194371906148,194373400403,1494255,3545,8388608
Uring,throughput,0,4,64,0,0,194371907472,194372659163,751691,1013,8388608
Uring,throughput,0,4,64,0,0,194371910381,194372562224,651842,2798,8388608
Uring,throughput,0,4,64,0,0,194371914910,194372302881,387971,20,8388608
Uring,throughput,0,4,64,0,0,194371915040,194373679734,1764693,22,8388608
Uring,throughput,0,4,64,0,0,194371922308,194372306027,383718,858,8388608
Uring,throughput,0,4,64,0,0,194371923847,194373425883,1502035,125,8388608
Uring,throughput,0,4,64,0,0,194371933758,194372594024,660266,25,8388608
Uring,throughput,0,4,64,0,0,194371936154,194372592574,656419,110,8388608
Uring,throughput,0,4,64,0,0,194371938507,194372758656,820149,35,8388608
Uring,throughput,0,4,64,0,0,194371942148,194372421280,479132,35,8388608
Uring,throughput,0,4,64,0,0,194371952795,194373279492,1326697,29,8388608
Uring,throughput,0,4,64,0,0,194371954259,194372348399,394140,784,8388608
Uring,throughput,0,4,64,0,0,194371959716,194372775591,815874,18,8388608
Uring,throughput,0,4,64,0,0,194371963936,194372631352,667415,22,8388608
Uring,throughput,0,4,64,0,0,194371964860,194372334892,370032,2462,8388608
Uring,throughput,0,4,64,0,0,194371980560,194372346919,366359,16,8388608
Uring,throughput,0,4,64,0,0,194371981424,194372905691,924267,14,8388608
Uring,throughput,0,4,64,0,0,194371990915,194372772458,781542,3077,8388608
Uring,throughput,0,4,64,0,0,194372000488,194372779117,778628,46,8388608
Uring,throughput,0,4,64,0,0,194372002265,194372784334,782068,3085,8388608
Uring,throughput,0,4,64,0,0,194372017746,194372685669,667923,74,8388608
Uring,throughput,0,4,64,0,0,194372026546,194372700084,673538,1818,8388608
Uring,throughput,0,4,64,0,0,194372041254,194372712082,670828,20,8388608
Uring,throughput,0,4,64,0,0,194372045570,194374184628,2139057,22,8388608
Uring,throughput,0,4,64,0,0,194372049100,194374770144,2721044,22,8388608
Uring,throughput,0,4,64,0,0,194372054976,194374784883,2729907,2424,8388608
Uring,throughput,0,4,64,0,0,194372055153,194373617527,1562374,93,8388608
Uring,throughput,0,4,64,0,0,194372058932,194374183637,2124704,18,8388608
Uring,throughput,0,4,64,0,0,194372059487,194373639602,1580114,2722,8388608
Uring,throughput,0,4,64,0,0,194372064576,194374150867,2086291,26,8388608
Uring,throughput,0,4,64,0,0,194372070490,194373089090,1018599,200,8388608
Uring,throughput,0,4,64,0,0,194372076169,194373666744,1590575,2712,8388608
Uring,throughput,0,4,64,0,0,194372077903,194372853480,775576,14,8388608
Uring,throughput,0,4,64,0,0,194372078385,194373002607,924222,18,8388608
Uring,throughput,0,4,64,0,0,194372079427,194372759202,679775,5296,8388608
Uring,throughput,0,4,64,0,0,194372082917,194372860417,777499,42,8388608
Uring,throughput,0,4,64,0,0,194372082920,194373195653,1112732,2070,8388608
Uring,throughput,0,4,64,0,0,194372083172,194372289896,206724,112,8388608
Uring,throughput,0,4,64,0,0,194372096180,194374164862,2068682,3250,8388608
Uring,throughput,0,4,64,0,0,194372103208,194372763169,659961,23,8388608
Uring,throughput,0,4,64,0,0,194372105049,194372785816,680767,19,8388608
Uring,throughput,0,4,64,0,0,194372106568,194372928313,821745,26,8388608
Uring,throughput,0,4,64,0,0,194372112915,194372827491,714576,432,8388608
Uring,throughput,0,4,64,0,0,194372114291,194372799509,685218,4114,8388608
Uring,throughput,0,4,64,0,0,194372117434,194372788516,671081,40,8388608
Uring,throughput,0,4,64,0,0,194372120909,194373089301,968391,10,8388608
Uring,throughput,0,4,64,0,0,194372122907,194372804918,682010,19,8388608
Uring,throughput,0,4,64,0,0,194372127496,194372808416,680919,15,8388608
Uring,throughput,0,4,64,0,0,194372139530,194372453293,313762,26,8388608
Uring,throughput,0,4,64,0,0,194372139636,194374064323,1924686,20,8388608
Uring,throughput,0,4,64,0,0,194372142250,194373063604,921353,90,8388608
Uring,throughput,0,4,64,0,0,194372156558,194374117971,1961413,23,8388608
Uring,throughput,0,4,64,0,0,194372158635,194372839493,680857,968,8388608
Uring,throughput,0,4,64,0,0,194372161245,194372892669,731424,14,8388608
Uring,throughput,0,4,64,0,0,194372163151,194373508897,1345746,17,8388608
Uring,throughput,0,4,64,0,0,194372165758,194373202785,1037026,61,8388608
Uring,throughput,0,4,64,0,0,194372167331,194372803733,636402,19,8388608
Uring,throughput,0,4,64,0,0,194372167811,194372942566,774754,13,8388608
Uring,throughput,0,4,64,0,0,194372175854,194372847158,671303,17,8388608
Uring,throughput,0,4,64,0,0,194372180892,194372852913,672021,2265,8388608
Uring,throughput,0,4,64,0,0,194372188139,194372857602,669462,27,8388608
Uring,throughput,0,4,64,0,0,194372190161,194373929323,1739162,18,8388608
Uring,throughput,0,4,64,0,0,194372198284,194372226088,27803,143,8388608
Uring,throughput,0,4,64,0,0,194372199809,194372867528,667719,1998,8388608
Uring,throughput,0,4,64,0,0,194372201785,194372872902,671117,4032,8388608
Uring,throughput,0,4,64,0,0,194372206898,194373501729,1294830,44,8388608
Uring,throughput,0,4,64,0,0,194372216650,194372988736,772085,2139,8388608
Uring,throughput,0,4,64,0,0,194372218064,194372990216,772151,35,8388608
Uring,throughput,0,4,64,0,0,194372220234,194372889118,668883,1944,8388608
Uring,throughput,0,4,64,0,0,194372226093,194374213261,1987168,32,8388608
Uring,throughput,0,4,64,0,0,194372229397,194373449787,1220390,2350,8388608
Uring,throughput,0,4,64,0,0,194372238494,194372723930,485436,20,8388608
Uring,throughput,0,4,64,0,0,194372239402,194372899633,660230,101,8388608
Uring,throughput,0,4,64,0,0,194372241867,194373114659,872792,47,8388608
Uring,throughput,0,4,64,0,0,194372245353,194372589709,344356,20,8388608
Uring,throughput,0,4,64,0,0,194372260751,194372868528,607776,127,8388608
Uring,throughput,0,4,64,0,0,194372262391,194373024395,762004,32,8388608
Uring,throughput,0,4,64,0,0,194372269026,194374380106,2111080,23,8388608
Uring,throughput,0,4,64,0,0,194372269953,194372927760,657807,2163,8388608
Uring,throughput,0,4,64,0,0,194372271402,194372902890,631488,5125,8388608
Uring,throughput,0,4,64,0,0,194372275606,194372924334,648727,648,8388608
Uring,throughput,0,4,64,0,0,194372277584,194372648086,370502,1717,8388608
Uring,throughput,0,4,64,0,0,194372286186,194372930615,644429,4375,8388608
Uring,throughput,0,4,64,0,0,194372289903,194373118092,828189,25,8388608
Uring,throughput,0,4,64,0,0,194372291263,194372328089,36825,875,8388608
Uring,throughput,0,4,64,0,0,194372298806,194372686634,387827,2478,8388608
Uring,throughput,0,4,64,0,0,194372302885,194373063375,760490,5011,8388608
Uring,throughput,0,4,64,0,0,194372306031,194372778979,472947,53,8388608
Uring,throughput,0,4,64,0,0,194372306577,194372691852,385275,32,8388608
Uring,throughput,0,4,64,0,0,194372317034,194372909456,592422,48,8388608
Uring,throughput,0,4,64,0,0,194372327370,194372721921,394551,114,8388608
Uring,throughput,0,4,64,0,0,194372328116,194372852501,524385,64,8388608
Uring,throughput,0,4,64,0,0,194372329552,194372738802,409249,3853,8388608
Uring,throughput,0,4,64,0,0,194372334898,194373198121,863222,29,8388608
Uring,throughput,0,4,64,0,0,194372335501,194372732422,396920,153,8388608
Uring,throughput,0,4,64,0,0,194372336041,194373012288,676247,1146,8388608
Uring,throughput,0,4,64,0,0,194372346925,194373179516,832590,1288,8388608
Uring,throughput,0,4,64,0,0,194372348402,194372649552,301150,21,8388608
Uring,throughput,0,4,64,0,0,194372349804,194372877822,528018,178,8388608
Uring,throughput,0,4,64,0,0,194372361249,194373101482,740232,25,8388608
Uring,throughput,0,4,64,0,0,194372374190,194372798511,424321,29,8388608
Uring,throughput,0,4,64,0,0,194372380195,194375022095,2641899,3296,8388608
Uring,throughput,0,4,64,0,0,194372381443,194374068158,1686714,30,8388608
Uring,throughput,0,4,64,0,0,194372381879,194375102668,2720788,12,8388608
Uring,throughput,0,4,64,0,0,194372383463,194373117742,734278,2284,8388608
Uring,throughput,0,4,64,0,0,194372386425,194372823123,436698,2884,8388608
Uring,throughput,0,4,64,0,0,194372386442,194372954218,567775,14,8388608
Uring,throughput,0,4,64,0,0,194372388273,194374267214,1878940,5100,8388608
Uring,throughput,0,4,64,0,0,194372393536,194373099315,705779,65,8388608
Uring,throughput,0,4,64,0,0,194372394519,194372826347,431828,81,8388608
Uring,throughput,0,4,64,0,0,194372401061,194372964055,562994,52,8388608
Uring,throughput,0,4,64,0,0,194372403699,194373952688,1548988,29,8388608
Uring,throughput,0,4,64,0,0,194372412323,194373268118,855794,31,8388608
Uring,throughput,0,4,64,0,0,194372421289,194373518280,1096991,653,8388608
Uring,throughput,0,4,64,0,0,194372424634,194373730537,1305903,25,8388608
Uring,throughput,0,4,64,0,0,194372427485,194373073976,646490,13,8388608
Uring,throughput,0,4,64,0,0,194372431364,194372871411,440047,1078,8388608
Uring,throughput,0,4,64,0,0,194372433023,194373007724,574701,84,8388608
Uring,throughput,0,4,64,0,0,194372435274,194372873052,437777,91,8388608
Uring,throughput,0,4,64,0,0,194372437270,194373718473,1281203,22,8388608
Uring,throughput,0,4,64,0,0,194372447461,194374265208,1817747,25,8388608
Uring,throughput,0,4,64,0,0,194372451330,194372968773,517443,2012,8388608
Uring,throughput,0,4,64,0,0,194372453299,194373119723,666424,82,8388608
Uring,throughput,0,4,64,0,0,194372461406,194374578985,2117578,2382,8388608
Uring,throughput,0,4,64,0,0,194372467229,194372904686,437457,93,8388608
Uring,throughput,0,4,64,0,0,194372469278,194373030222,560943,24,8388608
Uring,throughput,0,4,64,0,0,194372470558,194372918131,447573,849,8388608
Uring,throughput,0,4,64,0,0,194372471146,194372908630,437484,85,8388608
Uring,throughput,0,4,64,0,0,194372476410,194372923680,447269,32,8388608
Uring,throughput,0,4,64,0,0,194372478221,194374665335,2187113,18,8388608
Uring,throughput,0,4,64,0,0,194372478983,194372904869,425885,243,8388608
Uring,throughput,0,4,64,0,0,194372487635,194372923842,436206,19,8388608
Uring,throughput,0,4,64,0,0,194372489837,194374887646,2397809,13,8388608
Uring,throughput,0,4,64,0,0,194372490740,194372942103,451363,18,8388608
Uring,throughput,0,4,64,0,0,194372495241,194372951818,456577,43,8388608
Uring,throughput,0,4,64,0,0,194372504231,194374063759,1559528,2230,8388608
Uring,throughput,0,4,64,0,0,194372506217,194373044439,538222,266,8388608
Uring,throughput,0,4,64,0,0,194372512071,194373051839,539768,40,8388608
Uring,throughput,0,4,64,0,0,194372512816,194373242810,729993,33,8388608
Uring,throughput,0,4,64,0,0,194372513615,194374605765,2092149,3920,8388608
Uring,throughput,0,4,64,0,0,194372519522,194373941020,1421497,4095,8388608
Uring,throughput,0,4,64,0,0,194372525327,194372949776,424448,2401,8388608
Uring,throughput,0,4,64,0,0,194372540276,194373949097,1408821,26,8388608
Uring,throughput,0,4,64,0,0,194372548300,194375919434,3371134,62,8388608
Uring,throughput,0,4,64,0,0,194372562232,194373077192,514959,101,8388608
Uring,throughput,0,4,64,0,0,194372567631,194373120069,552438,20,8388608
Uring,throughput,0,4,64,0,0,194372569485,194373221128,651643,51,8388608
Uring,throughput,0,4,64,0,0,194372571683,194373744554,1172871,2437,8388608
Uring,throughput,0,4,64,0,0,194372573111,194373573249,1000138,1054,8388608
Uring,throughput,0,4,64,0,0,194372585447,194373680555,1095108,23,8388608
Uring,throughput,0,4,64,0,0,194372587109,194373923962,1336852,24,8388608
Uring,throughput,0,4,64,0,0,194372589782,194374433999,1844217,5420,8388608
Uring,throughput,0,4,64,0,0,194372592578,194373946653,1354074,3139,8388608
Uring,throughput,0,4,64,0,0,194372594048,194373215517,621468,21,8388608
Uring,throughput,0,4,64,0,0,194372601970,194373377152,775182,977,8388608
Uring,throughput,0,4,64,0,0,194372602883,194374376520,1773637,60,8388608
Uring,throughput,0,4,64,0,0,194372607842,194374505816,1897973,22,8388608
Uring,throughput,0,4,64,0,0,194372612951,194373932355,1319403,28,8388608
Uring,throughput,0,4,64,0,0,194372616632,194373240224,623591,17,8388608
Uring,throughput,0,4,64,0,0,194372618568,194372674807,56239,24,8388608
Uring,throughput,0,4,64,0,0,194372631358,194373739140,1107781,4150,8388608
Uring,throughput,0,4,64,0,0,194372648094,194374050952,1402857,20,8388608
Uring,throughput,0,4,64,0,0,194372649591,194372695630,46039,98,8388608
Uring,throughput,0,4,64,0,0,194372649778,194373218753,568975,53,8388608
Uring,throughput,0,4,64,0,0,194372658162,194374496071,1837908,43,8388608
Uring,throughput,0,4,64,0,0,194372659175,194373442869,783693,45,8388608
Uring,throughput,0,4,64,0,0,194372659647,194373339265,679617,96,8388608
Uring,throughput,0,4,64,0,0,194372663241,194373137194,473952,38,8388608
Uring,throughput,0,4,64,0,0,194372664995,194372920164,255168,1097,8388608
Uring,throughput,0,4,64,0,0,194372674811,194372729439,54628,64,8388608
Uring,throughput,0,4,64,0,0,194372685677,194373709180,1023502,19,8388608
Uring,throughput,0,4,64,0,0,194372686640,194373109940,423300,18,8388608
Uring,throughput,0,4,64,0,0,194372691859,194373286225,594365,65,8388608
Uring,throughput,0,4,64,0,0,194372695636,194374397303,1701667,4891,8388608
Uring,throughput,0,4,64,0,0,194372697851,194373266370,568519,38,8388608
Uring,throughput,0,4,64,0,0,194372700090,194373114981,414890,42,8388608
Uring,throughput,0,4,64,0,0,194372710358,194374110958,1400599,29,8388608
Uring,throughput,0,4,64,0,0,194372712089,194374305584,1593495,19,8388608
Uring,throughput,0,4,64,0,0,194372720311,194374540033,1819721,17,8388608
Uring,throughput,0,4,64,0,0,194372721929,194374536454,1814524,4373,8388608
Uring,throughput,0,4,64,0,0,194372723536,194376393309,3669773,16,8388608
Uring,throughput,0,4,64,0,0,194372723937,194373752381,1028444,57,8388608
Uring,throughput,0,4,64,0,0,194372729133,194373086837,357704,20,8388608
Uring,throughput,0,4,64,0,0,194372729445,194373376772,647326,733,8388608
Uring,throughput,0,4,64,0,0,194372732427,194373949084,1216656,16,8388608
Uring,throughput,0,4,64,0,0,194372738812,194372769101,30288,58,8388608
Uring,throughput,0,4,64,0,0,194372752747,194373225829,473081,1782,8388608
Uring,throughput,0,4,64,0,0,194372758668,194376251362,3492694,25,8388608
Uring,throughput,0,4,64,0,0,194372759206,194373118073,358867,19,8388608
Uring,throughput,0,4,64,0,0,194372763177,194373947164,1183987,2939,8388608
Uring,throughput,0,4,64,0,0,194372769107,194373290544,521437,15,8388608
Uring,throughput,0,4,64,0,0,194372772465,194377643391,4870926,19,8388608
Uring,throughput,0,4,64,0,0,194372773309,194375097599,2324290,28,8388608
Uring,throughput,0,4,64,0,0,194372775596,194374550351,1774754,3556,8388608
Uring,throughput,0,4,64,0,0,194372775730,194374457215,1681485,4062,8388608
Uring,throughput,0,4,64,0,0,194372778987,194373474175,695188,36,8388608
Uring,throughput,0,4,64,0,0,194372779124,194373135538,356414,198,8388608
Uring,throughput,0,4,64,0,0,194372784341,194373337980,553639,30,8388608
Uring,throughput,0,4,64,0,0,194372785822,194373049254,263431,16,8388608
Uring,throughput,0,4,64,0,0,194372788520,194374768610,1980089,4946,8388608
Uring,throughput,0,4,64,0,0,194372790320,194374917407,2127087,3495,8388608
Uring,throughput,0,4,64,0,0,194372794918,194374409892,1614974,2506,8388608
Uring,throughput,0,4,64,0,0,194372798515,194373161905,363389,11,8388608
Uring,throughput,0,4,64,0,0,194372799519,194374504436,1704917,87,8388608
Uring,throughput,0,4,64,0,0,194372803742,194373286175,482432,55,8388608
Uring,throughput,0,4,64,0,0,194372804926,194375447433,2642507,58,8388608
Uring,throughput,0,4,64,0,0,194372808424,194374920994,2112569,15208,8388608
Uring,throughput,0,4,64,0,0,194372810608,194374569536,1758927,57,8388608
Uring,throughput,0,4,64,0,0,194372823130,194373582953,759822,44,8388608
Uring,throughput,0,4,64,0,0,194372826383,194373177846,351462,28,8388608
Uring,throughput,0,4,64,0,0,194372826423,194373688490,862066,2573,8388608
Uring,throughput,0,4,64,0,0,194372827534,194373339204,511669,49,8388608
Uring,throughput,0,4,64,0,0,194372839501,194374491406,1651905,17,8388608
Uring,throughput,0,4,64,0,0,194372847165,194374537147,1689981,4298,8388608
Uring,throughput,0,4,64,0,0,194372852510,194373186112,333601,113,8388608
Uring,throughput,0,4,64,0,0,194372852921,194373388169,535248,191,8388608
Uring,throughput,0,4,64,0,0,194372853488,194372992310,138821,19,8388608
Uring,throughput,0,4,64,0,0,194372856112,194373506825,650712,31,8388608
Uring,throughput,0,4,64,0,0,194372856478,194373203653,347174,2066,8388608
Uring,throughput,0,4,64,0,0,194372857607,194373539081,681473,12,8388608
Uring,throughput,0,4,64,0,0,194372858909,194374342561,1483651,60,8388608
Uring,throughput,0,4,64,0,0,194372860425,194374610478,1750052,2265,8388608
Uring,throughput,0,4,64,0,0,194372867534,194373249561,382026,16,8388608
Uring,throughput,0,4,64,0,0,194372868535,194373221422,352887,22,8388608
Uring,throughput,0,4,64,0,0,194372871416,194375538312,2666896,16,8388608
Uring,throughput,0,4,64,0,0,194372872909,194375046938,2174028,66,8388608
Uring,throughput,0,4,64,0,0,194372873056,194373223810,350754,17,8388608
Uring,throughput,0,4,64,0,0,194372877849,194373408524,530675,745,8388608
Uring,throughput,0,4,64,0,0,194372889127,194373573382,684255,16,8388608
Uring,throughput,0,4,64,0,0,194372892676,194373417860,525184,17,8388608
Uring,throughput,0,4,64,0,0,194372899663,194374533105,1633442,122,8388608
Uring,throughput,0,4,64,0,0,194372902227,194375135549,2233321,129,8388608
Uring,throughput,0,4,64,0,0,194372902894,194374644560,1741666,17,8388608
Uring,throughput,0,4,64,0,0,194372904693,194373253530,348836,2626,8388608
Uring,throughput,0,4,64,0,0,194372904896,194374809865,1904969,10494,8388608
Uring,throughput,0,4,64,0,0,194372905697,194375406812,2501114,4599,8388608
Uring,throughput,0,4,64,0,0,194372908677,194373435454,526777,2838,8388608
Uring,throughput,0,4,64,0,0,194372909459,194373248739,339279,856,8388608
Uring,throughput,0,4,64,0,0,194372915771,194373238550,322778,2597,8388608
Uring,throughput,0,4,64,0,0,194372918140,194375080869,2162729,463,8388608
Uring,throughput,0,4,64,0,0,194372920169,194373143166,222996,31,8388608
Uring,throughput,0,4,64,0,0,194372923684,194374963952,2040268,1682,8388608
Uring,throughput,0,4,64,0,0,194372923844,194374786299,1862455,14,8388608
Uring,throughput,0,4,64,0,0,194372924375,194373101091,176716,22,8388608
Uring,throughput,0,4,64,0,0,194372927769,194373434130,506361,40,8388608
Uring,throughput,0,4,64,0,0,194372928319,194373229319,300999,118,8388608
Uring,throughput,0,4,64,0,0,194372930620,194373266975,336355,56,8388608
Uring,throughput,0,4,64,0,0,194372942111,194373678522,736411,40,8388608
Uring,throughput,0,4,64,0,0,194372942590,194373562829,620238,972,8388608
Uring,throughput,0,4,64,0,0,194372949784,194373355888,406104,21,8388608
Uring,throughput,0,4,64,0,0,194372951200,194374514476,1563276,35,8388608
Uring,throughput,0,4,64,0,0,194372951826,194373548473,596647,17136,8388608
Uring,throughput,0,4,64,0,0,194372954298,194374317905,1363606,63,8388608
Uring,throughput,0,4,64,0,0,194372964262,194374719294,1755032,4863,8388608
Uring,throughput,0,4,64,0,0,194372968778,194373803371,834592,594,8388608
Uring,throughput,0,4,64,0,0,194372988765,194374238905,1250140,29,8388608
Uring,throughput,0,4,64,0,0,194372990248,194373299145,308897,39,8388608
Uring,throughput,0,4,64,0,0,194372992316,194373280820,288504,2571,8388608
Uring,throughput,0,4,64,0,0,194373002613,194373886185,883571,20,8388608
Uring,throughput,0,4,64,0,0,194373004402,194373266597,262195,96,8388608
Uring,throughput,0,4,64,0,0,194373005756,194373513756,508000,2014,8388608
Uring,throughput,0,4,64,0,0,194373007730,194373887403,879672,69,8388608
Uring,throughput,0,4,64,0,0,194373012297,194373635276,622978,34,8388608
Uring,throughput,0,4,64,0,0,194373024403,194373797207,772804,5083,8388608
Uring,throughput,0,4,64,0,0,194373029370,194373629272,599902,341,8388608
Uring,throughput,0,4,64,0,0,194373030227,194373536546,506318,2169,8388608
Uring,throughput,0,4,64,0,0,194373044447,194374630272,1585825,2273,8388608
Uring,throughput,0,4,64,0,0,194373049262,194373334957,285694,14207,8388608
Uring,throughput,0,4,64,0,0,194373051843,194373568075,516231,12265,8388608
Uring,throughput,0,4,64,0,0,194373058909,194374406602,1347693,2627,8388608
Uring,throughput,0,4,64,0,0,194373060915,194375052338,1991423,26,8388608
Uring,throughput,0,4,64,0,0,194373063380,194373326023,262643,15,8388608
Uring,throughput,0,4,64,0,0,194373063610,194374160736,1097125,3193,8388608
Uring,throughput,0,4,64,0,0,194373073631,194373926890,853259,23,8388608
Uring,throughput,0,4,64,0,0,194373073981,194373573892,499910,1859,8388608
Uring,throughput,0,4,64,0,0,194373077200,194373874173,796973,92,8388608
Uring,throughput,0,4,64,0,0,194373086846,194373662490,575643,4042,8388608
Uring,throughput,0,4,64,0,0,194373089098,194373814318,725219,17,8388608
Uring,throughput,0,4,64,0,0,194373089307,194374090448,1001140,2352,8388608
Uring,throughput,0,4,64,0,0,194373099323,194373651568,552245,4435,8388608
Uring,throughput,0,4,64,0,0,194373101099,194374047578,946479,25,8388608
Uring,throughput,0,4,64,0,0,194373101485,194375596682,2495197,15,8388608
Uring,throughput,0,4,64,0,0,194373106330,194374542903,1436572,55,8388608
Uring,throughput,0,4,64,0,0,194373110035,194374298961,1188926,36,8388608
Uring,throughput,0,4,64,0,0,194373114666,194374793743,1679077,2231,8388608
Uring,throughput,0,4,64,0,0,194373114989,194373314831,199841,55,8388608
Uring,throughput,0,4,64,0,0,194373117747,194373342455,224707,16,8388608
Uring,throughput,0,4,64,0,0,194373118075,194375387114,2269039,69,8388608
Uring,throughput,0,4,64,0,0,194373118128,194373608621,490492,2556,8388608
Uring,throughput,0,4,64,0,0,194373119734,194374149922,1030188,1832,8388608
Uring,throughput,0,4,64,0,0,194373120073,194373704789,584715,6216,8388608
Uring,throughput,0,4,64,0,0,194373127851,194373957825,829974,125,8388608
Uring,throughput,0,4,64,0,0,194373135545,194374751621,1616076,3813,8388608
Uring,throughput,0,4,64,0,0,194373135949,194375062134,1926185,41,8388608
Uring,throughput,0,4,64,0,0,194373137199,194374036853,899654,21,8388608
Uring,throughput,0,4,64,0,0,194373143171,194373933479,790307,16,8388608
Uring,throughput,0,4,64,0,0,194373146537,194375113836,1967298,43,8388608
Uring,throughput,0,4,64,0,0,194373161913,194373768226,606312,108,8388608
Uring,throughput,0,4,64,0,0,194373177856,194373664623,486767,2087,8388608
Uring,throughput,0,4,64,0,0,194373179524,194374677834,1498309,61,8388608
Uring,throughput,0,4,64,0,0,194373181925,194375118249,1936323,99,8388608
Uring,throughput,0,4,64,0,0,194373186120,194375015483,1829363,1814,8388608
Uring,throughput,0,4,64,0,0,194373195661,194373374994,179333,38,8388608
Uring,throughput,0,4,64,0,0,194373198129,194373373374,175244,111,8388608
Uring,throughput,0,4,64,0,0,194373202793,194374072119,869326,30,8388608
Uring,throughput,0,4,64,0,0,194373203658,194373858033,654374,17,8388608
Uring,throughput,0,4,64,0,0,194373205425,194373681923,476498,86,8388608
Uring,throughput,0,4,64,0,0,194373215526,194375174550,1959024,5556,8388608
Uring,throughput,0,4,64,0,0,194373218762,194373374438,155675,23,8388608
Uring,throughput,0,4,64,0,0,194373221136,194373948606,727469,5795,8388608
Uring,throughput,0,4,64,0,0,194373221425,194374066333,844908,6261,8388608
Uring,throughput,0,4,64,0,0,194373223737,194374002134,778396,1832,8388608
Uring,throughput,0,4,64,0,0,194373223810,194374814244,1590433,2005,8388608
Uring,throughput,0,4,64,0,0,194373225835,194374451427,1225591,60,8388608
Uring,throughput,0,4,64,0,0,194373229327,194374964198,1734871,2071,8388608
Uring,throughput,0,4,64,0,0,194373238557,194374192408,953851,70,8388608
Uring,throughput,0,4,64,0,0,194373240233,194374357709,1117476,21,8388608
Uring,throughput,0,4,64,0,0,194373242816,194373325981,83164,2260,8388608
Uring,throughput,0,4,64,0,0,194373245715,194376495665,3249949,39,8388608
Uring,throughput,0,4,64,0,0,194373248747,194373369730,120983,2844,8388608
Uring,throughput,0,4,64,0,0,194373249568,194373764697,515129,77,8388608
Uring,throughput,0,4,64,0,0,194373253537,194374557325,1303788,17,8388608
Uring,throughput,0,4,64,0,0,194373266378,194373740266,473888,1971,8388608
Uring,throughput,0,4,64,0,0,194373266605,194374867304,1600698,21,8388608
Uring,throughput,0,4,64,0,0,194373266983,194374558443,1291459,33,8388608
Uring,throughput,0,4,64,0,0,194373268125,194375314906,2046780,11868,8388608
Uring,throughput,0,4,64,0,0,194373279500,194375470356,2190856,886,8388608
Uring,throughput,0,4,64,0,0,194373280826,194374505207,1224381,166,8388608
Uring,throughput,0,4,64,0,0,194373286181,194373984180,697999,5123,8388608
Uring,throughput,0,4,64,0,0,194373286226,194375071088,1784862,5498,8388608
Uring,throughput,0,4,64,0,0,194373290551,194374049048,758496,2314,8388608
Uring,throughput,0,4,64,0,0,194373299153,194374561140,1261986,2346,8388608
Uring,throughput,0,4,64,0,0,194373314838,194374562422,1247583,7614,8388608
Uring,throughput,0,4,64,0,0,194373319863,194373798993,479130,2629,8388608
Uring,throughput,0,4,64,0,0,194373325988,194374399347,1073358,43,8388608
Uring,throughput,0,4,64,0,0,194373326026,194373799676,473649,31,8388608
Uring,throughput,0,4,64,0,0,194373334966,194373806627,471661,156,8388608
Uring,throughput,0,4,64,0,0,194373338102,194373363271,25168,119,8388608
Uring,throughput,0,4,64,0,0,194373339212,194373812709,473497,83,8388608
Uring,throughput,0,4,64,0,0,194373339271,194374130395,791124,2153,8388608
Uring,throughput,0,4,64,0,0,194373340434,194375351386,2010952,3019,8388608
Uring,throughput,0,4,64,0,0,194373342460,194374565536,1223075,11,8388608
Uring,throughput,0,4,64,0,0,194373355895,194374346864,990969,17,8388608
Uring,throughput,0,4,64,0,0,194373363277,194374096668,733390,619,8388608
Uring,throughput,0,4,64,0,0,194373369738,194374301799,932060,38,8388608
Uring,throughput,0,4,64,0,0,194373373381,194373839670,466288,1810,8388608
Uring,throughput,0,4,64,0,0,194373374455,194374120301,745845,1267,8388608
Uring,throughput,0,4,64,0,0,194373375018,194374054444,679425,124,8388608
Uring,throughput,0,4,64,0,0,194373376781,194374142079,765297,204,8388608
Uring,throughput,0,4,64,0,0,194373377157,194374500188,1123031,394,8388608
Uring,throughput,0,4,64,0,0,194373381879,194374574895,1193015,20,8388608
Uring,throughput,0,4,64,0,0,194373388176,194374840270,1452094,70,8388608
Uring,throughput,0,4,64,0,0,194373397957,194374227504,829546,27,8388608
Uring,throughput,0,4,64,0,0,194373400429,194375220061,1819631,116,8388608
Uring,throughput,0,4,64,0,0,194373405851,194375826817,2420965,220,8388608
Uring,throughput,0,4,64,0,0,194373408532,194374499386,1090853,64,8388608
Uring,throughput,0,4,64,0,0,194373410300,194375248438,1838138,16,8388608
Uring,throughput,0,4,64,0,0,194373417866,194374242508,824642,1999,8388608
Uring,throughput,0,4,64,0,0,194373425891,194375391483,1965592,1452,8388608
Uring,throughput,0,4,64,0,0,194373434182,194373784533,350351,80,8388608
Uring,throughput,0,4,64,0,0,194373435550,194373464042,28491,24,8388608
Uring,throughput,0,4,64,0,0,194373442879,194374554684,1111805,194,8388608
Uring,throughput,0,4,64,0,0,194373449793,194374854405,1404611,16,8388608
Uring,throughput,0,4,64,0,0,194373464048,194374289175,825126,31,8388608
Uring,throughput,0,4,64,0,0,194373466821,194373913344,446523,2253,8388608
Uring,throughput,0,4,64,0,0,194373469669,194375109365,1639695,37,8388608
Uring,throughput,0,4,64,0,0,194373470039,194375114665,1644625,24,8388608
Uring,throughput,0,4,64,0,0,194373471440,194374578735,1107294,38,8388608
Uring,throughput,0,4,64,0,0,194373474178,194375615950,2141771,3597,8388608
Uring,throughput,0,4,64,0,0,194373481555,194374624485,1142929,1732,8388608
Uring,throughput,0,4,64,0,0,194373496339,194374608735,1112396,236,8388608
Uring,throughput,0,4,64,0,0,194373499699,194376078022,2578323,45,8388608
Uring,throughput,0,4,64,0,0,194373501736,194374406222,904485,620,8388608
Uring,throughput,0,4,64,0,0,194373506831,194375623851,2117019,2524,8388608
Uring,throughput,0,4,64,0,0,194373508904,194375582711,2073806,29,8388608
Uring,throughput,0,4,64,0,0,194373513766,194375612989,2099222,131,8388608
Uring,throughput,0,4,64,0,0,194373518289,194374382963,864673,199,8388608
Uring,throughput,0,4,64,0,0,194373522125,194374654089,1131963,1508,8388608
Uring,throughput,0,4,64,0,0,194373536552,194374398907,862355,45,8388608
Uring,throughput,0,4,64,0,0,194373537883,194373567850,29966,2074,8388608
Uring,throughput,0,4,64,0,0,194373539169,194374406879,867709,2501,8388608
Uring,throughput,0,4,64,0,0,194373548478,194374411952,863474,51,8388608
Uring,throughput,0,4,64,0,0,194373562839,194374581412,1018573,22,8388608
Uring,throughput,0,4,64,0,0,194373567856,194374043647,475791,20,8388608
Uring,throughput,0,4,64,0,0,194373568079,194375283178,1715099,36,8388608
Uring,throughput,0,4,64,0,0,194373571915,194373604487,32571,6228,8388608
Uring,throughput,0,4,64,0,0,194373573254,194375692805,2119550,21,8388608
Uring,throughput,0,4,64,0,0,194373573384,194374068355,494970,22,8388608
Uring,throughput,0,4,64,0,0,194373573893,194373991220,417327,21,8388608
Uring,throughput,0,4,64,0,0,194373577225,194375128130,1550905,4563,8388608
Uring,throughput,0,4,64,0,0,194373582962,194373994028,411065,26,8388608
Uring,throughput,0,4,64,0,0,194373604516,194374529203,924687,26,8388608
Uring,throughput,0,4,64,0,0,194373608627,194373634705,26078,85,8388608
Uring,throughput,0,4,64,0,0,194373617535,194374714492,1096957,80,8388608
Uring,throughput,0,4,64,0,0,194373629280,194375619105,1989824,37,8388608
Uring,throughput,0,4,64,0,0,194373634714,194374474719,840004,29,8388608
Uring,throughput,0,4,64,0,0,194373635280,194374059082,423802,130,8388608
Uring,throughput,0,4,64,0,0,194373639608,194374979970,1340362,35,8388608
Uring,throughput,0,4,64,0,0,194373641867,194374727155,1085287,22,8388608
Uring,throughput,0,4,64,0,0,194373645837,194374071584,425747,267,8388608
Uring,throughput,0,4,64,0,0,194373649761,194375511386,1861624,16,8388608
Uring,throughput,0,4,64,0,0,194373651576,194373876022,224445,64,8388608
Uring,throughput,0,4,64,0,0,194373662498,194375463775,1801276,76,8388608
Uring,throughput,0,4,64,0,0,194373664631,194374541422,876791,100,8388608
Uring,throughput,0,4,64,0,0,194373666752,194375551829,1885076,35,8388608
Uring,throughput,0,4,64,0,0,194373671689,194374211189,539500,2513,8388608
Uring,throughput,0,4,64,0,0,194373675145,194375553769,1878623,23,8388608
Uring,throughput,0,4,64,0,0,194373678528,194375500860,1822332,2232,8388608
Uring,throughput,0,4,64,0,0,194373679740,194374110589,430849,1899,8388608
Uring,throughput,0,4,64,0,0,194373680637,194375503219,1822582,146,8388608
Uring,throughput,0,4,64,0,0,194373681957,194374546471,864514,22,8388608
Uring,throughput,0,4,64,0,0,194373688498,194374128356,439858,44,8388608
Uring,throughput,0,4,64,0,0,194373696479,194375591075,1894596,19,8388608
Uring,throughput,0,4,64,0,0,194373699085,194375520661,1821576,1542,8388608
Uring,throughput,0,4,64,0,0,194373704803,194374758417,1053613,70,8388608
Uring,throughput,0,4,64,0,0,194373709188,194376695880,2986692,10597,8388608
Uring,throughput,0,4,64,0,0,194373718481,194375655762,1937280,61,8388608
Uring,throughput,0,4,64,0,0,194373724909,194374069067,344157,45,8388608
Uring,throughput,0,4,64,0,0,194373725456,194374159906,434450,62,8388608
Uring,throughput,0,4,64,0,0,194373725743,194374337716,611973,29,8388608
Uring,throughput,0,4,64,0,0,194373730598,194374502744,772146,2260,8388608
Uring,throughput,0,4,64,0,0,194373739148,194374715055,975907,46,8388608
Uring,throughput,0,4,64,0,0,194373740274,194375588368,1848094,29,8388608
Uring,throughput,0,4,64,0,0,194373744560,194374178620,434060,14,8388608
Uring,throughput,0,4,64,0,0,194373747061,194374178449,431388,31,8388608
Uring,throughput,0,4,64,0,0,194373752388,194375658569,1906180,2631,8388608
Uring,throughput,0,4,64,0,0,194373754863,194375229321,1474458,187,8388608
Uring,throughput,0,4,64,0,0,194373757165,194374873992,1116826,2117,8388608
Uring,throughput,0,4,64,0,0,194373764705,194375914930,2150225,2211,8388608
Uring,throughput,0,4,64,0,0,194373768232,194374202215,433983,23,8388608
Uring,throughput,0,4,64,0,0,194373775137,194374815094,1039957,18,8388608
Uring,throughput,0,4,64,0,0,194373775907,194375630617,1854709,25,8388608
Uring,throughput,0,4,64,0,0,194373784541,194374299950,515409,1852,8388608
Uring,throughput,0,4,64,0,0,194373787802,194374824304,1036501,1328,8388608
Uring,throughput,0,4,64,0,0,194373797214,194374679587,882373,25,8388608
Uring,throughput,0,4,64,0,0,194373798997,194374679557,880559,51,8388608
Uring,throughput,0,4,64,0,0,194373799682,194374683222,883540,3877,8388608
Uring,throughput,0,4,64,0,0,194373803377,194374219016,415639,14,8388608
Uring,throughput,0,4,64,0,0,194373806648,194374297682,491034,16,8388608
Uring,throughput,0,4,64,0,0,194373812715,194374849083,1036368,1696,8388608
Uring,throughput,0,4,64,0,0,194373813608,194375606165,1792556,19,8388608
Uring,throughput,0,4,64,0,0,194373814320,194374693766,879445,1759,8388608
Uring,throughput,0,4,64,0,0,194373822056,194373858315,36259,460,8388608
Uring,throughput,0,4,64,0,0,194373839678,194373879135,39456,25,8388608
Uring,throughput,0,4,64,0,0,194373858043,194374275538,417494,23,8388608
Uring,throughput,0,4,64,0,0,194373858316,194374575970,717653,20,8388608
Uring,throughput,0,4,64,0,0,194373871197,194375638510,1767313,103,8388608
Uring,throughput,0,4,64,0,0,194373871964,194374961099,1089134,76,8388608
Uring,throughput,0,4,64,0,0,194373874182,194374215282,341099,635,8388608
Uring,throughput,0,4,64,0,0,194373876029,194375613384,1737355,18,8388608
Uring,throughput,0,4,64,0,0,194373879138,194375520579,1641441,15,8388608
Uring,throughput,0,4,64,0,0,194373879676,194374293971,414295,24,8388608
Uring,throughput,0,4,64,0,0,194373881813,194375697785,1815971,19,8388608
Uring,throughput,0,4,64,0,0,194373884976,194374918676,1033700,2878,8388608
Uring,throughput,0,4,64,0,0,194373886190,194375777265,1891075,1939,8388608
Uring,throughput,0,4,64,0,0,194373887405,194374858375,970970,498,8388608
Uring,throughput,0,4,64,0,0,194373887993,194374298706,410713,1993,8388608
Uring,throughput,0,4,64,0,0,194373894645,194374752393,857747,38,8388608
Uring,throughput,0,4,64,0,0,194373895351,194374872228,976877,9,8388608
Uring,throughput,0,4,64,0,0,194373901056,194375603595,1702538,46,8388608
Uring,throughput,0,4,64,0,0,194373908953,194375474981,1566028,1783,8388608
Uring,throughput,0,4,64,0,0,194373913351,194374736646,823294,59,8388608
Uring,throughput,0,4,64,0,0,194373923970,194376027373,2103403,115,8388608
Uring,throughput,0,4,64,0,0,194373926898,194376048180,2121282,38,8388608
Uring,throughput,0,4,64,0,0,194373929331,194374783349,854017,31,8388608
Uring,throughput,0,4,64,0,0,194373932359,194374756241,823882,1796,8388608
Uring,throughput,0,4,64,0,0,194373933486,194375009492,1076005,1883,8388608
Uring,throughput,0,4,64,0,0,194373941026,194375151681,1210655,14,8388608
Uring,throughput,0,4,64,0,0,194373946660,194374404265,457604,16,8388608
Uring,throughput,0,4,64,0,0,194373947172,194375720967,1773794,26,8388608
Uring,throughput,0,4,64,0,0,194373948613,194374600289,651675,986,8388608
Uring,throughput,0,4,64,0,0,194373949088,194376263283,2314194,1642,8388608
Uring,throughput,0,4,64,0,0,194373949119,194374462531,513412,569,8388608
Uring,throughput,0,4,64,0,0,194373952716,194374924790,972074,2010,8388608
Uring,throughput,0,4,64,0,0,194373955167,194376091262,2136094,3968,8388608
Uring,throughput,0,4,64,0,0,194373957833,194376211343,2253509,1560,8388608
Uring,throughput,0,4,64,0,0,194373959203,194375718201,1758998,141,8388608
Uring,throughput,0,4,64,0,0,194373959809,194374341509,381699,12,8388608
Uring,throughput,0,4,64,0,0,194373973114,194375880043,1906928,124,8388608
Uring,throughput,0,4,64,0,0,194373984188,194374888134,903946,180,8388608
Uring,throughput,0,4,64,0,0,194373984373,194375629434,1645061,105,8388608
Uring,throughput,0,4,64,0,0,194373986938,194376096957,2110018,120,8388608
Uring,throughput,0,4,64,0,0,194373991226,194375543949,1552723,20,8388608
Uring,throughput,0,4,64,0,0,194373994051,194374359514,365462,2036,8388608
Uring,throughput,0,4,64,0,0,194373997397,194375508960,1511562,62,8388608
Uring,throughput,0,4,64,0,0,194373999486,194374362108,362621,52,8388608
Uring,throughput,0,4,64,0,0,194374002138,194375521548,1519410,24,8388608
Uring,throughput,0,4,64,0,0,194374013234,194375938109,1924875,51,8388608
Uring,throughput,0,4,64,0,0,194374021415,194375043567,1022152,24,8388608
Uring,throughput,0,4,64,0,0,194374032540,194374512313,479772,59,8388608
Uring,throughput,0,4,64,0,0,194374036863,194374993155,956292,1229,8388608
Uring,throughput,0,4,64,0,0,194374043656,194374964278,920621,46,8388608
Uring,throughput,0,4,64,0,0,194374044673,194375361404,1316731,77,8388608
Uring,throughput,0,4,64,0,0,194374047587,194374843996,796409,2913,8388608
Uring,throughput,0,4,64,0,0,194374049074,194374733365,684290,19,8388608
Uring,throughput,0,4,64,0,0,194374050887,194374843245,792358,1312,8388608
Uring,throughput,0,4,64,0,0,194374050959,194374401911,350952,16,8388608
Uring,throughput,0,4,64,0,0,194374054450,194375931797,1877346,2234,8388608
Uring,throughput,0,4,64,0,0,194374059091,194374376361,317270,2380,8388608
Uring,throughput,0,4,64,0,0,194374063765,194374694777,631012,42,8388608
Uring,throughput,0,4,64,0,0,194374064326,194375933586,1869259,1616,8388608
Uring,throughput,0,4,64,0,0,194374066339,194374994142,927802,23,8388608
Uring,throughput,0,4,64,0,0,194374068163,194375401876,1333713,26,8388608
Uring,throughput,0,4,64,0,0,194374068357,194374103125,34768,698,8388608
Uring,throughput,0,4,64,0,0,194374069069,194374392032,322962,15,8388608
Uring,throughput,0,4,64,0,0,194374070949,194375070381,999431,13,8388608
Uring,throughput,0,4,64,0,0,194374071593,194375962786,1891193,52,8388608
Uring,throughput,0,4,64,0,0,194374072122,194375210378,1138256,2098,8388608
Uring,throughput,0,4,64,0,0,194374084852,194375131432,1046579,48,8388608
Uring,throughput,0,4,64,0,0,194374087047,194375162541,1075494,1312,8388608
Uring,throughput,0,4,64,0,0,194374090452,194374881678,791226,15,8388608
Uring,throughput,0,4,64,0,0,194374093366,194375214745,1121379,19,8388608
Uring,throughput,0,4,64,0,0,194374096676,194374493529,396853,38,8388608
Uring,throughput,0,4,64,0,0,194374103131,194374132823,29691,51,8388608
Uring,throughput,0,4,64,0,0,194374110711,194374910302,799591,35,8388608
Uring,throughput,0,4,64,0,0,194374110965,194377286045,3175079,35,8388608
Uring,throughput,0,4,64,0,0,194374117979,194375959762,1841782,4511,8388608
Uring,throughput,0,4,64,0,0,194374120109,194375961213,1841104,77,8388608
Uring,throughput,0,4,64,0,0,194374120308,194374492386,372078,47,8388608
Uring,throughput,0,4,64,0,0,194374128364,194374498746,370382,35,8388608
Uring,throughput,0,4,64,0,0,194374130403,194379562644,5432241,23,8388608
Uring,throughput,0,4,64,0,0,194374132832,194375480531,1347698,29,8388608
Uring,throughput,0,4,64,0,0,194374142086,194374900062,757975,32,8388608
Uring,throughput,0,4,64,0,0,194374149931,194374270432,120500,32,8388608
Uring,throughput,0,4,64,0,0,194374150875,194374948559,797683,666,8388608
Uring,throughput,0,4,64,0,0,194374159915,194374589046,429131,689,8388608
Uring,throughput,0,4,64,0,0,194374160744,194374916763,756019,17,8388608
Uring,throughput,0,4,64,0,0,194374164870,194377100755,2935885,19,8388608
Uring,throughput,0,4,64,0,0,194374178458,194374406562,228104,64,8388608
Uring,throughput,0,4,64,0,0,194374178628,194374765770,587142,21,8388608
Uring,throughput,0,4,64,0,0,194374179199,194376084314,1905114,42,8388608
Uring,throughput,0,4,64,0,0,194374183644,194375123725,940081,2148,8388608
Uring,throughput,0,4,64,0,0,194374184633,194375593632,1408998,16724,8388608
Uring,throughput,0,4,64,0,0,194374186460,194376351998,2165537,89,8388608
Uring,throughput,0,4,64,0,0,194374192414,194374646149,453734,20,8388608
Uring,throughput,0,4,64,0,0,194374202223,194374277863,75639,278,8388608
Uring,throughput,0,4,64,0,0,194374211196,194374409983,198787,31,8388608
Uring,throughput,0,4,64,0,0,194374213266,194374296650,83383,2229,8388608
Uring,throughput,0,4,64,0,0,194374215287,194374768497,553210,58,8388608
Uring,throughput,0,4,64,0,0,194374219020,194376390887,2171867,2547,8388608
Uring,throughput,0,4,64,0,0,194374227511,194376373034,2145522,3119,8388608
Uring,throughput,0,4,64,0,0,194374234576,194376000988,1766412,29,8388608
Uring,throughput,0,4,64,0,0,194374238913,194375126129,887215,21,8388608
Uring,throughput,0,4,64,0,0,194374242516,194375058343,815827,24,8388608
Uring,throughput,0,4,64,0,0,194374265243,194375847974,1582730,24,8388608
Uring,throughput,0,4,64,0,0,194374267221,194375161826,894604,42,8388608
Uring,throughput,0,4,64,0,0,194374270437,194374582897,312460,25,8388608
Uring,throughput,0,4,64,0,0,194374275594,194376034259,1758664,3466,8388608
Uring,throughput,0,4,64,0,0,194374277869,194374594810,316940,28,8388608
Uring,throughput,0,4,64,0,0,194374289184,194374457939,168755,3756,8388608
Uring,throughput,0,4,64,0,0,194374293979,194376312825,2018845,136,8388608
Uring,throughput,0,4,64,0,0,194374296031,194375860212,1564180,43,8388608
Uring,throughput,0,4,64,0,0,194374296673,194374423101,126427,15,8388608
Uring,throughput,0,4,64,0,0,194374297690,194376281368,1983677,3244,8388608
Uring,throughput,0,4,64,0,0,194374298729,194374616448,317718,26,8388608
Uring,throughput,0,4,64,0,0,194374298966,194374636714,337748,4456,8388608
Uring,throughput,0,4,64,0,0,194374299956,194374357176,57220,13,8388608
Uring,throughput,0,4,64,0,0,194374301806,194374474945,173138,37,8388608
Uring,throughput,0,4,64,0,0,194374305591,194375766094,1460502,26,8388608
Uring,throughput,0,4,64,0,0,194374317913,194374503287,185373,47,8388608
Uring,throughput,0,4,64,0,0,194374332421,194374673059,340638,20,8388608
Uring,throughput,0,4,64,0,0,194374337724,194375052529,714805,1687,8388608
Uring,throughput,0,4,64,0,0,194374341516,194375184358,842842,162,8388608
Uring,throughput,0,4,64,0,0,194374342583,194376002183,1659599,2361,8388608
Uring,throughput,0,4,64,0,0,194374346873,194375016589,669716,2365,8388608
Uring,throughput,0,4,64,0,0,194374357184,194375263145,905961,57,8388608
Uring,throughput,0,4,64,0,0,194374357731,194375563774,1206042,1433,8388608
Uring,throughput,0,4,64,0,0,194374359519,194375018675,659156,88,8388608
Uring,throughput,0,4,64,0,0,194374362115,194375829646,1467530,4225,8388608
Uring,throughput,0,4,64,0,0,194374376369,194375829582,1453213,23,8388608
Uring,throughput,0,4,64,0,0,194374376528,194376080043,1703515,2011,8388608
Uring,throughput,0,4,64,0,0,194374380110,194374982084,601973,2353,8388608
Uring,throughput,0,4,64,0,0,194374382997,194375050569,667572,41,8388608
Uring,throughput,0,4,64,0,0,194374392048,194375701918,1309870,2154,8388608
Uring,throughput,0,4,64,0,0,194374397312,194375123785,726473,40,8388608
Uring,throughput,0,4,64,0,0,194374398938,194375866391,1467452,43,8388608
Uring,throughput,0,4,64,0,0,194374399349,194374922082,522733,12,8388608
Uring,throughput,0,4,64,0,0,194374401918,194376634301,2232383,4593,8388608
Uring,throughput,0,4,64,0,0,194374404273,194375696129,1291855,17,8388608
Uring,throughput,0,4,64,0,0,194374406229,194374775812,369583,137,8388608
Uring,throughput,0,4,64,0,0,194374406569,194376392572,1986003,2075,8388608
Uring,throughput,0,4,64,0,0,194374406702,194376138022,1731319,196,8388608
Uring,throughput,0,4,64,0,0,194374406881,194374710516,303634,77,8388608
Uring,throughput,0,4,64,0,0,194374409899,194374859356,449457,17,8388608
Uring,throughput,0,4,64,0,0,194374409986,194374507122,97136,62,8388608
Uring,throughput,0,4,64,0,0,194374411959,194375200676,788716,20,8388608
Uring,throughput,0,4,64,0,0,194374423125,194374723865,300739,125,8388608
Uring,throughput,0,4,64,0,0,194374426167,194375061441,635274,3669,8388608
Uring,throughput,0,4,64,0,0,194374434039,194374791040,357001,20,8388608
Uring,throughput,0,4,64,0,0,194374451434,194375071638,620204,66,8388608
Uring,throughput,0,4,64,0,0,194374457223,194376150094,1692871,66,8388608
Uring,throughput,0,4,64,0,0,194374457945,194374483805,25860,220,8388608
Uring,throughput,0,4,64,0,0,194374462537,194374866675,404138,51,8388608
Uring,throughput,0,4,64,0,0,194374474728,194376169876,1695148,20897,8388608
Uring,throughput,0,4,64,0,0,194374474954,194376161669,1686715,4383,8388608
Uring,throughput,0,4,64,0,0,194374483814,194375226937,743122,19,8388608
Uring,throughput,0,4,64,0,0,194374491415,194376587506,2096091,23,8388608
Uring,throughput,0,4,64,0,0,194374492394,194374769958,277563,20,8388608
Uring,throughput,0,4,64,0,0,194374493537,194374747970,254432,55,8388608
Uring,throughput,0,4,64,0,0,194374496080,194376401235,1905155,1569,8388608
Uring,throughput,0,4,64,0,0,194374498753,194375152722,653969,1038,8388608
Uring,throughput,0,4,64,0,0,194374499394,194375149087,649692,17,8388608
Uring,throughput,0,4,64,0,0,194374500192,194375112819,612626,45,8388608
Uring,throughput,0,4,64,0,0,194374502788,194374763756,260968,53,8388608
Uring,throughput,0,4,64,0,0,194374503295,194375725344,1222049,54,8388608
Uring,throughput,0,4,64,0,0,194374504455,194375627988,1123533,61,8388608
Uring,throughput,0,4,64,0,0,194374505210,194375209874,704663,18,8388608
Uring,throughput,0,4,64,0,0,194374505857,194375204288,698431,2481,8388608
Uring,throughput,0,4,64,0,0,194374507128,194375103843,596714,2422,8388608
Uring,throughput,0,4,64,0,0,194374512431,194375482055,969624,29,8388608
Uring,throughput,0,4,64,0,0,194374514482,194375360382,845900,11,8388608
Uring,throughput,0,4,64,0,0,194374529212,194375850787,1321574,53,8388608
Uring,throughput,0,4,64,0,0,194374533113,194376178758,1645644,2443,8388608
Uring,throughput,0,4,64,0,0,194374536479,194376457966,1921487,73,8388608
Uring,throughput,0,4,64,0,0,194374537169,194376262429,1725259,20,8388608
Uring,throughput,0,4,64,0,0,194374540161,194376462890,1922729,1078,8388608
Uring,throughput,0,4,64,0,0,194374541447,194374831968,290521,54,8388608
Uring,throughput,0,4,64,0,0,194374542912,194376418939,1876027,32,8388608
Uring,throughput,0,4,64,0,0,194374546480,194376595741,2049261,2777,8388608
Uring,throughput,0,4,64,0,0,194374550359,194376489419,1939059,23,8388608
Uring,throughput,0,4,64,0,0,194374554691,194375376534,821843,1570,8388608
Uring,throughput,0,4,64,0,0,194374557333,194376348265,1790932,111,8388608
Uring,throughput,0,4,64,0,0,194374558453,194376385186,1826733,2382,8388608
Uring,throughput,0,4,64,0,0,194374561148,194374756455,195306,62,8388608
Uring,throughput,0,4,64,0,0,194374562460,194376185729,1623268,45,8388608
Uring,throughput,0,4,64,0,0,194374565542,194375658718,1093175,487,8388608
Uring,throughput,0,4,64,0,0,194374569540,194376586832,2017291,19,8388608
Uring,throughput,0,4,64,0,0,194374574929,194376189389,1614460,2441,8388608
Uring,throughput,0,4,64,0,0,194374575977,194374910512,334534,46,8388608
Uring,throughput,0,4,64,0,0,194374578739,194374894916,316176,801,8388608
Uring,throughput,0,4,64,0,0,194374578988,194374743132,164144,67,8388608
Uring,throughput,0,4,64,0,0,194374581414,194376399078,1817664,61,8388608
Uring,throughput,0,4,64,0,0,194374582906,194376239949,1657043,11843,8388608
Uring,throughput,0,4,64,0,0,194374589054,194374780060,191005,105,8388608
Uring,throughput,0,4,64,0,0,194374594817,194375116833,522016,392,8388608
Uring,throughput,0,4,64,0,0,194374597705,194375155300,557595,51,8388608
Uring,throughput,0,4,64,0,0,194374600299,194374803175,202876,22,8388608
Uring,throughput,0,4,64,0,0,194374605773,194376752293,2146520,48,8388608
Uring,throughput,0,4,64,0,0,194374608743,194375158168,549424,2380,8388608
Uring,throughput,0,4,64,0,0,194374610485,194374974243,363757,33,8388608
Uring,throughput,0,4,64,0,0,194374616454,194375477252,860798,21,8388608
Uring,throughput,0,4,64,0,0,194374624490,194376689234,2064744,16,8388608
Uring,throughput,0,4,64,0,0,194374630280,194376631236,2000955,58,8388608
Uring,throughput,0,4,64,0,0,194374636722,194376633800,1997077,21,8388608
Uring,throughput,0,4,64,0,0,194374644569,194375292887,648317,98,8388608
Uring,throughput,0,4,64,0,0,194374646156,194375176355,530199,2108,8388608
Uring,throughput,0,4,64,0,0,194374654093,194375967350,1313257,31,8388608
Uring,throughput,0,4,64,0,0,194374665344,194375630456,965112,1405,8388608
Uring,throughput,0,4,64,0,0,194374673067,194376203087,1530020,1929,8388608
Uring,throughput,0,4,64,0,0,194374677839,194375629696,951857,51,8388608
Uring,throughput,0,4,64,0,0,194374679564,194375096972,417407,33,8388608
Uring,throughput,0,4,64,0,0,194374679588,194375185903,506315,10,8388608
Uring,throughput,0,4,64,0,0,194374683246,194377369297,2686051,42,8388608
Uring,throughput,0,4,64,0,0,194374693774,194376192790,1499016,22,8388608
Uring,throughput,0,4,64,0,0,194374694783,194374900114,205330,25,8388608
Uring,throughput,0,4,64,0,0,194374710524,194376209053,1498528,64,8388608
Uring,throughput,0,4,64,0,0,194374714535,194376805851,2091316,15074,8388608
Uring,throughput,0,4,64,0,0,194374715064,194376041965,1326901,56,8388608
Uring,throughput,0,4,64,0,0,194374719334,194375758263,1038928,139,8388608
Uring,throughput,0,4,64,0,0,194374723873,194376287595,1563722,6180,8388608
Uring,throughput,0,4,64,0,0,194374727163,194375313933,586769,22,8388608
Uring,throughput,0,4,64,0,0,194374733372,194375340298,606925,22,8388608
Uring,throughput,0,4,64,0,0,194374736652,194375279755,543102,17,8388608
Uring,throughput,0,4,64,0,0,194374741081,194376854237,2113155,24036,8388608
Uring,throughput,0,4,64,0,0,194374743140,194375217906,474765,20,8388608
Uring,throughput,0,4,64,0,0,194374747992,194376417360,1669367,720,8388608
Uring,throughput,0,4,64,0,0,194374751628,194375339401,587773,13,8388608
Uring,throughput,0,4,64,0,0,194374752397,194374906638,154241,2075,8388608
Uring,throughput,0,4,64,0,0,194374756384,194375806319,1049934,278,8388608
Uring,throughput,0,4,64,0,0,194374756456,194375306763,550306,208,8388608
Uring,throughput,0,4,64,0,0,194374758420,194375756929,998509,19,8388608
Uring,throughput,0,4,64,0,0,194374763782,194375363095,599313,50,8388608
Uring,throughput,0,4,64,0,0,194374765778,194375229518,463739,2852,8388608
Uring,throughput,0,4,64,0,0,194374768506,194375367117,598610,567,8388608
Uring,throughput,0,4,64,0,0,194374768611,194376690435,1921824,473,8388608
Uring,throughput,0,4,64,0,0,194374769961,194375876422,1106461,5558,8388608
Uring,throughput,0,4,64,0,0,194374770167,194374900927,130759,2517,8388608
Uring,throughput,0,4,64,0,0,194374775821,194375271591,495770,113,8388608
Uring,throughput,0,4,64,0,0,194374780066,194375659052,878985,34,8388608
Uring,throughput,0,4,64,0,0,194374783355,194376597207,1813851,8209,8388608
Uring,throughput,0,4,64,0,0,194374784890,194376648241,1863350,47,8388608
Uring,throughput,0,4,64,0,0,194374786303,194375902844,1116540,5564,8388608
Uring,throughput,0,4,64,0,0,194374791075,194375340813,549738,34,8388608
Uring,throughput,0,4,64,0,0,194374793752,194375485578,691826,18,8388608
Uring,throughput,0,4,64,0,0,194374803182,194375890160,1086977,36,8388608
Uring,throughput,0,4,64,0,0,194374809873,194375943566,1133693,41,8388608
Uring,throughput,0,4,64,0,0,194374814249,194375948298,1134048,26,8388608
Uring,throughput,0,4,64,0,0,194374815102,194376213581,1398479,1243,8388608
Uring,throughput,0,4,64,0,0,194374824310,194376190892,1366582,49,8388608
Uring,throughput,0,4,64,0,0,194374831975,194376252972,1420997,2485,8388608
Uring,throughput,0,4,64,0,0,194374840336,194375475290,634953,936,8388608
Uring,throughput,0,4,64,0,0,194374843253,194376346322,1503069,20,8388608
Uring,throughput,0,4,64,0,0,194374844000,194376316085,1472084,53,8388608
Uring,throughput,0,4,64,0,0,194374849087,194376285501,1436413,109,8388608
Uring,throughput,0,4,64,0,0,194374854414,194375467060,612646,21,8388608
Uring,throughput,0,4,64,0,0,194374858419,194375977301,1118882,75,8388608
Uring,throughput,0,4,64,0,0,194374859364,194375496675,637311,31,8388608
Uring,throughput,0,4,64,0,0,194374866683,194375641927,775244,18,8388608
Uring,throughput,0,4,64,0,0,194374867306,194376267248,1399942,6614,8388608
Uring,throughput,0,4,64,0,0,194374872231,194375522468,650237,1351,8388608
Uring,throughput,0,4,64,0,0,194374873999,194375253790,379790,292,8388608
Uring,throughput,0,4,64,0,0,194374881685,194376022157,1140471,17,8388608
Uring,throughput,0,4,64,0,0,194374887656,194376845849,1958192,53,8388608
Uring,throughput,0,4,64,0,0,194374888172,194375539723,651551,123,8388608
Uring,throughput,0,4,64,0,0,194374894922,194375548649,653727,14,8388608
Uring,throughput,0,4,64,0,0,194374900068,194376087749,1187681,3126,8388608
Uring,throughput,0,4,64,0,0,194374900115,194376229483,1329367,1102,8388608
Uring,throughput,0,4,64,0,0,194374900947,194375558373,657426,95,8388608
Uring,throughput,0,4,64,0,0,194374906645,194375401326,494681,45,8388608
Uring,throughput,0,4,64,0,0,194374910311,194375432064,521753,46,8388608
Uring,throughput,0,4,64,0,0,194374910514,194376111511,1200997,2289,8388608
Uring,throughput,0,4,64,0,0,194374916771,194375277512,360741,64,8388608
Uring,throughput,0,4,64,0,0,194374917413,194376908204,1990790,21,8388608
Uring,throughput,0,4,64,0,0,194374918686,194375268561,349875,22,8388608
Uring,throughput,0,4,64,0,0,194374921021,194377815614,2894593,87,8388608
Uring,throughput,0,4,64,0,0,194374922090,194376220838,1298747,3376,8388608
Uring,throughput,0,4,64,0,0,194374924797,194375892988,968191,69,8388608
Uring,throughput,0,4,64,0,0,194374948567,194376092065,1143497,184,8388608
Uring,throughput,0,4,64,0,0,194374961105,194375286654,325548,605,8388608
Uring,throughput,0,4,64,0,0,194374963959,194376754813,1790854,35,8388608
Uring,throughput,0,4,64,0,0,194374964207,194375346253,382046,36,8388608
Uring,throughput,0,4,64,0,0,194374964286,194375641850,677563,3101,8388608
Uring,throughput,0,4,64,0,0,194374974257,194375616584,642326,186,8388608
Uring,throughput,0,4,64,0,0,194374979977,194375647531,667553,59,8388608
Uring,throughput,0,4,64,0,0,194374982092,194375657897,675804,38,8388608
Uring,throughput,0,4,64,0,0,194374993163,194376250364,1257200,101,8388608
Uring,throughput,0,4,64,0,0,194374994183,194376432492,1438309,255,8388608
Uring,throughput,0,4,64,0,0,194375009499,194376771832,1762333,49,8388608
Uring,throughput,0,4,64,0,0,194375015490,194376766393,1750903,58,8388608
Uring,throughput,0,4,64,0,0,194375016597,194375833162,816564,94,8388608
Uring,throughput,0,4,64,0,0,194375018728,194375686374,667645,20,8388608
Uring,throughput,0,4,64,0,0,194375022100,194376535299,1513199,24,8388608
Uring,throughput,0,4,64,0,0,194375043574,194376554298,1510724,103,8388608
Uring,throughput,0,4,64,0,0,194375046945,194376873974,1827029,28,8388608
Uring,throughput,0,4,64,0,0,194375050577,194376355952,1305375,1269,8388608
Uring,throughput,0,4,64,0,0,194375052377,194377171097,2118719,53,8388608
Uring,throughput,0,4,64,0,0,194375052534,194375207882,155348,23,8388608
Uring,throughput,0,4,64,0,0,194375058351,194376296072,1237720,42,8388608
Uring,throughput,0,4,64,0,0,194375061448,194376350649,1289200,17,8388608
Uring,throughput,0,4,64,0,0,194375062140,194376844296,1782156,56,8388608
Uring,throughput,0,4,64,0,0,194375070388,194376726440,1656051,57,8388608
Uring,throughput,0,4,64,0,0,194375071093,194377474264,2403170,36,8388608
Uring,throughput,0,4,64,0,0,194375071646,194376210863,1139216,2495,8388608
Uring,throughput,0,4,64,0,0,194375076638,194378984478,3907840,11,8388608
Uring,throughput,0,4,64,0,0,194375080898,194376777525,1696627,87,8388608
Uring,throughput,0,4,64,0,0,194375096980,194375785213,688233,4330,8388608
Uring,throughput,0,4,64,0,0,194375097608,194376197460,1099852,36,8388608
Uring,throughput,0,4,64,0,0,194375102677,194376781470,1678793,94,8388608
Uring,throughput,0,4,64,0,0,194375103849,194375576486,472637,32,8388608
Uring,throughput,0,4,64,0,0,194375109372,194376561785,1452412,20,8388608
Uring,throughput,0,4,64,0,0,194375112945,194375621842,508896,3198,8388608
Uring,throughput,0,4,64,0,0,194375113845,194377047548,1933702,56,8388608
Uring,throughput,0,4,64,0,0,194375114669,194376543492,1428822,1823,8388608
Uring,throughput,0,4,64,0,0,194375116836,194376072754,955918,45,8388608
Uring,throughput,0,4,64,0,0,194375118255,194376387073,1268818,92,8388608
Uring,throughput,0,4,64,0,0,194375123732,194376053493,929760,84,8388608
Uring,throughput,0,4,64,0,0,194375123789,194376386230,1262441,34,8388608
Uring,throughput,0,4,64,0,0,194375126133,194377019609,1893476,1984,8388608
Uring,throughput,0,4,64,0,0,194375128134,194377017389,1889255,30,8388608
Uring,throughput,0,4,64,0,0,194375131440,194376437427,1305987,72,8388608
Uring,throughput,0,4,64,0,0,194375135557,194377339697,2204140,58,8388608
Uring,throughput,0,4,64,0,0,194375149092,194376432484,1283392,1312,8388608
Uring,throughput,0,4,64,0,0,194375151686,194376851486,1699800,11,8388608
Uring,throughput,0,4,64,0,0,194375152730,194375774586,621855,43,8388608
Uring,throughput,0,4,64,0,0,194375155305,194376948636,1793330,26,8388608
Uring,throughput,0,4,64,0,0,194375158176,194376450431,1292255,22,8388608
Uring,throughput,0,4,64,0,0,194375161832,194376619729,1457897,33,8388608
Uring,throughput,0,4,64,0,0,194375162544,194376803191,1640646,64,8388608
Uring,throughput,0,4,64,0,0,194375174586,194376461481,1286895,45,8388608
Uring,throughput,0,4,64,0,0,194375176364,194377043870,1867505,30,8388608
Uring,throughput,0,4,64,0,0,194375184385,194376531635,1347249,3588,8388608
Uring,throughput,0,4,64,0,0,194375185911,194375215190,29279,353,8388608
Uring,throughput,0,4,64,0,0,194375200684,194375240221,39536,705,8388608
Uring,throughput,0,4,64,0,0,194375204295,194375345769,141473,26,8388608
Uring,throughput,0,4,64,0,0,194375207907,194375875975,668068,21,8388608
Uring,throughput,0,4,64,0,0,194375209883,194377158351,1948467,6409,8388608
Uring,throughput,0,4,64,0,0,194375210384,194375591367,380983,19,8388608
Uring,throughput,0,4,64,0,0,194375214755,194375882762,668007,39,8388608
Uring,throughput,0,4,64,0,0,194375215192,194376434884,1219692,18,8388608
Uring,throughput,0,4,64,0,0,194375217912,194375889299,671387,3068,8388608
Uring,throughput,0,4,64,0,0,194375220069,194376851386,1631316,40,8388608
Uring,throughput,0,4,64,0,0,194375226970,194376144386,917416,1298,8388608
Uring,throughput,0,4,64,0,0,194375229328,194377170927,1941599,16,8388608
Uring,throughput,0,4,64,0,0,194375229519,194375411992,182472,8,8388608
Uring,throughput,0,4,64,0,0,194375240228,194375314127,73899,93,8388608
Uring,throughput,0,4,64,0,0,194375248445,194375953142,704697,784,8388608
Uring,throughput,0,4,64,0,0,194375253798,194376531753,1277955,38,8388608
Uring,throughput,0,4,64,0,0,194375263154,194376635557,1372403,596,8388608
Uring,throughput,0,4,64,0,0,194375268568,194375497316,228747,40,8388608
Uring,throughput,0,4,64,0,0,194375271598,194375582025,310426,461,8388608
Uring,throughput,0,4,64,0,0,194375277568,194376829415,1551846,1579,8388608
Uring,throughput,0,4,64,0,0,194375279763,194375840569,560806,497,8388608
Uring,throughput,0,4,64,0,0,194375283185,194380222832,4939646,15,8388608
Uring,throughput,0,4,64,0,0,194375286663,194375327774,41111,17,8388608
Uring,throughput,0,4,64,0,0,194375292893,194376823574,1530681,4768,8388608
Uring,throughput,0,4,64,0,0,194375306769,194376207128,900358,3136,8388608
Uring,throughput,0,4,64,0,0,194375313940,194376021747,707806,830,8388608
Uring,throughput,0,4,64,0,0,194375314133,194375347622,33489,16,8388608
Uring,throughput,0,4,64,0,0,194375314925,194378098965,2784040,16,8388608
Uring,throughput,0,4,64,0,0,194375327781,194376305647,977865,23,8388608
Uring,throughput,0,4,64,0,0,194375339408,194379946067,4606658,37,8388608
Uring,throughput,0,4,64,0,0,194375340325,194376137744,797418,446,8388608
Uring,throughput,0,4,64,0,0,194375340817,194378968393,3627576,6962,8388608
Uring,throughput,0,4,64,0,0,194375345774,194376297877,952102,41,8388608
Uring,throughput,0,4,64,0,0,194375346258,194376208686,862427,21,8388608
Uring,throughput,0,4,64,0,0,194375347630,194377145587,1797956,3711,8388608
Uring,throughput,0,4,64,0,0,194375351392,194377924473,2573080,268,8388608
Uring,throughput,0,4,64,0,0,194375360390,194375945240,584849,467,8388608
Uring,throughput,0,4,64,0,0,194375361407,194376020736,659328,774,8388608
Uring,throughput,0,4,64,0,0,194375363101,194377367545,2004444,3285,8388608
Uring,throughput,0,4,64,0,0,194375367126,194375411889,44762,797,8388608
Uring,throughput,0,4,64,0,0,194375376541,194378673886,3297345,24,8388608
Uring,throughput,0,4,64,0,0,194375387121,194375445183,58062,1300,8388608
Uring,throughput,0,4,64,0,0,194375391490,194377689450,2297959,16,8388608
Uring,throughput,0,4,64,0,0,194375401332,194375444077,42744,23,8388608
Uring,throughput,0,4,64,0,0,194375401879,194376847211,1445331,4975,8388608
Uring,throughput,0,4,64,0,0,194375406821,194378979081,3572259,241,8388608
Uring,throughput,0,4,64,0,0,194375411895,194375969198,557302,14,8388608
Uring,throughput,0,4,64,0,0,194375411993,194375440098,28105,38,8388608
Uring,throughput,0,4,64,0,0,194375432073,194376095157,663084,522,8388608
Uring,throughput,0,4,64,0,0,194375440105,194375486374,46269,16641,8388608
Uring,throughput,0,4,64,0,0,194375444084,194376104395,660310,1317,8388608
Uring,throughput,0,4,64,0,0,194375445188,194375800313,355124,14,8388608
Uring,throughput,0,4,64,0,0,194375447439,194375839446,392006,737,8388608
Uring,throughput,0,4,64,0,0,194375463783,194378078149,2614366,28,8388608
Uring,throughput,0,4,64,0,0,194375467067,194376127599,660531,702,8388608
Uring,throughput,0,4,64,0,0,194375470363,194377245892,1775529,2772,8388608
Uring,throughput,0,4,64,0,0,194375474987,194377044498,1569511,29,8388608
Uring,throughput,0,4,64,0,0,194375475292,194375561023,85731,42,8388608
Uring,throughput,0,4,64,0,0,194375477257,194375525307,48050,2583,8388608
Uring,throughput,0,4,64,0,0,194375480558,194376792116,1311557,812,8388608
Uring,throughput,0,4,64,0,0,194375482059,194376883076,1401016,4912,8388608
Uring,throughput,0,4,64,0,0,194375485584,194376116145,630560,20,8388608
Uring,throughput,0,4,64,0,0,194375486376,194376281647,795270,21,8388608
Uring,throughput,0,4,64,0,0,194375496681,194377279159,1782478,2152,8388608
Uring,throughput,0,4,64,0,0,194375497321,194376911571,1414249,1074,8388608
Uring,throughput,0,4,64,0,0,194375500868,194376847786,1346918,67,8388608
Uring,throughput,0,4,64,0,0,194375503226,194375564963,61737,1331,8388608
Uring,throughput,0,4,64,0,0,194375508967,194378390885,2881918,56,8388608
Uring,throughput,0,4,64,0,0,194375511390,194378478928,2967538,12,8388608
Uring,throughput,0,4,64,0,0,194375520600,194377220083,1699482,1845,8388608
Uring,throughput,0,4,64,0,0,194375520667,194378564273,3043606,17,8388608
Uring,throughput,0,4,64,0,0,194375521557,194376535160,1013603,2506,8388608
Uring,throughput,0,4,64,0,0,194375522473,194377079361,1556888,10,8388608
Uring,throughput,0,4,64,0,0,194375525311,194375917802,392490,13,8388608
Uring,throughput,0,4,64,0,0,194375538318,194376946869,1408550,38,8388608
Uring,throughput,0,4,64,0,0,194375539725,194375841137,301412,12,8388608
Uring,throughput,0,4,64,0,0,194375543968,194375574113,30144,793,8388608
Uring,throughput,0,4,64,0,0,194375548657,194375853857,305199,62,8388608
Uring,throughput,0,4,64,0,0,194375551845,194377331874,1780028,29,8388608
Uring,throughput,0,4,64,0,0,194375553818,194377001201,1447383,36,8388608
Uring,throughput,0,4,64,0,0,194375558402,194377039915,1481513,33,8388608
Uring,throughput,0,4,64,0,0,194375561051,194376474529,913477,21,8388608
Uring,throughput,0,4,64,0,0,194375563802,194376425469,861667,21,8388608
Uring,throughput,0,4,64,0,0,194375564968,194375848968,284000,14,8388608
Uring,throughput,0,4,64,0,0,194375574120,194376228582,654462,18,8388608
Uring,throughput,0,4,64,0,0,194375576494,194376091595,515101,84,8388608
Uring,throughput,0,4,64,0,0,194375582031,194376239664,657632,32,8388608
Uring,throughput,0,4,64,0,0,194375582714,194376242164,659449,1009,8388608
Uring,throughput,0,4,64,0,0,194375588392,194376996777,1408385,89,8388608
Uring,throughput,0,4,64,0,0,194375591083,194378571453,2980369,28,8388608
Uring,throughput,0,4,64,0,0,194375591369,194376157476,566106,44,8388608
Uring,throughput,0,4,64,0,0,194375593638,194377015947,1422309,14,8388608
Uring,throughput,0,4,64,0,0,194375596689,194378562501,2965812,21,8388608
Uring,throughput,0,4,64,0,0,194375603603,194376034610,431006,313,8388608
Uring,throughput,0,4,64,0,0,194375606180,194377011439,1405259,1037,8388608
Uring,throughput,0,4,64,0,0,194375612998,194376267402,654403,199,8388608
Uring,throughput,0,4,64,0,0,194375613444,194379449302,3835858,15814,8388608
Uring,throughput,0,4,64,0,0,194375616025,194377833612,2217587,100,8388608
Uring,throughput,0,4,64,0,0,194375616588,194376315287,698699,1469,8388608
Uring,throughput,0,4,64,0,0,194375619125,194375647766,28641,400,8388608
Uring,throughput,0,4,64,0,0,194375621847,194376257517,635669,65,8388608
Uring,throughput,0,4,64,0,0,194375623855,194376906851,1282996,59,8388608
Uring,throughput,0,4,64,0,0,194375627997,194376236786,608788,1394,8388608
Uring,throughput,0,4,64,0,0,194375629439,194378669250,3039811,1015,8388608
Uring,throughput,0,4,64,0,0,194375629699,194376077611,447912,942,8388608
Uring,throughput,0,4,64,0,0,194375630459,194377117348,1486889,12,8388608
Uring,throughput,0,4,64,0,0,194375630619,194378541148,2910529,88,8388608
Uring,throughput,0,4,64,0,0,194375638518,194378687502,3048983,2240,8388608
Uring,throughput,0,4,64,0,0,194375641858,194376316162,674304,33,8388608
Uring,throughput,0,4,64,0,0,194375641928,194375713887,71958,1570,8388608
Uring,throughput,0,4,64,0,0,194375647539,194376539029,891490,786,8388608
Uring,throughput,0,4,64,0,0,194375647772,194375721067,73295,27,8388608
Uring,throughput,0,4,64,0,0,194375655781,194375757304,101523,2213,8388608
Uring,throughput,0,4,64,0,0,194375657903,194375778023,120119,162,8388608
Uring,throughput,0,4,64,0,0,194375658576,194377236703,1578126,20,8388608
Uring,throughput,0,4,64,0,0,194375658724,194376093584,434859,55,8388608
Uring,throughput,0,4,64,0,0,194375659057,194377284993,1625936,1474,8388608
Uring,throughput,0,4,64,0,0,194375686380,194375721534,35153,2922,8388608
Uring,throughput,0,4,64,0,0,194375692813,194377044229,1351415,21,8388608
Uring,throughput,0,4,64,0,0,194375696137,194376291436,595299,666,8388608
Uring,throughput,0,4,64,0,0,194375697821,194376466196,768375,619,8388608
Uring,throughput,0,4,64,0,0,194375701925,194375899325,197399,16,8388608
Uring,throughput,0,4,64,0,0,194375713893,194375958643,244750,19,8388608
Uring,throughput,0,4,64,0,0,194375718209,194377050756,1332547,3000,8388608
Uring,throughput,0,4,64,0,0,194375720974,194378646739,2925764,20,8388608
Uring,throughput,0,4,64,0,0,194375721074,194376588490,867415,36,8388608
Uring,throughput,0,4,64,0,0,194375721536,194375788928,67392,69,8388608
Uring,throughput,0,4,64,0,0,194375725352,194376723976,998623,19,8388608
Uring,throughput,0,4,64,0,0,194375756951,194377381406,1624454,1386,8388608
Uring,throughput,0,4,64,0,0,194375757311,194376568718,811407,29,8388608
Uring,throughput,0,4,64,0,0,194375758267,194377336461,1578194,46,8388608
Uring,throughput,0,4,64,0,0,194375766101,194379163845,3397743,31,8388608
Uring,throughput,0,4,64,0,0,194375774594,194376331179,556585,27,8388608
Uring,throughput,0,4,64,0,0,194375777286,194375865995,88708,39,8388608
Uring,throughput,0,4,64,0,0,194375778033,194382200689,6422656,10802,8388608
Uring,throughput,0,4,64,0,0,194375785219,194377124441,1339221,13,8388608
Uring,throughput,0,4,64,0,0,194375788932,194376538341,749409,63,8388608
Uring,throughput,0,4,64,0,0,194375800320,194375841243,40922,42,8388608
Uring,throughput,0,4,64,0,0,194375806325,194376526901,720575,40,8388608
Uring,throughput,0,4,64,0,0,194375826827,194380718818,4891991,38,8388608
Uring,throughput,0,4,64,0,0,194375829604,194376831799,1002195,38,8388608
Uring,throughput,0,4,64,0,0,194375829647,194377540139,1710491,7,8388608
Uring,throughput,0,4,64,0,0,194375833169,194375997187,164017,42,8388608
Uring,throughput,0,4,64,0,0,194375839453,194376269220,429766,102,8388608
Uring,throughput,0,4,64,0,0,194375840578,194375893495,52917,85,8388608
Uring,throughput,0,4,64,0,0,194375841145,194376027127,185982,24,8388608
Uring,throughput,0,4,64,0,0,194375841245,194376086889,245643,2111,8388608
Uring,throughput,0,4,64,0,0,194375847982,194376775276,927294,974,8388608
Uring,throughput,0,4,64,0,0,194375848976,194376340463,491487,175,8388608
Uring,throughput,0,4,64,0,0,194375850792,194377576046,1725254,4417,8388608
Uring,throughput,0,4,64,0,0,194375853861,194377085497,1231636,1451,8388608
Uring,throughput,0,4,64,0,0,194375860219,194378858610,2998390,34,8388608
Uring,throughput,0,4,64,0,0,194375866020,194376502174,636154,126,8388608
Uring,throughput,0,4,64,0,0,194375866396,194376051926,185530,473,8388608
Uring,throughput,0,4,64,0,0,194375875981,194376570510,694529,453,8388608
Uring,throughput,0,4,64,0,0,194375876424,194378915567,3039142,19,8388608
Uring,throughput,0,4,64,0,0,194375880051,194378214111,2334059,28,8388608
Uring,throughput,0,4,64,0,0,194375882789,194376676363,793573,808,8388608
Uring,throughput,0,4,64,0,0,194375889305,194377491304,1601999,24,8388608
Uring,throughput,0,4,64,0,0,194375890165,194377513233,1623068,2473,8388608
Uring,throughput,0,4,64,0,0,194375892996,194376512598,619602,60,8388608
Uring,throughput,0,4,64,0,0,194375893496,194376557956,664459,37,8388608
Uring,throughput,0,4,64,0,0,194375899332,194376675041,775709,30,8388608
Uring,throughput,0,4,64,0,0,194375902851,194377477956,1575105,19,8388608
Uring,throughput,0,4,64,0,0,194375914969,194377169193,1254224,108,8388608
Uring,throughput,0,4,64,0,0,194375917807,194375948358,30551,65,8388608
Uring,throughput,0,4,64,0,0,194375919438,194379407319,3487881,23,8388608
Uring,throughput,0,4,64,0,0,194375931872,194376723239,791366,47,8388608
Uring,throughput,0,4,64,0,0,194375933594,194377126048,1192454,33,8388608
Uring,throughput,0,4,64,0,0,194375938127,194377012396,1074268,2421,8388608
Uring,throughput,0,4,64,0,0,194375943573,194377494966,1551392,68,8388608
Uring,throughput,0,4,64,0,0,194375945245,194376287735,342490,17,8388608
Uring,throughput,0,4,64,0,0,194375948302,194376706568,758265,24,8388608
Uring,throughput,0,4,64,0,0,194375948366,194376635590,687223,940,8388608
Uring,throughput,0,4,64,0,0,194375953147,194376470793,517646,47,8388608
Uring,throughput,0,4,64,0,0,194375958652,194376140366,181714,21,8388608
Uring,throughput,0,4,64,0,0,194375959766,194379246133,3286367,11,8388608
Uring,throughput,0,4,64,0,0,194375961240,194378084999,2123758,69,8388608
Uring,throughput,0,4,64,0,0,194375962792,194376584857,622065,1039,8388608
Uring,throughput,0,4,64,0,0,194375967358,194377676568,1709210,92,8388608
Uring,throughput,0,4,64,0,0,194375969378,194376032311,62933,32,8388608
Uring,throughput,0,4,64,0,0,194375977307,194376694075,716768,13,8388608
Uring,throughput,0,4,64,0,0,194375997194,194377722765,1725570,3093,8388608
Uring,throughput,0,4,64,0,0,194376000994,194379323304,3322310,44,8388608
Uring,throughput,0,4,64,0,0,194376002188,194377091969,1089781,21,8388608
Uring,throughput,0,4,64,0,0,194376020743,194376631160,610417,33,8388608
Uring,throughput,0,4,64,0,0,194376021752,194376187370,165618,30,8388608
Uring,throughput,0,4,64,0,0,194376022159,194376832381,810221,2234,8388608
Uring,throughput,0,4,64,0,0,194376027135,194377393355,1366219,51,8388608
Uring,throughput,0,4,64,0,0,194376027382,194376846380,818998,1186,8388608
Uring,throughput,0,4,64,0,0,194376032317,194376731739,699421,452,8388608
Uring,throughput,0,4,64,0,0,194376034268,194379255420,3221151,67,8388608
Uring,throughput,0,4,64,0,0,194376034616,194377275297,1240680,216,8388608
Uring,throughput,0,4,64,0,0,194376041972,194376646618,604645,669,8388608
Uring,throughput,0,4,64,0,0,194376048227,194376962376,914148,2185,8388608
Uring,throughput,0,4,64,0,0,194376051932,194376550422,498489,20,8388608
Uring,throughput,0,4,64,0,0,194376053502,194377940074,1886572,21,8388608
Uring,throughput,0,4,64,0,0,194376072762,194376673868,601106,89,8388608
Uring,throughput,0,4,64,0,0,194376077620,194377403235,1325615,30,8388608
Uring,throughput,0,4,64,0,0,194376078030,194379338886,3260855,18,8388608
Uring,throughput,0,4,64,0,0,194376080052,194376885290,805237,101,8388608
Uring,throughput,0,4,64,0,0,194376084320,194377799990,1715669,67,8388608
Uring,throughput,0,4,64,0,0,194376086893,194377145656,1058763,27,8388608
Uring,throughput,0,4,64,0,0,194376087811,194377184502,1096690,24,8388608
Uring,throughput,0,4,64,0,0,194376091266,194377180727,1089460,21,8388608
Uring,throughput,0,4,64,0,0,194376091602,194376411678,320075,666,8388608
Uring,throughput,0,4,64,0,0,194376092069,194376887243,795173,14,8388608
Uring,throughput,0,4,64,0,0,194376093587,194376647169,553581,13,8388608
Uring,throughput,0,4,64,0,0,194376095163,194377263610,1168447,45,8388608
Uring,throughput,0,4,64,0,0,194376096962,194377190654,1093691,91,8388608
Uring,throughput,0,4,64,0,0,194376104418,194376922227,817808,26,8388608
Uring,throughput,0,4,64,0,0,194376111517,194377947102,1835585,16,8388608
Uring,throughput,0,4,64,0,0,194376116152,194376611615,495462,372,8388608
Uring,throughput,0,4,64,0,0,194376127647,194376784527,656880,40,8388608
Uring,throughput,0,4,64,0,0,194376137765,194376811436,673671,47,8388608
Uring,throughput,0,4,64,0,0,194376138029,194376427226,289196,17,8388608
Uring,throughput,0,4,64,0,0,194376140374,194376964731,824356,2609,8388608
Uring,throughput,0,4,64,0,0,194376144392,194376548762,404369,68,8388608
Uring,throughput,0,4,64,0,0,194376150100,194379338888,3188787,12,8388608
Uring,throughput,0,4,64,0,0,194376157481,194376189019,31537,903,8388608
Uring,throughput,0,4,64,0,0,194376161678,194379365625,3203946,19,8388608
Uring,throughput,0,4,64,0,0,194376169882,194377808080,1638198,22,8388608
Uring,throughput,0,4,64,0,0,194376178766,194376567618,388851,137,8388608
Uring,throughput,0,4,64,0,0,194376185737,194378646130,2460393,21,8388608
Uring,throughput,0,4,64,0,0,194376187451,194376229541,42089,26,8388608
Uring,throughput,0,4,64,0,0,194376189023,194376678536,489513,17,8388608
Uring,throughput,0,4,64,0,0,194376189391,194377601304,1411913,49,8388608
Uring,throughput,0,4,64,0,0,194376190914,194377957067,1766152,19,8388608
Uring,throughput,0,4,64,0,0,194376192794,194378857497,2664702,69,8388608
Uring,throughput,0,4,64,0,0,194376197466,194376522097,324630,1039,8388608
Uring,throughput,0,4,64,0,0,194376203096,194377041107,838011,38,8388608
Uring,throughput,0,4,64,0,0,194376207135,194377054364,847229,41,8388608
Uring,throughput,0,4,64,0,0,194376208748,194377051520,842771,2808,8388608
Uring,throughput,0,4,64,0,0,194376209058,194377215049,1005990,2033,8388608
Uring,throughput,0,4,64,0,0,194376210866,194379412101,3201234,245,8388608
Uring,throughput,0,4,64,0,0,194376211346,194381739104,5527757,20,8388608
Uring,throughput,0,4,64,0,0,194376213586,194378470413,2256827,34,8388608
Uring,throughput,0,4,64,0,0,194376220842,194377214287,993445,28,8388608
Uring,throughput,0,4,64,0,0,194376228590,194377066938,838347,22,8388608
Uring,throughput,0,4,64,0,0,194376229492,194378237211,2007718,65,8388608
Uring,throughput,0,4,64,0,0,194376229545,194377046407,816862,550,8388608
Uring,throughput,0,4,64,0,0,194376236792,194376425123,188330,36,8388608
Uring,throughput,0,4,64,0,0,194376239672,194376423951,184278,25,8388608
Uring,throughput,0,4,64,0,0,194376239983,194377077708,837725,98,8388608
Uring,throughput,0,4,64,0,0,194376242172,194377609868,1367695,98,8388608
Uring,throughput,0,4,64,0,0,194376250369,194378162408,1912038,11,8388608
Uring,throughput,0,4,64,0,0,194376251367,194377091698,840330,3220,8388608
Uring,throughput,0,4,64,0,0,194376252980,194376863181,610200,47,8388608
Uring,throughput,0,4,64,0,0,194376257525,194376474464,216938,35,8388608
Uring,throughput,0,4,64,0,0,194376262437,194379439045,3176608,24,8388608
Uring,throughput,0,4,64,0,0,194376263292,194379466704,3203412,37,8388608
Uring,throughput,0,4,64,0,0,194376267257,194379290924,3023666,40,8388608
Uring,throughput,0,4,64,0,0,194376267409,194376600327,332918,1809,8388608
Uring,throughput,0,4,64,0,0,194376269226,194376485433,216207,17,8388608
Uring,throughput,0,4,64,0,0,194376281376,194377249432,968056,81,8388608
Uring,throughput,0,4,64,0,0,194376281650,194379458952,3177301,18,8388608
Uring,throughput,0,4,64,0,0,194376285511,194378252145,1966634,44,8388608
Uring,throughput,0,4,64,0,0,194376287602,194380830567,4542964,15,8388608
Uring,throughput,0,4,64,0,0,194376287739,194376534783,247043,25,8388608
Uring,throughput,0,4,64,0,0,194376291439,194377084210,792770,17,8388608
Uring,throughput,0,4,64,0,0,194376296081,194377907875,1611793,2781,8388608
Uring,throughput,0,4,64,0,0,194376297881,194379340775,3042894,2776,8388608
Uring,throughput,0,4,64,0,0,194376305654,194376919658,614003,3239,8388608
Uring,throughput,0,4,64,0,0,194376312833,194377145749,832915,2695,8388608
Uring,throughput,0,4,64,0,0,194376315293,194377259663,944369,278,8388608
Uring,throughput,0,4,64,0,0,194376316088,194379375948,3059860,48,8388608
Uring,throughput,0,4,64,0,0,194376316171,194377337560,1021388,96,8388608
Uring,throughput,0,4,64,0,0,194376331222,194379780154,3448932,9935,8388608
Uring,throughput,0,4,64,0,0,194376340520,194376367801,27281,908,8388608
Uring,throughput,0,4,64,0,0,194376346348,194379069818,2723470,16,8388608
Uring,throughput,0,4,64,0,0,194376348270,194378401682,2053411,2356,8388608
Uring,throughput,0,4,64,0,0,194376350653,194377180729,830075,69,8388608
Uring,throughput,0,4,64,0,0,194376352025,194377268818,916793,38,8388608
Uring,throughput,0,4,64,0,0,194376355961,194378818866,2462905,26,8388608
Uring,throughput,0,4,64,0,0,194376367809,194377270100,902290,97,8388608
Uring,throughput,0,4,64,0,0,194376373043,194378435369,2062325,70,8388608
Uring,throughput,0,4,64,0,0,194376385195,194377211948,826752,36,8388608
Uring,throughput,0,4,64,0,0,194376386236,194376721677,335440,956,8388608
Uring,throughput,0,4,64,0,0,194376387138,194376861883,474744,3469,8388608
Uring,throughput,0,4,64,0,0,194376390895,194377289979,899083,289,8388608
Uring,throughput,0,4,64,0,0,194376392579,194377280807,888228,30,8388608
Uring,throughput,0,4,64,0,0,194376393352,194377220254,826901,2985,8388608
Uring,throughput,0,4,64,0,0,194376399087,194378383190,1984102,3082,8388608
Uring,throughput,0,4,64,0,0,194376401246,194377223864,822618,74,8388608
Uring,throughput,0,4,64,0,0,194376411687,194376871937,460249,21,8388608
Uring,throughput,0,4,64,0,0,194376417368,194376573906,156538,22,8388608
Uring,throughput,0,4,64,0,0,194376418948,194377298987,880038,7798,8388608
Uring,throughput,0,4,64,0,0,194376423956,194376944225,520268,3124,8388608
Uring,throughput,0,4,64,0,0,194376425126,194377258241,833115,27,8388608
Uring,throughput,0,4,64,0,0,194376425477,194377218223,792746,83,8388608
Uring,throughput,0,4,64,0,0,194376427234,194379844721,3417487,22043,8388608
Uring,throughput,0,4,64,0,0,194376432494,194378732315,2299820,41,8388608
Uring,throughput,0,4,64,0,0,194376432498,194376950083,517584,2324,8388608
Uring,throughput,0,4,64,0,0,194376434889,194377057235,622345,67,8388608
Uring,throughput,0,4,64,0,0,194376437432,194377676948,1239516,2871,8388608
Uring,throughput,0,4,64,0,0,194376450439,194377264131,813691,96,8388608
Uring,throughput,0,4,64,0,0,194376457974,194377305738,847763,59,8388608
Uring,throughput,0,4,64,0,0,194376461489,194379562453,3100963,55,8388608
Uring,throughput,0,4,64,0,0,194376462898,194377276526,813627,27,8388608
Uring,throughput,0,4,64,0,0,194376466204,194377150092,683887,25,8388608
Uring,throughput,0,4,64,0,0,194376470802,194377185103,714301,35,8388608
Uring,throughput,0,4,64,0,0,194376474472,194377012097,537625,1217,8388608
Uring,throughput,0,4,64,0,0,194376474536,194378586894,2112358,3209,8388608
Uring,throughput,0,4,64,0,0,194376485439,194378065101,1579661,2436,8388608
Uring,throughput,0,4,64,0,0,194376489426,194377300868,811442,18,8388608
Uring,throughput,0,4,64,0,0,194376495673,194377496514,1000840,23,8388608
Uring,throughput,0,4,64,0,0,194376502181,194377568236,1066054,1558,8388608
Uring,throughput,0,4,64,0,0,194376512606,194379086112,2573506,2707,8388608
Uring,throughput,0,4,64,0,0,194376522105,194377117985,595879,179,8388608
Uring,throughput,0,4,64,0,0,194376526940,194377087530,560590,7737,8388608
Uring,throughput,0,4,64,0,0,194376531642,194377698047,1166404,3194,8388608
Uring,throughput,0,4,64,0,0,194376531755,194377338419,806664,3181,8388608
Uring,throughput,0,4,64,0,0,194376534791,194379750879,3216087,4912,8388608
Uring,throughput,0,4,64,0,0,194376535170,194377088474,553303,232,8388608
Uring,throughput,0,4,64,0,0,194376535308,194377317877,782569,28,8388608
Uring,throughput,0,4,64,0,0,194376538348,194377143347,604998,1742,8388608
Uring,throughput,0,4,64,0,0,194376539050,194377079853,540803,27,8388608
Uring,throughput,0,4,64,0,0,194376543499,194377102230,558730,17,8388608
Uring,throughput,0,4,64,0,0,194376548767,194377320661,771893,16,8388608
Uring,throughput,0,4,64,0,0,194376550429,194377384761,834332,24,8388608
Uring,throughput,0,4,64,0,0,194376554303,194377353426,799122,2616,8388608
Uring,throughput,0,4,64,0,0,194376557960,194377094760,536799,2685,8388608
Uring,throughput,0,4,64,0,0,194376561918,194377321861,759942,2806,8388608
Uring,throughput,0,4,64,0,0,194376567626,194377131877,564251,19,8388608
Uring,throughput,0,4,64,0,0,194376568726,194377614847,1046120,23,8388608
Uring,throughput,0,4,64,0,0,194376570520,194377138878,568357,120,8388608
Uring,throughput,0,4,64,0,0,194376573911,194376759664,185752,37,8388608
Uring,throughput,0,4,64,0,0,194376584894,194377153710,568815,20,8388608
Uring,throughput,0,4,64,0,0,194376586836,194376943533,356696,434,8388608
Uring,throughput,0,4,64,0,0,194376587509,194378091325,1503816,2763,8388608
Uring,throughput,0,4,64,0,0,194376588499,194377423255,834756,2583,8388608
Uring,throughput,0,4,64,0,0,194376595750,194379098052,2502302,51,8388608
Uring,throughput,0,4,64,0,0,194376597210,194377325551,728341,17,8388608
Uring,throughput,0,4,64,0,0,194376600333,194377590533,990200,24,8388608
Uring,throughput,0,4,64,0,0,194376611622,194376904856,293234,97,8388608
Uring,throughput,0,4,64,0,0,194376619738,194376964708,344969,1888,8388608
Uring,throughput,0,4,64,0,0,194376631168,194377326764,695595,19,8388608
Uring,throughput,0,4,64,0,0,194376631244,194377340260,709016,29,8388608
Uring,throughput,0,4,64,0,0,194376633808,194377210708,576900,23,8388608
Uring,throughput,0,4,64,0,0,194376634304,194378101866,1467561,14,8388608
Uring,throughput,0,4,64,0,0,194376635586,194377234403,598817,31,8388608
Uring,throughput,0,4,64,0,0,194376635596,194377184531,548934,21,8388608
Uring,throughput,0,4,64,0,0,194376646626,194377001906,355279,25,8388608
Uring,throughput,0,4,64,0,0,194376647176,194377232708,585532,2887,8388608
Uring,throughput,0,4,64,0,0,194376648249,194377371663,723413,30,8388608
Uring,throughput,0,4,64,0,0,194376673877,194377433945,760067,26,8388608
Uring,throughput,0,4,64,0,0,194376675046,194377437577,762530,2297,8388608
Uring,throughput,0,4,64,0,0,194376676371,194377096762,420391,43,8388608
Uring,throughput,0,4,64,0,0,194376678543,194377483571,805027,28,8388608
Uring,throughput,0,4,64,0,0,194376689241,194377351030,661788,12,8388608
Uring,throughput,0,4,64,0,0,194376690439,194377429473,739034,23,8388608
Uring,throughput,0,4,64,0,0,194376694083,194378670208,1976125,3508,8388608
Uring,throughput,0,4,64,0,0,194376695885,194377207506,511621,42,8388608
Uring,throughput,0,4,64,0,0,194376706575,194379258316,2551740,4608,8388608
Uring,throughput,0,4,64,0,0,194376721807,194377320569,598762,51,8388608
Uring,throughput,0,4,64,0,0,194376723275,194377440531,717255,37,8388608
Uring,throughput,0,4,64,0,0,194376723983,194377194241,470258,39,8388608
Uring,throughput,0,4,64,0,0,194376726447,194377213752,487305,2249,8388608
Uring,throughput,0,4,64,0,0,194376731745,194377209274,477529,52,8388608
Uring,throughput,0,4,64,0,0,194376752302,194378290674,1538372,38,8388608
Uring,throughput,0,4,64,0,0,194376754821,194377363330,608508,23,8388608
Uring,throughput,0,4,64,0,0,194376759689,194377508413,748723,3193,8388608
Uring,throughput,0,4,64,0,0,194376766400,194377265232,498832,17,8388608
Uring,throughput,0,4,64,0,0,194376771839,194377617988,846148,13,8388608
Uring,throughput,0,4,64,0,0,194376775283,194377386854,611571,29,8388608
Uring,throughput,0,4,64,0,0,194376777533,194378424648,1647114,2466,8388608
Uring,throughput,0,4,64,0,0,194376781478,194377288483,507005,2040,8388608
Uring,throughput,0,4,64,0,0,194376784532,194377444807,660274,49,8388608
Uring,throughput,0,4,64,0,0,194376792124,194377403132,611008,45,8388608
Uring,throughput,0,4,64,0,0,194376803199,194377310666,507466,25,8388608
Uring,throughput,0,4,64,0,0,194376805861,194379831878,3026016,54,8388608
Uring,throughput,0,4,64,0,0,194376811536,194377952229,1140692,24,8388608
Uring,throughput,0,4,64,0,0,194376823583,194377408879,585295,20,8388608
Uring,throughput,0,4,64,0,0,194376829422,194377448096,618674,48,8388608
Uring,throughput,0,4,64,0,0,194376831809,194378503895,1672086,7029,8388608
Uring,throughput,0,4,64,0,0,194376832388,194377553422,721033,24,8388608
Uring,throughput,0,4,64,0,0,194376844304,194377518470,674166,2396,8388608
Uring,throughput,0,4,64,0,0,194376845858,194380221087,3375229,8353,8388608
Uring,throughput,0,4,64,0,0,194376846388,194379308111,2461723,333,8388608
Uring,throughput,0,4,64,0,0,194376847236,194377577559,730323,142,8388608
Uring,throughput,0,4,64,0,0,194376847794,194377614691,766896,19,8388608
Uring,throughput,0,4,64,0,0,194376851391,194378209768,1358376,3203,8388608
Uring,throughput,0,4,64,0,0,194376851537,194377491118,639580,2775,8388608
Uring,throughput,0,4,64,0,0,194376854265,194377584808,730543,150,8388608
Uring,throughput,0,4,64,0,0,194376861891,194377655218,793327,35,8388608
Uring,throughput,0,4,64,0,0,194376863186,194378415986,1552799,19,8388608
Uring,throughput,0,4,64,0,0,194376871951,194377033391,161440,19,8388608
Uring,throughput,0,4,64,0,0,194376873984,194376920940,46956,931,8388608
Uring,throughput,0,4,64,0,0,194376883083,194377437246,554162,30,8388608
Uring,throughput,0,4,64,0,0,194376885298,194377606977,721679,21,8388608
Uring,throughput,0,4,64,0,0,194376887252,194377435652,548400,1528,8388608
Uring,throughput,0,4,64,0,0,194376904864,194377575891,671026,35,8388608
Uring,throughput,0,4,64,0,0,194376906857,194377491573,584716,13,8388608
Uring,throughput,0,4,64,0,0,194376908211,194377558635,650424,107,8388608
Uring,throughput,0,4,64,0,0,194376911575,194377550063,638487,17,8388608
Uring,throughput,0,4,64,0,0,194376919666,194377917751,998084,23,8388608
Uring,throughput,0,4,64,0,0,194376920947,194377443074,522126,33,8388608
Uring,throughput,0,4,64,0,0,194376922236,194377401184,478948,110,8388608
Uring,throughput,0,4,64,0,0,194376943556,194377808969,865413,30,8388608
Uring,throughput,0,4,64,0,0,194376944232,194376973880,29647,80,8388608
Uring,throughput,0,4,64,0,0,194376946876,194377574836,627960,2950,8388608
Uring,throughput,0,4,64,0,0,194376948644,194378366263,1417618,1398,8388608
Uring,throughput,0,4,64,0,0,194376950088,194377543661,593572,17,8388608
Uring,throughput,0,4,64,0,0,194376962385,194377934318,971933,116,8388608
Uring,throughput,0,4,64,0,0,194376964713,194377858273,893559,27,8388608
Uring,throughput,0,4,64,0,0,194376964731,194377629624,664892,12,8388608
Uring,throughput,0,4,64,0,0,194376973889,194377032077,58188,22,8388608
Uring,throughput,0,4,64,0,0,194376996907,194379637751,2640843,2718,8388608
Uring,throughput,0,4,64,0,0,194377001208,194377675118,673909,2080,8388608
Uring,throughput,0,4,64,0,0,194377001947,194377710160,708212,52,8388608
Uring,throughput,0,4,64,0,0,194377011446,194377562346,550899,23,8388608
Uring,throughput,0,4,64,0,0,194377012230,194377794166,781936,44,8388608
Uring,throughput,0,4,64,0,0,194377012402,194377707637,695235,83,8388608
Uring,throughput,0,4,64,0,0,194377015955,194377973867,957912,26,8388608
Uring,throughput,0,4,64,0,0,194377017394,194378467536,1450141,31,8388608
Uring,throughput,0,4,64,0,0,194377019617,194377692621,673004,25,8388608
Uring,throughput,0,4,64,0,0,194377032085,194378636976,1604891,4889,8388608
Uring,throughput,0,4,64,0,0,194377033399,194378432099,1398700,2330,8388608
Uring,throughput,0,4,64,0,0,194377039925,194377632391,592466,1059,8388608
Uring,throughput,0,4,64,0,0,194377041111,194377784319,743208,16,8388608
Uring,throughput,0,4,64,0,0,194377043879,194378457264,1413385,50,8388608
Uring,throughput,0,4,64,0,0,194377044231,194377626479,582248,2101,8388608
Uring,throughput,0,4,64,0,0,194377044506,194377734144,689637,40,8388608
Uring,throughput,0,4,64,0,0,194377046412,194377407396,360983,20,8388608
Uring,throughput,0,4,64,0,0,194377047550,194379712897,2665347,4022,8388608
Uring,throughput,0,4,64,0,0,194377050762,194377739608,688846,18,8388608
Uring,throughput,0,4,64,0,0,194377051523,194378322177,1270654,109,8388608
Uring,throughput,0,4,64,0,0,194377054370,194377635491,581121,13,8388608
Uring,throughput,0,4,64,0,0,194377057238,194378304406,1247167,748,8388608
Uring,throughput,0,4,64,0,0,194377067036,194379594538,2527502,4456,8388608
Uring,throughput,0,4,64,0,0,194377077715,194379348267,2270552,57,8388608
Uring,throughput,0,4,64,0,0,194377079370,194379766933,2687563,136,8388608
Uring,throughput,0,4,64,0,0,194377079859,194377747800,667941,31,8388608
Uring,throughput,0,4,64,0,0,194377084216,194377753954,669737,29,8388608
Uring,throughput,0,4,64,0,0,194377085502,194377758478,672976,32,8388608
Uring,throughput,0,4,64,0,0,194377087535,194380182154,3094618,15,8388608
Uring,throughput,0,4,64,0,0,194377088476,194377684798,596321,28,8388608
Uring,throughput,0,4,64,0,0,194377091703,194380280963,3189260,24,8388608
Uring,throughput,0,4,64,0,0,194377091971,194377771794,679823,71,8388608
Uring,throughput,0,4,64,0,0,194377094765,194377775307,680542,16,8388608
Uring,throughput,0,4,64,0,0,194377096768,194378415376,1318607,38,8388608
Uring,throughput,0,4,64,0,0,194377100764,194379689856,2589091,61,8388608
Uring,throughput,0,4,64,0,0,194377102239,194377772917,670678,42,8388608
Uring,throughput,0,4,64,0,0,194377117411,194379622821,2505409,28,8388608
Uring,throughput,0,4,64,0,0,194377117993,194377851619,733626,67,8388608
Uring,throughput,0,4,64,0,0,194377124449,194379487057,2362608,67,8388608
Uring,throughput,0,4,64,0,0,194377126056,194377805083,679026,21,8388608
Uring,throughput,0,4,64,0,0,194377131883,194377956435,824552,1225,8388608
Uring,throughput,0,4,64,0,0,194377138886,194378435046,1296159,108,8388608
Uring,throughput,0,4,64,0,0,194377143356,194378457542,1314185,21,8388608
Uring,throughput,0,4,64,0,0,194377145596,194378522299,1376702,31,8388608
Uring,throughput,0,4,64,0,0,194377145662,194377818922,673259,79,8388608
Uring,throughput,0,4,64,0,0,194377145756,194378305805,1160048,17,8388608
Uring,throughput,0,4,64,0,0,194377150100,194377813839,663739,16,8388608
Uring,throughput,0,4,64,0,0,194377153719,194377791157,637438,37,8388608
Uring,throughput,0,4,64,0,0,194377158419,194380265723,3107304,135,8388608
Uring,throughput,0,4,64,0,0,194377169201,194377630144,460942,74,8388608
Uring,throughput,0,4,64,0,0,194377170934,194377820241,649306,3223,8388608
Uring,throughput,0,4,64,0,0,194377171119,194381605363,4434243,5853,8388608
Uring,throughput,0,4,64,0,0,194377180734,194378309130,1128396,3017,8388608
Uring,throughput,0,4,64,0,0,194377180734,194377608842,428108,26,8388608
Uring,throughput,0,4,64,0,0,194377184506,194377973121,788614,91,8388608
Uring,throughput,0,4,64,0,0,194377184533,194378300508,1115975,13,8388608
Uring,throughput,0,4,64,0,0,194377185113,194380270796,3085683,4663,8388608
Uring,throughput,0,4,64,0,0,194377190768,194379679767,2488998,2669,8388608
Uring,throughput,0,4,64,0,0,194377194247,194377927989,733742,33,8388608
Uring,throughput,0,4,64,0,0,194377207550,194377859965,652415,68,8388608
Uring,throughput,0,4,64,0,0,194377209281,194378024309,815027,20,8388608
Uring,throughput,0,4,64,0,0,194377210718,194377462928,252210,769,8388608
Uring,throughput,0,4,64,0,0,194377211983,194378372360,1160376,39,8388608
Uring,throughput,0,4,64,0,0,194377213762,194377953496,739733,42,8388608
Uring,throughput,0,4,64,0,0,194377214291,194377866209,651918,12,8388608
Uring,throughput,0,4,64,0,0,194377215057,194377703536,488478,19,8388608
Uring,throughput,0,4,64,0,0,194377218231,194378306247,1088016,2088,8388608
Uring,throughput,0,4,64,0,0,194377220090,194379499794,2279703,56,8388608
Uring,throughput,0,4,64,0,0,194377220257,194378338108,1117851,101,8388608
Uring,throughput,0,4,64,0,0,194377223872,194377871658,647785,22,8388608
Uring,throughput,0,4,64,0,0,194377232717,194377983869,751151,43,8388608
Uring,throughput,0,4,64,0,0,194377234434,194377867052,632617,37,8388608
Uring,throughput,0,4,64,0,0,194377236712,194378760068,1523356,83,8388608
Uring,throughput,0,4,64,0,0,194377245901,194377996565,750664,25,8388608
Uring,throughput,0,4,64,0,0,194377249440,194377890326,640886,25,8388608
Uring,throughput,0,4,64,0,0,194377258282,194378545126,1286843,2071,8388608
Uring,throughput,0,4,64,0,0,194377259672,194377686206,426533,42,8388608
Uring,throughput,0,4,64,0,0,194377263626,194377972144,708518,16,8388608
Uring,throughput,0,4,64,0,0,194377264138,194378547867,1283728,4621,8388608
Uring,throughput,0,4,64,0,0,194377265239,194378846185,1580946,2337,8388608
Uring,throughput,0,4,64,0,0,194377268823,194377950622,681798,1348,8388608
Uring,throughput,0,4,64,0,0,194377270102,194377816404,546301,94,8388608
Uring,throughput,0,4,64,0,0,194377275306,194377670109,394803,21,8388608
Uring,throughput,0,4,64,0,0,194377276549,194379328739,2052189,34,8388608
Uring,throughput,0,4,64,0,0,194377279164,194379450653,2171489,13,8388608
Uring,throughput,0,4,64,0,0,194377280811,194377921640,640828,10,8388608
Uring,throughput,0,4,64,0,0,194377285017,194379841194,2556176,23,8388608
Uring,throughput,0,4,64,0,0,194377286050,194380005297,2719247,4326,8388608
Uring,throughput,0,4,64,0,0,194377288490,194377984551,696060,37,8388608
Uring,throughput,0,4,64,0,0,194377289981,194378101697,811715,42,8388608
Uring,throughput,0,4,64,0,0,194377298994,194379892779,2593784,58,8388608
Uring,throughput,0,4,64,0,0,194377300876,194379711796,2410920,78,8388608
Uring,throughput,0,4,64,0,0,194377305747,194377869318,563571,970,8388608
Uring,throughput,0,4,64,0,0,194377310674,194378122662,811988,2880,8388608
Uring,throughput,0,4,64,0,0,194377317884,194378087961,770076,1288,8388608
Uring,throughput,0,4,64,0,0,194377320573,194377820935,500361,25,8388608
Uring,throughput,0,4,64,0,0,194377320668,194377961936,641268,2622,8388608
Uring,throughput,0,4,64,0,0,194377321865,194378785119,1463254,64,8388608
Uring,throughput,0,4,64,0,0,194377325561,194377869875,544314,85,8388608
Uring,throughput,0,4,64,0,0,194377326769,194377592757,265987,447,8388608
Uring,throughput,0,4,64,0,0,194377331879,194380789111,3457232,59650,8388608
Uring,throughput,0,4,64,0,0,194377336470,194377976910,640439,1402,8388608
Uring,throughput,0,4,64,0,0,194377337570,194379755128,2417557,4178,8388608
Uring,throughput,0,4,64,0,0,194377338445,194377689397,350951,30,8388608
Uring,throughput,0,4,64,0,0,194377339703,194377945516,605813,1860,8388608
Uring,throughput,0,4,64,0,0,194377340320,194379755764,2415443,4588,8388608
Uring,throughput,0,4,64,0,0,194377351038,194380795663,3444624,5571,8388608
Uring,throughput,0,4,64,0,0,194377353433,194379021131,1667697,70,8388608
Uring,throughput,0,4,64,0,0,194377363356,194380519413,3156056,4802,8388608
Uring,throughput,0,4,64,0,0,194377367554,194379018951,1651396,63,8388608
Uring,throughput,0,4,64,0,0,194377369303,194380241553,2872249,55,8388608
Uring,throughput,0,4,64,0,0,194377371671,194377899265,527594,4678,8388608
Uring,throughput,0,4,64,0,0,194377381413,194379724170,2342756,18,8388608
Uring,throughput,0,4,64,0,0,194377384770,194378837044,1452273,1506,8388608
Uring,throughput,0,4,64,0,0,194377386901,194377982864,595962,70,8388608
Uring,throughput,0,4,64,0,0,194377393362,194378403044,1009681,618,8388608
Uring,throughput,0,4,64,0,0,194377401191,194378482663,1081471,1788,8388608
Uring,throughput,0,4,64,0,0,194377403140,194377728693,325553,23,8388608
Uring,throughput,0,4,64,0,0,194377403243,194378139277,736033,22,8388608
Uring,throughput,0,4,64,0,0,194377407403,194378381084,973681,20,8388608
Uring,throughput,0,4,64,0,0,194377408885,194377938497,529612,18,8388608
Uring,throughput,0,4,64,0,0,194377423266,194378350141,926875,24,8388608
Uring,throughput,0,4,64,0,0,194377429480,194379350112,1920631,4676,8388608
Uring,throughput,0,4,64,0,0,194377433966,194377971406,537440,255,8388608
Uring,throughput,0,4,64,0,0,194377435661,194378818000,1382338,85,8388608
Uring,throughput,0,4,64,0,0,194377437254,194377742562,305307,18,8388608
Uring,throughput,0,4,64,0,0,194377437583,194378042768,605185,17,8388608
Uring,throughput,0,4,64,0,0,194377440536,194379794035,2353498,4566,8388608
Uring,throughput,0,4,64,0,0,194377443079,194378474266,1031186,16,8388608
Uring,throughput,0,4,64,0,0,194377444812,194377745312,300500,2801,8388608
Uring,throughput,0,4,64,0,0,194377448103,194378027366,579263,18,8388608
Uring,throughput,0,4,64,0,0,194377462961,194378627106,1164145,32,8388608
Uring,throughput,0,4,64,0,0,194377474337,194380709758,3235420,39,8388608
Uring,throughput,0,4,64,0,0,194377477983,194379767364,2289380,163,8388608
Uring,throughput,0,4,64,0,0,194377483578,194378005395,521816,1306,8388608
Uring,throughput,0,4,64,0,0,194377491126,194377933381,442255,34,8388608
Uring,throughput,0,4,64,0,0,194377491312,194378526658,1035345,106,8388608
Uring,throughput,0,4,64,0,0,194377491576,194377760199,268622,1620,8388608
Uring,throughput,0,4,64,0,0,194377494974,194378793891,1298916,2908,8388608
Uring,throughput,0,4,64,0,0,194377496520,194377940153,443632,2437,8388608
Uring,throughput,0,4,64,0,0,194377508421,194377546331,37909,73,8388608
Uring,throughput,0,4,64,0,0,194377513259,194380094932,2581672,45,8388608
Uring,throughput,0,4,64,0,0,194377518479,194378087262,568783,34,8388608
Uring,throughput,0,4,64,0,0,194377540147,194379088791,1548644,23,8388608
Uring,throughput,0,4,64,0,0,194377543671,194378471770,928098,116,8388608
Uring,throughput,0,4,64,0,0,194377546361,194378075830,529469,34,8388608
Uring,throughput,0,4,64,0,0,194377550070,194379144255,1594184,21,8388608
Uring,throughput,0,4,64,0,0,194377553435,194378117383,563947,28,8388608
Uring,throughput,0,4,64,0,0,194377558644,194378770727,1212083,1731,8388608
Uring,throughput,0,4,64,0,0,194377562369,194378824475,1262105,60,8388608
Uring,throughput,0,4,64,0,0,194377568245,194378315069,746824,27,8388608
Uring,throughput,0,4,64,0,0,194377574845,194378913176,1338331,22,8388608
Uring,throughput,0,4,64,0,0,194377575898,194377942930,367032,1064,8388608
Uring,throughput,0,4,64,0,0,194377576056,194379429607,1853550,102,8388608
Uring,throughput,0,4,64,0,0,194377577562,194378132796,555233,33,8388608
Uring,throughput,0,4,64,0,0,194377584816,194379261612,1676796,100,8388608
Uring,throughput,0,4,64,0,0,194377590541,194378439719,849177,79,8388608
Uring,throughput,0,4,64,0,0,194377592762,194377921074,328312,30,8388608
Uring,throughput,0,4,64,0,0,194377601313,194378215943,614629,27,8388608
Uring,throughput,0,4,64,0,0,194377606985,194378154001,547016,2684,8388608
Uring,throughput,0,4,64,0,0,194377608849,194377802518,193669,5549,8388608
Uring,throughput,0,4,64,0,0,194377609877,194377961645,351768,20,8388608
Uring,throughput,0,4,64,0,0,194377614700,194378117078,502378,2483,8388608
Uring,throughput,0,4,64,0,0,194377614856,194377802161,187305,1291,8388608
Uring,throughput,0,4,64,0,0,194377618275,194378160368,542092,2794,8388608
Uring,throughput,0,4,64,0,0,194377626517,194378123162,496645,54,8388608
Uring,throughput,0,4,64,0,0,194377629632,194378018258,388626,20,8388608
Uring,throughput,0,4,64,0,0,194377630148,194380112349,2482201,2601,8388608
Uring,throughput,0,4,64,0,0,194377632396,194378368402,736005,42,8388608
Uring,throughput,0,4,64,0,0,194377635495,194379368904,1733409,5896,8388608
Uring,throughput,0,4,64,0,0,194377643446,194381254772,3611326,69,8388608
Uring,throughput,0,4,64,0,0,194377655226,194378450862,795635,19,8388608
Uring,throughput,0,4,64,0,0,194377670116,194380282817,2612700,4537,8388608
Uring,throughput,0,4,64,0,0,194377675125,194378183896,508771,48,8388608
Uring,throughput,0,4,64,0,0,194377676734,194378193898,517163,1263,8388608
Uring,throughput,0,4,64,0,0,194377676956,194379160510,1483554,78,8388608
Uring,throughput,0,4,64,0,0,194377684807,194378565083,880275,3089,8388608
Uring,throughput,0,4,64,0,0,194377686213,194380833885,3147672,3573,8388608
Uring,throughput,0,4,64,0,0,194377689402,194377919558,230156,90,8388608
Uring,throughput,0,4,64,0,0,194377689453,194380761197,3071744,336,8388608
Uring,throughput,0,4,64,0,0,194377692626,194378159715,467088,13,8388608
Uring,throughput,0,4,64,0,0,194377698054,194377931598,233544,27,8388608
Uring,throughput,0,4,64,0,0,194377703542,194377938854,235312,18,8388608
Uring,throughput,0,4,64,0,0,194377707643,194380116273,2408630,26,8388608
Uring,throughput,0,4,64,0,0,194377710167,194378171150,460982,1166,8388608
Uring,throughput,0,4,64,0,0,194377722773,194380147549,2424775,23,8388608
Uring,throughput,0,4,64,0,0,194377728701,194378265855,537154,4297,8388608
Uring,throughput,0,4,64,0,0,194377734152,194377994112,259959,2019,8388608
Uring,throughput,0,4,64,0,0,194377739613,194379576404,1836791,37,8388608
Uring,throughput,0,4,64,0,0,194377742570,194378217882,475312,2871,8388608
Uring,throughput,0,4,64,0,0,194377745321,194378512383,767061,18,8388608
Uring,throughput,0,4,64,0,0,194377747805,194379998785,2250979,3779,8388608
Uring,throughput,0,4,64,0,0,194377753962,194380005434,2251472,4207,8388608
Uring,throughput,0,4,64,0,0,194377758487,194378634297,875810,94,8388608
Uring,throughput,0,4,64,0,0,194377760207,194379179141,1418933,86,8388608
Uring,throughput,0,4,64,0,0,194377771801,194378191247,419446,667,8388608
Uring,throughput,0,4,64,0,0,194377772921,194378527689,754768,593,8388608
Uring,throughput,0,4,64,0,0,194377775312,194380028017,2252705,24,8388608
Uring,throughput,0,4,64,0,0,194377784326,194378610456,826129,504353,8388608
Uring,throughput,0,4,64,0,0,194377791165,194382426385,4635220,12944,8388608
Uring,throughput,0,4,64,0,0,194377794174,194378423813,629638,31,8388608
Uring,throughput,0,4,64,0,0,194377799997,194378238772,438775,2900,8388608
Uring,throughput,0,4,64,0,0,194377802197,194379163922,1361725,71,8388608
Uring,throughput,0,4,64,0,0,194377802520,194378256578,454058,47,8388608
Uring,throughput,0,4,64,0,0,194377805091,194378214068,408977,2100,8388608
Uring,throughput,0,4,64,0,0,194377808086,194379589836,1781749,38,8388608
Uring,throughput,0,4,64,0,0,194377808976,194378321439,512462,13,8388608
Uring,throughput,0,4,64,0,0,194377813854,194380773018,2959164,5560,8388608
Uring,throughput,0,4,64,0,0,194377815622,194380681420,2865797,116,8388608
Uring,throughput,0,4,64,0,0,194377816410,194378220068,403657,2404,8388608
Uring,throughput,0,4,64,0,0,194377818929,194378020027,201097,2579,8388608
Uring,throughput,0,4,64,0,0,194377820246,194378007183,186936,14,8388608
Uring,throughput,0,4,64,0,0,194377820942,194382001646,4180703,3439,8388608
Uring,throughput,0,4,64,0,0,194377833621,194379674736,1841114,96,8388608
Uring,throughput,0,4,64,0,0,194377851627,194380090059,2238431,4669,8388608
Uring,throughput,0,4,64,0,0,194377858279,194378238808,380528,12,8388608
Uring,throughput,0,4,64,0,0,194377859997,194380781206,2921209,6189,8388608
Uring,throughput,0,4,64,0,0,194377866215,194378082837,216621,2280,8388608
Uring,throughput,0,4,64,0,0,194377867055,194379100568,1233513,1552,8388608
Uring,throughput,0,4,64,0,0,194377869322,194380549376,2680053,52,8388608
Uring,throughput,0,4,64,0,0,194377869880,194378253160,383280,2473,8388608
Uring,throughput,0,4,64,0,0,194377871660,194378211899,340239,477,8388608
Uring,throughput,0,4,64,0,0,194377890335,194380791187,2900852,5917,8388608
Uring,throughput,0,4,64,0,0,194377899395,194379907125,2007730,42,8388608
Uring,throughput,0,4,64,0,0,194377907885,194379652894,1745008,24,8388608
Uring,throughput,0,4,64,0,0,194377917759,194378376417,458658,21,8388608
Uring,throughput,0,4,64,0,0,194377919566,194378342807,423241,5140,8388608
Uring,throughput,0,4,64,0,0,194377921121,194378211774,290652,106,8388608
Uring,throughput,0,4,64,0,0,194377921645,194378082744,161098,2108,8388608
Uring,throughput,0,4,64,0,0,194377924477,194380819958,2895481,48,8388608
Uring,throughput,0,4,64,0,0,194377927994,194378336259,408265,35,8388608
Uring,throughput,0,4,64,0,0,194377931608,194378285829,354221,2361,8388608
Uring,throughput,0,4,64,0,0,194377933424,194378193973,260549,20,8388608
Uring,throughput,0,4,64,0,0,194377934326,194378752081,817755,22,8388608
Uring,throughput,0,4,64,0,0,194377938504,194378216057,277552,769,8388608
Uring,throughput,0,4,64,0,0,194377938861,194378692632,753770,2884,8388608
Uring,throughput,0,4,64,0,0,194377940080,194380935857,2995777,4130,8388608
Uring,throughput,0,4,64,0,0,194377940188,194378216210,276022,42,8388608
Uring,throughput,0,4,64,0,0,194377942939,194378006361,63422,84,8388608
Uring,throughput,0,4,64,0,0,194377945521,194378313057,367535,107,8388608
Uring,throughput,0,4,64,0,0,194377947112,194380141279,2194167,53,8388608
Uring,throughput,0,4,64,0,0,194377950630,194378898408,947778,71,8388608
Uring,throughput,0,4,64,0,0,194377952254,194378229335,277080,2387,8388608
Uring,throughput,0,4,64,0,0,194377953504,194378682220,728715,47,8388608
Uring,throughput,0,4,64,0,0,194377956442,194378468742,512299,17,8388608
Uring,throughput,0,4,64,0,0,194377957099,194380962461,3005361,3196,8388608
Uring,throughput,0,4,64,0,0,194377961654,194379245739,1284085,4107,8388608
Uring,throughput,0,4,64,0,0,194377961944,194378810138,848193,23,8388608
Uring,throughput,0,4,64,0,0,194377971412,194378339441,368029,33,8388608
Uring,throughput,0,4,64,0,0,194377972154,194378800779,828625,721,8388608
Uring,throughput,0,4,64,0,0,194377973126,194379120110,1146984,2067,8388608
Uring,throughput,0,4,64,0,0,194377973873,194379603944,1630071,3564,8388608
Uring,throughput,0,4,64,0,0,194377976944,194378374863,397918,524,8388608
Uring,throughput,0,4,64,0,0,194377982872,194378394837,411965,1184,8388608
Uring,throughput,0,4,64,0,0,194377983872,194378738641,754768,192,8388608
Uring,throughput,0,4,64,0,0,194377984559,194378333658,349098,24,8388608
Uring,throughput,0,4,64,0,0,194377994120,194378330235,336114,27,8388608
Uring,throughput,0,4,64,0,0,194377996574,194379741205,1744630,60,8388608
Uring,throughput,0,4,64,0,0,194378005403,194378408374,402971,27,8388608
Uring,throughput,0,4,64,0,0,194378006368,194378709679,703310,60,8388608
Uring,throughput,0,4,64,0,0,194378007185,194378276668,269482,14,8388608
Uring,throughput,0,4,64,0,0,194378018265,194378314920,296654,1894,8388608
Uring,throughput,0,4,64,0,0,194378020035,194378420975,400939,19,8388608
Uring,throughput,0,4,64,0,0,194378024318,194378771852,747534,3514,8388608
Uring,throughput,0,4,64,0,0,194378027373,194378757710,730337,654,8388608
Uring,throughput,0,4,64,0,0,194378042777,194379724776,1681999,248,8388608
Uring,throughput,0,4,64,0,0,194378065110,194378827361,762250,41,8388608
Uring,throughput,0,4,64,0,0,194378075841,194378393710,317869,8814,8388608
Uring,throughput,0,4,64,0,0,194378078155,194379645617,1567462,9685,8388608
Uring,throughput,0,4,64,0,0,194378082752,194378736199,653447,18,8388608
Uring,throughput,0,4,64,0,0,194378082838,194378446632,363794,28,8388608
Uring,throughput,0,4,64,0,0,194378085032,194378872752,787719,3137,8388608
Uring,throughput,0,4,64,0,0,194378087290,194379019240,931949,50,8388608
Uring,throughput,0,4,64,0,0,194378087977,194378827942,739965,16,8388608
Uring,throughput,0,4,64,0,0,194378091332,194379947838,1856506,22,8388608
Uring,throughput,0,4,64,0,0,194378098974,194380606546,2507572,48,8388608
Uring,throughput,0,4,64,0,0,194378101705,194378891606,789901,1495,8388608
Uring,throughput,0,4,64,0,0,194378101869,194378477995,376125,22,8388608
Uring,throughput,0,4,64,0,0,194378117085,194378176679,59594,330,8388608
Uring,throughput,0,4,64,0,0,194378117391,194378970690,853298,1687,8388608
Uring,throughput,0,4,64,0,0,194378122672,194378247293,124621,26,8388608
Uring,throughput,0,4,64,0,0,194378123171,194379909964,1786793,139,8388608
Uring,throughput,0,4,64,0,0,194378132803,194378502410,369607,2717,8388608
Uring,throughput,0,4,64,0,0,194378139285,194378424083,284798,7047,8388608
Uring,throughput,0,4,64,0,0,194378154070,194379068511,914441,23,8388608
Uring,throughput,0,4,64,0,0,194378159723,194378529796,370072,16073,8388608
Uring,throughput,0,4,64,0,0,194378160376,194379981812,1821435,25,8388608
Uring,throughput,0,4,64,0,0,194378162442,194380404890,2242448,13916,8388608
Uring,throughput,0,4,64,0,0,194378171178,194378885896,714718,113,8388608
Uring,throughput,0,4,64,0,0,194378176687,194378731429,554742,188,8388608
Uring,throughput,0,4,64,0,0,194378183984,194378638291,454307,108,8388608
Uring,throughput,0,4,64,0,0,194378191255,194378441518,250262,45,8388608
Uring,throughput,0,4,64,0,0,194378193905,194378642979,449074,18,8388608
Uring,throughput,0,4,64,0,0,194378193977,194379079554,885576,3172,8388608
Uring,throughput,0,4,64,0,0,194378209778,194380122699,1912921,49,8388608
Uring,throughput,0,4,64,0,0,194378211782,194378449939,238156,3928,8388608
Uring,throughput,0,4,64,0,0,194378211905,194378324095,112190,22,8388608
Uring,throughput,0,4,64,0,0,194378214073,194378553336,339262,42,8388608
Uring,throughput,0,4,64,0,0,194378214113,194379297414,1083300,1910,8388608
Uring,throughput,0,4,64,0,0,194378215945,194380889095,2673150,3813,8388608
Uring,throughput,0,4,64,0,0,194378216059,194378498391,282332,85,8388608
Uring,throughput,0,4,64,0,0,194378216211,194378556433,340221,40,8388608
Uring,throughput,0,4,64,0,0,194378217890,194378677538,459648,36,8388608
Uring,throughput,0,4,64,0,0,194378220070,194379066526,846455,13,8388608
Uring,throughput,0,4,64,0,0,194378229530,194378272654,43124,68,8388608
Uring,throughput,0,4,64,0,0,194378237220,194380170174,1932954,22,8388608
Uring,throughput,0,4,64,0,0,194378238781,194378294704,55922,60,8388608
Uring,throughput,0,4,64,0,0,194378238839,194380227569,1988730,4936,8388608
Uring,throughput,0,4,64,0,0,194378247300,194378646651,399351,148,8388608
Uring,throughput,0,4,64,0,0,194378252221,194380897733,2645512,4327,8388608
Uring,throughput,0,4,64,0,0,194378253168,194378289725,36557,43,8388608
Uring,throughput,0,4,64,0,0,194378256614,194379447868,1191254,49,8388608
Uring,throughput,0,4,64,0,0,194378265863,194381545094,3279230,18,8388608
Uring,throughput,0,4,64,0,0,194378272662,194378848124,575461,116,8388608
Uring,throughput,0,4,64,0,0,194378276675,194378561031,284355,17,8388608
Uring,throughput,0,4,64,0,0,194378285836,194378852145,566309,21,8388608
Uring,throughput,0,4,64,0,0,194378289729,194378606972,317242,15,8388608
Uring,throughput,0,4,64,0,0,194378290679,194378356080,65401,1852,8388608
Uring,throughput,0,4,64,0,0,194378294712,194378602568,307855,21,8388608
Uring,throughput,0,4,64,0,0,194378300514,194378803662,503148,2904,8388608
Uring,throughput,0,4,64,0,0,194378304415,194378622679,318264,672,8388608
Uring,throughput,0,4,64,0,0,194378305809,194378500782,194972,374,8388608
Uring,throughput,0,4,64,0,0,194378306250,194378604306,298055,415,8388608
Uring,throughput,0,4,64,0,0,194378309136,194379025169,716033,24,8388608
Uring,throughput,0,4,64,0,0,194378313065,194378621431,308365,20,8388608
Uring,throughput,0,4,64,0,0,194378314966,194378923332,608366,29,8388608
Uring,throughput,0,4,64,0,0,194378315073,194378814022,498949,17,8388608
Uring,throughput,0,4,64,0,0,194378321442,194381489709,3168267,5061,8388608
Uring,throughput,0,4,64,0,0,194378322180,194379004326,682146,13,8388608
Uring,throughput,0,4,64,0,0,194378324104,194378627620,303515,57,8388608
Uring,throughput,0,4,64,0,0,194378330244,194380583547,2253303,72,8388608
Uring,throughput,0,4,64,0,0,194378333666,194379290500,956833,2573,8388608
Uring,throughput,0,4,64,0,0,194378336268,194378643719,307450,49,8388608
Uring,throughput,0,4,64,0,0,194378338112,194379293494,955382,23,8388608
Uring,throughput,0,4,64,0,0,194378339450,194378836271,496821,36,8388608
Uring,throughput,0,4,64,0,0,194378342816,194380346790,2003973,40,8388608
Uring,throughput,0,4,64,0,0,194378350151,194378830288,480137,18,8388608
Uring,throughput,0,4,64,0,0,194378356086,194378792541,436454,55,8388608
Uring,throughput,0,4,64,0,0,194378366271,194378857060,490788,57,8388608
Uring,throughput,0,4,64,0,0,194378368408,194380044363,1675955,36,8388608
Uring,throughput,0,4,64,0,0,194378372366,194380303997,1931630,2866,8388608
Uring,throughput,0,4,64,0,0,194378374872,194379306567,931695,26,8388608
Uring,throughput,0,4,64,0,0,194378376425,194381705809,3329384,2288,8388608
Uring,throughput,0,4,64,0,0,194378381092,194378980816,599723,579,8388608
Uring,throughput,0,4,64,0,0,194378383235,194378545542,162306,30,8388608
Uring,throughput,0,4,64,0,0,194378390893,194380774106,2383213,10606,8388608
Uring,throughput,0,4,64,0,0,194378393720,194378445095,51375,36,8388608
Uring,throughput,0,4,64,0,0,194378394842,194379709406,1314564,45,8388608
Uring,throughput,0,4,64,0,0,194378401690,194380361458,1959768,416,8388608
Uring,throughput,0,4,64,0,0,194378403054,194378936878,533823,62,8388608
Uring,throughput,0,4,64,0,0,194378408387,194379452738,1044351,46,8388608
Uring,throughput,0,4,64,0,0,194378415383,194380523200,2107816,5532,8388608
Uring,throughput,0,4,64,0,0,194378415993,194379142447,726454,1611,8388608
Uring,throughput,0,4,64,0,0,194378420984,194378962797,541812,55,8388608
Uring,throughput,0,4,64,0,0,194378423821,194378563056,139235,2648,8388608
Uring,throughput,0,4,64,0,0,194378424091,194378688909,264817,65,8388608
Uring,throughput,0,4,64,0,0,194378424649,194378924185,499535,10,8388608
Uring,throughput,0,4,64,0,0,194378432109,194380269213,1837103,70,8388608
Uring,throughput,0,4,64,0,0,194378435053,194378722477,287423,2536,8388608
Uring,throughput,0,4,64,0,0,194378435412,194380387035,1951622,27,8388608
Uring,throughput,0,4,64,0,0,194378439727,194378616570,176842,2733,8388608
Uring,throughput,0,4,64,0,0,194378441527,194378695702,254175,43,8388608
Uring,throughput,0,4,64,0,0,194378445102,194379961430,1516328,36,8388608
Uring,throughput,0,4,64,0,0,194378446641,194379726961,1280319,40,8388608
Uring,throughput,0,4,64,0,0,194378449946,194378821442,371495,29,8388608
Uring,throughput,0,4,64,0,0,194378450870,194381063831,2612960,3407,8388608
Uring,throughput,0,4,64,0,0,194378457272,194380077865,1620593,6805,8388608
Uring,throughput,0,4,64,0,0,194378457569,194378988348,530779,44,8388608
Uring,throughput,0,4,64,0,0,194378467546,194378685282,217736,2864,8388608
Uring,throughput,0,4,64,0,0,194378468750,194379386308,917558,21,8388608
Uring,throughput,0,4,64,0,0,194378470464,194380571548,2101084,23,8388608
Uring,throughput,0,4,64,0,0,194378471774,194380501075,2029301,4714,8388608
Uring,throughput,0,4,64,0,0,194378474294,194379221732,747438,6882,8388608
Uring,throughput,0,4,64,0,0,194378478017,194380033531,1555514,6420,8388608
Uring,throughput,0,4,64,0,0,194378478936,194379129440,650504,526,8388608
Uring,throughput,0,4,64,0,0,194378482673,194378716787,234114,112,8388608
Uring,throughput,0,4,64,0,0,194378498399,194378812320,313920,80,8388608
Uring,throughput,0,4,64,0,0,194378500790,194378962122,461331,2047,8388608
Uring,throughput,0,4,64,0,0,194378502414,194378852050,349635,12,8388608
Uring,throughput,0,4,64,0,0,194378503926,194381606192,3102266,63,8388608
Uring,throughput,0,4,64,0,0,194378512393,194378786089,273695,371,8388608
Uring,throughput,0,4,64,0,0,194378522308,194379965084,1442775,43,8388608
Uring,throughput,0,4,64,0,0,194378526689,194380500579,1973890,4164,8388608
Uring,throughput,0,4,64,0,0,194378527699,194378673955,146255,62,8388608
Uring,throughput,0,4,64,0,0,194378529801,194380281795,1751993,45,8388608
Uring,throughput,0,4,64,0,0,194378541156,194381275119,2733962,182,8388608
Uring,throughput,0,4,64,0,0,194378545135,194378829667,284532,244,8388608
Uring,throughput,0,4,64,0,0,194378545551,194378915747,370196,23,8388608
Uring,throughput,0,4,64,0,0,194378547875,194381851997,3304122,39,8388608
Uring,throughput,0,4,64,0,0,194378553345,194378601073,47727,45,8388608
Uring,throughput,0,4,64,0,0,194378556513,194378837334,280820,580,8388608
Uring,throughput,0,4,64,0,0,194378561037,194380172249,1611211,15,8388608
Uring,throughput,0,4,64,0,0,194378562510,194381341040,2778530,22,8388608
Uring,throughput,0,4,64,0,0,194378563061,194379821263,1258202,21,8388608
Uring,throughput,0,4,64,0,0,194378564278,194380902724,2338445,57,8388608
Uring,throughput,0,4,64,0,0,194378565090,194380441207,1876117,17,8388608
Uring,throughput,0,4,64,0,0,194378571459,194381669049,3097590,9016,8388608
Uring,throughput,0,4,64,0,0,194378586902,194379461879,874977,66,8388608
Uring,throughput,0,4,64,0,0,194378601099,194380621494,2020394,4995,8388608
Uring,throughput,0,4,64,0,0,194378602576,194381332944,2730367,1853,8388608
Uring,throughput,0,4,64,0,0,194378604314,194379456400,852085,20,8388608
Uring,throughput,0,4,64,0,0,194378606979,194379375438,768458,2138,8388608
Uring,throughput,0,4,64,0,0,194378610479,194378786920,176440,26,8388608
Uring,throughput,0,4,64,0,0,194378616578,194380616518,1999940,54,8388608
Uring,throughput,0,4,64,0,0,194378621439,194379981157,1359718,6630,8388608
Uring,throughput,0,4,64,0,0,194378622688,194378853572,230884,20,8388608
Uring,throughput,0,4,64,0,0,194378627116,194378709101,81984,20,8388608
Uring,throughput,0,4,64,0,0,194378627628,194381645930,3018302,2116,8388608
Uring,throughput,0,4,64,0,0,194378634307,194380556682,1922374,3279,8388608
Uring,throughput,0,4,64,0,0,194378636997,194380792993,2155995,47,8388608
Uring,throughput,0,4,64,0,0,194378638296,194380629099,1990802,9916,8388608
Uring,throughput,0,4,64,0,0,194378643027,194378701615,58587,22,8388608
Uring,throughput,0,4,64,0,0,194378643727,194378900876,257148,146,8388608
Uring,throughput,0,4,64,0,0,194378646141,194380739688,2093547,5448,8388608
Uring,throughput,0,4,64,0,0,194378646656,194380731197,2084541,2628,8388608
Uring,throughput,0,4,64,0,0,194378646746,194379812682,1165936,3682,8388608
Uring,throughput,0,4,64,0,0,194378669258,194379320646,651387,1207,8388608
Uring,throughput,0,4,64,0,0,194378670216,194380111069,1440852,45,8388608
Uring,throughput,0,4,64,0,0,194378673891,194380748201,2074310,16,8388608
Uring,throughput,0,4,64,0,0,194378673958,194379140742,466784,16,8388608
Uring,throughput,0,4,64,0,0,194378677546,194378855254,177708,80,8388608
Uring,throughput,0,4,64,0,0,194378682226,194380591400,1909173,6375,8388608
Uring,throughput,0,4,64,0,0,194378685288,194380777019,2091731,23,8388608
Uring,throughput,0,4,64,0,0,194378687507,194381454741,2767233,18,8388608
Uring,throughput,0,4,64,0,0,194378688929,194380775377,2086447,124,8388608
Uring,throughput,0,4,64,0,0,194378692641,194379159334,466693,31,8388608
Uring,throughput,0,4,64,0,0,194378695708,194378886143,190435,2410,8388608
Uring,throughput,0,4,64,0,0,194378701622,194378887906,186284,2836,8388608
Uring,throughput,0,4,64,0,0,194378709107,194378922476,213369,4152,8388608
Uring,throughput,0,4,64,0,0,194378709688,194381019763,2310074,5105,8388608
Uring,throughput,0,4,64,0,0,194378716830,194378881710,164879,21,8388608
Uring,throughput,0,4,64,0,0,194378722484,194379217100,494615,21,8388608
Uring,throughput,0,4,64,0,0,194378731437,194378930061,198623,4596,8388608
Uring,throughput,0,4,64,0,0,194378732322,194381536816,2804494,21,8388608
Uring,throughput,0,4,64,0,0,194378736228,194380052969,1316740,30,8388608
Uring,throughput,0,4,64,0,0,194378738651,194380597777,1859126,4532,8388608
Uring,throughput,0,4,64,0,0,194378752088,194380569249,1817160,5450,8388608
Uring,throughput,0,4,64,0,0,194378757715,194380548053,1790337,48,8388608
Uring,throughput,0,4,64,0,0,194378760100,194380495613,1735513,1868,8388608
Uring,throughput,0,4,64,0,0,194378770734,194378857657,86922,48,8388608
Uring,throughput,0,4,64,0,0,194378771858,194380853168,2081309,53,8388608
Uring,throughput,0,4,64,0,0,194378785128,194379244801,459672,16,8388608
Uring,throughput,0,4,64,0,0,194378786128,194379118070,331942,751,8388608
Uring,throughput,0,4,64,0,0,194378786922,194381468978,2682055,5835,8388608
Uring,throughput,0,4,64,0,0,194378792573,194378913476,120903,379,8388608
Uring,throughput,0,4,64,0,0,194378793897,194380648227,1854330,21,8388608
Uring,throughput,0,4,64,0,0,194378800785,194379932751,1131966,111,8388608
Uring,throughput,0,4,64,0,0,194378803670,194380630329,1826659,16,8388608
Uring,throughput,0,4,64,0,0,194378810147,194380632348,1822200,18,8388608
Uring,throughput,0,4,64,0,0,194378812328,194379013801,201472,2610,8388608
Uring,throughput,0,4,64,0,0,194378814030,194379605844,791813,1506,8388608
Uring,throughput,0,4,64,0,0,194378818026,194380356834,1538807,23,8388608
Uring,throughput,0,4,64,0,0,194378818874,194380861999,2043124,27,8388608
Uring,throughput,0,4,64,0,0,194378821449,194378977261,155812,36,8388608
Uring,throughput,0,4,64,0,0,194378824640,194380632837,1808196,14928,8388608
Uring,throughput,0,4,64,0,0,194378827368,194378987326,159958,33,8388608
Uring,throughput,0,4,64,0,0,194378827945,194380173453,1345507,47,8388608
Uring,throughput,0,4,64,0,0,194378829672,194378876098,46425,10,8388608
Uring,throughput,0,4,64,0,0,194378830293,194380872903,2042609,9903,8388608
Uring,throughput,0,4,64,0,0,194378836279,194379605529,769249,17,8388608
Uring,throughput,0,4,64,0,0,194378837049,194379843823,1006774,23,8388608
Uring,throughput,0,4,64,0,0,194378837340,194379947545,1110205,43,8388608
Uring,throughput,0,4,64,0,0,194378846194,194379053181,206987,75,8388608
Uring,throughput,0,4,64,0,0,194378848133,194379878568,1030435,4235,8388608
Uring,throughput,0,4,64,0,0,194378852056,194378984129,132073,329,8388608
Uring,throughput,0,4,64,0,0,194378852153,194379087754,235600,24,8388608
Uring,throughput,0,4,64,0,0,194378853579,194380643926,1790346,2091,8388608
Uring,throughput,0,4,64,0,0,194378855261,194379058509,203248,2262,8388608
Uring,throughput,0,4,64,0,0,194378857066,194379042526,185459,24,8388608
Uring,throughput,0,4,64,0,0,194378857498,194382006179,3148680,5960,8388608
Uring,throughput,0,4,64,0,0,194378857664,194379008505,150840,18,8388608
Uring,throughput,0,4,64,0,0,194378858615,194379106487,247871,1219,8388608
Uring,throughput,0,4,64,0,0,194378872759,194379145598,272838,18,8388608
Uring,throughput,0,4,64,0,0,194378876104,194378903722,27618,644,8388608
Uring,throughput,0,4,64,0,0,194378881717,194379990788,1109070,6959,8388608
Uring,throughput,0,4,64,0,0,194378885905,194379966779,1080874,23,8388608
Uring,throughput,0,4,64,0,0,194378886151,194381692708,2806557,20,8388608
Uring,throughput,0,4,64,0,0,194378887911,194380995636,2107724,134,8388608
Uring,throughput,0,4,64,0,0,194378891614,194379029169,137555,52,8388608
Uring,throughput,0,4,64,0,0,194378898417,194379621409,722991,54,8388608
Uring,throughput,0,4,64,0,0,194378900883,194379102399,201515,19,8388608
Uring,throughput,0,4,64,0,0,194378903729,194379002828,99098,122,8388608
Uring,throughput,0,4,64,0,0,194378913183,194380024160,1110976,37,8388608
Uring,throughput,0,4,64,0,0,194378913478,194380030966,1117488,2965,8388608
Uring,throughput,0,4,64,0,0,194378915697,194381713576,2797878,40,8388608
Uring,throughput,0,4,64,0,0,194378915779,194379594794,679015,898,8388608
Uring,throughput,0,4,64,0,0,194378922485,194380044247,1121762,24,8388608
Uring,throughput,0,4,64,0,0,194378923339,194379261465,338125,48,8388608
Uring,throughput,0,4,64,0,0,194378924188,194379167170,242981,11,8388608
Uring,throughput,0,4,64,0,0,194378930067,194381832020,2901953,66,8388608
Uring,throughput,0,4,64,0,0,194378936885,194379669857,732971,21,8388608
Uring,throughput,0,4,64,0,0,194378962162,194379089494,127331,51,8388608
Uring,throughput,0,4,64,0,0,194378962804,194379548293,585489,2376,8388608
Uring,throughput,0,4,64,0,0,194378968401,194381784975,2816573,60,8388608
Uring,throughput,0,4,64,0,0,194378970695,194381290474,2319779,27,8388608
Uring,throughput,0,4,64,0,0,194378977269,194379320856,343586,726,8388608
Uring,throughput,0,4,64,0,0,194378979089,194381790957,2811867,26,8388608
Uring,throughput,0,4,64,0,0,194378980846,194379284028,303181,34,8388608
Uring,throughput,0,4,64,0,0,194378984134,194380187818,1203684,2287,8388608
Uring,throughput,0,4,64,0,0,194378984485,194379726729,742244,3590,8388608
Uring,throughput,0,4,64,0,0,194378987332,194381037218,2049886,1658,8388608
Uring,throughput,0,4,64,0,0,194378988407,194381726035,2737627,1707,8388608
Uring,throughput,0,4,64,0,0,194379002835,194379043397,40562,26,8388608
Uring,throughput,0,4,64,0,0,194379004334,194379055511,51177,6729,8388608
Uring,throughput,0,4,64,0,0,194379008512,194379630203,621690,1528,8388608
Uring,throughput,0,4,64,0,0,194379013809,194380374072,1360263,274,8388608
Uring,throughput,0,4,64,0,0,194379018976,194380709700,1690723,20,8388608
Uring,throughput,0,4,64,0,0,194379019267,194381257289,2238021,6605,8388608
Uring,throughput,0,4,64,0,0,194379021138,194381138680,2117541,138,8388608
Uring,throughput,0,4,64,0,0,194379025178,194379138084,112906,18,8388608
Uring,throughput,0,4,64,0,0,194379029182,194379241900,212717,17,8388608
Uring,throughput,0,4,64,0,0,194379042534,194379440812,398277,668,8388608
Uring,throughput,0,4,64,0,0,194379043403,194382277085,3233681,6887,8388608
Uring,throughput,0,4,64,0,0,194379053189,194379557424,504235,144,8388608
Uring,throughput,0,4,64,0,0,194379055517,194380152373,1096856,35,8388608
Uring,throughput,0,4,64,0,0,194379058517,194380247520,1189002,22,8388608
Uring,throughput,0,4,64,0,0,194379066532,194379544442,477910,51,8388608
Uring,throughput,0,4,64,0,0,194379068514,194379156659,88144,13,8388608
Uring,throughput,0,4,64,0,0,194379069826,194381834984,2765158,2205,8388608
Uring,throughput,0,4,64,0,0,194379079562,194379185392,105830,101,8388608
Uring,throughput,0,4,64,0,0,194379086121,194380743120,1656999,21,8388608
Uring,throughput,0,4,64,0,0,194379087758,194379134306,46547,10819,8388608
Uring,throughput,0,4,64,0,0,194379088798,194379142066,53268,11684,8388608
Uring,throughput,0,4,64,0,0,194379089528,194380742439,1652911,182,8388608
Uring,throughput,0,4,64,0,0,194379098058,194380048110,950051,685,8388608
Uring,throughput,0,4,64,0,0,194379100574,194380332063,1231489,165,8388608
Uring,throughput,0,4,64,0,0,194379102407,194380284990,1182582,31,8388608
Uring,throughput,0,4,64,0,0,194379106495,194380649182,1542687,19,8388608
Uring,throughput,0,4,64,0,0,194379118078,194379943192,825113,23,8388608
Uring,throughput,0,4,64,0,0,194379120117,194379213956,93839,40,8388608
Uring,throughput,0,4,64,0,0,194379129449,194379799690,670241,17,8388608
Uring,throughput,0,4,64,0,0,194379134311,194380797882,1663570,18,8388608
Uring,throughput,0,4,64,0,0,194379138093,194380755567,1617474,2812,8388608
Uring,throughput,0,4,64,0,0,194379140748,194379539517,398768,1060,8388608
Uring,throughput,0,4,64,0,0,194379142072,194379190123,48051,15,8388608
Uring,throughput,0,4,64,0,0,194379142455,194379848771,706316,20,8388608
Uring,throughput,0,4,64,0,0,194379144261,194379185025,40763,922,8388608
Uring,throughput,0,4,64,0,0,194379145602,194379698190,552587,39,8388608
Uring,throughput,0,4,64,0,0,194379156667,194380279275,1122608,982,8388608
Uring,throughput,0,4,64,0,0,194379159342,194379872306,712964,21,8388608
Uring,throughput,0,4,64,0,0,194379160517,194380132750,972232,26,8388608
Uring,throughput,0,4,64,0,0,194379163853,194381923127,2759274,58,8388608
Uring,throughput,0,4,64,0,0,194379163923,194380421584,1257661,21,8388608
Uring,throughput,0,4,64,0,0,194379167174,194379224257,57083,1672,8388608
Uring,throughput,0,4,64,0,0,194379179150,194380560155,1381004,32,8388608
Uring,throughput,0,4,64,0,0,194379185080,194380448634,1263554,25,8388608
Uring,throughput,0,4,64,0,0,194379185397,194379269785,84388,15,8388608
Uring,throughput,0,4,64,0,0,194379190130,194380771726,1581595,19,8388608
Uring,throughput,0,4,64,0,0,194379213963,194379643039,429075,26,8388608
Uring,throughput,0,4,64,0,0,194379217154,194379779425,562270,83,8388608
Uring,throughput,0,4,64,0,0,194379221740,194381978459,2756718,27,8388608
Uring,throughput,0,4,64,0,0,194379224262,194379499248,274985,22,8388608
Uring,throughput,0,4,64,0,0,194379241910,194381901291,2659381,2064,8388608
Uring,throughput,0,4,64,0,0,194379244809,194380741501,1496691,1460,8388608
Uring,throughput,0,4,64,0,0,194379245744,194381814069,2568325,27,8388608
Uring,throughput,0,4,64,0,0,194379246136,194381894900,2648764,136,8388608
Uring,throughput,0,4,64,0,0,194379255425,194382410165,3154739,17,8388608
Uring,throughput,0,4,64,0,0,194379258323,194381818082,2559758,18,8388608
Uring,throughput,0,4,64,0,0,194379261470,194379635427,373956,431,8388608
Uring,throughput,0,4,64,0,0,194379261620,194380553385,1291764,2052,8388608
Uring,throughput,0,4,64,0,0,194379269790,194379311472,41681,664,8388608
Uring,throughput,0,4,64,0,0,194379284072,194379851924,567852,94,8388608
Uring,throughput,0,4,64,0,0,194379290536,194379358831,68294,80,8388608
Uring,throughput,0,4,64,0,0,194379290933,194381954745,2663812,17,8388608
Uring,throughput,0,4,64,0,0,194379293502,194381871533,2578031,1669,8388608
Uring,throughput,0,4,64,0,0,194379297420,194380321531,1024110,32,8388608
Uring,throughput,0,4,64,0,0,194379306607,194379351079,44472,694,8388608
Uring,throughput,0,4,64,0,0,194379308115,194381881071,2572955,67,8388608
Uring,throughput,0,4,64,0,0,194379311476,194380305111,993635,55,8388608
Uring,throughput,0,4,64,0,0,194379320654,194380213718,893064,175,8388608
Uring,throughput,0,4,64,0,0,194379320860,194379442151,121290,44,8388608
Uring,throughput,0,4,64,0,0,194379323313,194380765024,1441711,1619,8388608
Uring,throughput,0,4,64,0,0,194379328799,194381896800,2568001,4041,8388608
Uring,throughput,0,4,64,0,0,194379338894,194380817328,1478434,1750,8388608
Uring,throughput,0,4,64,0,0,194379338896,194382061457,2722561,94,8388608
Uring,throughput,0,4,64,0,0,194379340786,194382823676,3482890,177,8388608
Uring,throughput,0,4,64,0,0,194379348276,194381381596,2033319,2331,8388608
Uring,throughput,0,4,64,0,0,194379350115,194382331728,2981613,514,8388608
Uring,throughput,0,4,64,0,0,194379351081,194380195603,844521,47,8388608
Uring,throughput,0,4,64,0,0,194379358838,194380020071,661233,88,8388608
Uring,throughput,0,4,64,0,0,194379365633,194382111441,2745807,26,8388608
Uring,throughput,0,4,64,0,0,194379368911,194382100438,2731527,42,8388608
Uring,throughput,0,4,64,0,0,194379375446,194379421932,46485,54,8388608
Uring,throughput,0,4,64,0,0,194379376033,194379409217,33184,440,8388608
Uring,throughput,0,4,64,0,0,194379386314,194379914368,528053,931,8388608
Uring,throughput,0,4,64,0,0,194379407349,194379806767,399418,4023,8388608
Uring,throughput,0,4,64,0,0,194379409222,194380592582,1183360,38,8388608
Uring,throughput,0,4,64,0,0,194379412109,194381973335,2561225,72,8388608
Uring,throughput,0,4,64,0,0,194379421939,194380535075,1113135,50,8388608
Uring,throughput,0,4,64,0,0,194379429615,194382221494,2791878,80,8388608
Uring,throughput,0,4,64,0,0,194379439089,194381923480,2484391,1654,8388608
Uring,throughput,0,4,64,0,0,194379440820,194379510015,69195,53,8388608
Uring,throughput,0,4,64,0,0,194379442160,194379479439,37278,161,8388608
Uring,throughput,0,4,64,0,0,194379447877,194380744469,1296592,1479,8388608
Uring,throughput,0,4,64,0,0,194379449305,194381420838,1971532,60,8388608
Uring,throughput,0,4,64,0,0,194379450660,194381087303,1636643,153,8388608
Uring,throughput,0,4,64,0,0,194379452745,194380946957,1494211,1754,8388608
Uring,throughput,0,4,64,0,0,194379456422,194382251787,2795364,1567,8388608
Uring,throughput,0,4,64,0,0,194379459105,194379487888,28783,794,8388608
Uring,throughput,0,4,64,0,0,194379461885,194379635705,173819,107,8388608
Uring,throughput,0,4,64,0,0,194379466735,194382035083,2568347,83,8388608
Uring,throughput,0,4,64,0,0,194379479447,194380390362,910914,1317,8388608
Uring,throughput,0,4,64,0,0,194379487067,194379539586,52519,674,8388608
Uring,throughput,0,4,64,0,0,194379487911,194379514900,26989,60,8388608
Uring,throughput,0,4,64,0,0,194379499256,194379583116,83860,20,8388608
Uring,throughput,0,4,64,0,0,194379499796,194382253217,2753421,26,8388608
Uring,throughput,0,4,64,0,0,194379510026,194379554850,44824,33,8388608
Uring,throughput,0,4,64,0,0,194379514907,194379549267,34359,206,8388608
Uring,throughput,0,4,64,0,0,194379539525,194379775568,236043,52,8388608
Uring,throughput,0,4,64,0,0,194379539594,194380712157,1172562,22,8388608
Uring,throughput,0,4,64,0,0,194379544451,194380787842,1243390,3599,8388608
Uring,throughput,0,4,64,0,0,194379548299,194379848707,300407,22,8388608
Uring,throughput,0,4,64,0,0,194379549275,194380395111,845836,796,8388608
Uring,throughput,0,4,64,0,0,194379554857,194379640115,85258,866,8388608
Uring,throughput,0,4,64,0,0,194379557431,194382058041,2500609,1567,8388608
Uring,throughput,0,4,64,0,0,194379562460,194379607176,44716,524,8388608
Uring,throughput,0,4,64,0,0,194379562657,194382952458,3389800,16,8388608
Uring,throughput,0,4,64,0,0,194379576412,194379705157,128745,1878,8388608
Uring,throughput,0,4,64,0,0,194379583123,194379737548,154425,1937,8388608
Uring,throughput,0,4,64,0,0,194379589842,194382389591,2799748,2585,8388608
Uring,throughput,0,4,64,0,0,194379594547,194381812369,2217821,47,8388608
Uring,throughput,0,4,64,0,0,194379594803,194379895613,300809,25,8388608
Uring,throughput,0,4,64,0,0,194379603953,194380951354,1347401,30,8388608
Uring,throughput,0,4,64,0,0,194379605573,194379788371,182798,63,8388608
Uring,throughput,0,4,64,0,0,194379605849,194379783529,177680,43,8388608
Uring,throughput,0,4,64,0,0,194379607183,194379742869,135685,33,8388608
Uring,throughput,0,4,64,0,0,194379621417,194381140687,1519269,520,8388608
Uring,throughput,0,4,64,0,0,194379622824,194379685547,62722,855,8388608
Uring,throughput,0,4,64,0,0,194379630210,194379784717,154506,21,8388608
Uring,throughput,0,4,64,0,0,194379635433,194379709659,74226,90,8388608
Uring,throughput,0,4,64,0,0,194379635713,194379666975,31262,2546,8388608
Uring,throughput,0,4,64,0,0,194379637757,194381097385,1459627,13,8388608
Uring,throughput,0,4,64,0,0,194379640124,194380244117,603992,18,8388608
Uring,throughput,0,4,64,0,0,194379643046,194380196872,553825,2208,8388608
Uring,throughput,0,4,64,0,0,194379645624,194380825845,1180221,20,8388608
Uring,throughput,0,4,64,0,0,194379652920,194381238517,1585597,120,8388608
Uring,throughput,0,4,64,0,0,194379666983,194379770858,103874,81,8388608
Uring,throughput,0,4,64,0,0,194379669866,194380189705,519838,22,8388608
Uring,throughput,0,4,64,0,0,194379674744,194382417507,2742762,4625,8388608
Uring,throughput,0,4,64,0,0,194379679775,194379933858,254083,22,8388608
Uring,throughput,0,4,64,0,0,194379685554,194381159819,1474264,30,8388608
Uring,throughput,0,4,64,0,0,194379689865,194379815613,125748,966,8388608
Uring,throughput,0,4,64,0,0,194379698250,194379851358,153107,626,8388608
Uring,throughput,0,4,64,0,0,194379705164,194379857861,152697,16,8388608
Uring,throughput,0,4,64,0,0,194379709414,194380849019,1139605,29,8388608
Uring,throughput,0,4,64,0,0,194379709668,194380179209,469540,33,8388608
Uring,throughput,0,4,64,0,0,194379711805,194380855671,1143865,23,8388608
Uring,throughput,0,4,64,0,0,194379712902,194382178839,2465937,69,8388608
Uring,throughput,0,4,64,0,0,194379724177,194382562950,2838773,51,8388608
Uring,throughput,0,4,64,0,0,194379724782,194380331468,606685,632,8388608
Uring,throughput,0,4,64,0,0,194379726758,194382427464,2700705,27,8388608
Uring,throughput,0,4,64,0,0,194379726964,194380347237,620272,470,8388608
Uring,throughput,0,4,64,0,0,194379737555,194379920130,182574,43,8388608
Uring,throughput,0,4,64,0,0,194379741214,194381803592,2062378,2944,8388608
Uring,throughput,0,4,64,0,0,194379742877,194379920454,177577,20,8388608
Uring,throughput,0,4,64,0,0,194379750887,194382438326,2687439,32,8388608
Uring,throughput,0,4,64,0,0,194379755148,194382399181,2644032,42,8388608
Uring,throughput,0,4,64,0,0,194379755770,194382429239,2673468,47,8388608
Uring,throughput,0,4,64,0,0,194379766943,194379986261,219317,5734,8388608
Uring,throughput,0,4,64,0,0,194379767371,194379956460,189089,585,8388608
Uring,throughput,0,4,64,0,0,194379770865,194380390347,619482,13,8388608
Uring,throughput,0,4,64,0,0,194379775574,194380378626,603051,44,8388608
Uring,throughput,0,4,64,0,0,194379779431,194382071571,2292140,5091,8388608
Uring,throughput,0,4,64,0,0,194379780161,194382288538,2508376,57,8388608
Uring,throughput,0,4,64,0,0,194379783535,194379981690,198155,38,8388608
Uring,throughput,0,4,64,0,0,194379784723,194380263374,478650,45,8388608
Uring,throughput,0,4,64,0,0,194379788376,194379830954,42578,43,8388608
Uring,throughput,0,4,64,0,0,194379794043,194382440932,2646888,16,8388608
Uring,throughput,0,4,64,0,0,194379799698,194380390662,590964,33,8388608
Uring,throughput,0,4,64,0,0,194379806774,194381283333,1476559,42,8388608
Uring,throughput,0,4,64,0,0,194379812690,194380882237,1069546,19,8388608
Uring,throughput,0,4,64,0,0,194379815621,194379843260,27638,48,8388608
Uring,throughput,0,4,64,0,0,194379821271,194380141292,320021,19,8388608
Uring,throughput,0,4,64,0,0,194379830962,194380300893,469931,108,8388608
Uring,throughput,0,4,64,0,0,194379831886,194381302765,1470879,30,8388608
Uring,throughput,0,4,64,0,0,194379841202,194382432360,2591158,24,8388608
Uring,throughput,0,4,64,0,0,194379843265,194380043122,199856,51,8388608
Uring,throughput,0,4,64,0,0,194379843830,194380893088,1049257,27,8388608
Uring,throughput,0,4,64,0,0,194379844724,194381715377,1870652,10,8388608
Uring,throughput,0,4,64,0,0,194379848713,194379906884,58171,21,8388608
Uring,throughput,0,4,64,0,0,194379848773,194380203908,355135,31,8388608
Uring,throughput,0,4,64,0,0,194379851361,194379889097,37735,11,8388608
Uring,throughput,0,4,64,0,0,194379851932,194380048246,196314,3445,8388608
Uring,throughput,0,4,64,0,0,194379857869,194380352993,495124,37,8388608
Uring,throughput,0,4,64,0,0,194379872315,194382501347,2629032,3052,8388608
Uring,throughput,0,4,64,0,0,194379878577,194380767468,888890,20,8388608
Uring,throughput,0,4,64,0,0,194379889104,194380172851,283746,23,8388608
Uring,throughput,0,4,64,0,0,194379892786,194382230106,2337319,81,8388608
Uring,throughput,0,4,64,0,0,194379895620,194379938268,42647,21,8388608
Uring,throughput,0,4,64,0,0,194379906890,194380930666,1023776,3503,8388608
Uring,throughput,0,4,64,0,0,194379907133,194382403346,2496212,20,8388608
Uring,throughput,0,4,64,0,0,194379909973,194382502411,2592438,4970,8388608
Uring,throughput,0,4,64,0,0,194379914375,194380782736,868361,30,8388608
Uring,throughput,0,4,64,0,0,194379920151,194379947599,27447,46,8388608
Uring,throughput,0,4,64,0,0,194379920459,194380270991,350532,1074,8388608
Uring,throughput,0,4,64,0,0,194379932760,194380189703,256942,21,8388608
Uring,throughput,0,4,64,0,0,194379933867,194380111210,177343,56,8388608
Uring,throughput,0,4,64,0,0,194379938274,194380049642,111368,709,8388608
Uring,throughput,0,4,64,0,0,194379943196,194380213838,270642,18,8388608
Uring,throughput,0,4,64,0,0,194379946075,194380058145,112070,508,8388608
Uring,throughput,0,4,64,0,0,194379947554,194380127855,180301,49,8388608
Uring,throughput,0,4,64,0,0,194379947639,194380951167,1003527,2087,8388608
Uring,throughput,0,4,64,0,0,194379947842,194381460606,1512763,22,8388608
Uring,throughput,0,4,64,0,0,194379956470,194380084897,128427,19,8388608
Uring,throughput,0,4,64,0,0,194379961443,194380695596,734153,3702,8388608
Uring,throughput,0,4,64,0,0,194379965092,194382918061,2952968,5182,8388608
Uring,throughput,0,4,64,0,0,194379966785,194379997872,31087,3709,8388608
Uring,throughput,0,4,64,0,0,194379981187,194382609220,2628033,28,8388608
Uring,throughput,0,4,64,0,0,194379981719,194380023746,42027,3367,8388608
Uring,throughput,0,4,64,0,0,194379981845,194381603824,1621979,41,8388608
Uring,throughput,0,4,64,0,0,194379986265,194380015034,28769,73,8388608
Uring,throughput,0,4,64,0,0,194379990796,194382568507,2577711,20,8388608
Uring,throughput,0,4,64,0,0,194379997880,194380038828,40948,26,8388608
Uring,throughput,0,4,64,0,0,194379998795,194382567383,2568588,23,8388608
Uring,throughput,0,4,64,0,0,194380005305,194382529780,2524474,24,8388608
Uring,throughput,0,4,64,0,0,194380005441,194382727107,2721665,35,8388608
Uring,throughput,0,4,64,0,0,194380015041,194380254384,239343,50,8388608
Uring,throughput,0,4,64,0,0,194380020080,194380973991,953911,2497,8388608
Uring,throughput,0,4,64,0,0,194380023754,194380108912,85157,117,8388608
Uring,throughput,0,4,64,0,0,194380024164,194382369179,2345014,6867,8388608
Uring,throughput,0,4,64,0,0,194380028022,194380507801,479779,1099,8388608
Uring,throughput,0,4,64,0,0,194380030971,194382544141,2513170,342,8388608
Uring,throughput,0,4,64,0,0,194380033540,194382588104,2554563,83,8388608
Uring,throughput,0,4,64,0,0,194380038851,194381049368,1010516,68,8388608
Uring,throughput,0,4,64,0,0,194380043144,194382581833,2538689,1119,8388608
Uring,throughput,0,4,64,0,0,194380044249,194381819694,1775444,22,8388608
Uring,throughput,0,4,64,0,0,194380044371,194381666764,1622392,3179,8388608
Uring,throughput,0,4,64,0,0,194380048114,194381608144,1560029,2557,8388608
Uring,throughput,0,4,64,0,0,194380048249,194380157287,109037,59,8388608
Uring,throughput,0,4,64,0,0,194380049645,194381064593,1014948,13,8388608
Uring,throughput,0,4,64,0,0,194380052978,194382541725,2488746,7112,8388608
Uring,throughput,0,4,64,0,0,194380058150,194381130251,1072101,35,8388608
Uring,throughput,0,4,64,0,0,194380077875,194382690247,2612371,22,8388608
Uring,throughput,0,4,64,0,0,194380084919,194380114245,29325,61,8388608
Uring,throughput,0,4,64,0,0,194380090066,194382651813,2561746,66,8388608
Uring,throughput,0,4,64,0,0,194380094941,194382693825,2598883,26,8388608
Uring,throughput,0,4,64,0,0,194380108919,194380190303,81383,20,8388608
Uring,throughput,0,4,64,0,0,194380111076,194381830213,1719137,17,8388608
Uring,throughput,0,4,64,0,0,194380111216,194381018415,907198,1001,8388608
Uring,throughput,0,4,64,0,0,194380112354,194381833479,1721124,10,8388608
Uring,throughput,0,4,64,0,0,194380114252,194380925252,810999,998,8388608
Uring,throughput,0,4,64,0,0,194380116278,194381022170,905892,2411,8388608
Uring,throughput,0,4,64,0,0,194380122708,194381872287,1749579,33,8388608
Uring,throughput,0,4,64,0,0,194380127905,194381026789,898883,4258,8388608
Uring,throughput,0,4,64,0,0,194380132853,194381798089,1665236,1547,8388608
Uring,throughput,0,4,64,0,0,194380141289,194380180822,39532,8518,8388608
Uring,throughput,0,4,64,0,0,194380141294,194381575271,1433977,8742,8388608
Uring,throughput,0,4,64,0,0,194380147659,194381896744,1749084,33,8388608
Uring,throughput,0,4,64,0,0,194380152384,194381878971,1726587,26,8388608
Uring,throughput,0,4,64,0,0,194380157295,194380195874,38578,35,8388608
Uring,throughput,0,4,64,0,0,194380170183,194381035753,865570,3789,8388608
Uring,throughput,0,4,64,0,0,194380172253,194380242242,69989,19,8388608
Uring,throughput,0,4,64,0,0,194380172856,194382656731,2483875,1193,8388608
Uring,throughput,0,4,64,0,0,194380173456,194380212548,39092,642,8388608
Uring,throughput,0,4,64,0,0,194380179219,194382702920,2523700,1579,8388608
Uring,throughput,0,4,64,0,0,194380180860,194382108500,1927639,53,8388608
Uring,throughput,0,4,64,0,0,194380182163,194382591392,2409228,35,8388608
Uring,throughput,0,4,64,0,0,194380187827,194381019618,831791,38,8388608
Uring,throughput,0,4,64,0,0,194380189709,194380468445,278735,558,8388608
Uring,throughput,0,4,64,0,0,194380189712,194380247440,57727,46,8388608
Uring,throughput,0,4,64,0,0,194380190307,194380591454,401146,3320,8388608
Uring,throughput,0,4,64,0,0,194380195607,194380260381,64773,238,8388608
Uring,throughput,0,4,64,0,0,194380195880,194382643860,2447980,4146,8388608
Uring,throughput,0,4,64,0,0,194380196876,194380402477,205600,91,8388608
Uring,throughput,0,4,64,0,0,194380203917,194381041928,838011,4019,8388608
Uring,throughput,0,4,64,0,0,194380212556,194380646185,433628,33,8388608
Uring,throughput,0,4,64,0,0,194380213723,194380289255,75532,13,8388608
Uring,throughput,0,4,64,0,0,194380213847,194380251782,37934,518,8388608
Uring,throughput,0,4,64,0,0,194380221096,194381052574,831478,191,8388608
Uring,throughput,0,4,64,0,0,194380222839,194381050458,827619,1076,8388608
Uring,throughput,0,4,64,0,0,194380227576,194382728347,2500770,19,8388608
Uring,throughput,0,4,64,0,0,194380241561,194381686945,1445383,653,8388608
Uring,throughput,0,4,64,0,0,194380242249,194380309444,67195,19,8388608
Uring,throughput,0,4,64,0,0,194380244122,194380860596,616474,16,8388608
Uring,throughput,0,4,64,0,0,194380247461,194380351426,103964,19,8388608
Uring,throughput,0,4,64,0,0,194380247523,194381151771,904248,13,8388608
Uring,throughput,0,4,64,0,0,194380251788,194380303092,51304,74,8388608
Uring,throughput,0,4,64,0,0,194380254390,194382661188,2406798,2565,8388608
Uring,throughput,0,4,64,0,0,194380260390,194380367077,106687,2739,8388608
Uring,throughput,0,4,64,0,0,194380263382,194380375687,112304,17266,8388608
Uring,throughput,0,4,64,0,0,194380265730,194382655202,2389472,41,8388608
Uring,throughput,0,4,64,0,0,194380269220,194380734149,464928,126,8388608
Uring,throughput,0,4,64,0,0,194380270804,194382617427,2346622,46,8388608
Uring,throughput,0,4,64,0,0,194380270995,194380309193,38197,47,8388608
Uring,throughput,0,4,64,0,0,194380279282,194382739888,2460606,123,8388608
Uring,throughput,0,4,64,0,0,194380280968,194382662492,2381524,341,8388608
Uring,throughput,0,4,64,0,0,194380281798,194380534605,252806,70,8388608
Uring,throughput,0,4,64,0,0,194380282821,194382651316,2368495,88,8388608
Uring,throughput,0,4,64,0,0,194380284993,194380551626,266632,57,8388608
Uring,throughput,0,4,64,0,0,194380289262,194380360934,71671,2364,8388608
Uring,throughput,0,4,64,0,0,194380300955,194380734556,433600,71,8388608
Uring,throughput,0,4,64,0,0,194380303099,194381212454,909354,15,8388608
Uring,throughput,0,4,64,0,0,194380304020,194382629406,2325385,67,8388608
Uring,throughput,0,4,64,0,0,194380305117,194381075249,770131,20,8388608
Uring,throughput,0,4,64,0,0,194380309200,194381075860,766660,14,8388608
Uring,throughput,0,4,64,0,0,194380309452,194380441564,132112,67,8388608
Uring,throughput,0,4,64,0,0,194380321538,194380474911,153372,38,8388608
Uring,throughput,0,4,64,0,0,194380331477,194380496717,165239,35,8388608
Uring,throughput,0,4,64,0,0,194380332071,194381080818,748747,37,8388608
Uring,throughput,0,4,64,0,0,194380346799,194382762744,2415944,29,8388608
Uring,throughput,0,4,64,0,0,194380347245,194380657115,309869,48,8388608
Uring,throughput,0,4,64,0,0,194380351514,194380390309,38794,20,8388608
Uring,throughput,0,4,64,0,0,194380353084,194380562144,209059,875,8388608
Uring,throughput,0,4,64,0,0,194380356844,194380389707,32863,949,8388608
Uring,throughput,0,4,64,0,0,194380360943,194381157494,796551,31,8388608
Uring,throughput,0,4,64,0,0,194380361466,194382224319,1862852,19,8388608
Uring,throughput,0,4,64,0,0,194380367084,194380822412,455327,39,8388608
Uring,throughput,0,4,64,0,0,194380374080,194380943767,569687,25,8388608
Uring,throughput,0,4,64,0,0,194380375695,194380559475,183779,18,8388608
Uring,throughput,0,4,64,0,0,194380378634,194382770225,2391590,4308,8388608
Uring,throughput,0,4,64,0,0,194380387064,194381018374,631310,1063,8388608
Uring,throughput,0,4,64,0,0,194380389715,194381031056,641341,125,8388608
Uring,throughput,0,4,64,0,0,194380390313,194380470516,80202,16,8388608
Uring,throughput,0,4,64,0,0,194380390350,194380420758,30408,578,8388608
Uring,throughput,0,4,64,0,0,194380390370,194381106767,716397,16,8388608
Uring,throughput,0,4,64,0,0,194380390663,194382713576,2322913,2635,8388608
Uring,throughput,0,4,64,0,0,194380395120,194380679491,284370,23,8388608
Uring,throughput,0,4,64,0,0,194380402517,194380669553,267035,80,8388608
Uring,throughput,0,4,64,0,0,194380404899,194382949917,2545018,29,8388608
Uring,throughput,0,4,64,0,0,194380420764,194381157942,737177,21,8388608
Uring,throughput,0,4,64,0,0,194380421591,194380722497,300905,3161,8388608
Uring,throughput,0,4,64,0,0,194380441238,194382359930,1918691,42,8388608
Uring,throughput,0,4,64,0,0,194380441572,194380484703,43131,23,8388608
Uring,throughput,0,4,64,0,0,194380448641,194381318565,869924,15,8388608
Uring,throughput,0,4,64,0,0,194380468452,194380523520,55067,19,8388608
Uring,throughput,0,4,64,0,0,194380470525,194380517887,47361,70,8388608
Uring,throughput,0,4,64,0,0,194380474919,194380518741,43821,720,8388608
Uring,throughput,0,4,64,0,0,194380484710,194380536152,51442,71,8388608
Uring,throughput,0,4,64,0,0,194380495621,194380684648,189027,26,8388608
Uring,throughput,0,4,64,0,0,194380496719,194380745197,248477,22,8388608
Uring,throughput,0,4,64,0,0,194380500587,194382445658,1945070,17,8388608
Uring,throughput,0,4,64,0,0,194380501078,194381397389,896310,9,8388608
Uring,throughput,0,4,64,0,0,194380507810,194381017533,509722,106,8388608
Uring,throughput,0,4,64,0,0,194380517892,194380553139,35246,21,8388608
Uring,throughput,0,4,64,0,0,194380518747,194381040800,522053,67,8388608
Uring,throughput,0,4,64,0,0,194380519416,194382733053,2213637,12,8388608
Uring,throughput,0,4,64,0,0,194380523206,194381230379,707173,38,8388608
Uring,throughput,0,4,64,0,0,194380523528,194381161894,638366,239,8388608
Uring,throughput,0,4,64,0,0,194380534611,194380908267,373656,684,8388608
Uring,throughput,0,4,64,0,0,194380535188,194380612237,77048,500,8388608
Uring,throughput,0,4,64,0,0,194380536156,194380824502,288345,38,8388608
Uring,throughput,0,4,64,0,0,194380548062,194381195027,646965,101,8388608
Uring,throughput,0,4,64,0,0,194380549385,194381824830,1275445,26,8388608
Uring,throughput,0,4,64,0,0,194380551634,194380829875,278241,46,8388608
Uring,throughput,0,4,64,0,0,194380553147,194381325039,771892,20,8388608
Uring,throughput,0,4,64,0,0,194380553393,194382742650,2189256,16,8388608
Uring,throughput,0,4,64,0,0,194380556692,194381395201,838509,19,8388608
Uring,throughput,0,4,64,0,0,194380559484,194380604719,45235,23,8388608
Uring,throughput,0,4,64,0,0,194380560161,194381821851,1261689,1382,8388608
Uring,throughput,0,4,64,0,0,194380562152,194380607561,45408,60,8388608
Uring,throughput,0,4,64,0,0,194380569257,194382554410,1985153,22,8388608
Uring,throughput,0,4,64,0,0,194380571555,194381299270,727714,387,8388608
Uring,throughput,0,4,64,0,0,194380583555,194381246150,662595,693,8388608
Uring,throughput,0,4,64,0,0,194380591408,194382781839,2190430,19,8388608
Uring,throughput,0,4,64,0,0,194380591461,194380907487,316025,36,8388608
Uring,throughput,0,4,64,0,0,194380592587,194380794374,201786,32,8388608
Uring,throughput,0,4,64,0,0,194380597785,194382471214,1873428,20,8388608
Uring,throughput,0,4,64,0,0,194380604727,194380921769,317042,2343,8388608
Uring,throughput,0,4,64,0,0,194380606554,194380920367,313813,1991,8388608
Uring,throughput,0,4,64,0,0,194380607565,194381377585,770019,12,8388608
Uring,throughput,0,4,64,0,0,194380612240,194380921609,309369,21,8388608
Uring,throughput,0,4,64,0,0,194380616604,194380845693,229089,34,8388608
Uring,throughput,0,4,64,0,0,194380621502,194382792114,2170612,34,8388608
Uring,throughput,0,4,64,0,0,194380629106,194382073132,1444025,131,8388608
Uring,throughput,0,4,64,0,0,194380630337,194381587613,957276,17,8388608
Uring,throughput,0,4,64,0,0,194380632353,194382796889,2164536,3326,8388608
Uring,throughput,0,4,64,0,0,194380632842,194382574622,1941779,79,8388608
Uring,throughput,0,4,64,0,0,194380643934,194380716610,72676,21,8388608
Uring,throughput,0,4,64,0,0,194380646193,194380681894,35701,57,8388608
Uring,throughput,0,4,64,0,0,194380648234,194382570435,1922201,116,8388608
Uring,throughput,0,4,64,0,0,194380649236,194381396157,746920,35,8388608
Uring,throughput,0,4,64,0,0,194380657121,194380982197,325075,14,8388608
Uring,throughput,0,4,64,0,0,194380669561,194380994843,325281,2425,8388608
Uring,throughput,0,4,64,0,0,194380679498,194380933164,253665,23,8388608
Uring,throughput,0,4,64,0,0,194380681425,194382791949,2110523,1510,8388608
Uring,throughput,0,4,64,0,0,194380681901,194380713815,31913,1637,8388608
Uring,throughput,0,4,64,0,0,194380684652,194381466266,781613,11,8388608
Uring,throughput,0,4,64,0,0,194380695605,194381435579,739974,49,8388608
Uring,throughput,0,4,64,0,0,194380709708,194382792488,2082780,2316,8388608
Uring,throughput,0,4,64,0,0,194380709765,194380905673,195907,938,8388608
Uring,throughput,0,4,64,0,0,194380712162,194381131579,419417,14,8388608
Uring,throughput,0,4,64,0,0,194380713820,194380740112,26291,11,8388608
Uring,throughput,0,4,64,0,0,194380716616,194380792376,75760,16,8388608
Uring,throughput,0,4,64,0,0,194380718823,194381568975,850151,2412,8388608
Uring,throughput,0,4,64,0,0,194380722504,194381387678,665174,22,8388608
Uring,throughput,0,4,64,0,0,194380731230,194380991091,259861,24,8388608
Uring,throughput,0,4,64,0,0,194380734157,194382576482,1842324,3616,8388608
Uring,throughput,0,4,64,0,0,194380734563,194381191983,457420,17,8388608
Uring,throughput,0,4,64,0,0,194380739737,194382809803,2070066,112,8388608
Uring,throughput,0,4,64,0,0,194380740198,194380764916,24718,36,8388608
Uring,throughput,0,4,64,0,0,194380741510,194381709046,967535,75,8388608
Uring,throughput,0,4,64,0,0,194380742448,194381128430,385981,5451,8388608
Uring,throughput,0,4,64,0,0,194380743129,194382455079,1711950,30,8388608
Uring,throughput,0,4,64,0,0,194380744475,194381446545,702069,27,8388608
Uring,throughput,0,4,64,0,0,194380745204,194382810765,2065560,6328,8388608
Uring,throughput,0,4,64,0,0,194380748208,194381120580,372371,525,8388608
Uring,throughput,0,4,64,0,0,194380755576,194382811666,2056089,148,8388608
Uring,throughput,0,4,64,0,0,194380761205,194381541190,779984,3642,8388608
Uring,throughput,0,4,64,0,0,194380764922,194382808741,2043819,6550,8388608
Uring,throughput,0,4,64,0,0,194380765032,194381759105,994073,48,8388608
Uring,throughput,0,4,64,0,0,194380767477,194381539407,771929,20,8388608
Uring,throughput,0,4,64,0,0,194380771735,194381156449,384713,1799,8388608
Uring,throughput,0,4,64,0,0,194380773024,194382808784,2035759,529,8388608
Uring,throughput,0,4,64,0,0,194380774223,194382800388,2026164,35,8388608
Uring,throughput,0,4,64,0,0,194380775381,194381878530,1103148,1577,8388608
Uring,throughput,0,4,64,0,0,194380777042,194381033925,256882,22,8388608
Uring,throughput,0,4,64,0,0,194380781212,194382854679,2073466,24,8388608
Uring,throughput,0,4,64,0,0,194380782759,194381344389,561629,16,8388608
Uring,throughput,0,4,64,0,0,194380787869,194381667436,879567,47,8388608
Uring,throughput,0,4,64,0,0,194380789227,194382820651,2031423,81,8388608
Uring,throughput,0,4,64,0,0,194380791195,194381561828,770633,62,8388608
Uring,throughput,0,4,64,0,0,194380792381,194382611775,1819394,2359,8388608
Uring,throughput,0,4,64,0,0,194380792996,194382810376,2017380,69,8388608
Uring,throughput,0,4,64,0,0,194380794377,194381185713,391336,529,8388608
Uring,throughput,0,4,64,0,0,194380795666,194382825519,2029853,15,8388608
Uring,throughput,0,4,64,0,0,194380797890,194382603411,1805520,72,8388608
Uring,throughput,0,4,64,0,0,194380817336,194382621229,1803893,73,8388608
Uring,throughput,0,4,64,0,0,194380819968,194382817169,1997201,2926,8388608
Uring,throughput,0,4,64,0,0,194380822420,194381211321,388900,17,8388608
Uring,throughput,0,4,64,0,0,194380824533,194381586045,761512,55,8388608
Uring,throughput,0,4,64,0,0,194380825855,194381697282,871427,22,8388608
Uring,throughput,0,4,64,0,0,194380829881,194381090119,260238,48,8388608
Uring,throughput,0,4,64,0,0,194380830574,194382630142,1799568,19,8388608
Uring,throughput,0,4,64,0,0,194380833892,194382827605,1993713,81,8388608
Uring,throughput,0,4,64,0,0,194380845702,194381247275,401572,5711,8388608
Uring,throughput,0,4,64,0,0,194380849028,194381726678,877650,1614,8388608
Uring,throughput,0,4,64,0,0,194380853177,194382632929,1779751,32,8388608
Uring,throughput,0,4,64,0,0,194380855707,194381248336,392628,19,8388608
Uring,throughput,0,4,64,0,0,194380860603,194382802363,1941760,5814,8388608
Uring,throughput,0,4,64,0,0,194380862031,194381256180,394149,916,8388608
Uring,throughput,0,4,64,0,0,194380872911,194381695935,823023,25,8388608
Uring,throughput,0,4,64,0,0,194380882246,194381791890,909643,29,8388608
Uring,throughput,0,4,64,0,0,194380889170,194382639035,1749864,132,8388608
Uring,throughput,0,4,64,0,0,194380893096,194381852157,959061,484,8388608
Uring,throughput,0,4,64,0,0,194380897758,194382845196,1947437,57,8388608
Uring,throughput,0,4,64,0,0,194380902809,194382861432,1958622,1340,8388608
Uring,throughput,0,4,64,0,0,194380905683,194381466267,560584,19,8388608
Uring,throughput,0,4,64,0,0,194380907529,194382651075,1743545,19,8388608
Uring,throughput,0,4,64,0,0,194380908276,194381740262,831986,52,8388608
Uring,throughput,0,4,64,0,0,194380920375,194380950676,30301,26,8388608
Uring,throughput,0,4,64,0,0,194380921617,194381293111,371494,17,8388608
Uring,throughput,0,4,64,0,0,194380921778,194381712786,791007,28,8388608
Uring,throughput,0,4,64,0,0,194380925300,194382810941,1885640,30,8388608
Uring,throughput,0,4,64,0,0,194380930673,194381320153,389479,20,8388608
Uring,throughput,0,4,64,0,0,194380933170,194380971534,38363,1129,8388608
Uring,throughput,0,4,64,0,0,194380935887,194382948552,2012664,63,8388608
Uring,throughput,0,4,64,0,0,194380943773,194382823286,1879512,5736,8388608
Uring,throughput,0,4,64,0,0,194380946965,194381704709,757744,82,8388608
Uring,throughput,0,4,64,0,0,194380950685,194381701270,750584,49,8388608
Uring,throughput,0,4,64,0,0,194380951173,194381040876,89703,33,8388608
Uring,throughput,0,4,64,0,0,194380951361,194382698056,1746694,78,8388608
Uring,throughput,0,4,64,0,0,194380962469,194382845472,1883002,27,8388608
Uring,throughput,0,4,64,0,0,194380971542,194381036951,65409,91,8388608
Uring,throughput,0,4,64,0,0,194380973996,194381110452,136455,28,8388608
Uring,throughput,0,4,64,0,0,194380982288,194381009802,27514,459,8388608
Uring,throughput,0,4,64,0,0,194380991100,194381657499,666399,23,8388608
Uring,throughput,0,4,64,0,0,194380994852,194381189692,194840,54,8388608
Uring,throughput,0,4,64,0,0,194380995640,194381353383,357743,12,8388608
Uring,throughput,0,4,64,0,0,194381009833,194381340822,330988,21,8388608
Uring,throughput,0,4,64,0,0,194381017558,194381324513,306955,36,8388608
Uring,throughput,0,4,64,0,0,194381018394,194381317597,299202,19,8388608
Uring,throughput,0,4,64,0,0,194381018421,194381164732,146310,17,8388608
Uring,throughput,0,4,64,0,0,194381019651,194381353713,334062,100,8388608
Uring,throughput,0,4,64,0,0,194381019764,194382746106,1726342,11,8388608
Uring,throughput,0,4,64,0,0,194381022177,194382826550,1804372,23,8388608
Uring,throughput,0,4,64,0,0,194381026799,194381149887,123087,68,8388608
Uring,throughput,0,4,64,0,0,194381031064,194381527174,496109,15,8388608
Uring,throughput,0,4,64,0,0,194381033930,194381487936,454005,2521,8388608
Uring,throughput,0,4,64,0,0,194381035762,194382826567,1790804,44,8388608
Uring,throughput,0,4,64,0,0,194381036956,194381118459,81503,19,8388608
Uring,throughput,0,4,64,0,0,194381037226,194382826224,1788998,114,8388608
Uring,throughput,0,4,64,0,0,194381040847,194381069984,29137,33,8388608
Uring,throughput,0,4,64,0,0,194381040881,194382385905,1345023,22,8388608
Uring,throughput,0,4,64,0,0,194381041937,194381766067,724129,217,8388608
Uring,throughput,0,4,64,0,0,194381049375,194382871344,1821968,2680,8388608
Uring,throughput,0,4,64,0,0,194381050462,194382291490,1241027,20,8388608
Uring,throughput,0,4,64,0,0,194381052621,194382791113,1738492,137,8388608
Uring,throughput,0,4,64,0,0,194381063857,194381801925,738068,32,8388608
Uring,throughput,0,4,64,0,0,194381064597,194381224248,159651,37,8388608
Uring,throughput,0,4,64,0,0,194381069991,194382418910,1348919,2634,8388608
Uring,throughput,0,4,64,0,0,194381075256,194381814252,738995,1531,8388608
Uring,throughput,0,4,64,0,0,194381075869,194382738622,1662753,1388,8388608
Uring,throughput,0,4,64,0,0,194381080825,194382823564,1742738,5563,8388608
Uring,throughput,0,4,64,0,0,194381087311,194382950237,1862926,2537,8388608
Uring,throughput,0,4,64,0,0,194381090125,194381378727,288601,70,8388608
Uring,throughput,0,4,64,0,0,194381097393,194381832826,735433,49,8388608
Uring,throughput,0,4,64,0,0,194381106776,194381198299,91523,18,8388608
Uring,throughput,0,4,64,0,0,194381110460,194381853996,743535,22,8388608
Uring,throughput,0,4,64,0,0,194381118468,194381362595,244127,709,8388608
Uring,throughput,0,4,64,0,0,194381120603,194381392373,271770,19,8388608
Uring,throughput,0,4,64,0,0,194381128456,194382875816,1747359,35,8388608
Uring,throughput,0,4,64,0,0,194381130256,194381396019,265763,17,8388608
Uring,throughput,0,4,64,0,0,194381131588,194381311752,180163,2306,8388608
Uring,throughput,0,4,64,0,0,194381138687,194381402742,264055,2129,8388608
Uring,throughput,0,4,64,0,0,194381140690,194381406235,265545,133,8388608
Uring,throughput,0,4,64,0,0,194381149894,194381940741,790846,27,8388608
Uring,throughput,0,4,64,0,0,194381151780,194381947688,795908,4747,8388608
Uring,throughput,0,4,64,0,0,194381156456,194382878327,1721871,131,8388608
Uring,throughput,0,4,64,0,0,194381157503,194381680469,522966,35,8388608
Uring,throughput,0,4,64,0,0,194381157951,194382830376,1672425,27,8388608
Uring,throughput,0,4,64,0,0,194381159823,194381856817,696993,174,8388608
Uring,throughput,0,4,64,0,0,194381161901,194381206026,44125,937,8388608
Uring,throughput,0,4,64,0,0,194381164771,194381228697,63925,94,8388608
Uring,throughput,0,4,64,0,0,194381185721,194381262517,76796,35,8388608
Uring,throughput,0,4,64,0,0,194381189702,194381310223,120520,37,8388608
Uring,throughput,0,4,64,0,0,194381191991,194381291631,99640,62,8388608
Uring,throughput,0,4,64,0,0,194381195056,194382851660,1656604,2195,8388608
Uring,throughput,0,4,64,0,0,194381198305,194381966218,767912,1551,8388608
Uring,throughput,0,4,64,0,0,194381206032,194381491658,285626,34,8388608
Uring,throughput,0,4,64,0,0,194381211328,194381424979,213651,770,8388608
Uring,throughput,0,4,64,0,0,194381212463,194381310115,97652,1221,8388608
Uring,throughput,0,4,64,0,0,194381224256,194382832806,1608550,2929,8388608
Uring,throughput,0,4,64,0,0,194381228738,194381290091,61353,2455,8388608
Uring,throughput,0,4,64,0,0,194381230386,194382769614,1539227,56,8388608
Uring,throughput,0,4,64,0,0,194381238526,194382544432,1305906,18229,8388608
Uring,throughput,0,4,64,0,0,194381246157,194381985774,739616,36,8388608
Uring,throughput,0,4,64,0,0,194381247280,194382882120,1634840,14,8388608
Uring,throughput,0,4,64,0,0,194381248338,194382040881,792543,11,8388608
Uring,throughput,0,4,64,0,0,194381254775,194381427305,172530,7177,8388608
Uring,throughput,0,4,64,0,0,194381256188,194381311689,55500,38,8388608
Uring,throughput,0,4,64,0,0,194381257293,194382881391,1624097,38,8388608
Uring,throughput,0,4,64,0,0,194381262525,194381287515,24989,32,8388608
Uring,throughput,0,4,64,0,0,194381275126,194382880910,1605784,21,8388608
Uring,throughput,0,4,64,0,0,194381283341,194382770910,1487568,16,8388608
Uring,throughput,0,4,64,0,0,194381287523,194381357154,69631,676,8388608
Uring,throughput,0,4,64,0,0,194381290135,194381526949,236813,16,8388608
Uring,throughput,0,4,64,0,0,194381290477,194382347981,1057504,25,8388608
Uring,throughput,0,4,64,0,0,194381291634,194381339401,47767,9,8388608
Uring,throughput,0,4,64,0,0,194381293115,194382861744,1568628,5768,8388608
Uring,throughput,0,4,64,0,0,194381299276,194382050370,751093,23,8388608
Uring,throughput,0,4,64,0,0,194381302774,194382883334,1580560,2329,8388608
Uring,throughput,0,4,64,0,0,194381310122,194381404406,94283,32,8388608
Uring,throughput,0,4,64,0,0,194381310226,194382772799,1462572,6961,8388608
Uring,throughput,0,4,64,0,0,194381311695,194381421679,109983,20,8388608
Uring,throughput,0,4,64,0,0,194381311754,194382071041,759286,25,8388608
Uring,throughput,0,4,64,0,0,194381317602,194382202752,885150,18,8388608
Uring,throughput,0,4,64,0,0,194381318568,194382884242,1565673,2930,8388608
Uring,throughput,0,4,64,0,0,194381320161,194381380975,60814,65,8388608
Uring,throughput,0,4,64,0,0,194381324518,194382774386,1449868,9345,8388608
Uring,throughput,0,4,64,0,0,194381325042,194381487317,162274,18,8388608
Uring,throughput,0,4,64,0,0,194381332952,194382884422,1551469,24,8388608
Uring,throughput,0,4,64,0,0,194381339405,194381385319,45913,46,8388608
Uring,throughput,0,4,64,0,0,194381340827,194381375472,34645,15,8388608
Uring,throughput,0,4,64,0,0,194381341046,194382885730,1544684,213,8388608
Uring,throughput,0,4,64,0,0,194381344396,194381586407,242010,697,8388608
Uring,throughput,0,4,64,0,0,194381353390,194382776113,1422723,3925,8388608
Uring,throughput,0,4,64,0,0,194381353743,194382777347,1423603,7954,8388608
Uring,throughput,0,4,64,0,0,194381357306,194381897744,540438,30,8388608
Uring,throughput,0,4,64,0,0,194381362601,194381932018,569416,13,8388608
Uring,throughput,0,4,64,0,0,194381375478,194382110071,734593,3070,8388608
Uring,throughput,0,4,64,0,0,194381377594,194382791253,1413659,2507,8388608
Uring,throughput,0,4,64,0,0,194381378732,194381489366,110633,12,8388608
Uring,throughput,0,4,64,0,0,194381380982,194381568784,187802,2409,8388608
Uring,throughput,0,4,64,0,0,194381381599,194382886548,1504948,21,8388608
Uring,throughput,0,4,64,0,0,194381385322,194382471693,1086370,42,8388608
Uring,throughput,0,4,64,0,0,194381387686,194381563201,175515,79,8388608
Uring,throughput,0,4,64,0,0,194381392381,194382235227,842845,40,8388608
Uring,throughput,0,4,64,0,0,194381395210,194381754622,359411,103,8388608
Uring,throughput,0,4,64,0,0,194381396025,194382889108,1493082,1388,8388608
Uring,throughput,0,4,64,0,0,194381396160,194381559201,163041,2413,8388608
Uring,throughput,0,4,64,0,0,194381397392,194382836609,1439217,42,8388608
Uring,throughput,0,4,64,0,0,194381402749,194381432952,30203,13,8388608
Uring,throughput,0,4,64,0,0,194381404520,194382134613,730092,41,8388608
Uring,throughput,0,4,64,0,0,194381406242,194381524883,118640,66,8388608
Uring,throughput,0,4,64,0,0,194381420845,194382781874,1361029,21,8388608
Uring,throughput,0,4,64,0,0,194381421682,194382435096,1013414,2893,8388608
Uring,throughput,0,4,64,0,0,194381424982,194381479099,54116,134,8388608
Uring,throughput,0,4,64,0,0,194381427313,194382845075,1417762,20,8388608
Uring,throughput,0,4,64,0,0,194381432959,194381777452,344492,192,8388608
Uring,throughput,0,4,64,0,0,194381435585,194382325157,889572,23,8388608
Uring,throughput,0,4,64,0,0,194381446554,194382114382,667828,63,8388608
Uring,throughput,0,4,64,0,0,194381454750,194382909871,1455121,88,8388608
Uring,throughput,0,4,64,0,0,194381460615,194382786259,1325643,8359,8388608
Uring,throughput,0,4,64,0,0,194381466276,194381588988,122712,36,8388608
Uring,throughput,0,4,64,0,0,194381466295,194381496785,30490,3989,8388608
Uring,throughput,0,4,64,0,0,194381468985,194382213983,744997,173,8388608
Uring,throughput,0,4,64,0,0,194381479106,194381765353,286247,21,8388608
Uring,throughput,0,4,64,0,0,194381487365,194381533358,45992,23,8388608
Uring,throughput,0,4,64,0,0,194381487942,194381575491,87548,53,8388608
Uring,throughput,0,4,64,0,0,194381489368,194382203877,714508,10,8388608
Uring,throughput,0,4,64,0,0,194381489846,194382897334,1407488,48,8388608
Uring,throughput,0,4,64,0,0,194381491664,194382407092,915428,14,8388608
Uring,throughput,0,4,64,0,0,194381496791,194381526201,29409,14,8388608
Uring,throughput,0,4,64,0,0,194381524892,194382838303,1313411,2235,8388608
Uring,throughput,0,4,64,0,0,194381526247,194381631377,105130,19,8388608
Uring,throughput,0,4,64,0,0,194381526951,194382310811,783859,13,8388608
Uring,throughput,0,4,64,0,0,194381527179,194382019526,492347,804,8388608
Uring,throughput,0,4,64,0,0,194381533367,194382480340,946973,48,8388608
Uring,throughput,0,4,64,0,0,194381536824,194381585876,49051,601,8388608
Uring,throughput,0,4,64,0,0,194381539414,194381994641,455226,762,8388608
Uring,throughput,0,4,64,0,0,194381541196,194382884292,1343095,56,8388608
Uring,throughput,0,4,64,0,0,194381545104,194382840420,1295316,45,8388608
Uring,throughput,0,4,64,0,0,194381559209,194382361823,802613,44,8388608
Uring,throughput,0,4,64,0,0,194381561835,194382885467,1323631,110,8388608
Uring,throughput,0,4,64,0,0,194381563205,194381708380,145175,2260,8388608
Uring,throughput,0,4,64,0,0,194381569097,194382439119,870021,234,8388608
Uring,throughput,0,4,64,0,0,194381568985,194382898907,1329922,105,8388608
Uring,throughput,0,4,64,0,0,194381575332,194381666181,90848,182,8388608
Uring,throughput,0,4,64,0,0,194381575492,194381664448,88955,31,8388608
Uring,throughput,0,4,64,0,0,194381585920,194381637579,51658,23,8388608
Uring,throughput,0,4,64,0,0,194381586046,194381799554,213507,14,8388608
Uring,throughput,0,4,64,0,0,194381586414,194382290346,703932,19,8388608
Uring,throughput,0,4,64,0,0,194381587622,194381766458,178835,823,8388608
Uring,throughput,0,4,64,0,0,194381588993,194382781038,1192045,1993,8388608
Uring,throughput,0,4,64,0,0,194381603832,194381665843,62010,1389,8388608
Uring,throughput,0,4,64,0,0,194381605371,194382886966,1281595,37,8388608
Uring,throughput,0,4,64,0,0,194381606196,194382900848,1294651,58,8388608
Uring,throughput,0,4,64,0,0,194381608209,194382793080,1184871,41,8388608
Uring,throughput,0,4,64,0,0,194381631384,194382507771,876387,2677,8388608
Uring,throughput,0,4,64,0,0,194381637584,194381777415,139831,14,8388608
Uring,throughput,0,4,64,0,0,194381645958,194382903954,1257995,66,8388608
Uring,throughput,0,4,64,0,0,194381657507,194381872913,215406,2619,8388608
Uring,throughput,0,4,64,0,0,194381664455,194381734130,69674,1539,8388608
Uring,throughput,0,4,64,0,0,194381665849,194381996190,330340,21,8388608
Uring,throughput,0,4,64,0,0,194381666184,194381707246,41062,140,8388608
Uring,throughput,0,4,64,0,0,194381666771,194382905886,1239114,25,8388608
Uring,throughput,0,4,64,0,0,194381667442,194382554238,886796,15,8388608
Uring,throughput,0,4,64,0,0,194381669054,194382905502,1236447,41,8388608
Uring,throughput,0,4,64,0,0,194381680478,194381802357,121879,992,8388608
Uring,throughput,0,4,64,0,0,194381686953,194382362266,675312,22,8388608
Uring,throughput,0,4,64,0,0,194381692713,194382906940,1214226,34,8388608
Uring,throughput,0,4,64,0,0,194381695944,194382848474,1152530,30,8388608
Uring,throughput,0,4,64,0,0,194381697290,194382935070,1237779,8310,8388608
Uring,throughput,0,4,64,0,0,194381701279,194381764099,62820,6952,8388608
Uring,throughput,0,4,64,0,0,194381704717,194382573609,868891,918,8388608
Uring,throughput,0,4,64,0,0,194381705813,194382543947,838133,330,8388608
Uring,throughput,0,4,64,0,0,194381707254,194382909796,1202542,5913,8388608
Uring,throughput,0,4,64,0,0,194381708385,194382797141,1088756,225,8388608
Uring,throughput,0,4,64,0,0,194381709049,194382574839,865790,147,8388608
Uring,throughput,0,4,64,0,0,194381712797,194382576765,863968,638,8388608
Uring,throughput,0,4,64,0,0,194381713581,194382581844,868262,2486,8388608
Uring,throughput,0,4,64,0,0,194381715384,194382816107,1100723,55,8388608
Uring,throughput,0,4,64,0,0,194381726044,194382849967,1123923,51,8388608
Uring,throughput,0,4,64,0,0,194381726686,194382589304,862618,28,8388608
Uring,throughput,0,4,64,0,0,194381734135,194381758801,24665,21,8388608
Uring,throughput,0,4,64,0,0,194381739113,194382956404,1217291,61,8388608
Uring,throughput,0,4,64,0,0,194381740270,194382001391,261121,49,8388608
Uring,throughput,0,4,64,0,0,194381754630,194382687224,932594,1351,8388608
Uring,throughput,0,4,64,0,0,194381758808,194382476885,718076,18,8388608
Uring,throughput,0,4,64,0,0,194381759111,194382604706,845595,25,8388608
Uring,throughput,0,4,64,0,0,194381764106,194382017921,253814,151,8388608
Uring,throughput,0,4,64,0,0,194381765361,194382205680,440319,772,8388608
Uring,throughput,0,4,64,0,0,194381766076,194382017304,251227,132,8388608
Uring,throughput,0,4,64,0,0,194381766462,194382251753,485290,14,8388608
Uring,throughput,0,4,64,0,0,194381777423,194382618995,841572,6998,8388608
Uring,throughput,0,4,64,0,0,194381777524,194382049298,271774,2527,8388608
Uring,throughput,0,4,64,0,0,194381784984,194382908366,1123382,228,8388608
Uring,throughput,0,4,64,0,0,194381790963,194382071734,280771,494,8388608
Uring,throughput,0,4,64,0,0,194381791901,194382913941,1122040,1388,8388608
Uring,throughput,0,4,64,0,0,194381798097,194382799527,1001430,33,8388608
Uring,throughput,0,4,64,0,0,194381799559,194382224559,424999,29,8388608
Uring,throughput,0,4,64,0,0,194381801932,194382593652,791719,56,8388608
Uring,throughput,0,4,64,0,0,194381802366,194382082085,279718,46,8388608
Uring,throughput,0,4,64,0,0,194381803597,194382460276,656679,48,8388608
Uring,throughput,0,4,64,0,0,194381812377,194382863279,1050901,22,8388608
Uring,throughput,0,4,64,0,0,194381814073,194382805731,991657,70,8388608
Uring,throughput,0,4,64,0,0,194381814254,194382100777,286523,31,8388608
Uring,throughput,0,4,64,0,0,194381818129,194382856615,1038485,30,8388608
Uring,throughput,0,4,64,0,0,194381819699,194382339482,519783,650,8388608
Uring,throughput,0,4,64,0,0,194381821856,194382687846,865990,29,8388608
Uring,throughput,0,4,64,0,0,194381824837,194382412511,587674,464,8388608
Uring,throughput,0,4,64,0,0,194381830222,194381872965,42742,636,8388608
Uring,throughput,0,4,64,0,0,194381832027,194382800677,968650,53,8388608
Uring,throughput,0,4,64,0,0,194381832833,194382639467,806634,2187,8388608
Uring,throughput,0,4,64,0,0,194381833483,194382800665,967182,18,8388608
Uring,throughput,0,4,64,0,0,194381834989,194382151231,316242,55,8388608
Uring,throughput,0,4,64,0,0,194381852064,194382914723,1062659,99,8388608
Uring,throughput,0,4,64,0,0,194381852164,194382451385,599220,32,8388608
Uring,throughput,0,4,64,0,0,194381854033,194382802427,948394,2536,8388608
Uring,throughput,0,4,64,0,0,194381856827,194382918352,1061525,1926,8388608
Uring,throughput,0,4,64,0,0,194381871541,194382862032,990490,146,8388608
Uring,throughput,0,4,64,0,0,194381872297,194382798361,926063,6220,8388608
Uring,throughput,0,4,64,0,0,194381872921,194382109502,236580,25,8388608
Uring,throughput,0,4,64,0,0,194381872968,194381918307,45338,304,8388608
Uring,throughput,0,4,64,0,0,194381878536,194382917963,1039426,139,8388608
Uring,throughput,0,4,64,0,0,194381878975,194382918994,1040018,1577,8388608
Uring,throughput,0,4,64,0,0,194381881079,194382919445,1038366,2255,8388608
Uring,throughput,0,4,64,0,0,194381894912,194382864076,969163,1988,8388608
Uring,throughput,0,4,64,0,0,194381896753,194382158831,262077,569,8388608
Uring,throughput,0,4,64,0,0,194381896805,194382653059,756253,104,8388608
Uring,throughput,0,4,64,0,0,194381897749,194381932750,35001,32,8388608
Uring,throughput,0,4,64,0,0,194381901298,194382654062,752763,16,8388608
Uring,throughput,0,4,64,0,0,194381918313,194381947628,29314,26,8388608
Uring,throughput,0,4,64,0,0,194381923154,194382920593,997439,36,8388608
Uring,throughput,0,4,64,0,0,194381923483,194382252753,329270,63,8388608
Uring,throughput,0,4,64,0,0,194381932027,194382257211,325184,36,8388608
Uring,throughput,0,4,64,0,0,194381932758,194382158683,225925,828,8388608
Uring,throughput,0,4,64,0,0,194381940750,194382666248,725498,1404,8388608
Uring,throughput,0,4,64,0,0,194381947634,194382080959,133325,2075,8388608
Uring,throughput,0,4,64,0,0,194381947696,194382276694,328998,21,8388608
Uring,throughput,0,4,64,0,0,194381954817,194382922942,968124,1635,8388608
Uring,throughput,0,4,64,0,0,194381966247,194382711972,745724,29,8388608
Uring,throughput,0,4,64,0,0,194381973343,194382911787,938444,280,8388608
Uring,throughput,0,4,64,0,0,194381978466,194382300941,322475,19,8388608
Uring,throughput,0,4,64,0,0,194381985783,194382275144,289361,20,8388608
Uring,throughput,0,4,64,0,0,194381994649,194382034936,40287,275,8388608
Uring,throughput,0,4,64,0,0,194381996194,194382911407,915212,20,8388608
Uring,throughput,0,4,64,0,0,194382001396,194382042158,40762,447,8388608
Uring,throughput,0,4,64,0,0,194382001649,194382868906,867257,12,8388608
Uring,throughput,0,4,64,0,0,194382006187,194382805387,799200,67,8388608
Uring,throughput,0,4,64,0,0,194382017312,194382870224,852912,1789,8388608
Uring,throughput,0,4,64,0,0,194382017940,194382058588,40647,26,8388608
Uring,throughput,0,4,64,0,0,194382019555,194382547673,528117,33,8388608
Uring,throughput,0,4,64,0,0,194382034942,194382459137,424195,717,8388608
Uring,throughput,0,4,64,0,0,194382035084,194382327963,292878,781,8388608
Uring,throughput,0,4,64,0,0,194382040889,194382690699,649809,26,8388608
Uring,throughput,0,4,64,0,0,194382042164,194382330324,288159,67,8388608
Uring,throughput,0,4,64,0,0,194382049303,194382077077,27773,15,8388608
Uring,throughput,0,4,64,0,0,194382050375,194382332296,281921,35,8388608
Uring,throughput,0,4,64,0,0,194382058049,194382861762,803713,42,8388608
Uring,throughput,0,4,64,0,0,194382058594,194382924328,865733,2020,8388608
Uring,throughput,0,4,64,0,0,194382061464,194382927560,866096,17,8388608
Uring,throughput,0,4,64,0,0,194382071045,194382872945,801900,30,8388608
Uring,throughput,0,4,64,0,0,194382071602,194382926267,854665,125,8388608
Uring,throughput,0,4,64,0,0,194382071736,194382098623,26886,16,8388608
Uring,throughput,0,4,64,0,0,194382073136,194382714505,641368,28,8388608
Uring,throughput,0,4,64,0,0,194382077085,194382348389,271303,62,8388608
Uring,throughput,0,4,64,0,0,194382080967,194382805895,724928,17,8388608
Uring,throughput,0,4,64,0,0,194382082090,194382350188,268098,15,8388608
Uring,throughput,0,4,64,0,0,194382098630,194382805624,706994,26,8388608
Uring,throughput,0,4,64,0,0,194382100446,194382925493,825047,20,8388608
Uring,throughput,0,4,64,0,0,194382100808,194382661431,560623,23,8388608
Uring,throughput,0,4,64,0,0,194382108505,194382926778,818273,19,8388608
Uring,throughput,0,4,64,0,0,194382109510,194382136147,26636,27,8388608
Uring,throughput,0,4,64,0,0,194382110075,194382550927,440852,30,8388608
Uring,throughput,0,4,64,0,0,194382111446,194382789132,677685,604,8388608
Uring,throughput,0,4,64,0,0,194382114387,194382359750,245363,329,8388608
Uring,throughput,0,4,64,0,0,194382134619,194382180597,45978,682,8388608
Uring,throughput,0,4,64,0,0,194382136228,194382169397,33169,902,8388608
Uring,throughput,0,4,64,0,0,194382151239,194382667483,516243,76,8388608
Uring,throughput,0,4,64,0,0,194382158690,194382257313,98622,35,8388608
Uring,throughput,0,4,64,0,0,194382158832,194382194384,35551,12,8388608
Uring,throughput,0,4,64,0,0,194382169404,194382715396,545991,74,8388608
Uring,throughput,0,4,64,0,0,194382178856,194382875808,696952,198,8388608
Uring,throughput,0,4,64,0,0,194382180655,194382717026,536371,64,8388608
Uring,throughput,0,4,64,0,0,194382194389,194382346134,151744,22,8388608
Uring,throughput,0,4,64,0,0,194382200697,194382925091,724393,152,8388608
Uring,throughput,0,4,64,0,0,194382202757,194382718110,515352,2743,8388608
Uring,throughput,0,4,64,0,0,194382203885,194382893928,690043,64,8388608
Uring,throughput,0,4,64,0,0,194382205684,194382817860,612175,35,8388608
Uring,throughput,0,4,64,0,0,194382213992,194382927066,713074,104,8388608
Uring,throughput,0,4,64,0,0,194382221514,194382342878,121364,416,8388608
Uring,throughput,0,4,64,0,0,194382224327,194382331077,106750,2698,8388608
Uring,throughput,0,4,64,0,0,194382224566,194382400339,175773,19,8388608
Uring,throughput,0,4,64,0,0,194382230112,194382928430,698318,1398,8388608
Uring,throughput,0,4,64,0,0,194382235232,194382930394,695161,236,8388608
Uring,throughput,0,4,64,0,0,194382251760,194382293821,42061,36,8388608
Uring,throughput,0,4,64,0,0,194382251787,194382882110,630322,11,8388608
Uring,throughput,0,4,64,0,0,194382252760,194382721438,468678,22,8388608
Uring,throughput,0,4,64,0,0,194382253219,194382282401,29182,722,8388608
Uring,throughput,0,4,64,0,0,194382257218,194382876433,619215,4779,8388608
Uring,throughput,0,4,64,0,0,194382257319,194382808151,550832,42,8388608
Uring,throughput,0,4,64,0,0,194382275151,194382315507,40355,3210,8388608
Uring,throughput,0,4,64,0,0,194382276703,194382927704,651000,97,8388608
Uring,throughput,0,4,64,0,0,194382277087,194382944878,667791,12,8388608
Uring,throughput,0,4,64,0,0,194382282406,194382643303,360896,21,8388608
Uring,throughput,0,4,64,0,0,194382288546,194382877298,588752,50,8388608
Uring,throughput,0,4,64,0,0,194382290354,194382735911,445556,28,8388608
Uring,throughput,0,4,64,0,0,194382291516,194382888364,596848,45,8388608
Uring,throughput,0,4,64,0,0,194382293827,194382720369,426542,4436,8388608
Uring,throughput,0,4,64,0,0,194382300949,194382519832,218882,1009,8388608
Uring,throughput,0,4,64,0,0,194382310818,194382683821,373003,3510,8388608
Uring,throughput,0,4,64,0,0,194382315512,194382493926,178414,16,8388608
Uring,throughput,0,4,64,0,0,194382325170,194382515210,190040,1724,8388608
Uring,throughput,0,4,64,0,0,194382327971,194382519881,191910,139,8388608
Uring,throughput,0,4,64,0,0,194382330328,194382359137,28809,61,8388608
Uring,throughput,0,4,64,0,0,194382331098,194382807075,475976,63,8388608
Uring,throughput,0,4,64,0,0,194382331731,194382798367,466636,30,8388608
Uring,throughput,0,4,64,0,0,194382332300,194382877566,545266,3772,8388608
Uring,throughput,0,4,64,0,0,194382339490,194382382250,42760,65,8388608
Uring,throughput,0,4,64,0,0,194382342885,194382558084,215199,106,8388608
Uring,throughput,0,4,64,0,0,194382346140,194382420901,74761,2001,8388608
Uring,throughput,0,4,64,0,0,194382347990,194382717845,369854,3457,8388608
Uring,throughput,0,4,64,0,0,194382348396,194382945338,596942,2575,8388608
Uring,throughput,0,4,64,0,0,194382350196,194382526705,176508,1669,8388608
Uring,throughput,0,4,64,0,0,194382359216,194382426923,67707,2050,8388608
