Algorithm,Resolver,Iteration,Threads,Concurrency,HTTPS,Encryption,Start,Finish,Diff,ReceiveLatency,Size
Uring,throughput,0,4,1,0,0,194383226294,194383244584,18289,754,8388608
Uring,throughput,0,4,1,0,0,194383226613,194383243448,16834,614,8388608
Uring,throughput,0,4,1,0,0,194383226401,194383267364,40962,591,8388608
Uring,throughput,0,4,1,0,0,194383226669,194383243539,16869,452,8388608
Uring,throughput,0,4,1,0,0,194383243466,194383253282,9816,20,8388608
Uring,throughput,0,4,1,0,0,194383243545,194383255752,12206,21,8388608
Uring,throughput,0,4,1,0,0,194383244590,194383256651,12060,19,8388608
Uring,throughput,0,4,1,0,0,194383253289,194383264798,11508,21,8388608
Uring,throughput,0,4,1,0,0,194383255759,194383269375,13616,18,8388608
Uring,throughput,0,4,1,0,0,194383256657,194383272313,15655,19,8388608
Uring,throughput,0,4,1,0,0,194383264806,194383281856,17049,390,8388608
Uring,throughput,0,4,1,0,0,194383267371,194383364306,96935,17,8388608
Uring,throughput,0,4,1,0,0,194383269381,194383291601,22220,337,8388608
Uring,throughput,0,4,1,0,0,194383272318,194383354640,82322,281,8388608
Uring,throughput,0,4,1,0,0,194383281863,194383290997,9134,18,8388608
Uring,throughput,0,4,1,0,0,194383291024,194383299822,8798,19,8388608
Uring,throughput,0,4,1,0,0,194383291607,194383302372,10765,16,8388608
Uring,throughput,0,4,1,0,0,194383299830,194383356630,56799,280,8388608
Uring,throughput,0,4,1,0,0,194383302380,194383312388,10008,17,8388608
Uring,throughput,0,4,1,0,0,194383312395,194383341708,29312,335,8388608
Uring,throughput,0,4,1,0,0,194383341714,194383351029,9314,20,8388608
Uring,throughput,0,4,1,0,0,194383351035,194383360619,9583,24,8388608
Uring,throughput,0,4,1,0,0,194383354646,194383369507,14860,20,8388608
Uring,throughput,0,4,1,0,0,194383356635,194383431472,74836,15,8388608
Uring,throughput,0,4,1,0,0,194383360623,194383379121,18497,371,8388608
Uring,throughput,0,4,1,0,0,194383364312,194383373920,9607,18,8388608
Uring,throughput,0,4,1,0,0,194383369513,194383389108,19594,15,8388608
Uring,throughput,0,4,1,0,0,194383373927,194383424642,50715,296,8388608
Uring,throughput,0,4,1,0,0,194383379127,194383389487,10359,19,8388608
Uring,throughput,0,4,1,0,0,194383389114,194383429994,40880,1029,8388608
Uring,throughput,0,4,1,0,0,194383389492,194383398808,9315,17,8388608
Uring,throughput,0,4,1,0,0,194383398812,194383414295,15482,340,8388608
Uring,throughput,0,4,1,0,0,194383414302,194383424910,10608,24,8388608
Uring,throughput,0,4,1,0,0,194383424649,194383466771,42121,17,8388608
Uring,throughput,0,4,1,0,0,194383424918,194383435093,10175,17,8388608
Uring,throughput,0,4,1,0,0,194383430102,194383461534,31431,51,8388608
Uring,throughput,0,4,1,0,0,194383431479,194383468978,37499,19,8388608
Uring,throughput,0,4,1,0,0,194383435098,194383448248,13150,314,8388608
Uring,throughput,0,4,1,0,0,194383448255,194383457971,9715,17,8388608
Uring,throughput,0,4,1,0,0,194383457977,194383467822,9844,17,8388608
Uring,throughput,0,4,1,0,0,194383461541,194383478502,16960,17,8388608
Uring,throughput,0,4,1,0,0,194383466779,194383496368,29589,21,8388608
Uring,throughput,0,4,1,0,0,194383467829,194383490240,22411,395,8388608
Uring,throughput,0,4,1,0,0,194383468987,194383483430,14443,381,8388608
Uring,throughput,0,4,1,0,0,194383478509,194383512954,34444,458,8388608
Uring,throughput,0,4,1,0,0,194383483435,194383539931,56495,16,8388608
Uring,throughput,0,4,1,0,0,194383490247,194383500141,9894,15,8388608
Uring,throughput,0,4,1,0,0,194383496375,194383537397,41022,507,8388608
Uring,throughput,0,4,1,0,0,194383500148,194383509622,9474,17,8388608
Uring,throughput,0,4,1,0,0,194383509630,194383521076,11446,516,8388608
Uring,throughput,0,4,1,0,0,194383512960,194383525442,12481,16,8388608
Uring,throughput,0,4,1,0,0,194383521081,194383537273,16192,12,8388608
Uring,throughput,0,4,1,0,0,194383525447,194383626316,100869,17,8388608
Uring,throughput,0,4,1,0,0,194383537279,194383547879,10600,16,8388608
Uring,throughput,0,4,1,0,0,194383537403,194383560583,23180,16,8388608
Uring,throughput,0,4,1,0,0,194383539935,194383562646,22711,10,8388608
Uring,throughput,0,4,1,0,0,194383547886,194383590484,42598,355,8388608
Uring,throughput,0,4,1,0,0,194383560591,194383569957,9365,28,8388608
Uring,throughput,0,4,1,0,0,194383562651,194383620489,57837,406,8388608
Uring,throughput,0,4,1,0,0,194383569965,194383584618,14653,481,8388608
Uring,throughput,0,4,1,0,0,194383584626,194383594337,9711,22,8388608
Uring,throughput,0,4,1,0,0,194383590491,194383605888,15396,15,8388608
Uring,throughput,0,4,1,0,0,194383594344,194383603725,9380,18,8388608
Uring,throughput,0,4,1,0,0,194383603732,194383636905,33172,759,8388608
Uring,throughput,0,4,1,0,0,194383605895,194383657959,52064,17,8388608
Uring,throughput,0,4,1,0,0,194383620498,194383630910,10412,25,8388608
Uring,throughput,0,4,1,0,0,194383626323,194383666051,39727,419,8388608
Uring,throughput,0,4,1,0,0,194383630917,194383644211,13294,17,8388608
Uring,throughput,0,4,1,0,0,194383636911,194383686209,49298,16,8388608
Uring,throughput,0,4,1,0,0,194383644217,194383657687,13469,271,8388608
Uring,throughput,0,4,1,0,0,194383657693,194383678268,20574,22,8388608
Uring,throughput,0,4,1,0,0,194383657965,194383729223,71257,1134,8388608
Uring,throughput,0,4,1,0,0,194383666057,194383722602,56545,186,8388608
Uring,throughput,0,4,1,0,0,194383678275,194383687710,9435,23,8388608
Uring,throughput,0,4,1,0,0,194383686215,194383698147,11931,17,8388608
Uring,throughput,0,4,1,0,0,194383687714,194383712585,24870,346,8388608
Uring,throughput,0,4,1,0,0,194383698152,194383719256,21103,404,8388608
Uring,throughput,0,4,1,0,0,194383712591,194383732533,19941,19,8388608
Uring,throughput,0,4,1,0,0,194383719262,194383738040,18777,17,8388608
Uring,throughput,0,4,1,0,0,194383722609,194383740052,17443,18,8388608
Uring,throughput,0,4,2,0,0,194383762375,194383791852,29476,843,8388608
Uring,throughput,0,4,2,0,0,194383762457,194383927904,165447,1122,8388608
Uring,throughput,0,4,2,0,0,194383762507,194383858457,95949,1073,8388608
Uring,throughput,0,4,2,0,0,194383762482,194383839172,76689,858,8388608
Uring,throughput,0,4,2,0,0,194383762855,194383791109,28253,402,8388608
Uring,throughput,0,4,2,0,0,194383762925,194383783169,20243,693,8388608
Uring,throughput,0,4,2,0,0,194383762930,194383962086,199156,451,8388608
Uring,throughput,0,4,2,0,0,194383762971,194383792849,29877,665,8388608
Uring,throughput,0,4,2,0,0,194383783185,194383919553,136368,35,8388608
Uring,throughput,0,4,2,0,0,194383791116,194383806590,15473,44,8388608
Uring,throughput,0,4,2,0,0,194383791854,194383813467,21612,11,8388608
Uring,throughput,0,4,2,0,0,194383792852,194383810165,17313,10,8388608
Uring,throughput,0,4,2,0,0,194383806595,194383828035,21439,19,8388608
Uring,throughput,0,4,2,0,0,194383810186,194383830937,20751,21,8388608
Uring,throughput,0,4,2,0,0,194383813474,194383836264,22790,30,8388608
Uring,throughput,0,4,2,0,0,194383828043,194383850802,22759,696,8388608
Uring,throughput,0,4,2,0,0,194383830942,194383859880,28937,438,8388608
Uring,throughput,0,4,2,0,0,194383836268,194383928970,92701,550,8388608
Uring,throughput,0,4,2,0,0,194383839179,194383912868,73689,21,8388608
Uring,throughput,0,4,2,0,0,194383850810,194383863189,12379,24,8388608
Uring,throughput,0,4,2,0,0,194383858465,194383879292,20826,29,8388608
Uring,throughput,0,4,2,0,0,194383859883,194383879726,19842,13,8388608
Uring,throughput,0,4,2,0,0,194383863194,194383879197,16003,12,8388608
Uring,throughput,0,4,2,0,0,194383879205,194383960930,81724,325,8388608
Uring,throughput,0,4,2,0,0,194383879294,194383896525,17230,50,8388608
Uring,throughput,0,4,2,0,0,194383879727,194383908913,29185,11,8388608
Uring,throughput,0,4,2,0,0,194383896531,194384047438,150907,11520,8388608
Uring,throughput,0,4,2,0,0,194383908919,194383979910,70991,250,8388608
Uring,throughput,0,4,2,0,0,194383912877,194383930429,17551,22,8388608
Uring,throughput,0,4,2,0,0,194383919561,194383970587,51026,17,8388608
Uring,throughput,0,4,2,0,0,194383927910,194383980460,52549,17,8388608
Uring,throughput,0,4,2,0,0,194383928978,194383973371,44393,22,8388608
Uring,throughput,0,4,2,0,0,194383930434,194383977922,47487,2356,8388608
Uring,throughput,0,4,2,0,0,194383960937,194384059273,98336,21,8388608
Uring,throughput,0,4,2,0,0,194383962093,194383995119,33025,28,8388608
Uring,throughput,0,4,2,0,0,194383970594,194384070400,99806,1242,8388608
Uring,throughput,0,4,2,0,0,194383973377,194384043959,70582,25,8388608
Uring,throughput,0,4,2,0,0,194383977929,194383998534,20604,17,8388608
Uring,throughput,0,4,2,0,0,194383979915,194384006805,26889,17,8388608
Uring,throughput,0,4,2,0,0,194383980466,194384011727,31260,16,8388608
Uring,throughput,0,4,2,0,0,194383995126,194384016448,21321,18,8388608
Uring,throughput,0,4,2,0,0,194383998541,194384019399,20858,17,8388608
Uring,throughput,0,4,2,0,0,194384006812,194384029230,22418,15,8388608
Uring,throughput,0,4,2,0,0,194384011735,194384072796,61060,5723,8388608
Uring,throughput,0,4,2,0,0,194384016454,194384042133,25679,299,8388608
Uring,throughput,0,4,2,0,0,194384019405,194384046688,27283,2035,8388608
Uring,throughput,0,4,2,0,0,194384029238,194384083246,54008,346,8388608
Uring,throughput,0,4,2,0,0,194384042139,194384066139,24000,15,8388608
Uring,throughput,0,4,2,0,0,194384043969,194384110360,66391,1269,8388608
Uring,throughput,0,4,2,0,0,194384046696,194384121210,74514,120,8388608
Uring,throughput,0,4,2,0,0,194384047445,194384076649,29203,19,8388608
Uring,throughput,0,4,2,0,0,194384059280,194384122465,63184,19,8388608
Uring,throughput,0,4,2,0,0,194384066145,194384102289,36143,67,8388608
Uring,throughput,0,4,2,0,0,194384070404,194384106183,35778,18,8388608
Uring,throughput,0,4,2,0,0,194384072802,194384124641,51839,17,8388608
Uring,throughput,0,4,2,0,0,194384076657,194384100061,23403,21,8388608
Uring,throughput,0,4,2,0,0,194384083253,194384133086,49833,17,8388608
Uring,throughput,0,4,2,0,0,194384100069,194384116080,16011,854,8388608
Uring,throughput,0,4,2,0,0,194384102295,194384219692,117397,2645,8388608
Uring,throughput,0,4,2,0,0,194384106189,194384189809,83620,19,8388608
Uring,throughput,0,4,2,0,0,194384110364,194384176721,66356,15,8388608
Uring,throughput,0,4,2,0,0,194384116087,194384127797,11709,14,8388608
Uring,throughput,0,4,2,0,0,194384121217,194384157986,36769,17,8388608
Uring,throughput,0,4,2,0,0,194384122471,194384147791,25319,274,8388608
Uring,throughput,0,4,2,0,0,194384124648,194384187749,63100,19,8388608
Uring,throughput,0,4,2,0,0,194384127802,194384139645,11842,36,8388608
Uring,throughput,0,4,2,0,0,194384133092,194384196546,63453,18,8388608
Uring,throughput,0,4,2,0,0,194384139650,194384257862,118211,251,8388608
Uring,throughput,0,4,2,0,0,194384147797,194384158736,10938,17,8388608
Uring,throughput,0,4,2,0,0,194384157993,194384207977,49984,450,8388608
Uring,throughput,0,4,2,0,0,194384158741,194384177478,18736,46,8388608
Uring,throughput,0,4,2,0,0,194384176728,194384211149,34420,16,8388608
Uring,throughput,0,4,2,0,0,194384177483,194384204791,27307,2866,8388608
Uring,throughput,0,4,2,0,0,194384187756,194384217402,29645,420,8388608
Uring,throughput,0,4,2,0,0,194384189822,194384282025,92202,1506,8388608
Uring,throughput,0,4,2,0,0,194384196554,194384249126,52571,4307,8388608
Uring,throughput,0,4,2,0,0,194384204798,194384228674,23876,17,8388608
Uring,throughput,0,4,2,0,0,194384207985,194384221362,13377,34,8388608
Uring,throughput,0,4,2,0,0,194384211157,194384278460,67303,3003,8388608
Uring,throughput,0,4,2,0,0,194384217409,194384248399,30990,112,8388608
Uring,throughput,0,4,2,0,0,194384219700,194384255937,36237,112,8388608
Uring,throughput,0,4,2,0,0,194384221365,194384241973,20608,10,8388608
Uring,throughput,0,4,2,0,0,194384228682,194384255075,26393,17,8388608
Uring,throughput,0,4,2,0,0,194384241980,194384277562,35581,1665,8388608
Uring,throughput,0,4,2,0,0,194384248407,194384332673,84265,16,8388608
Uring,throughput,0,4,2,0,0,194384249133,194384264868,15734,20,8388608
Uring,throughput,0,4,2,0,0,194384255082,194384337999,82917,2778,8388608
Uring,throughput,0,4,2,0,0,194384255977,194384354923,98945,12,8388608
Uring,throughput,0,4,2,0,0,194384257869,194384283907,26037,17,8388608
Uring,throughput,0,4,2,0,0,194384264872,194384324416,59543,18,8388608
Uring,throughput,0,4,2,0,0,194384277569,194384371103,93534,15,8388608
Uring,throughput,0,4,2,0,0,194384278466,194384291969,13502,16,8388608
Uring,throughput,0,4,2,0,0,194384282030,194384366443,84412,20,8388608
Uring,throughput,0,4,2,0,0,194384283913,194384332182,48268,20,8388608
Uring,throughput,0,4,2,0,0,194384291976,194384300784,8807,16,8388608
Uring,throughput,0,4,2,0,0,194384300791,194384349276,48485,1261,8388608
Uring,throughput,0,4,2,0,0,194384324421,194384412522,88100,263,8388608
Uring,throughput,0,4,2,0,0,194384332188,194384350147,17958,430,8388608
Uring,throughput,0,4,2,0,0,194384332679,194384371967,39287,1694,8388608
Uring,throughput,0,4,2,0,0,194384338019,194384366453,28433,15,8388608
Uring,throughput,0,4,2,0,0,194384349284,194384409407,60123,22,8388608
Uring,throughput,0,4,2,0,0,194384350155,194384364129,13973,20,8388608
Uring,throughput,0,4,2,0,0,194384354928,194384416316,61388,4207,8388608
Uring,throughput,0,4,2,0,0,194384364135,194384375721,11585,19,8388608
Uring,throughput,0,4,2,0,0,194384366451,194384497252,130801,22,8388608
Uring,throughput,0,4,2,0,0,194384366456,194384452167,85710,11,8388608
Uring,throughput,0,4,2,0,0,194384371109,194384386506,15396,21,8388608
Uring,throughput,0,4,2,0,0,194384371975,194384433090,61114,22,8388608
Uring,throughput,0,4,2,0,0,194384375728,194384393058,17330,446,8388608
Uring,throughput,0,4,2,0,0,194384386512,194384477148,90636,675,8388608
Uring,throughput,0,4,2,0,0,194384393065,194384404600,11535,16,8388608
Uring,throughput,0,4,2,0,0,194384404607,194384416156,11549,16,8388608
Uring,throughput,0,4,2,0,0,194384409413,194384490291,80878,16,8388608
Uring,throughput,0,4,2,0,0,194384412528,194384449445,36917,30,8388608
Uring,throughput,0,4,2,0,0,194384416162,194384459127,42964,2151,8388608
Uring,throughput,0,4,2,0,0,194384416321,194384452824,36502,14,8388608
Uring,throughput,0,4,2,0,0,194384433097,194384450068,16970,43,8388608
Uring,throughput,0,4,2,0,0,194384449452,194384475095,25642,29,8388608
Uring,throughput,0,4,2,0,0,194384450074,194384595148,145073,242,8388608
Uring,throughput,0,4,2,0,0,194384452173,194384553800,101626,442,8388608
Uring,throughput,0,4,2,0,0,194384452829,194384473497,20667,17,8388608
Uring,throughput,0,4,2,0,0,194384459141,194384481933,22791,39,8388608
Uring,throughput,0,4,2,0,0,194384473503,194384523828,50325,280,8388608
Uring,throughput,0,4,2,0,0,194384475103,194384549999,74896,5315,8388608
Uring,throughput,0,4,2,0,0,194384477154,194384548793,71638,14,8388608
Uring,throughput,0,4,2,0,0,194384481939,194384491566,9627,15,8388608
Uring,throughput,0,4,2,0,0,194384490298,194384511216,20917,235,8388608
Uring,throughput,0,4,2,0,0,194384491570,194384510568,18998,321,8388608
Uring,throughput,0,4,2,0,0,194384497260,194384557767,60506,543,8388608
Uring,throughput,0,4,2,0,0,194384510575,194384521320,10745,16,8388608
Uring,throughput,0,4,2,0,0,194384511219,194384553516,42296,12,8388608
Uring,throughput,0,4,2,0,0,194384521326,194384538242,16915,66,8388608
Uring,throughput,0,4,2,0,0,194384523834,194384546166,22331,17,8388608
Uring,throughput,0,4,2,0,0,194384538249,194384570677,32428,322,8388608
Uring,throughput,0,4,2,0,0,194384546171,194384634708,88537,18,8388608
Uring,throughput,0,4,2,0,0,194384548800,194384644176,95376,19,8388608
Uring,throughput,0,4,2,0,0,194384550025,194384585463,35438,18,8388608
Uring,throughput,0,4,2,0,0,194384553524,194384639140,85616,19,8388608
Uring,throughput,0,4,2,0,0,194384553803,194384565504,11700,12,8388608
Uring,throughput,0,4,2,0,0,194384557774,194384578097,20323,20,8388608
Uring,throughput,0,4,2,0,0,194384565510,194384587769,22258,99,8388608
Uring,throughput,0,4,2,0,0,194384570684,194384591862,21177,32,8388608
Uring,throughput,0,4,2,0,0,194384578104,194384596764,18660,17,8388608
Uring,throughput,0,4,2,0,0,194384585473,194384632961,47487,40,8388608
Uring,throughput,0,4,2,0,0,194384587776,194384661723,73947,302,8388608
Uring,throughput,0,4,2,0,0,194384591869,194384614094,22225,40,8388608
Uring,throughput,0,4,2,0,0,194384595156,194384643536,48380,47,8388608
Uring,throughput,0,4,2,0,0,194384596770,194384610166,13395,270,8388608
Uring,throughput,0,4,2,0,0,194384610172,194384624280,14107,19,8388608
Uring,throughput,0,4,2,0,0,194384614101,194384692351,78250,233,8388608
Uring,throughput,0,4,2,0,0,194384624286,194384638081,13795,16,8388608
Uring,throughput,0,4,2,0,0,194384632969,194384661177,28207,1540,8388608
Uring,throughput,0,4,2,0,0,194384634715,194384696428,61713,1045,8388608
Uring,throughput,0,4,2,0,0,194384638086,194384663094,25008,1306,8388608
Uring,throughput,0,4,2,0,0,194384639147,194384720108,80960,276,8388608
Uring,throughput,0,4,2,0,0,194384643543,194384668236,24692,19,8388608
Uring,throughput,0,4,2,0,0,194384644183,194384684944,40760,342,8388608
Uring,throughput,0,4,2,0,0,194384661184,194384682714,21530,21,8388608
Uring,throughput,0,4,2,0,0,194384661730,194384693355,31625,21,8388608
Uring,throughput,0,4,2,0,0,194384663103,194384680739,17636,16,8388608
Uring,throughput,0,4,4,0,0,194384747241,194384930389,183147,1461,8388608
Uring,throughput,0,4,4,0,0,194384747279,194384789886,42606,1465,8388608
Uring,throughput,0,4,4,0,0,194384747300,194384869904,122603,1445,8388608
Uring,throughput,0,4,4,0,0,194384747321,194384872614,125293,1423,8388608
Uring,throughput,0,4,4,0,0,194384747644,194384870906,123261,1108,8388608
Uring,throughput,0,4,4,0,0,194384747702,194384848728,101026,1091,8388608
Uring,throughput,0,4,4,0,0,194384747741,194384817109,69367,1119,8388608
Uring,throughput,0,4,4,0,0,194384747803,194384852947,105144,1002,8388608
Uring,throughput,0,4,4,0,0,194384747962,194384823285,75322,850,8388608
Uring,throughput,0,4,4,0,0,194384747984,194384805802,57818,850,8388608
Uring,throughput,0,4,4,0,0,194384748100,194384840976,92875,803,8388608
Uring,throughput,0,4,4,0,0,194384748134,194384844572,96438,771,8388608
Uring,throughput,0,4,4,0,0,194384748295,194384916050,167755,586,8388608
Uring,throughput,0,4,4,0,0,194384748322,194384787466,39143,549,8388608
Uring,throughput,0,4,4,0,0,194384748335,194384802616,54281,616,8388608
Uring,throughput,0,4,4,0,0,194384748373,194384807991,59617,579,8388608
Uring,throughput,0,4,4,0,0,194384787512,194384834477,46965,23,8388608
Uring,throughput,0,4,4,0,0,194384789915,194384835709,45794,18,8388608
Uring,throughput,0,4,4,0,0,194384802622,194384871418,68796,18,8388608
Uring,throughput,0,4,4,0,0,194384805807,194384856820,51012,20,8388608
Uring,throughput,0,4,4,0,0,194384807994,194384845134,37139,31,8388608
Uring,throughput,0,4,4,0,0,194384817115,194384870774,53658,17,8388608
Uring,throughput,0,4,4,0,0,194384823292,194384926683,103391,18,8388608
Uring,throughput,0,4,4,0,0,194384834484,194384913154,78669,17,8388608
Uring,throughput,0,4,4,0,0,194384835716,194384881712,45996,15,8388608
Uring,throughput,0,4,4,0,0,194384840981,194384906303,65321,65,8388608
Uring,throughput,0,4,4,0,0,194384844580,194384926874,82293,81,8388608
Uring,throughput,0,4,4,0,0,194384845141,194384891911,46769,20,8388608
Uring,throughput,0,4,4,0,0,194384848735,194384924500,75764,22,8388608
Uring,throughput,0,4,4,0,0,194384852952,194384911419,58467,26,8388608
Uring,throughput,0,4,4,0,0,194384856828,194384902115,45287,20,8388608
Uring,throughput,0,4,4,0,0,194384869910,194384969059,99148,15,8388608
Uring,throughput,0,4,4,0,0,194384870780,194384895267,24487,40,8388608
Uring,throughput,0,4,4,0,0,194384870911,194384939244,68332,19,8388608
Uring,throughput,0,4,4,0,0,194384871422,194384936101,64679,13,8388608
Uring,throughput,0,4,4,0,0,194384872622,194384937360,64737,23,8388608
Uring,throughput,0,4,4,0,0,194384881717,194384989172,107454,1544,8388608
Uring,throughput,0,4,4,0,0,194384891918,194385064774,172856,1211,8388608
Uring,throughput,0,4,4,0,0,194384895273,194385071057,175784,273,8388608
Uring,throughput,0,4,4,0,0,194384902122,194384950193,48071,4338,8388608
Uring,throughput,0,4,4,0,0,194384906310,194384949654,43343,16,8388608
Uring,throughput,0,4,4,0,0,194384911425,194385025709,114284,13,8388608
Uring,throughput,0,4,4,0,0,194384913161,194385053334,140172,2068,8388608
Uring,throughput,0,4,4,0,0,194384916058,194384962205,46146,21,8388608
Uring,throughput,0,4,4,0,0,194384924506,194384987778,63272,15,8388608
Uring,throughput,0,4,4,0,0,194384926689,194385089372,162682,16,8388608
Uring,throughput,0,4,4,0,0,194384926881,194385010416,83534,19,8388608
Uring,throughput,0,4,4,0,0,194384930395,194385138066,207670,38,8388608
Uring,throughput,0,4,4,0,0,194384936107,194385179143,243035,12580,8388608
Uring,throughput,0,4,4,0,0,194384937368,194384957632,20264,17,8388608
Uring,throughput,0,4,4,0,0,194384939251,194385001804,62553,17,8388608
Uring,throughput,0,4,4,0,0,194384949660,194385024324,74663,2701,8388608
Uring,throughput,0,4,4,0,0,194384950198,194384963914,13715,16,8388608
Uring,throughput,0,4,4,0,0,194384957641,194384987830,30189,412,8388608
Uring,throughput,0,4,4,0,0,194384962210,194384977796,15586,14,8388608
Uring,throughput,0,4,4,0,0,194384963921,194384990798,26877,17,8388608
Uring,throughput,0,4,4,0,0,194384969065,194385017605,48539,17,8388608
Uring,throughput,0,4,4,0,0,194384977802,194385035614,57812,3525,8388608
Uring,throughput,0,4,4,0,0,194384987784,194385220914,233130,352,8388608
Uring,throughput,0,4,4,0,0,194384987837,194385022145,34308,83,8388608
Uring,throughput,0,4,4,0,0,194384989176,194385024846,35669,29,8388608
Uring,throughput,0,4,4,0,0,194384990804,194385201627,210823,233,8388608
Uring,throughput,0,4,4,0,0,194385001811,194385073979,72168,2181,8388608
Uring,throughput,0,4,4,0,0,194385010422,194385065397,54975,2426,8388608
Uring,throughput,0,4,4,0,0,194385017610,194385185446,167835,2284,8388608
Uring,throughput,0,4,4,0,0,194385022151,194385087848,65697,14,8388608
Uring,throughput,0,4,4,0,0,194385024330,194385059548,35217,41,8388608
Uring,throughput,0,4,4,0,0,194385024851,194385068923,44071,25,8388608
Uring,throughput,0,4,4,0,0,194385025713,194385114381,88667,327,8388608
Uring,throughput,0,4,4,0,0,194385035622,194385109061,73439,14,8388608
Uring,throughput,0,4,4,0,0,194385053341,194385110384,57042,34,8388608
Uring,throughput,0,4,4,0,0,194385059556,194385102166,42610,81,8388608
Uring,throughput,0,4,4,0,0,194385064780,194385077269,12488,20,8388608
Uring,throughput,0,4,4,0,0,194385065406,194385118248,52842,25,8388608
Uring,throughput,0,4,4,0,0,194385068931,194385108745,39813,719,8388608
Uring,throughput,0,4,4,0,0,194385071063,194385085677,14613,19,8388608
Uring,throughput,0,4,4,0,0,194385073985,194385147093,73108,13,8388608
Uring,throughput,0,4,4,0,0,194385077277,194385136759,59481,23,8388608
Uring,throughput,0,4,4,0,0,194385085686,194385096440,10754,26,8388608
Uring,throughput,0,4,4,0,0,194385087856,194385168717,80861,7692,8388608
Uring,throughput,0,4,4,0,0,194385089380,194385123242,33862,227,8388608
Uring,throughput,0,4,4,0,0,194385096446,194385257570,161124,1672,8388608
Uring,throughput,0,4,4,0,0,194385102180,194385195961,93781,1564,8388608
Uring,throughput,0,4,4,0,0,194385108752,194385142630,33878,21,8388608
Uring,throughput,0,4,4,0,0,194385109071,194385152782,43711,24,8388608
Uring,throughput,0,4,4,0,0,194385110389,194385168756,58367,13,8388608
Uring,throughput,0,4,4,0,0,194385114388,194385166170,51782,24,8388608
Uring,throughput,0,4,4,0,0,194385118255,194385171843,53587,21,8388608
Uring,throughput,0,4,4,0,0,194385123249,194385156377,33128,25,8388608
Uring,throughput,0,4,4,0,0,194385136767,194385263506,126738,2263,8388608
Uring,throughput,0,4,4,0,0,194385138074,194385294871,156797,49,8388608
Uring,throughput,0,4,4,0,0,194385142638,194385231590,88951,20,8388608
Uring,throughput,0,4,4,0,0,194385147099,194385237266,90167,14,8388608
Uring,throughput,0,4,4,0,0,194385152790,194385201054,48264,583,8388608
Uring,throughput,0,4,4,0,0,194385156384,194385230095,73710,47,8388608
Uring,throughput,0,4,4,0,0,194385166196,194385204824,38628,24,8388608
Uring,throughput,0,4,4,0,0,194385168722,194385179806,11084,14,8388608
Uring,throughput,0,4,4,0,0,194385168764,194385247133,78369,3967,8388608
Uring,throughput,0,4,4,0,0,194385171850,194385256907,85056,944,8388608
Uring,throughput,0,4,4,0,0,194385179150,194385273512,94361,18,8388608
Uring,throughput,0,4,4,0,0,194385179813,194385191286,11472,23,8388608
Uring,throughput,0,4,4,0,0,194385185454,194385265703,80249,56,8388608
Uring,throughput,0,4,4,0,0,194385191293,194385219698,28404,475,8388608
Uring,throughput,0,4,4,0,0,194385195969,194385227092,31122,24,8388608
Uring,throughput,0,4,4,0,0,194385201071,194385224071,23000,47,8388608
Uring,throughput,0,4,4,0,0,194385201632,194385279423,77790,14,8388608
Uring,throughput,0,4,4,0,0,194385204831,194385394972,190141,255,8388608
Uring,throughput,0,4,4,0,0,194385219706,194385345437,125731,18,8388608
Uring,throughput,0,4,4,0,0,194385220919,194385378049,157129,40,8388608
Uring,throughput,0,4,4,0,0,194385224082,194385303519,79437,22,8388608
Uring,throughput,0,4,4,0,0,194385227098,194385248502,21403,18,8388608
Uring,throughput,0,4,4,0,0,194385230101,194385326173,96072,2228,8388608
Uring,throughput,0,4,4,0,0,194385231619,194385272856,41237,323,8388608
Uring,throughput,0,4,4,0,0,194385237272,194385292523,55250,1188,8388608
Uring,throughput,0,4,4,0,0,194385247141,194385291555,44413,27,8388608
Uring,throughput,0,4,4,0,0,194385248509,194385329203,80694,1282,8388608
Uring,throughput,0,4,4,0,0,194385256913,194385330178,73265,44,8388608
Uring,throughput,0,4,4,0,0,194385257575,194385278715,21140,15,8388608
Uring,throughput,0,4,4,0,0,194385263512,194385321875,58362,23,8388608
Uring,throughput,0,4,4,0,0,194385265708,194385317439,51730,81,8388608
Uring,throughput,0,4,4,0,0,194385272861,194385297994,25132,17,8388608
Uring,throughput,0,4,4,0,0,194385273518,194385353730,80212,67,8388608
Uring,throughput,0,4,4,0,0,194385278721,194385302961,24239,21,8388608
Uring,throughput,0,4,4,0,0,194385279428,194385380299,100871,20,8388608
Uring,throughput,0,4,4,0,0,194385291561,194385315554,23993,17,8388608
Uring,throughput,0,4,4,0,0,194385292529,194385387829,95300,18,8388608
Uring,throughput,0,4,4,0,0,194385294878,194385397177,102298,5749,8388608
Uring,throughput,0,4,4,0,0,194385298028,194385356814,58785,38,8388608
Uring,throughput,0,4,4,0,0,194385302968,194385472798,169830,981,8388608
Uring,throughput,0,4,4,0,0,194385303526,194385393829,90302,5895,8388608
Uring,throughput,0,4,4,0,0,194385315559,194385351437,35878,2619,8388608
Uring,throughput,0,4,4,0,0,194385317446,194385427977,110531,12205,8388608
Uring,throughput,0,4,4,0,0,194385321882,194385335133,13251,22,8388608
Uring,throughput,0,4,4,0,0,194385326180,194385344774,18593,19,8388608
Uring,throughput,0,4,4,0,0,194385329208,194385533166,203957,85,8388608
Uring,throughput,0,4,4,0,0,194385330184,194385524907,194723,51,8388608
Uring,throughput,0,4,4,0,0,194385335139,194385415827,80687,358,8388608
Uring,throughput,0,4,4,0,0,194385344781,194385354867,10085,17,8388608
Uring,throughput,0,4,4,0,0,194385345445,194385516798,171352,19,8388608
Uring,throughput,0,4,4,0,0,194385351444,194385365060,13615,18,8388608
Uring,throughput,0,4,4,0,0,194385353736,194385473854,120118,1727,8388608
Uring,throughput,0,4,4,0,0,194385354871,194385540649,185777,272,8388608
Uring,throughput,0,4,4,0,0,194385356818,194385387406,30587,538,8388608
Uring,throughput,0,4,4,0,0,194385365064,194385376837,11772,21,8388608
Uring,throughput,0,4,4,0,0,194385376842,194385529223,152381,352,8388608
Uring,throughput,0,4,4,0,0,194385378052,194385467718,89666,40,8388608
Uring,throughput,0,4,4,0,0,194385380301,194385435321,55019,2205,8388608
Uring,throughput,0,4,4,0,0,194385387412,194385428847,41434,13,8388608
Uring,throughput,0,4,4,0,0,194385387832,194385410327,22494,13,8388608
Uring,throughput,0,4,4,0,0,194385393833,194385541954,148120,16,8388608
Uring,throughput,0,4,4,0,0,194385394976,194385415979,21002,17,8388608
Uring,throughput,0,4,4,0,0,194385397180,194385420041,22860,14,8388608
Uring,throughput,0,4,4,0,0,194385410334,194385567015,156681,7037,8388608
Uring,throughput,0,4,4,0,0,194385415834,194385434298,18463,24,8388608
Uring,throughput,0,4,4,0,0,194385415980,194385542083,126103,9,8388608
Uring,throughput,0,4,4,0,0,194385420048,194385543218,123170,21,8388608
Uring,throughput,0,4,4,0,0,194385427985,194385447288,19302,39,8388608
Uring,throughput,0,4,4,0,0,194385428855,194385455043,26187,18,8388608
Uring,throughput,0,4,4,0,0,194385434305,194385454450,20145,25,8388608
Uring,throughput,0,4,4,0,0,194385435327,194385468299,32972,102,8388608
Uring,throughput,0,4,4,0,0,194385447295,194385461371,14075,19,8388608
Uring,throughput,0,4,4,0,0,194385454458,194385565147,110689,5473,8388608
Uring,throughput,0,4,4,0,0,194385455052,194385480886,25834,351,8388608
Uring,throughput,0,4,4,0,0,194385461378,194385571301,109922,1494,8388608
Uring,throughput,0,4,4,0,0,194385467725,194385500521,32796,500,8388608
Uring,throughput,0,4,4,0,0,194385468301,194385484719,16418,9,8388608
Uring,throughput,0,4,4,0,0,194385472804,194385522953,50148,16,8388608
Uring,throughput,0,4,4,0,0,194385473858,194385570916,97057,22,8388608
Uring,throughput,0,4,4,0,0,194385480892,194385505311,24419,57,8388608
Uring,throughput,0,4,4,0,0,194385484723,194385536165,51441,2527,8388608
Uring,throughput,0,4,4,0,0,194385500526,194385531118,30591,19,8388608
Uring,throughput,0,4,4,0,0,194385505316,194385528732,23416,15,8388608
Uring,throughput,0,4,4,0,0,194385516805,194385646847,130042,612,8388608
Uring,throughput,0,4,4,0,0,194385522959,194385630238,107279,21,8388608
Uring,throughput,0,4,4,0,0,194385524914,194385626695,101781,545,8388608
Uring,throughput,0,4,4,0,0,194385528739,194385591996,63257,517,8388608
Uring,throughput,0,4,4,0,0,194385529227,194385574879,45652,55,8388608
Uring,throughput,0,4,4,0,0,194385531120,194385621760,90639,22,8388608
Uring,throughput,0,4,4,0,0,194385533174,194385563076,29902,17,8388608
Uring,throughput,0,4,4,0,0,194385536169,194385587814,51644,46,8388608
Uring,throughput,0,4,4,0,0,194385540657,194385563985,23327,27,8388608
Uring,throughput,0,4,4,0,0,194385541958,194385628181,86223,23,8388608
Uring,throughput,0,4,4,0,0,194385542089,194385642343,100254,823,8388608
Uring,throughput,0,4,4,0,0,194385543223,194385656815,113592,439,8388608
Uring,throughput,0,4,4,0,0,194385563082,194385660377,97294,2044,8388608
Uring,throughput,0,4,4,0,0,194385563992,194385591844,27852,67,8388608
Uring,throughput,0,4,4,0,0,194385565151,194385597501,32349,37,8388608
Uring,throughput,0,4,4,0,0,194385567018,194385661078,94059,11,8388608
Uring,throughput,0,4,4,0,0,194385570924,194385644494,73569,17,8388608
Uring,throughput,0,4,4,0,0,194385571303,194385656755,85451,10,8388608
Uring,throughput,0,4,4,0,0,194385574884,194385655473,80588,17,8388608
Uring,throughput,0,4,4,0,0,194385587820,194385641884,54063,30,8388608
Uring,throughput,0,4,4,0,0,194385591853,194385628487,36634,3619,8388608
Uring,throughput,0,4,4,0,0,194385592025,194385640815,48789,18,8388608
Uring,throughput,0,4,4,0,0,194385597508,194385608717,11209,22,8388608
Uring,throughput,0,4,4,0,0,194385608722,194385683147,74424,2864,8388608
Uring,throughput,0,4,4,0,0,194385621764,194385772276,150511,323,8388608
Uring,throughput,0,4,4,0,0,194385626702,194385753249,126547,19,8388608
Uring,throughput,0,4,4,0,0,194385628186,194385652924,24737,292,8388608
Uring,throughput,0,4,4,0,0,194385628492,194385775282,146789,9,8388608
Uring,throughput,0,4,4,0,0,194385630243,194385762055,131811,353,8388608
Uring,throughput,0,4,4,0,0,194385640822,194385668124,27302,16,8388608
Uring,throughput,0,4,4,0,0,194385641888,194385803127,161239,13428,8388608
Uring,throughput,0,4,4,0,0,194385642347,194385781181,138834,12,8388608
Uring,throughput,0,4,4,0,0,194385644500,194385752195,107694,382,8388608
Uring,throughput,0,4,4,0,0,194385646854,194385713369,66514,50,8388608
Uring,throughput,0,4,4,0,0,194385652929,194385754814,101884,16,8388608
Uring,throughput,0,4,4,0,0,194385655479,194385702302,46823,247,8388608
Uring,throughput,0,4,4,0,0,194385656761,194385703772,47010,22,8388608
Uring,throughput,0,4,4,0,0,194385656819,194385675539,18719,27,8388608
Uring,throughput,0,4,4,0,0,194385660383,194385716556,56173,17,8388608
Uring,throughput,0,4,4,0,0,194385661081,194385724789,63707,14,8388608
Uring,throughput,0,4,4,0,0,194385668129,194385922241,254112,225,8388608
Uring,throughput,0,4,4,0,0,194385675541,194385686857,11315,12,8388608
Uring,throughput,0,4,4,0,0,194385683154,194385716995,33841,399,8388608
Uring,throughput,0,4,4,0,0,194385686865,194385733106,46240,2047,8388608
Uring,throughput,0,4,4,0,0,194385702313,194385758174,55861,50,8388608
Uring,throughput,0,4,4,0,0,194385703779,194385805778,101998,1909,8388608
Uring,throughput,0,4,4,0,0,194385713376,194385809832,96456,17,8388608
Uring,throughput,0,4,4,0,0,194385716561,194385763981,47420,10,8388608
Uring,throughput,0,4,4,0,0,194385716997,194385755864,38867,26,8388608
Uring,throughput,0,4,4,0,0,194385724797,194385804268,79470,1084,8388608
Uring,throughput,0,4,4,0,0,194385733113,194385876639,143525,16,8388608
Uring,throughput,0,4,4,0,0,194385752203,194385774545,22342,26,8388608
Uring,throughput,0,4,4,0,0,194385753257,194385797415,44157,213,8388608
Uring,throughput,0,4,4,0,0,194385754821,194385806201,51379,20,8388608
Uring,throughput,0,4,4,0,0,194385755869,194385789413,33543,1415,8388608
Uring,throughput,0,4,4,0,0,194385758180,194385916413,158232,20,8388608
Uring,throughput,0,4,4,0,0,194385762063,194385790096,28032,47,8388608
Uring,throughput,0,4,4,0,0,194385763986,194385932168,168182,1106,8388608
Uring,throughput,0,4,4,0,0,194385772284,194385954820,182535,32,8388608
Uring,throughput,0,4,4,0,0,194385774553,194385862787,88234,19,8388608
Uring,throughput,0,4,4,0,0,194385775289,194385839297,64007,20,8388608
Uring,throughput,0,4,4,0,0,194385781188,194385832731,51543,29,8388608
Uring,throughput,0,4,4,0,0,194385789419,194385802035,12615,19,8388608
Uring,throughput,0,4,4,0,0,194385790103,194385864860,74756,23,8388608
Uring,throughput,0,4,4,0,0,194385797422,194385854500,57078,2241,8388608
Uring,throughput,0,4,4,0,0,194385802040,194385849774,47734,16,8388608
Uring,throughput,0,4,4,0,0,194385803131,194385822671,19539,14,8388608
Uring,throughput,0,4,4,0,0,194385804273,194385846381,42107,29,8388608
Uring,throughput,0,4,4,0,0,194385805784,194385837505,31721,24,8388608
Uring,throughput,0,4,4,0,0,194385806205,194385944995,138790,3084,8388608
Uring,throughput,0,4,4,0,0,194385809839,194386003837,193997,2847,8388608
Uring,throughput,0,4,4,0,0,194385822679,194385850500,27820,17,8388608
Uring,throughput,0,4,4,0,0,194385832736,194386013571,180835,2974,8388608
Uring,throughput,0,4,4,0,0,194385837529,194385860087,22558,16,8388608
Uring,throughput,0,4,4,0,0,194385839303,194386006971,167668,3394,8388608
Uring,throughput,0,4,4,0,0,194385846386,194385867567,21181,14,8388608
Uring,throughput,0,4,4,0,0,194385849782,194385884269,34487,1454,8388608
Uring,throughput,0,4,4,0,0,194385850504,194385873748,23244,200,8388608
Uring,throughput,0,4,4,0,0,194385854506,194385885177,30671,31,8388608
Uring,throughput,0,4,4,0,0,194385860092,194385946255,86163,2547,8388608
Uring,throughput,0,4,4,0,0,194385862794,194385908243,45449,1795,8388608
Uring,throughput,0,4,4,0,0,194385864865,194385941566,76700,321,8388608
Uring,throughput,0,4,4,0,0,194385867573,194385943640,76067,298,8388608
Uring,throughput,0,4,4,0,0,194385873756,194385943647,69890,30,8388608
Uring,throughput,0,4,4,0,0,194385876645,194385895352,18706,22,8388608
Uring,throughput,0,4,4,0,0,194385884280,194385904496,20216,19,8388608
Uring,throughput,0,4,4,0,0,194385885183,194385928927,43743,24,8388608
Uring,throughput,0,4,4,0,0,194385895359,194386002648,107288,340,8388608
Uring,throughput,0,4,4,0,0,194385904504,194385931052,26548,20,8388608
Uring,throughput,0,4,4,0,0,194385908251,194385928191,19940,119,8388608
Uring,throughput,0,4,4,0,0,194385916420,194386002949,86529,4098,8388608
Uring,throughput,0,4,4,0,0,194385922247,194385998084,75836,18,8388608
Uring,throughput,0,4,4,0,0,194385928197,194385950945,22748,16,8388608
Uring,throughput,0,4,4,0,0,194385928929,194386037987,109058,569,8388608
Uring,throughput,0,4,4,0,0,194385931058,194385997922,66863,558,8388608
Uring,throughput,0,4,4,0,0,194385932175,194385964942,32766,20,8388608
Uring,throughput,0,4,4,0,0,194385941572,194385985417,43844,18,8388608
Uring,throughput,0,4,4,0,0,194385943647,194386027942,84295,16,8388608
Uring,throughput,0,4,4,0,0,194385943649,194385985868,42218,79,8388608
Uring,throughput,0,4,4,0,0,194385945021,194386011170,66149,24,8388608
Uring,throughput,0,4,4,0,0,194385946260,194386011275,65015,12,8388608
Uring,throughput,0,4,4,0,0,194385950949,194386015873,64923,655,8388608
Uring,throughput,0,4,4,0,0,194385954825,194385981381,26556,18,8388608
Uring,throughput,0,4,4,0,0,194385964951,194386008801,43849,17,8388608
Uring,throughput,0,4,4,0,0,194385981387,194386141071,159683,390,8388608
Uring,throughput,0,4,4,0,0,194385985423,194386077095,91671,16,8388608
Uring,throughput,0,4,4,0,0,194385985874,194386052121,66247,2221,8388608
Uring,throughput,0,4,4,0,0,194385997929,194386048666,50737,20,8388608
Uring,throughput,0,4,4,0,0,194385998091,194386149538,151446,20,8388608
Uring,throughput,0,4,4,0,0,194386002656,194386150457,147801,29,8388608
Uring,throughput,0,4,4,0,0,194386002957,194386035254,32296,22,8388608
Uring,throughput,0,4,4,0,0,194386003843,194386041721,37877,137,8388608
Uring,throughput,0,4,4,0,0,194386006975,194386136354,129378,12,8388608
Uring,throughput,0,4,4,0,0,194386008806,194386207243,198437,1108,8388608
Uring,throughput,0,4,4,0,0,194386011175,194386067178,56003,17,8388608
Uring,throughput,0,4,4,0,0,194386011282,194386071133,59851,19,8388608
Uring,throughput,0,4,4,0,0,194386013576,194386040436,26859,12,8388608
Uring,throughput,0,4,4,0,0,194386015880,194386087958,72078,17,8388608
Uring,throughput,0,4,4,0,0,194386027949,194386070338,42388,22,8388608
Uring,throughput,0,4,4,0,0,194386035259,194386118080,82821,17,8388608
Uring,throughput,0,4,4,0,0,194386037993,194386157631,119637,35,8388608
Uring,throughput,0,4,4,0,0,194386040442,194386074651,34208,16,8388608
Uring,throughput,0,4,4,0,0,194386041727,194386069495,27768,19,8388608
Uring,throughput,0,4,4,0,0,194386048671,194386093238,44566,34,8388608
Uring,throughput,0,4,4,0,0,194386052129,194386067494,15365,18,8388608
Uring,throughput,0,4,4,0,0,194386067192,194386108222,41030,2366,8388608
Uring,throughput,0,4,4,0,0,194386067500,194386092550,25049,22,8388608
Uring,throughput,0,4,4,0,0,194386069502,194386124599,55097,413,8388608
Uring,throughput,0,4,4,0,0,194386070345,194386212649,142303,464,8388608
Uring,throughput,0,4,4,0,0,194386071137,194386120860,49722,1458,8388608
Uring,throughput,0,4,4,0,0,194386074656,194386185707,111050,2990,8388608
Uring,throughput,0,4,4,0,0,194386077102,194386117237,40135,492,8388608
Uring,throughput,0,4,4,0,0,194386087966,194386125819,37853,18,8388608
Uring,throughput,0,4,4,0,0,194386092556,194386214177,121621,270,8388608
Uring,throughput,0,4,4,0,0,194386093244,194386142871,49626,839,8388608
Uring,throughput,0,4,4,0,0,194386108229,194386136384,28155,18,8388608
Uring,throughput,0,4,4,0,0,194386117245,194386151398,34152,140,8388608
Uring,throughput,0,4,4,0,0,194386118085,194386213497,95412,1892,8388608
Uring,throughput,0,4,4,0,0,194386120865,194386158869,38003,11,8388608
Uring,throughput,0,4,4,0,0,194386124605,194386204769,80164,18,8388608
Uring,throughput,0,4,4,0,0,194386125824,194386210462,84637,1380,8388608
Uring,throughput,0,4,4,0,0,194386136362,194386176726,40364,30,8388608
Uring,throughput,0,4,4,0,0,194386136385,194386207596,71211,8,8388608
Uring,throughput,0,4,4,0,0,194386141076,194386190177,49101,16,8388608
Uring,throughput,0,4,4,0,0,194386142876,194386187430,44554,18,8388608
Uring,throughput,0,4,4,0,0,194386149544,194386183664,34119,288,8388608
Uring,throughput,0,4,4,0,0,194386150465,194386183424,32958,16,8388608
Uring,throughput,0,4,4,0,0,194386151402,194386178892,27490,14,8388608
Uring,throughput,0,4,8,0,0,194386253857,194386450284,196426,2698,8388608
Uring,throughput,0,4,8,0,0,194386254061,194386318438,64376,2473,8388608
Uring,throughput,0,4,8,0,0,194386254077,194386399874,145796,2426,8388608
Uring,throughput,0,4,8,0,0,194386254031,194386447735,193703,2588,8388608
Uring,throughput,0,4,8,0,0,194386254289,194386450609,196319,2346,8388608
Uring,throughput,0,4,8,0,0,194386254444,194386422665,168221,2255,8388608
Uring,throughput,0,4,8,0,0,194386254466,194386448413,193946,2169,8388608
Uring,throughput,0,4,8,0,0,194386254621,194386455299,200678,1963,8388608
Uring,throughput,0,4,8,0,0,194386254631,194386470294,215663,2097,8388608
Uring,throughput,0,4,8,0,0,194386254680,194386347652,92972,2002,8388608
Uring,throughput,0,4,8,0,0,194386254716,194386594550,339834,2031,8388608
Uring,throughput,0,4,8,0,0,194386254907,194386429146,174239,1888,8388608
Uring,throughput,0,4,8,0,0,194386254983,194386629366,374382,1747,8388608
Uring,throughput,0,4,8,0,0,194386254992,194386472319,217327,1780,8388608
Uring,throughput,0,4,8,0,0,194386254997,194386496575,241578,1636,8388608
Uring,throughput,0,4,8,0,0,194386255250,194386356324,101073,1574,8388608
Uring,throughput,0,4,8,0,0,194386255270,194386495598,240328,1575,8388608
Uring,throughput,0,4,8,0,0,194386255285,194386482430,227145,1449,8388608
Uring,throughput,0,4,8,0,0,194386255297,194386318202,62905,1507,8388608
Uring,throughput,0,4,8,0,0,194386255469,194386558431,302961,1426,8388608
Uring,throughput,0,4,8,0,0,194386255490,194386402484,146993,1309,8388608
Uring,throughput,0,4,8,0,0,194386255500,194386419882,164381,1343,8388608
Uring,throughput,0,4,8,0,0,194386255554,194386315829,60275,1309,8388608
Uring,throughput,0,4,8,0,0,194386255682,194386432602,176920,1161,8388608
Uring,throughput,0,4,8,0,0,194386255701,194386332971,77269,1232,8388608
Uring,throughput,0,4,8,0,0,194386255718,194386484601,228883,1187,8388608
Uring,throughput,0,4,8,0,0,194386255845,194386386044,130199,1042,8388608
Uring,throughput,0,4,8,0,0,194386255908,194386407823,151914,975,8388608
Uring,throughput,0,4,8,0,0,194386256030,194386552920,296889,942,8388608
Uring,throughput,0,4,8,0,0,194386256092,194386604265,348173,855,8388608
Uring,throughput,0,4,8,0,0,194386256095,194386429029,172934,831,8388608
Uring,throughput,0,4,8,0,0,194386256129,194386363423,107293,795,8388608
Uring,throughput,0,4,8,0,0,194386315848,194386343357,27508,22,8388608
Uring,throughput,0,4,8,0,0,194386318207,194386520889,202681,131,8388608
Uring,throughput,0,4,8,0,0,194386318440,194386504411,185971,11,8388608
Uring,throughput,0,4,8,0,0,194386332979,194386534423,201444,70,8388608
Uring,throughput,0,4,8,0,0,194386343363,194386385214,41850,16,8388608
Uring,throughput,0,4,8,0,0,194386347659,194386383432,35772,20,8388608
Uring,throughput,0,4,8,0,0,194386356332,194386443626,87294,63,8388608
Uring,throughput,0,4,8,0,0,194386363430,194386396859,33429,63,8388608
Uring,throughput,0,4,8,0,0,194386383440,194386438596,55155,22,8388608
Uring,throughput,0,4,8,0,0,194386385278,194386674744,289465,1189,8388608
Uring,throughput,0,4,8,0,0,194386386049,194386491326,105277,14,8388608
Uring,throughput,0,4,8,0,0,194386396865,194386548362,151496,25,8388608
Uring,throughput,0,4,8,0,0,194386399882,194386488104,88222,19,8388608
Uring,throughput,0,4,8,0,0,194386402490,194386480751,78260,14,8388608
Uring,throughput,0,4,8,0,0,194386407830,194386505226,97396,17,8388608
Uring,throughput,0,4,8,0,0,194386419887,194386500169,80282,19,8388608
Uring,throughput,0,4,8,0,0,194386422671,194386498475,75804,305,8388608
Uring,throughput,0,4,8,0,0,194386429073,194386575783,146709,18,8388608
Uring,throughput,0,4,8,0,0,194386429153,194386566389,137235,26,8388608
Uring,throughput,0,4,8,0,0,194386432608,194386561583,128974,19,8388608
Uring,throughput,0,4,8,0,0,194386438601,194386664681,226080,4746,8388608
Uring,throughput,0,4,8,0,0,194386443635,194386525944,82308,96,8388608
Uring,throughput,0,4,8,0,0,194386447741,194386549534,101792,13,8388608
Uring,throughput,0,4,8,0,0,194386448420,194386654459,206038,89,8388608
Uring,throughput,0,4,8,0,0,194386450291,194386597297,147006,12,8388608
Uring,throughput,0,4,8,0,0,194386450610,194386557830,107219,9,8388608
Uring,throughput,0,4,8,0,0,194386455305,194386668130,212825,18,8388608
Uring,throughput,0,4,8,0,0,194386470301,194386618827,148525,113,8388608
Uring,throughput,0,4,8,0,0,194386472325,194386525858,53532,21,8388608
Uring,throughput,0,4,8,0,0,194386480759,194386536957,56198,49,8388608
Uring,throughput,0,4,8,0,0,194386482438,194386560575,78137,21,8388608
Uring,throughput,0,4,8,0,0,194386484608,194386587890,103281,164,8388608
Uring,throughput,0,4,8,0,0,194386488112,194386532401,44289,94,8388608
Uring,throughput,0,4,8,0,0,194386491332,194386664743,173410,56,8388608
Uring,throughput,0,4,8,0,0,194386495605,194386623270,127664,17,8388608
Uring,throughput,0,4,8,0,0,194386496581,194386568717,72135,19,8388608
Uring,throughput,0,4,8,0,0,194386498483,194386684949,186466,23,8388608
Uring,throughput,0,4,8,0,0,194386500174,194386687849,187674,13,8388608
Uring,throughput,0,4,8,0,0,194386504419,194386586193,81773,16,8388608
Uring,throughput,0,4,8,0,0,194386505234,194386615840,110605,36,8388608
Uring,throughput,0,4,8,0,0,194386520897,194386589562,68665,17,8388608
Uring,throughput,0,4,8,0,0,194386525866,194386608590,82724,4436,8388608
Uring,throughput,0,4,8,0,0,194386525945,194386724878,198933,4455,8388608
Uring,throughput,0,4,8,0,0,194386532407,194386752122,219715,4326,8388608
Uring,throughput,0,4,8,0,0,194386534430,194386591097,56666,36,8388608
Uring,throughput,0,4,8,0,0,194386536964,194386864477,327512,424,8388608
Uring,throughput,0,4,8,0,0,194386548369,194386702071,153702,4184,8388608
Uring,throughput,0,4,8,0,0,194386549540,194386696196,146656,74,8388608
Uring,throughput,0,4,8,0,0,194386552928,194386820685,267756,24,8388608
Uring,throughput,0,4,8,0,0,194386557838,194386872061,314222,17,8388608
Uring,throughput,0,4,8,0,0,194386558482,194386694257,135775,37,8388608
Uring,throughput,0,4,8,0,0,194386560600,194386701529,140928,20,8388608
Uring,throughput,0,4,8,0,0,194386561590,194386682123,120532,15,8388608
Uring,throughput,0,4,8,0,0,194386566397,194386641110,74713,21,8388608
Uring,throughput,0,4,8,0,0,194386568721,194386844778,276056,12,8388608
Uring,throughput,0,4,8,0,0,194386575790,194386647382,71592,22,8388608
Uring,throughput,0,4,8,0,0,194386586200,194386631499,45299,3082,8388608
Uring,throughput,0,4,8,0,0,194386587895,194386642468,54573,18,8388608
Uring,throughput,0,4,8,0,0,194386589640,194386843285,253644,4652,8388608
Uring,throughput,0,4,8,0,0,194386591151,194386742416,151265,3444,8388608
Uring,throughput,0,4,8,0,0,194386594557,194386757511,162954,102,8388608
Uring,throughput,0,4,8,0,0,194386597305,194386881101,283796,38,8388608
Uring,throughput,0,4,8,0,0,194386604270,194386653460,49189,12,8388608
Uring,throughput,0,4,8,0,0,194386608602,194386765822,157219,3874,8388608
Uring,throughput,0,4,8,0,0,194386615848,194386708547,92699,1855,8388608
Uring,throughput,0,4,8,0,0,194386618834,194387065777,446943,32,8388608
Uring,throughput,0,4,8,0,0,194386623276,194386920272,296995,16,8388608
Uring,throughput,0,4,8,0,0,194386629373,194386736976,107602,15,8388608
Uring,throughput,0,4,8,0,0,194386631509,194386669455,37945,25,8388608
Uring,throughput,0,4,8,0,0,194386641125,194386844220,203095,4422,8388608
Uring,throughput,0,4,8,0,0,194386642473,194386767079,124606,1181,8388608
Uring,throughput,0,4,8,0,0,194386647389,194386754170,106781,421,8388608
Uring,throughput,0,4,8,0,0,194386653467,194386731106,77638,37,8388608
Uring,throughput,0,4,8,0,0,194386654465,194386794311,139845,50,8388608
Uring,throughput,0,4,8,0,0,194386664689,194386956355,291666,2647,8388608
Uring,throughput,0,4,8,0,0,194386664744,194386763790,99046,2633,8388608
Uring,throughput,0,4,8,0,0,194386668134,194386694035,25900,18,8388608
Uring,throughput,0,4,8,0,0,194386669458,194386964336,294877,13,8388608
Uring,throughput,0,4,8,0,0,194386674750,194386778648,103898,15,8388608
Uring,throughput,0,4,8,0,0,194386682134,194386997390,315256,3462,8388608
Uring,throughput,0,4,8,0,0,194386684957,194386775374,90417,2735,8388608
Uring,throughput,0,4,8,0,0,194386687857,194386769685,81827,325,8388608
Uring,throughput,0,4,8,0,0,194386694041,194386910942,216900,4301,8388608
Uring,throughput,0,4,8,0,0,194386694277,194386850096,155818,22,8388608
Uring,throughput,0,4,8,0,0,194386696202,194387104056,407854,377,8388608
Uring,throughput,0,4,8,0,0,194386701536,194386893816,192279,2892,8388608
Uring,throughput,0,4,8,0,0,194386702077,194386817280,115203,18,8388608
Uring,throughput,0,4,8,0,0,194386708555,194386739811,31256,18,8388608
Uring,throughput,0,4,8,0,0,194386724884,194386823123,98239,44,8388608
Uring,throughput,0,4,8,0,0,194386731111,194387033345,302233,341,8388608
Uring,throughput,0,4,8,0,0,194386736982,194386768543,31560,284,8388608
Uring,throughput,0,4,8,0,0,194386739819,194387026164,286345,26,8388608
Uring,throughput,0,4,8,0,0,194386742424,194386833788,91364,20,8388608
Uring,throughput,0,4,8,0,0,194386752130,194386835039,82909,24,8388608
Uring,throughput,0,4,8,0,0,194386754177,194387034799,280622,13,8388608
Uring,throughput,0,4,8,0,0,194386757519,194387037297,279777,22,8388608
Uring,throughput,0,4,8,0,0,194386763798,194386819552,55754,21,8388608
Uring,throughput,0,4,8,0,0,194386765864,194386786654,20790,37,8388608
Uring,throughput,0,4,8,0,0,194386767086,194386862992,95905,41,8388608
Uring,throughput,0,4,8,0,0,194386768549,194386853769,85219,601,8388608
Uring,throughput,0,4,8,0,0,194386769746,194386798324,28578,14,8388608
Uring,throughput,0,4,8,0,0,194386775382,194386867231,91849,17,8388608
Uring,throughput,0,4,8,0,0,194386778654,194386844268,65614,22,8388608
Uring,throughput,0,4,8,0,0,194386786661,194387055873,269212,16,8388608
Uring,throughput,0,4,8,0,0,194386794317,194386923972,129655,3333,8388608
Uring,throughput,0,4,8,0,0,194386798331,194387064396,266065,12,8388608
Uring,throughput,0,4,8,0,0,194386817287,194387074271,256983,23,8388608
Uring,throughput,0,4,8,0,0,194386819556,194387076417,256860,10,8388608
Uring,throughput,0,4,8,0,0,194386820693,194386857691,36997,67,8388608
Uring,throughput,0,4,8,0,0,194386823151,194386857062,33911,41,8388608
Uring,throughput,0,4,8,0,0,194386833794,194386897296,63502,17,8388608
Uring,throughput,0,4,8,0,0,194386835046,194386915413,80367,17,8388608
Uring,throughput,0,4,8,0,0,194386843292,194387082676,239384,15,8388608
Uring,throughput,0,4,8,0,0,194386844226,194387086952,242725,15,8388608
Uring,throughput,0,4,8,0,0,194386844274,194387153945,309671,1074,8388608
Uring,throughput,0,4,8,0,0,194386844786,194386987420,142633,707,8388608
Uring,throughput,0,4,8,0,0,194386850101,194387085000,234898,340,8388608
Uring,throughput,0,4,8,0,0,194386853778,194386866268,12490,22,8388608
Uring,throughput,0,4,8,0,0,194386857068,194386953864,96796,396,8388608
Uring,throughput,0,4,8,0,0,194386857693,194387193340,335646,5449,8388608
Uring,throughput,0,4,8,0,0,194386863018,194386927736,64717,17,8388608
Uring,throughput,0,4,8,0,0,194386864485,194386923189,58704,21,8388608
Uring,throughput,0,4,8,0,0,194386866276,194386972514,106238,22,8388608
Uring,throughput,0,4,8,0,0,194386867235,194386883748,16513,12,8388608
Uring,throughput,0,4,8,0,0,194386872069,194387090545,218476,2399,8388608
Uring,throughput,0,4,8,0,0,194386881120,194386897368,16247,1302,8388608
Uring,throughput,0,4,8,0,0,194386883752,194387125525,241773,3226,8388608
Uring,throughput,0,4,8,0,0,194386893822,194386963446,69623,20,8388608
Uring,throughput,0,4,8,0,0,194386897302,194386976778,79476,2038,8388608
Uring,throughput,0,4,8,0,0,194386897375,194386910171,12796,22,8388608
Uring,throughput,0,4,8,0,0,194386910177,194386925578,15400,17,8388608
Uring,throughput,0,4,8,0,0,194386910948,194387094291,183342,37,8388608
Uring,throughput,0,4,8,0,0,194386915450,194387112177,196726,283,8388608
Uring,throughput,0,4,8,0,0,194386920277,194387152621,232344,3795,8388608
Uring,throughput,0,4,8,0,0,194386923195,194387092509,169314,16,8388608
Uring,throughput,0,4,8,0,0,194386923977,194386943956,19979,19,8388608
Uring,throughput,0,4,8,0,0,194386925585,194386983311,57726,249,8388608
Uring,throughput,0,4,8,0,0,194386927789,194387164693,236904,4401,8388608
Uring,throughput,0,4,8,0,0,194386943961,194386970791,26829,24,8388608
Uring,throughput,0,4,8,0,0,194386953871,194387018069,64198,22,8388608
Uring,throughput,0,4,8,0,0,194386956362,194387012479,56117,82,8388608
Uring,throughput,0,4,8,0,0,194386963453,194387013766,50313,19,8388608
Uring,throughput,0,4,8,0,0,194386964354,194387254099,289744,3978,8388608
Uring,throughput,0,4,8,0,0,194386970799,194387073526,102727,1651,8388608
Uring,throughput,0,4,8,0,0,194386972517,194387110240,137722,166,8388608
Uring,throughput,0,4,8,0,0,194386976787,194387001915,25128,22,8388608
Uring,throughput,0,4,8,0,0,194386983320,194387016275,32955,22,8388608
Uring,throughput,0,4,8,0,0,194386987428,194387082521,95093,21,8388608
Uring,throughput,0,4,8,0,0,194386997396,194387266195,268798,26,8388608
Uring,throughput,0,4,8,0,0,194387001919,194387067599,65679,18,8388608
Uring,throughput,0,4,8,0,0,194387012486,194387296130,283644,877,8388608
Uring,throughput,0,4,8,0,0,194387013773,194387078993,65220,927,8388608
Uring,throughput,0,4,8,0,0,194387016279,194387061921,45641,48,8388608
Uring,throughput,0,4,8,0,0,194387018073,194387110471,92397,13,8388608
Uring,throughput,0,4,8,0,0,194387026172,194387056370,30198,1097,8388608
Uring,throughput,0,4,8,0,0,194387033356,194387288923,255566,29,8388608
Uring,throughput,0,4,8,0,0,194387034807,194387064770,29963,39,8388608
Uring,throughput,0,4,8,0,0,194387037304,194387156946,119642,3161,8388608
Uring,throughput,0,4,8,0,0,194387055881,194387120888,65007,1801,8388608
Uring,throughput,0,4,8,0,0,194387056375,194387093444,37069,14,8388608
Uring,throughput,0,4,8,0,0,194387061925,194387186967,125042,579,8388608
Uring,throughput,0,4,8,0,0,194387064404,194387121371,56966,3721,8388608
Uring,throughput,0,4,8,0,0,194387064775,194387334441,269666,2808,8388608
Uring,throughput,0,4,8,0,0,194387065784,194387381359,315575,2771,8388608
Uring,throughput,0,4,8,0,0,194387067607,194387311240,243633,6588,8388608
Uring,throughput,0,4,8,0,0,194387073533,194387148937,75404,16,8388608
Uring,throughput,0,4,8,0,0,194387074281,194387155974,81692,2607,8388608
Uring,throughput,0,4,8,0,0,194387076424,194387157630,81206,487,8388608
Uring,throughput,0,4,8,0,0,194387079027,194387274733,195706,21,8388608
Uring,throughput,0,4,8,0,0,194387082526,194387185299,102772,15,8388608
Uring,throughput,0,4,8,0,0,194387082682,194387300219,217537,70,8388608
Uring,throughput,0,4,8,0,0,194387085036,194387163253,78216,34,8388608
Uring,throughput,0,4,8,0,0,194387086956,194387294199,207243,31,8388608
Uring,throughput,0,4,8,0,0,194387090551,194387295809,205257,21,8388608
Uring,throughput,0,4,8,0,0,194387092515,194387278597,186082,308,8388608
Uring,throughput,0,4,8,0,0,194387093449,194387180157,86708,13,8388608
Uring,throughput,0,4,8,0,0,194387094294,194387300094,205800,14,8388608
Uring,throughput,0,4,8,0,0,194387104065,194387281088,177022,31,8388608
Uring,throughput,0,4,8,0,0,194387110248,194387136463,26214,20,8388608
Uring,throughput,0,4,8,0,0,194387110476,194387413641,303165,7339,8388608
Uring,throughput,0,4,8,0,0,194387112184,194387223802,111617,18,8388608
Uring,throughput,0,4,8,0,0,194387120897,194387154662,33765,28,8388608
Uring,throughput,0,4,8,0,0,194387121376,194387366945,245569,12,8388608
Uring,throughput,0,4,8,0,0,194387125533,194387303459,177926,18,8388608
Uring,throughput,0,4,8,0,0,194387136469,194387163468,26998,17,8388608
Uring,throughput,0,4,8,0,0,194387148945,194387246855,97909,24,8388608
Uring,throughput,0,4,8,0,0,194387152628,194387191110,38482,23,8388608
Uring,throughput,0,4,8,0,0,194387153952,194387414545,260592,25,8388608
Uring,throughput,0,4,8,0,0,194387154670,194387188212,33542,22,8388608
Uring,throughput,0,4,8,0,0,194387155979,194387230778,74798,57,8388608
Uring,throughput,0,4,8,0,0,194387156952,194387241641,84689,16,8388608
Uring,throughput,0,4,8,0,0,194387157640,194387201856,44216,12,8388608
Uring,throughput,0,4,8,0,0,194387163258,194387276492,113233,12,8388608
Uring,throughput,0,4,8,0,0,194387163475,194387291177,127701,3044,8388608
Uring,throughput,0,4,8,0,0,194387164699,194387417267,252567,17,8388608
Uring,throughput,0,4,8,0,0,194387180165,194387431654,251488,450,8388608
Uring,throughput,0,4,8,0,0,194387185309,194387216314,31005,995,8388608
Uring,throughput,0,4,8,0,0,194387186974,194387240911,53937,15,8388608
Uring,throughput,0,4,8,0,0,194387188215,194387516734,328518,2316,8388608
Uring,throughput,0,4,8,0,0,194387191118,194387270892,79773,25,8388608
Uring,throughput,0,4,8,0,0,194387193345,194387404839,211493,17,8388608
Uring,throughput,0,4,8,0,0,194387201864,194387276084,74220,17,8388608
Uring,throughput,0,4,8,0,0,194387216321,194387242212,25891,17,8388608
Uring,throughput,0,4,8,0,0,194387223810,194387448472,224661,36,8388608
Uring,throughput,0,4,8,0,0,194387230785,194387267390,36605,22,8388608
Uring,throughput,0,4,8,0,0,194387240918,194387427620,186702,17,8388608
Uring,throughput,0,4,8,0,0,194387241644,194387416380,174735,35,8388608
Uring,throughput,0,4,8,0,0,194387242221,194387349054,106833,17,8388608
Uring,throughput,0,4,8,0,0,194387246888,194387304597,57709,1960,8388608
Uring,throughput,0,4,8,0,0,194387254105,194387495119,241014,21,8388608
Uring,throughput,0,4,8,0,0,194387266203,194387418000,151797,25,8388608
Uring,throughput,0,4,8,0,0,194387267398,194387345372,77973,3981,8388608
Uring,throughput,0,4,8,0,0,194387270897,194387536147,265250,5357,8388608
Uring,throughput,0,4,8,0,0,194387274741,194387332158,57417,14,8388608
Uring,throughput,0,4,8,0,0,194387276091,194387578716,302625,2621,8388608
Uring,throughput,0,4,8,0,0,194387276495,194387428591,152096,4727,8388608
Uring,throughput,0,4,8,0,0,194387278605,194387523465,244859,31,8388608
Uring,throughput,0,4,8,0,0,194387281092,194387308550,27458,132,8388608
Uring,throughput,0,4,8,0,0,194387288927,194387482257,193329,17,8388608
Uring,throughput,0,4,8,0,0,194387291182,194387572612,281430,16,8388608
Uring,throughput,0,4,8,0,0,194387294206,194387354462,60256,1030,8388608
Uring,throughput,0,4,8,0,0,194387295816,194387580088,284272,21,8388608
Uring,throughput,0,4,8,0,0,194387296137,194387527086,230948,17,8388608
Uring,throughput,0,4,8,0,0,194387300100,194387342650,42550,2113,8388608
Uring,throughput,0,4,8,0,0,194387300225,194387509987,209761,1065,8388608
Uring,throughput,0,4,8,0,0,194387303466,194387337416,33949,94,8388608
Uring,throughput,0,4,8,0,0,194387304601,194387326923,22321,16,8388608
Uring,throughput,0,4,8,0,0,194387308560,194387427963,119403,2596,8388608
Uring,throughput,0,4,8,0,0,194387311246,194387574628,263381,16,8388608
Uring,throughput,0,4,8,0,0,194387326929,194387358971,32041,20,8388608
Uring,throughput,0,4,8,0,0,194387332166,194387585788,253622,2165,8388608
Uring,throughput,0,4,8,0,0,194387334448,194387379211,44762,99,8388608
Uring,throughput,0,4,8,0,0,194387337423,194387603292,265868,6423,8388608
Uring,throughput,0,4,8,0,0,194387342658,194387576339,233681,18,8388608
Uring,throughput,0,4,8,0,0,194387345379,194387386383,41003,17,8388608
Uring,throughput,0,4,8,0,0,194387349059,194387380029,30969,1870,8388608
Uring,throughput,0,4,8,0,0,194387354469,194387398660,44191,21,8388608
Uring,throughput,0,4,8,0,0,194387358976,194387604659,245682,5418,8388608
Uring,throughput,0,4,8,0,0,194387366953,194387473756,106802,67,8388608
Uring,throughput,0,4,8,0,0,194387379218,194387403427,24208,55,8388608
Uring,throughput,0,4,8,0,0,194387380031,194387469694,89663,12,8388608
Uring,throughput,0,4,8,0,0,194387381366,194387584852,203485,24,8388608
Uring,throughput,0,4,8,0,0,194387386390,194387585237,198847,21,8388608
Uring,throughput,0,4,8,0,0,194387398665,194387410388,11722,22,8388608
Uring,throughput,0,4,8,0,0,194387403433,194387648502,245069,542,8388608
Uring,throughput,0,4,8,0,0,194387404846,194387592824,187977,25,8388608
Uring,throughput,0,4,8,0,0,194387410393,194387656686,246293,5347,8388608
Uring,throughput,0,4,8,0,0,194387413647,194387600676,187028,24,8388608
Uring,throughput,0,4,8,0,0,194387414552,194387434384,19831,19,8388608
Uring,throughput,0,4,8,0,0,194387416385,194387557892,141507,2109,8388608
Uring,throughput,0,4,8,0,0,194387417274,194387596024,178750,15,8388608
Uring,throughput,0,4,8,0,0,194387418017,194387615046,197029,877,8388608
Uring,throughput,0,4,8,0,0,194387427627,194387495807,68179,389,8388608
Uring,throughput,0,4,8,0,0,194387427970,194387465639,37669,16,8388608
Uring,throughput,0,4,8,0,0,194387428594,194387469032,40437,14,8388608
Uring,throughput,0,4,8,0,0,194387431660,194387483658,51997,25,8388608
Uring,throughput,0,4,8,0,0,194387434390,194387546341,111950,2871,8388608
Uring,throughput,0,4,8,0,0,194387448479,194387756178,307699,3864,8388608
Uring,throughput,0,4,8,0,0,194387465645,194387559146,93500,25,8388608
Uring,throughput,0,4,8,0,0,194387469038,194387493982,24943,46,8388608
Uring,throughput,0,4,8,0,0,194387469702,194387635042,165340,19,8388608
Uring,throughput,0,4,8,0,0,194387473763,194387703734,229971,1000,8388608
Uring,throughput,0,4,8,0,0,194387482375,194387564399,82023,1249,8388608
Uring,throughput,0,4,8,0,0,194387483665,194387506610,22944,21,8388608
Uring,throughput,0,4,8,0,0,194387494067,194387629666,135598,2329,8388608
Uring,throughput,0,4,8,0,0,194387495123,194387550637,55513,20,8388608
Uring,throughput,0,4,8,0,0,194387495810,194387547828,52018,19,8388608
Uring,throughput,0,4,8,0,0,194387506615,194387660524,153908,408,8388608
Uring,throughput,0,4,8,0,0,194387509993,194387698314,188321,35,8388608
Uring,throughput,0,4,8,0,0,194387516741,194387709279,192537,18,8388608
Uring,throughput,0,4,8,0,0,194387523471,194387649996,126524,16,8388608
Uring,throughput,0,4,8,0,0,194387527092,194387739183,212091,18,8388608
Uring,throughput,0,4,8,0,0,194387536153,194387740843,204689,16,8388608
Uring,throughput,0,4,8,0,0,194387546348,194387575673,29325,39,8388608
Uring,throughput,0,4,8,0,0,194387547835,194387576919,29083,18,8388608
Uring,throughput,0,4,8,0,0,194387550644,194387715159,164514,605,8388608
Uring,throughput,0,4,8,0,0,194387557899,194387717768,159869,35,8388608
Uring,throughput,0,4,8,0,0,194387559152,194387713032,153880,2181,8388608
Uring,throughput,0,4,8,0,0,194387564406,194387659497,95090,43,8388608
Uring,throughput,0,4,8,0,0,194387572618,194387634599,61981,28,8388608
Uring,throughput,0,4,8,0,0,194387574633,194387734225,159592,36,8388608
Uring,throughput,0,4,8,0,0,194387575677,194387618616,42938,12,8388608
Uring,throughput,0,4,8,0,0,194387576344,194387743994,167649,18,8388608
Uring,throughput,0,4,8,0,0,194387576922,194387750877,173954,709,8388608
Uring,throughput,0,4,8,0,0,194387578784,194387829356,250571,54,8388608
Uring,throughput,0,4,8,0,0,194387580091,194387668594,88503,2987,8388608
Uring,throughput,0,4,8,0,0,194387584859,194387660068,75209,23,8388608
Uring,throughput,0,4,8,0,0,194387585244,194387722783,137538,2313,8388608
Uring,throughput,0,4,8,0,0,194387585795,194387722403,136608,279,8388608
Uring,throughput,0,4,8,0,0,194387592830,194387675047,82217,2532,8388608
Uring,throughput,0,4,8,0,0,194387596033,194387774614,178580,4159,8388608
Uring,throughput,0,4,8,0,0,194387600683,194387752741,152058,74,8388608
Uring,throughput,0,4,8,0,0,194387603299,194387876870,273570,36,8388608
Uring,throughput,0,4,8,0,0,194387604666,194387872304,267638,40,8388608
Uring,throughput,0,4,8,0,0,194387615053,194387647553,32500,16,8388608
Uring,throughput,0,4,8,0,0,194387618652,194387900291,281638,4435,8388608
Uring,throughput,0,4,8,0,0,194387629671,194387708270,78598,12,8388608
Uring,throughput,0,4,8,0,0,194387634606,194387798615,164009,3177,8388608
Uring,throughput,0,4,8,0,0,194387635049,194387723151,88101,1723,8388608
Uring,throughput,0,4,8,0,0,194387647559,194387723852,76292,18,8388608
Uring,throughput,0,4,8,0,0,194387648511,194387766878,118366,23,8388608
Uring,throughput,0,4,8,0,0,194387650000,194387868323,218322,428,8388608
Uring,throughput,0,4,8,0,0,194387656692,194387921368,264676,25,8388608
Uring,throughput,0,4,8,0,0,194387659505,194387783865,124359,23,8388608
Uring,throughput,0,4,8,0,0,194387660071,194387818374,158303,2799,8388608
Uring,throughput,0,4,8,0,0,194387660528,194387759644,99115,12,8388608
Uring,throughput,0,4,8,0,0,194387668600,194387751138,82537,18,8388608
Uring,throughput,0,4,8,0,0,194387675055,194387703507,28451,80,8388608
Uring,throughput,0,4,8,0,0,194387698322,194387908885,210562,30,8388608
Uring,throughput,0,4,8,0,0,194387703514,194387774638,71124,25,8388608
Uring,throughput,0,4,8,0,0,194387703762,194387812880,109117,121,8388608
Uring,throughput,0,4,8,0,0,194387708276,194387804479,96203,17,8388608
Uring,throughput,0,4,8,0,0,194387709288,194387827102,117814,48,8388608
Uring,throughput,0,4,8,0,0,194387713039,194387829561,116522,13,8388608
Uring,throughput,0,4,8,0,0,194387715166,194387975334,260167,17,8388608
Uring,throughput,0,4,8,0,0,194387717776,194387747346,29570,20,8388608
Uring,throughput,0,4,8,0,0,194387722411,194387826331,103920,88,8388608
Uring,throughput,0,4,8,0,0,194387722789,194387821928,99138,17,8388608
Uring,throughput,0,4,8,0,0,194387723153,194387829501,106347,11,8388608
Uring,throughput,0,4,8,0,0,194387723859,194387834280,110420,3602,8388608
Uring,throughput,0,4,8,0,0,194387734269,194387893269,158999,543,8388608
Uring,throughput,0,4,8,0,0,194387739190,194387852740,113550,2143,8388608
Uring,throughput,0,4,8,0,0,194387740851,194387901876,161025,62,8388608
Uring,throughput,0,4,8,0,0,194387744015,194387908709,164694,2853,8388608
Uring,throughput,0,4,8,0,0,194387747353,194387835598,88245,1805,8388608
Uring,throughput,0,4,8,0,0,194387750886,194388004190,253304,21,8388608
Uring,throughput,0,4,8,0,0,194387751140,194387780141,29001,12,8388608
Uring,throughput,0,4,8,0,0,194387752750,194387945472,192722,2769,8388608
Uring,throughput,0,4,8,0,0,194387756185,194388007034,250848,16,8388608
Uring,throughput,0,4,8,0,0,194387759650,194387842756,83106,15,8388608
Uring,throughput,0,4,8,0,0,194387766882,194388000798,233916,12,8388608
Uring,throughput,0,4,8,0,0,194387774627,194387897428,122800,36,8388608
Uring,throughput,0,4,8,0,0,194387774643,194388071612,296968,4800,8388608
Uring,throughput,0,4,8,0,0,194387780146,194387966169,186023,417,8388608
Uring,throughput,0,4,8,0,0,194387783872,194387918368,134495,304,8388608
Uring,throughput,0,4,8,0,0,194387798622,194387929832,131209,65,8388608
Uring,throughput,0,4,8,0,0,194387804486,194387977597,173111,3258,8388608
Uring,throughput,0,4,8,0,0,194387812888,194388022520,209631,28,8388608
Uring,throughput,0,4,8,0,0,194387818379,194387983107,164727,44,8388608
Uring,throughput,0,4,8,0,0,194387821935,194387927405,105470,21,8388608
Uring,throughput,0,4,8,0,0,194387826461,194387885032,58571,2888,8388608
Uring,throughput,0,4,8,0,0,194387827106,194388098757,271650,4282,8388608
Uring,throughput,0,4,8,0,0,194387829362,194387998453,169090,19,8388608
Uring,throughput,0,4,8,0,0,194387829505,194387876072,46566,63,8388608
Uring,throughput,0,4,8,0,0,194387829569,194387870382,40813,44,8388608
Uring,throughput,0,4,8,0,0,194387834289,194388027535,193246,24,8388608
Uring,throughput,0,4,8,0,0,194387835604,194387882046,46442,16,8388608
Uring,throughput,0,4,8,0,0,194387842764,194387993436,150671,5108,8388608
Uring,throughput,0,4,8,0,0,194387852748,194387936477,83728,19,8388608
Uring,throughput,0,4,8,0,0,194387868330,194388139581,271251,32,8388608
Uring,throughput,0,4,8,0,0,194387870387,194387985056,114669,3130,8388608
Uring,throughput,0,4,8,0,0,194387872310,194387987831,115520,33,8388608
Uring,throughput,0,4,8,0,0,194387876077,194387931650,55572,844,8388608
Uring,throughput,0,4,8,0,0,194387876876,194388028214,151338,15,8388608
Uring,throughput,0,4,8,0,0,194387882053,194387903121,21067,17,8388608
Uring,throughput,0,4,8,0,0,194387885038,194387935876,50837,17,8388608
Uring,throughput,0,4,8,0,0,194387893276,194388039855,146579,24,8388608
Uring,throughput,0,4,8,0,0,194387897436,194387999256,101820,17,8388608
Uring,throughput,0,4,8,0,0,194387900299,194388017991,117692,23,8388608
Uring,throughput,0,4,8,0,0,194387901883,194388104827,202943,364,8388608
Uring,throughput,0,4,8,0,0,194387903128,194388185684,282556,5866,8388608
Uring,throughput,0,4,8,0,0,194387908718,194388007574,98856,27,8388608
Uring,throughput,0,4,8,0,0,194387908889,194388049088,140198,2376,8388608
Uring,throughput,0,4,8,0,0,194387918375,194388008746,90371,17,8388608
Uring,throughput,0,4,8,0,0,194387921376,194388065662,144286,20,8388608
Uring,throughput,0,4,8,0,0,194387927413,194388099958,172545,2362,8388608
Uring,throughput,0,4,8,0,0,194387929836,194388024617,94781,31,8388608
Uring,throughput,0,4,8,0,0,194387931655,194388027739,96084,12,8388608
Uring,throughput,0,4,8,0,0,194387935881,194387972646,36764,14,8388608
Uring,throughput,0,4,8,0,0,194387936481,194387970344,33863,73,8388608
Uring,throughput,0,4,8,0,0,194387945480,194388064039,118559,40,8388608
Uring,throughput,0,4,8,0,0,194387966176,194388018914,52738,27,8388608
Uring,throughput,0,4,8,0,0,194387970351,194388084667,114315,3854,8388608
Uring,throughput,0,4,8,0,0,194387972653,194388342781,370127,311,8388608
Uring,throughput,0,4,8,0,0,194387975339,194388170966,195626,26,8388608
Uring,throughput,0,4,8,0,0,194387977602,194388143671,166068,17,8388608
Uring,throughput,0,4,8,0,0,194387983111,194388024523,41412,43,8388608
Uring,throughput,0,4,8,0,0,194387985064,194388358762,373698,17,8388608
Uring,throughput,0,4,8,0,0,194387987840,194388163623,175783,5080,8388608
Uring,throughput,0,4,8,0,0,194387993445,194388064504,71058,19,8388608
Uring,throughput,0,4,8,0,0,194387998460,194388143322,144862,5517,8388608
Uring,throughput,0,4,8,0,0,194387999263,194388152975,153711,4900,8388608
Uring,throughput,0,4,8,0,0,194388000804,194388441463,440658,6140,8388608
Uring,throughput,0,4,8,0,0,194388004196,194388138215,134018,121,8388608
Uring,throughput,0,4,8,0,0,194388007042,194388069591,62549,123,8388608
Uring,throughput,0,4,8,0,0,194388007577,194388062521,54944,24,8388608
Uring,throughput,0,4,8,0,0,194388008750,194388364151,355401,15,8388608
Uring,throughput,0,4,8,0,0,194388017998,194388071152,53153,39,8388608
Uring,throughput,0,4,8,0,0,194388018917,194388259260,240342,12,8388608
Uring,throughput,0,4,8,0,0,194388022524,194388402554,380029,2040,8388608
Uring,throughput,0,4,8,0,0,194388024528,194388208899,184370,4388,8388608
Uring,throughput,0,4,8,0,0,194388024625,194388084420,59794,2648,8388608
Uring,throughput,0,4,8,0,0,194388027542,194388367332,339789,17,8388608
Uring,throughput,0,4,8,0,0,194388027742,194388127213,99471,96,8388608
Uring,throughput,0,4,8,0,0,194388028218,194388418198,389979,4657,8388608
Uring,throughput,0,4,8,0,0,194388039897,194388398128,358231,26,8388608
Uring,throughput,0,4,8,0,0,194388049095,194388397955,348860,22,8388608
Uring,throughput,0,4,8,0,0,194388062527,194388181184,118657,415,8388608
Uring,throughput,0,4,8,0,0,194388064047,194388144244,80197,21,8388608
Uring,throughput,0,4,8,0,0,194388064511,194388081146,16635,13,8388608
Uring,throughput,0,4,8,0,0,194388065667,194388192385,126718,274,8388608
Uring,throughput,0,4,8,0,0,194388069622,194388287588,217966,410,8388608
Uring,throughput,0,4,8,0,0,194388071156,194388375758,304602,6457,8388608
Uring,throughput,0,4,8,0,0,194388071614,194388208867,137252,14,8388608
Uring,throughput,0,4,8,0,0,194388081153,194388292643,211490,1469,8388608
Uring,throughput,0,4,8,0,0,194388084427,194388098326,13899,18,8388608
Uring,throughput,0,4,8,0,0,194388084669,194388423481,338811,23,8388608
Uring,throughput,0,4,8,0,0,194388098331,194388110923,12592,15,8388608
Uring,throughput,0,4,8,0,0,194388098765,194388259064,160299,30,8388608
Uring,throughput,0,4,8,0,0,194388099965,194388125228,25263,17,8388608
Uring,throughput,0,4,8,0,0,194388104835,194388206138,101303,19,8388608
Uring,throughput,0,4,8,0,0,194388110931,194388292426,181494,5220,8388608
Uring,throughput,0,4,8,0,0,194388125235,194388141738,16503,16,8388608
Uring,throughput,0,4,8,0,0,194388127220,194388194090,66870,1844,8388608
Uring,throughput,0,4,8,0,0,194388138223,194388213829,75606,1218,8388608
Uring,throughput,0,4,8,0,0,194388139588,194388255475,115886,78,8388608
Uring,throughput,0,4,8,0,0,194388141746,194388295479,153733,232,8388608
Uring,throughput,0,4,8,0,0,194388143327,194388182666,39339,15,8388608
Uring,throughput,0,4,8,0,0,194388143702,194388194320,50617,43,8388608
Uring,throughput,0,4,8,0,0,194388144297,194388262759,118462,2634,8388608
Uring,throughput,0,4,8,0,0,194388152981,194388209492,56510,35,8388608
Uring,throughput,0,4,8,0,0,194388163632,194388240052,76419,21,8388608
Uring,throughput,0,4,8,0,0,194388170973,194388343020,172047,3774,8388608
Uring,throughput,0,4,8,0,0,194388181191,194388261490,80298,47,8388608
Uring,throughput,0,4,8,0,0,194388182674,194388231427,48752,16,8388608
Uring,throughput,0,4,8,0,0,194388185691,194388364500,178808,24,8388608
Uring,throughput,0,4,8,0,0,194388192391,194388249145,56754,44,8388608
Uring,throughput,0,4,8,0,0,194388194097,194388230453,36355,17,8388608
Uring,throughput,0,4,8,0,0,194388194324,194388305121,110797,2969,8388608
Uring,throughput,0,4,8,0,0,194388206147,194388485613,279466,22,8388608
Uring,throughput,0,4,8,0,0,194388208874,194388261577,52703,21,8388608
Uring,throughput,0,4,8,0,0,194388208900,194388326370,117469,45,8388608
Uring,throughput,0,4,8,0,0,194388209494,194388293228,83734,9,8388608
Uring,throughput,0,4,8,0,0,194388213833,194388489907,276073,22,8388608
Uring,throughput,0,4,8,0,0,194388230461,194388297635,67173,21,8388608
Uring,throughput,0,4,8,0,0,194388231436,194388405398,173962,486,8388608
Uring,throughput,0,4,8,0,0,194388240124,194388502156,262032,19,8388608
Uring,throughput,0,4,8,0,0,194388249153,194388280621,31467,29,8388608
Uring,throughput,0,4,8,0,0,194388255481,194388517386,261905,616,8388608
Uring,throughput,0,4,8,0,0,194388259072,194388516175,257103,35,8388608
Uring,throughput,0,4,8,0,0,194388259261,194388306815,47553,3365,8388608
Uring,throughput,0,4,8,0,0,194388261497,194388518542,257045,22,8388608
Uring,throughput,0,4,8,0,0,194388261580,194388421643,160063,383,8388608
Uring,throughput,0,4,8,0,0,194388262766,194388285422,22655,17,8388608
Uring,throughput,0,4,8,0,0,194388280628,194388423820,143192,1726,8388608
Uring,throughput,0,4,8,0,0,194388285429,194388350198,64768,12,8388608
Uring,throughput,0,4,8,0,0,194388287593,194388365875,78282,55,8388608
Uring,throughput,0,4,8,0,0,194388292433,194388353186,60753,18,8388608
Uring,throughput,0,4,8,0,0,194388292649,194388335640,42990,19,8388608
Uring,throughput,0,4,8,0,0,194388293235,194388405903,112667,745,8388608
Uring,throughput,0,4,8,0,0,194388295484,194388540383,244898,11,8388608
Uring,throughput,0,4,8,0,0,194388297643,194388340511,42867,476,8388608
Uring,throughput,0,4,8,0,0,194388305129,194388376471,71341,67,8388608
Uring,throughput,0,4,8,0,0,194388306823,194388385679,78855,13,8388608
Uring,throughput,0,4,8,0,0,194388326377,194388357271,30893,20,8388608
Uring,throughput,0,4,8,0,0,194388335647,194388403832,68185,26,8388608
Uring,throughput,0,4,8,0,0,194388340517,194388396623,56105,24,8388608
Uring,throughput,0,4,8,0,0,194388342788,194388380063,37275,24,8388608
Uring,throughput,0,4,8,0,0,194388343023,194388473711,130687,13,8388608
Uring,throughput,0,4,8,0,0,194388350204,194388513100,162895,1386,8388608
Uring,throughput,0,4,8,0,0,194388353194,194388459773,106579,23,8388608
Uring,throughput,0,4,8,0,0,194388357281,194388666044,308762,4580,8388608
Uring,throughput,0,4,8,0,0,194388358770,194388573185,214414,20,8388608
Uring,throughput,0,4,8,0,0,194388364158,194388517670,153511,2744,8388608
Uring,throughput,0,4,8,0,0,194388364509,194388491306,126797,40,8388608
Uring,throughput,0,4,8,0,0,194388365883,194388393136,27253,42,8388608
Uring,throughput,0,4,8,0,0,194388367339,194388506913,139573,1465,8388608
Uring,throughput,0,4,8,0,0,194388375768,194388524550,148782,31,8388608
Uring,throughput,0,4,8,0,0,194388376475,194388411483,35007,11,8388608
Uring,throughput,0,4,8,0,0,194388380070,194388570331,190260,17,8388608
Uring,throughput,0,4,8,0,0,194388385686,194388414322,28636,21,8388608
Uring,throughput,0,4,8,0,0,194388393142,194388519831,126689,3343,8388608
Uring,throughput,0,4,8,0,0,194388396627,194388482405,85777,38,8388608
Uring,throughput,0,4,8,0,0,194388397964,194388525528,127564,88,8388608
Uring,throughput,0,4,8,0,0,194388398144,194388706990,308845,2382,8388608
Uring,throughput,0,4,8,0,0,194388402560,194388454800,52240,26,8388608
Uring,throughput,0,4,8,0,0,194388403838,194388594404,190565,3919,8388608
Uring,throughput,0,4,8,0,0,194388405405,194388433293,27888,21,8388608
Uring,throughput,0,4,8,0,0,194388405907,194388454742,48835,15,8388608
Uring,throughput,0,4,8,0,0,194388411491,194388817961,406469,6737,8388608
Uring,throughput,0,4,8,0,0,194388414329,194388568499,154169,3571,8388608
Uring,throughput,0,4,8,0,0,194388418204,194388605667,187462,146,8388608
Uring,throughput,0,4,8,0,0,194388421649,194388639281,217631,19,8388608
Uring,throughput,0,4,8,0,0,194388423486,194388589579,166092,12,8388608
Uring,throughput,0,4,8,0,0,194388423827,194388736030,312203,17,8388608
Uring,throughput,0,4,8,0,0,194388433302,194388629915,196612,19,8388608
Uring,throughput,0,4,8,0,0,194388441470,194388605932,164462,56,8388608
Uring,throughput,0,4,8,0,0,194388454747,194388475534,20786,16,8388608
Uring,throughput,0,4,8,0,0,194388454806,194388505163,50357,52,8388608
Uring,throughput,0,4,8,0,0,194388459779,194388717167,257388,967,8388608
Uring,throughput,0,4,8,0,0,194388473716,194388502643,28926,16,8388608
Uring,throughput,0,4,8,0,0,194388475542,194388520102,44560,443,8388608
Uring,throughput,0,4,8,0,0,194388482412,194388668733,186321,2129,8388608
Uring,throughput,0,4,8,0,0,194388485622,194388535105,49483,1263,8388608
Uring,throughput,0,4,8,0,0,194388489913,194388606245,116332,120,8388608
Uring,throughput,0,4,8,0,0,194388491310,194388645599,154289,3444,8388608
Uring,throughput,0,4,8,0,0,194388502164,194388735107,232942,460,8388608
Uring,throughput,0,4,8,0,0,194388502646,194388789355,286709,2118,8388608
Uring,throughput,0,4,8,0,0,194388505171,194388562325,57154,592,8388608
Uring,throughput,0,4,8,0,0,194388506921,194388598117,91196,33,8388608
Uring,throughput,0,4,8,0,0,194388513108,194388613083,99975,39,8388608
Uring,throughput,0,4,8,0,0,194388516179,194388653532,137353,1407,8388608
Uring,throughput,0,4,8,0,0,194388517391,194388579700,62308,32,8388608
Uring,throughput,0,4,8,0,0,194388517673,194388655651,137978,25,8388608
Uring,throughput,0,4,8,0,0,194388518545,194388647723,129178,1170,8388608
Uring,throughput,0,4,8,0,0,194388519834,194388631902,112067,15,8388608
Uring,throughput,0,4,8,0,0,194388520104,194388641654,121550,16,8388608
Uring,throughput,0,4,8,0,0,194388524558,194388638624,114065,18,8388608
Uring,throughput,0,4,8,0,0,194388525538,194388567152,41614,488,8388608
Uring,throughput,0,4,8,0,0,194388535113,194388573127,38013,22,8388608
Uring,throughput,0,4,8,0,0,194388540389,194388797972,257583,33,8388608
Uring,throughput,0,4,8,0,0,194388562333,194388770570,208237,40,8388608
Uring,throughput,0,4,8,0,0,194388567160,194388658905,91744,27,8388608
Uring,throughput,0,4,8,0,0,194388568504,194388841234,272729,23,8388608
Uring,throughput,0,4,8,0,0,194388570337,194388663851,93513,2720,8388608
Uring,throughput,0,4,8,0,0,194388573134,194388609347,36212,18000,8388608
Uring,throughput,0,4,8,0,0,194388573186,194388863205,290018,18216,8388608
Uring,throughput,0,4,8,0,0,194388579706,194388797267,217561,18,8388608
Uring,throughput,0,4,8,0,0,194388589585,194388857298,267713,5503,8388608
Uring,throughput,0,4,8,0,0,194388594413,194388660902,66488,27,8388608
Uring,throughput,0,4,8,0,0,194388598124,194388842582,244457,21,8388608
Uring,throughput,0,4,8,0,0,194388605675,194388631129,25454,22,8388608
Uring,throughput,0,4,8,0,0,194388605937,194388643613,37676,32,8388608
Uring,throughput,0,4,8,0,0,194388606249,194388684853,78603,6235,8388608
Uring,throughput,0,4,8,0,0,194388609353,194388770276,160923,284,8388608
Uring,throughput,0,4,8,0,0,194388613092,194388828358,215265,29,8388608
Uring,throughput,0,4,8,0,0,194388629920,194388874326,244405,463,8388608
Uring,throughput,0,4,8,0,0,194388631137,194388861062,229925,7143,8388608
Uring,throughput,0,4,8,0,0,194388631909,194388862793,230884,18,8388608
Uring,throughput,0,4,8,0,0,194388638653,194388678608,39954,1278,8388608
Uring,throughput,0,4,8,0,0,194388639286,194388850835,211548,18,8388608
Uring,throughput,0,4,8,0,0,194388641662,194388667192,25529,53,8388608
Uring,throughput,0,4,8,0,0,194388643618,194388824341,180723,4175,8388608
Uring,throughput,0,4,8,0,0,194388645608,194388855129,209521,45,8388608
Uring,throughput,0,4,8,0,0,194388647729,194388795793,148063,111,8388608
Uring,throughput,0,4,8,0,0,194388653540,194388764960,111420,20,8388608
Uring,throughput,0,4,8,0,0,194388655654,194388751559,95904,14,8388608
Uring,throughput,0,4,8,0,0,194388658910,194388822655,163745,87,8388608
Uring,throughput,0,4,8,0,0,194388660931,194388701916,40984,19,8388608
Uring,throughput,0,4,8,0,0,194388663856,194388698316,34459,56,8388608
Uring,throughput,0,4,8,0,0,194388666050,194388702536,36486,18,8388608
Uring,throughput,0,4,8,0,0,194388667195,194388832042,164846,772,8388608
Uring,throughput,0,4,8,0,0,194388668786,194388878918,210131,19,8388608
Uring,throughput,0,4,8,0,0,194388678615,194388863493,184877,22,8388608
Uring,throughput,0,4,8,0,0,194388684861,194388773503,88641,22,8388608
Uring,throughput,0,4,8,0,0,194388698323,194388767958,69634,19,8388608
Uring,throughput,0,4,8,0,0,194388701923,194388907564,205641,3816,8388608
Uring,throughput,0,4,8,0,0,194388702545,194388728414,25869,18,8388608
Uring,throughput,0,4,8,0,0,194388706996,194388734895,27898,33,8388608
Uring,throughput,0,4,8,0,0,194388717175,194388744200,27025,25,8388608
Uring,throughput,0,4,8,0,0,194388728419,194388824073,95654,269,8388608
Uring,throughput,0,4,8,0,0,194388734903,194388755994,21091,22,8388608
Uring,throughput,0,4,8,0,0,194388735115,194388964394,229278,24,8388608
Uring,throughput,0,4,8,0,0,194388736039,194388878330,142291,80,8388608
Uring,throughput,0,4,8,0,0,194388744207,194388765142,20934,22,8388608
Uring,throughput,0,4,8,0,0,194388751568,194388934790,183222,3934,8388608
Uring,throughput,0,4,8,0,0,194388756024,194388901078,145053,3601,8388608
Uring,throughput,0,4,8,0,0,194388764967,194388850522,85555,24,8388608
Uring,throughput,0,4,8,0,0,194388765147,194389001582,236434,2828,8388608
Uring,throughput,0,4,8,0,0,194388767966,194388953060,185094,4863,8388608
Uring,throughput,0,4,8,0,0,194388770281,194388890442,120160,44,8388608
Uring,throughput,0,4,8,0,0,194388770572,194388896735,126163,122,8388608
Uring,throughput,0,4,8,0,0,194388773512,194388856635,83122,15,8388608
Uring,throughput,0,4,8,0,0,194388789362,194389011758,222396,16,8388608
Uring,throughput,0,4,8,0,0,194388795799,194389049670,253870,20,8388608
Uring,throughput,0,4,8,0,0,194388797274,194388925576,128301,4182,8388608
Uring,throughput,0,4,8,0,0,194388797976,194388841619,43643,614,8388608
Uring,throughput,0,4,8,0,0,194388817968,194389043415,225446,20,8388608
Uring,throughput,0,4,8,0,0,194388822662,194389039798,217136,3915,8388608
Uring,throughput,0,4,8,0,0,194388824078,194388886996,62918,13,8388608
Uring,throughput,0,4,8,0,0,194388824359,194388907589,83230,16,8388608
Uring,throughput,0,4,8,0,0,194388828365,194389037815,209450,2509,8388608
Uring,throughput,0,4,8,0,0,194388832050,194389012833,180782,17,8388608
Uring,throughput,0,4,8,0,0,194388841241,194388924565,83324,31,8388608
Uring,throughput,0,4,8,0,0,194388841624,194388939995,98370,21,8388608
Uring,throughput,0,4,8,0,0,194388842585,194389060681,218096,4671,8388608
Uring,throughput,0,4,8,0,0,194388850528,194388981111,130583,723,8388608
Uring,throughput,0,4,8,0,0,194388850838,194389044373,193534,4026,8388608
Uring,throughput,0,4,8,0,0,194388855135,194388944454,89318,86,8388608
Uring,throughput,0,4,8,0,0,194388856643,194388999989,143345,3239,8388608
Uring,throughput,0,4,8,0,0,194388857305,194388916514,59208,18,8388608
Uring,throughput,0,4,8,0,0,194388861066,194389039947,178880,25,8388608
Uring,throughput,0,4,8,0,0,194388862801,194389051394,188593,3174,8388608
Uring,throughput,0,4,8,0,0,194388863209,194389038134,174925,18,8388608
Uring,throughput,0,4,8,0,0,194388863499,194389025729,162229,19,8388608
Uring,throughput,0,4,8,0,0,194388874338,194388925295,50957,24,8388608
Uring,throughput,0,4,8,0,0,194388878335,194388962910,84574,2342,8388608
Uring,throughput,0,4,8,0,0,194388878925,194388945368,66442,29,8388608
Uring,throughput,0,4,8,0,0,194388887027,194389021489,134462,27,8388608
Uring,throughput,0,4,8,0,0,194388890447,194388939082,48634,14,8388608
Uring,throughput,0,4,8,0,0,194388896742,194389032018,135276,3682,8388608
Uring,throughput,0,4,8,0,0,194388901113,194389056319,155205,19,8388608
Uring,throughput,0,4,8,0,0,194388907571,194389069571,162000,26,8388608
Uring,throughput,0,4,8,0,0,194388907590,194389037921,130331,8,8388608
Uring,throughput,0,4,8,0,0,194388916521,194389040449,123928,46,8388608
Uring,throughput,0,4,8,0,0,194388924572,194388957949,33377,1475,8388608
Uring,throughput,0,4,8,0,0,194388925301,194388973935,48633,42,8388608
Uring,throughput,0,4,8,0,0,194388925580,194389061783,136202,15,8388608
Uring,throughput,0,4,8,0,0,194388934798,194389080992,146194,20,8388608
Uring,throughput,0,4,8,0,0,194388939088,194389017744,78656,1854,8388608
Uring,throughput,0,4,8,0,0,194388940016,194389011966,71950,22,8388608
Uring,throughput,0,4,8,0,0,194388944457,194389001084,56626,1703,8388608
Uring,throughput,0,4,8,0,0,194388945375,194389058108,112732,5429,8388608
Uring,throughput,0,4,8,0,0,194388953065,194389018157,65091,12,8388608
Uring,throughput,0,4,8,0,0,194388957955,194388973488,15533,17,8388608
Uring,throughput,0,4,8,0,0,194388962915,194389056313,93398,52,8388608
Uring,throughput,0,4,8,0,0,194388964400,194388998313,33912,41,8388608
Uring,throughput,0,4,8,0,0,194388973492,194388995575,22082,15,8388608
Uring,throughput,0,4,16,0,0,194389143576,194389296794,153217,4324,8388608
Uring,throughput,0,4,16,0,0,194389143646,194389322411,178765,4554,8388608
Uring,throughput,0,4,16,0,0,194389143667,194389564276,420608,4407,8388608
Uring,throughput,0,4,16,0,0,194389143783,194389317920,174136,4370,8388608
Uring,throughput,0,4,16,0,0,194389144061,194389709031,564970,3885,8388608
Uring,throughput,0,4,16,0,0,194389144097,194389599726,455629,4163,8388608
Uring,throughput,0,4,16,0,0,194389144208,194389629543,485334,3933,8388608
Uring,throughput,0,4,16,0,0,194389144227,194389550553,406326,3979,8388608
Uring,throughput,0,4,16,0,0,194389144332,194389302462,158129,3655,8388608
Uring,throughput,0,4,16,0,0,194389144502,194389307997,163495,3795,8388608
Uring,throughput,0,4,16,0,0,194389144515,194389499408,354893,3686,8388608
Uring,throughput,0,4,16,0,0,194389144672,194389544418,399745,3577,8388608
Uring,throughput,0,4,16,0,0,194389144678,194389495499,350820,3383,8388608
Uring,throughput,0,4,16,0,0,194389144797,194389667639,522841,3444,8388608
Uring,throughput,0,4,16,0,0,194389144813,194389629796,484982,3524,8388608
Uring,throughput,0,4,16,0,0,194389144884,194389497635,352751,3264,8388608
Uring,throughput,0,4,16,0,0,194389144988,194389551333,406345,3308,8388608
Uring,throughput,0,4,16,0,0,194389145140,194389539355,394214,3139,8388608
Uring,throughput,0,4,16,0,0,194389145150,194389502110,356959,3221,8388608
Uring,throughput,0,4,16,0,0,194389145204,194389252903,107698,3013,8388608
Uring,throughput,0,4,16,0,0,194389145208,194389769213,624005,3141,8388608
Uring,throughput,0,4,16,0,0,194389145404,194389693572,548167,2911,8388608
Uring,throughput,0,4,16,0,0,194389145408,194389315109,169701,3004,8388608
Uring,throughput,0,4,16,0,0,194389145421,194389717752,572330,2967,8388608
Uring,throughput,0,4,16,0,0,194389145430,194389526783,381352,2841,8388608
Uring,throughput,0,4,16,0,0,194389145624,194389474400,328775,2803,8388608
Uring,throughput,0,4,16,0,0,194389145652,194389642124,496471,2795,8388608
Uring,throughput,0,4,16,0,0,194389145666,194389507995,362329,2689,8388608
Uring,throughput,0,4,16,0,0,194389145666,194389544890,399224,2649,8388608
Uring,throughput,0,4,16,0,0,194389145849,194389629879,484029,2541,8388608
Uring,throughput,0,4,16,0,0,194389145879,194389624966,479087,2475,8388608
Uring,throughput,0,4,16,0,0,194389145905,194389480078,334173,2569,8388608
Uring,throughput,0,4,16,0,0,194389145945,194389511063,365117,2542,8388608
Uring,throughput,0,4,16,0,0,194389146044,194389766310,620265,2384,8388608
Uring,throughput,0,4,16,0,0,194389146087,194389755794,609706,2311,8388608
Uring,throughput,0,4,16,0,0,194389146101,194389608277,462176,2426,8388608
Uring,throughput,0,4,16,0,0,194389146152,194389308228,162075,2371,8388608
Uring,throughput,0,4,16,0,0,194389146309,194389481394,335085,2258,8388608
Uring,throughput,0,4,16,0,0,194389146342,194389938787,792445,2120,8388608
Uring,throughput,0,4,16,0,0,194389146345,194389539494,393149,2094,8388608
Uring,throughput,0,4,16,0,0,194389146363,194389631180,484816,2201,8388608
Uring,throughput,0,4,16,0,0,194389146589,194389280136,133546,2014,8388608
Uring,throughput,0,4,16,0,0,194389146596,194389309407,162811,1904,8388608
Uring,throughput,0,4,16,0,0,194389146613,194389511317,364703,1865,8388608
Uring,throughput,0,4,16,0,0,194389146633,194389595919,449285,1972,8388608
Uring,throughput,0,4,16,0,0,194389146802,194389662475,515672,1734,8388608
Uring,throughput,0,4,16,0,0,194389146803,194389559218,412414,1718,8388608
Uring,throughput,0,4,16,0,0,194389146806,194389718725,571919,1832,8388608
Uring,throughput,0,4,16,0,0,194389146921,194389551267,404345,1730,8388608
Uring,throughput,0,4,16,0,0,194389146936,194389789157,642221,1741,8388608
Uring,throughput,0,4,16,0,0,194389147036,194389548129,401092,1525,8388608
Uring,throughput,0,4,16,0,0,194389147055,194389286365,139310,1520,8388608
Uring,throughput,0,4,16,0,0,194389147130,194389758636,611506,1576,8388608
Uring,throughput,0,4,16,0,0,194389147153,194389725497,578344,1558,8388608
Uring,throughput,0,4,16,0,0,194389147183,194389563466,416283,1420,8388608
Uring,throughput,0,4,16,0,0,194389147211,194389486977,339765,1401,8388608
Uring,throughput,0,4,16,0,0,194389147310,194389570605,423294,1441,8388608
Uring,throughput,0,4,16,0,0,194389147339,194389587867,440527,1410,8388608
Uring,throughput,0,4,16,0,0,194389147410,194389295245,147834,1244,8388608
Uring,throughput,0,4,16,0,0,194389147411,194389755414,608002,1230,8388608
Uring,throughput,0,4,16,0,0,194389147474,194389788795,641321,1325,8388608
Uring,throughput,0,4,16,0,0,194389147556,194389710969,563413,1226,8388608
Uring,throughput,0,4,16,0,0,194389147618,194389697183,549565,1073,8388608
Uring,throughput,0,4,16,0,0,194389147645,194389625457,477812,1232,8388608
Uring,throughput,0,4,16,0,0,194389252921,194389365832,112910,21,8388608
Uring,throughput,0,4,16,0,0,194389280146,194389405348,125201,24,8388608
Uring,throughput,0,4,16,0,0,194389286373,194389466954,180580,17,8388608
Uring,throughput,0,4,16,0,0,194389295253,194389482132,186879,43,8388608
Uring,throughput,0,4,16,0,0,194389296886,194389394292,97406,28,8388608
Uring,throughput,0,4,16,0,0,194389302468,194389784299,481830,17,8388608
Uring,throughput,0,4,16,0,0,194389308022,194389532861,224839,32,8388608
Uring,throughput,0,4,16,0,0,194389308230,194389415876,107646,20,8388608
Uring,throughput,0,4,16,0,0,194389309415,194389348448,39033,22,8388608
Uring,throughput,0,4,16,0,0,194389315118,194389796492,481374,21,8388608
Uring,throughput,0,4,16,0,0,194389317927,194389440162,122235,16,8388608
Uring,throughput,0,4,16,0,0,194389322417,194389459088,136670,11,8388608
Uring,throughput,0,4,16,0,0,194389348454,194389428888,80433,14,8388608
Uring,throughput,0,4,16,0,0,194389365839,194389404799,38959,43,8388608
Uring,throughput,0,4,16,0,0,194389394300,194389501278,106977,65,8388608
Uring,throughput,0,4,16,0,0,194389404805,194389921876,517070,3612,8388608
Uring,throughput,0,4,16,0,0,194389405355,194389557398,152043,46,8388608
Uring,throughput,0,4,16,0,0,194389415884,194389582555,166670,20,8388608
Uring,throughput,0,4,16,0,0,194389428896,194389681443,252547,4403,8388608
Uring,throughput,0,4,16,0,0,194389440169,194389477841,37672,33,8388608
Uring,throughput,0,4,16,0,0,194389459095,194389498368,39272,20,8388608
Uring,throughput,0,4,16,0,0,194389466961,194389545280,78319,24,8388608
Uring,throughput,0,4,16,0,0,194389474407,194389584851,110444,21,8388608
Uring,throughput,0,4,16,0,0,194389477874,194389570407,92533,1431,8388608
Uring,throughput,0,4,16,0,0,194389480087,194389682733,202646,73,8388608
Uring,throughput,0,4,16,0,0,194389481398,194389683202,201804,10,8388608
Uring,throughput,0,4,16,0,0,194389482139,194389581700,99560,19,8388608
Uring,throughput,0,4,16,0,0,194389486983,194389692807,205823,51,8388608
Uring,throughput,0,4,16,0,0,194389495506,194389684100,188594,19,8388608
Uring,throughput,0,4,16,0,0,194389497641,194389771095,273454,22,8388608
Uring,throughput,0,4,16,0,0,194389498405,194389997574,499168,3811,8388608
Uring,throughput,0,4,16,0,0,194389499418,194389991870,492451,44,8388608
Uring,throughput,0,4,16,0,0,194389501284,194389753316,252031,4088,8388608
Uring,throughput,0,4,16,0,0,194389502117,194389995450,493333,242,8388608
Uring,throughput,0,4,16,0,0,194389508018,194389996077,488059,19,8388608
Uring,throughput,0,4,16,0,0,194389511071,194389778625,267554,18,8388608
Uring,throughput,0,4,16,0,0,194389511320,194389999622,488301,13,8388608
Uring,throughput,0,4,16,0,0,194389526792,194389836295,309502,18,8388608
Uring,throughput,0,4,16,0,0,194389532869,194389857315,324446,18,8388608
Uring,throughput,0,4,16,0,0,194389539364,194390006956,467591,16,8388608
Uring,throughput,0,4,16,0,0,194389539501,194389920530,381028,14,8388608
Uring,throughput,0,4,16,0,0,194389544424,194390009746,465322,16,8388608
Uring,throughput,0,4,16,0,0,194389544897,194389773943,229045,20,8388608
Uring,throughput,0,4,16,0,0,194389545318,194390033444,488126,5649,8388608
Uring,throughput,0,4,16,0,0,194389548134,194389791066,242932,18,8388608
Uring,throughput,0,4,16,0,0,194389550557,194389772181,221623,15,8388608
Uring,throughput,0,4,16,0,0,194389551269,194389800772,249502,59,8388608
Uring,throughput,0,4,16,0,0,194389551334,194389716405,165070,80,8388608
Uring,throughput,0,4,16,0,0,194389557407,194390045529,488122,5649,8388608
Uring,throughput,0,4,16,0,0,194389559276,194389796819,237542,19,8388608
Uring,throughput,0,4,16,0,0,194389563474,194389799263,235788,20,8388608
Uring,throughput,0,4,16,0,0,194389564337,194389801998,237661,122,8388608
Uring,throughput,0,4,16,0,0,194389570415,194389621622,51206,26,8388608
Uring,throughput,0,4,16,0,0,194389570607,194389685564,114957,10,8388608
Uring,throughput,0,4,16,0,0,194389581708,194389817637,235928,981,8388608
Uring,throughput,0,4,16,0,0,194389582562,194390183094,600532,4425,8388608
Uring,throughput,0,4,16,0,0,194389584858,194389697361,112502,16,8388608
Uring,throughput,0,4,16,0,0,194389587873,194390030485,442612,17,8388608
Uring,throughput,0,4,16,0,0,194389595927,194390028374,432446,179,8388608
Uring,throughput,0,4,16,0,0,194389599733,194389751359,151625,15,8388608
Uring,throughput,0,4,16,0,0,194389608285,194390040060,431775,26,8388608
Uring,throughput,0,4,16,0,0,194389621629,194389703300,81671,58,8388608
Uring,throughput,0,4,16,0,0,194389624974,194390080071,455097,25,8388608
Uring,throughput,0,4,16,0,0,194389625463,194389724277,98813,18,8388608
Uring,throughput,0,4,16,0,0,194389629548,194389671958,42410,13,8388608
Uring,throughput,0,4,16,0,0,194389629802,194389808832,179029,15,8388608
Uring,throughput,0,4,16,0,0,194389629889,194389750123,120233,20,8388608
Uring,throughput,0,4,16,0,0,194389631184,194389853490,222305,19,8388608
Uring,throughput,0,4,16,0,0,194389642160,194389852075,209914,21,8388608
Uring,throughput,0,4,16,0,0,194389662483,194389984215,321732,21,8388608
Uring,throughput,0,4,16,0,0,194389667645,194389989612,321967,16,8388608
Uring,throughput,0,4,16,0,0,194389671962,194389788717,116754,14,8388608
Uring,throughput,0,4,16,0,0,194389681451,194389997351,315900,26,8388608
Uring,throughput,0,4,16,0,0,194389682741,194390064911,382169,17,8388608
Uring,throughput,0,4,16,0,0,194389683204,194390068379,385174,9,8388608
Uring,throughput,0,4,16,0,0,194389684108,194389723530,39421,16,8388608
Uring,throughput,0,4,16,0,0,194389685570,194390154140,468570,18,8388608
Uring,throughput,0,4,16,0,0,194389692815,194390067440,374625,18,8388608
Uring,throughput,0,4,16,0,0,194389693579,194389941996,248417,19,8388608
Uring,throughput,0,4,16,0,0,194389697189,194389946720,249531,18,8388608
Uring,throughput,0,4,16,0,0,194389697365,194390028056,330690,1085,8388608
Uring,throughput,0,4,16,0,0,194389703308,194389888070,184761,964,8388608
Uring,throughput,0,4,16,0,0,194389709038,194390019906,310867,22,8388608
Uring,throughput,0,4,16,0,0,194389710977,194390103672,392694,24,8388608
Uring,throughput,0,4,16,0,0,194389716410,194390073886,357476,15,8388608
Uring,throughput,0,4,16,0,0,194389717757,194390224529,506772,12,8388608
Uring,throughput,0,4,16,0,0,194389718733,194390230704,511970,33,8388608
Uring,throughput,0,4,16,0,0,194389723535,194389974540,251005,1108,8388608
Uring,throughput,0,4,16,0,0,194389724281,194390020204,295923,17,8388608
Uring,throughput,0,4,16,0,0,194389725507,194390242979,517472,24,8388608
Uring,throughput,0,4,16,0,0,194389750130,194390268403,518273,33,8388608
Uring,throughput,0,4,16,0,0,194389751361,194389923348,171987,15,8388608
Uring,throughput,0,4,16,0,0,194389753324,194389795503,42179,17,8388608
Uring,throughput,0,4,16,0,0,194389755421,194389922933,167512,45,8388608
Uring,throughput,0,4,16,0,0,194389755802,194390052977,297174,45,8388608
Uring,throughput,0,4,16,0,0,194389758644,194389891413,132768,48,8388608
Uring,throughput,0,4,16,0,0,194389766317,194390063144,296827,16,8388608
Uring,throughput,0,4,16,0,0,194389769222,194390073291,304068,37,8388608
Uring,throughput,0,4,16,0,0,194389771103,194390290765,519661,21,8388608
Uring,throughput,0,4,16,0,0,194389772188,194390294029,521841,19,8388608
Uring,throughput,0,4,16,0,0,194389773950,194389813921,39970,16,8388608
Uring,throughput,0,4,16,0,0,194389778660,194390298051,519391,19,8388608
Uring,throughput,0,4,16,0,0,194389784307,194389967560,183253,24,8388608
Uring,throughput,0,4,16,0,0,194389788724,194390306119,517394,2101,8388608
Uring,throughput,0,4,16,0,0,194389788802,194390054901,266099,16,8388608
Uring,throughput,0,4,16,0,0,194389789161,194390130147,340985,86,8388608
Uring,throughput,0,4,16,0,0,194389791070,194389995215,204145,18,8388608
Uring,throughput,0,4,16,0,0,194389795509,194389971560,176051,13,8388608
Uring,throughput,0,4,16,0,0,194389796498,194390068515,272017,43,8388608
Uring,throughput,0,4,16,0,0,194389796823,194390305040,508217,13,8388608
Uring,throughput,0,4,16,0,0,194389799270,194389887850,88579,18,8388608
Uring,throughput,0,4,16,0,0,194389800786,194390101793,301006,18,8388608
Uring,throughput,0,4,16,0,0,194389802061,194390099678,297616,20,8388608
Uring,throughput,0,4,16,0,0,194389808840,194390310923,502083,20,8388608
Uring,throughput,0,4,16,0,0,194389813928,194390354487,540558,3336,8388608
Uring,throughput,0,4,16,0,0,194389817647,194389880704,63056,80,8388608
Uring,throughput,0,4,16,0,0,194389836303,194389875930,39627,25,8388608
Uring,throughput,0,4,16,0,0,194389852082,194389893141,41058,25,8388608
Uring,throughput,0,4,16,0,0,194389853517,194390359938,506421,15,8388608
Uring,throughput,0,4,16,0,0,194389857322,194389989986,132664,4558,8388608
Uring,throughput,0,4,16,0,0,194389875935,194390146295,270360,2814,8388608
Uring,throughput,0,4,16,0,0,194389880712,194389914243,33531,23,8388608
Uring,throughput,0,4,16,0,0,194389887856,194390387463,499606,8362,8388608
Uring,throughput,0,4,16,0,0,194389888078,194389936179,48101,20,8388608
Uring,throughput,0,4,16,0,0,194389891420,194389983053,91633,16,8388608
Uring,throughput,0,4,16,0,0,194389893149,194390403234,510084,4691,8388608
Uring,throughput,0,4,16,0,0,194389914349,194389968495,54146,519,8388608
Uring,throughput,0,4,16,0,0,194389920577,194390147498,226920,18,8388608
Uring,throughput,0,4,16,0,0,194389921885,194390415328,493442,61,8388608
Uring,throughput,0,4,16,0,0,194389922942,194390072913,149971,20,8388608
Uring,throughput,0,4,16,0,0,194389923421,194390144109,220687,3319,8388608
Uring,throughput,0,4,16,0,0,194389936186,194389991197,55010,17,8388608
Uring,throughput,0,4,16,0,0,194389938795,194390062375,123579,25,8388608
Uring,throughput,0,4,16,0,0,194389942022,194390029827,87804,17,8388608
Uring,throughput,0,4,16,0,0,194389946728,194390072581,125853,18,8388608
Uring,throughput,0,4,16,0,0,194389967567,194390303220,335652,3714,8388608
Uring,throughput,0,4,16,0,0,194389968502,194390059428,90925,12,8388608
Uring,throughput,0,4,16,0,0,194389971568,194390462102,490534,3091,8388608
Uring,throughput,0,4,16,0,0,194389974547,194390077566,103019,144,8388608
Uring,throughput,0,4,16,0,0,194389983059,194390316918,333858,3254,8388608
Uring,throughput,0,4,16,0,0,194389984223,194390439123,454899,20,8388608
Uring,throughput,0,4,16,0,0,194389989621,194390418996,429374,37,8388608
Uring,throughput,0,4,16,0,0,194389989995,194390292714,302719,41,8388608
Uring,throughput,0,4,16,0,0,194389991222,194390503102,511879,1543,8388608
Uring,throughput,0,4,16,0,0,194389991879,194390150526,158647,110,8388608
Uring,throughput,0,4,16,0,0,194389995223,194390276745,281522,708,8388608
Uring,throughput,0,4,16,0,0,194389995457,194390421315,425858,14,8388608
Uring,throughput,0,4,16,0,0,194389996083,194390274138,278054,21,8388608
Uring,throughput,0,4,16,0,0,194389997360,194390423863,426502,26,8388608
Uring,throughput,0,4,16,0,0,194389997582,194390302131,304548,39,8388608
Uring,throughput,0,4,16,0,0,194389999631,194390134510,134879,117,8388608
Uring,throughput,0,4,16,0,0,194390006963,194390079232,72268,68,8388608
Uring,throughput,0,4,16,0,0,194390009754,194390273349,263594,71,8388608
Uring,throughput,0,4,16,0,0,194390019913,194390334913,315000,21,8388608
Uring,throughput,0,4,16,0,0,194390020207,194390235078,214871,4292,8388608
Uring,throughput,0,4,16,0,0,194390028063,194390080883,52819,14,8388608
Uring,throughput,0,4,16,0,0,194390028558,194390211900,183341,33,8388608
Uring,throughput,0,4,16,0,0,194390029835,194390133083,103248,3230,8388608
Uring,throughput,0,4,16,0,0,194390030490,194390210346,179855,45,8388608
Uring,throughput,0,4,16,0,0,194390033451,194390324183,290732,138,8388608
Uring,throughput,0,4,16,0,0,194390040068,194390230908,190840,19,8388608
Uring,throughput,0,4,16,0,0,194390045537,194390457870,412333,89,8388608
Uring,throughput,0,4,16,0,0,194390052984,194390459214,406230,32,8388608
Uring,throughput,0,4,16,0,0,194390054908,194390462376,407468,24,8388608
Uring,throughput,0,4,16,0,0,194390059436,194390210784,151348,27,8388608
Uring,throughput,0,4,16,0,0,194390062381,194390471428,409047,19,8388608
Uring,throughput,0,4,16,0,0,194390063154,194390456451,393296,19,8388608
Uring,throughput,0,4,16,0,0,194390064920,194390225339,160419,8443,8388608
Uring,throughput,0,4,16,0,0,194390067448,194390640869,573420,4848,8388608
Uring,throughput,0,4,16,0,0,194390068384,194390257938,189553,5110,8388608
Uring,throughput,0,4,16,0,0,194390068523,194390196792,128269,2531,8388608
Uring,throughput,0,4,16,0,0,194390072588,194390234396,161807,4583,8388608
Uring,throughput,0,4,16,0,0,194390072919,194390158656,85737,289,8388608
Uring,throughput,0,4,16,0,0,194390073298,194390191490,118191,255,8388608
Uring,throughput,0,4,16,0,0,194390073888,194390478855,404966,5631,8388608
Uring,throughput,0,4,16,0,0,194390077571,194390435949,358377,37,8388608
Uring,throughput,0,4,16,0,0,194390079243,194390476672,397428,348,8388608
Uring,throughput,0,4,16,0,0,194390080082,194390507959,427877,107,8388608
Uring,throughput,0,4,16,0,0,194390080890,194390135127,54236,21,8388608
Uring,throughput,0,4,16,0,0,194390099686,194390562236,462549,547,8388608
Uring,throughput,0,4,16,0,0,194390101800,194390181210,79409,1180,8388608
Uring,throughput,0,4,16,0,0,194390103680,194390481110,377430,29,8388608
Uring,throughput,0,4,16,0,0,194390130155,194390265660,135504,28,8388608
Uring,throughput,0,4,16,0,0,194390133091,194390581615,448524,46,8388608
Uring,throughput,0,4,16,0,0,194390134518,194390656818,522300,11398,8388608
Uring,throughput,0,4,16,0,0,194390135132,194390628632,493500,365,8388608
Uring,throughput,0,4,16,0,0,194390144116,194390621083,476967,16,8388608
Uring,throughput,0,4,16,0,0,194390146302,194390187269,40966,117,8388608
Uring,throughput,0,4,16,0,0,194390147522,194390543526,396004,1304,8388608
Uring,throughput,0,4,16,0,0,194390150534,194390656585,506050,3338,8388608
Uring,throughput,0,4,16,0,0,194390154147,194390279736,125589,2267,8388608
Uring,throughput,0,4,16,0,0,194390158664,194390645322,486658,22,8388608
Uring,throughput,0,4,16,0,0,194390181218,194390693134,511916,27,8388608
Uring,throughput,0,4,16,0,0,194390183103,194390681524,498420,21,8388608
Uring,throughput,0,4,16,0,0,194390187273,194390215102,27828,12,8388608
Uring,throughput,0,4,16,0,0,194390191576,194390232563,40986,502,8388608
Uring,throughput,0,4,16,0,0,194390196798,194390711837,515038,17,8388608
Uring,throughput,0,4,16,0,0,194390210352,194390739913,529561,1115,8388608
Uring,throughput,0,4,16,0,0,194390210792,194390724391,513599,3736,8388608
Uring,throughput,0,4,16,0,0,194390211908,194390518204,306296,2223,8388608
Uring,throughput,0,4,16,0,0,194390215107,194390750341,535234,1120,8388608
Uring,throughput,0,4,16,0,0,194390224537,194390738794,514257,26,8388608
Uring,throughput,0,4,16,0,0,194390225343,194390320078,94735,39,8388608
Uring,throughput,0,4,16,0,0,194390230712,194390744272,513560,37,8388608
Uring,throughput,0,4,16,0,0,194390230917,194390262903,31986,739,8388608
Uring,throughput,0,4,16,0,0,194390232567,194390745795,513228,14,8388608
Uring,throughput,0,4,16,0,0,194390234405,194390353320,118915,19,8388608
Uring,throughput,0,4,16,0,0,194390235087,194390372957,137870,18,8388608
Uring,throughput,0,4,16,0,0,194390243090,194390750976,507885,21,8388608
Uring,throughput,0,4,16,0,0,194390257945,194390395912,137967,40,8388608
Uring,throughput,0,4,16,0,0,194390262910,194390332109,69199,24,8388608
Uring,throughput,0,4,16,0,0,194390265667,194390370418,104750,748,8388608
Uring,throughput,0,4,16,0,0,194390268411,194390774216,505805,508,8388608
Uring,throughput,0,4,16,0,0,194390273357,194390328805,55448,1105,8388608
Uring,throughput,0,4,16,0,0,194390274146,194390398946,124799,8183,8388608
Uring,throughput,0,4,16,0,0,194390276754,194390534870,258116,19,8388608
Uring,throughput,0,4,16,0,0,194390279743,194390386873,107130,87,8388608
Uring,throughput,0,4,16,0,0,194390290773,194390826459,535685,500,8388608
Uring,throughput,0,4,16,0,0,194390292722,194390346459,53736,17,8388608
Uring,throughput,0,4,16,0,0,194390294035,194390914900,620864,2660,8388608
Uring,throughput,0,4,16,0,0,194390298060,194390341792,43731,814,8388608
Uring,throughput,0,4,16,0,0,194390302138,194390831218,529079,41,8388608
Uring,throughput,0,4,16,0,0,194390303228,194390420106,116878,40,8388608
Uring,throughput,0,4,16,0,0,194390305047,194390797329,492282,4175,8388608
Uring,throughput,0,4,16,0,0,194390306134,194390532407,226273,25,8388608
Uring,throughput,0,4,16,0,0,194390310930,194390863749,552819,2234,8388608
Uring,throughput,0,4,16,0,0,194390316924,194390651091,334166,17,8388608
Uring,throughput,0,4,16,0,0,194390320084,194390448376,128291,22,8388608
Uring,throughput,0,4,16,0,0,194390324192,194390818111,493919,23,8388608
Uring,throughput,0,4,16,0,0,194390328812,194390447104,118292,16,8388608
Uring,throughput,0,4,16,0,0,194390332116,194390418890,86773,20,8388608
Uring,throughput,0,4,16,0,0,194390334926,194390976978,642051,5498,8388608
Uring,throughput,0,4,16,0,0,194390341798,194390426145,84346,282,8388608
Uring,throughput,0,4,16,0,0,194390346466,194390858670,512204,4807,8388608
Uring,throughput,0,4,16,0,0,194390353329,194390414432,61103,22,8388608
Uring,throughput,0,4,16,0,0,194390354494,194390844047,489553,16,8388608
Uring,throughput,0,4,16,0,0,194390359946,194390553510,193563,2576,8388608
Uring,throughput,0,4,16,0,0,194390370424,194390400559,30134,24,8388608
Uring,throughput,0,4,16,0,0,194390372964,194390859558,486594,27,8388608
Uring,throughput,0,4,16,0,0,194390386881,194390869359,482478,18,8388608
Uring,throughput,0,4,16,0,0,194390387471,194390870826,483354,23,8388608
Uring,throughput,0,4,16,0,0,194390395991,194390875780,479788,46,8388608
Uring,throughput,0,4,16,0,0,194390398988,194390443147,44158,99,8388608
Uring,throughput,0,4,16,0,0,194390400564,194390433190,32626,15,8388608
Uring,throughput,0,4,16,0,0,194390403243,194390842235,438992,19,8388608
Uring,throughput,0,4,16,0,0,194390414440,194390890372,475932,8979,8388608
Uring,throughput,0,4,16,0,0,194390415337,194390551953,136615,61,8388608
Uring,throughput,0,4,16,0,0,194390418897,194390565155,146257,2756,8388608
Uring,throughput,0,4,16,0,0,194390419021,194391038478,619457,4491,8388608
Uring,throughput,0,4,16,0,0,194390420115,194390466436,46321,25,8388608
Uring,throughput,0,4,16,0,0,194390421323,194390470335,49012,3276,8388608
Uring,throughput,0,4,16,0,0,194390423869,194390939695,515825,3776,8388608
Uring,throughput,0,4,16,0,0,194390426153,194391032829,606676,88,8388608
Uring,throughput,0,4,16,0,0,194390433197,194391060269,627072,1112,8388608
Uring,throughput,0,4,16,0,0,194390435957,194390881976,446019,4277,8388608
Uring,throughput,0,4,16,0,0,194390439129,194390788691,349561,1301,8388608
Uring,throughput,0,4,16,0,0,194390443156,194390468105,24948,20,8388608
Uring,throughput,0,4,16,0,0,194390447110,194391111020,663909,12,8388608
Uring,throughput,0,4,16,0,0,194390448379,194390905785,457405,4255,8388608
Uring,throughput,0,4,16,0,0,194390456460,194390506138,49677,894,8388608
Uring,throughput,0,4,16,0,0,194390457879,194390564328,106448,18,8388608
Uring,throughput,0,4,16,0,0,194390459222,194390594908,135685,2951,8388608
Uring,throughput,0,4,16,0,0,194390462110,194390571537,109427,133,8388608
Uring,throughput,0,4,16,0,0,194390462385,194390911839,449454,3045,8388608
Uring,throughput,0,4,16,0,0,194390466445,194390978400,511955,1796,8388608
Uring,throughput,0,4,16,0,0,194390468111,194391111027,642916,8278,8388608
Uring,throughput,0,4,16,0,0,194390470341,194390489104,18763,36,8388608
Uring,throughput,0,4,16,0,0,194390471435,194390911986,440551,5010,8388608
Uring,throughput,0,4,16,0,0,194390476679,194390569419,92739,38,8388608
Uring,throughput,0,4,16,0,0,194390478862,194390573371,94509,29,8388608
Uring,throughput,0,4,16,0,0,194390481119,194390522751,41631,1336,8388608
Uring,throughput,0,4,16,0,0,194390489111,194391129369,640258,18,8388608
Uring,throughput,0,4,16,0,0,194390503110,194390925766,422655,24,8388608
Uring,throughput,0,4,16,0,0,194390506143,194390926642,420498,16,8388608
Uring,throughput,0,4,16,0,0,194390507966,194391192265,684299,2299,8388608
Uring,throughput,0,4,16,0,0,194390518213,194390679254,161040,47,8388608
Uring,throughput,0,4,16,0,0,194390522759,194390621614,98855,16,8388608
Uring,throughput,0,4,16,0,0,194390532414,194390596738,64323,18,8388608
Uring,throughput,0,4,16,0,0,194390534880,194390846133,311253,20,8388608
Uring,throughput,0,4,16,0,0,194390543534,194390599994,56459,39,8388608
Uring,throughput,0,4,16,0,0,194390551960,194390849685,297724,2084,8388608
Uring,throughput,0,4,16,0,0,194390553517,194391309335,755818,24,8388608
Uring,throughput,0,4,16,0,0,194390562245,194390651201,88956,82,8388608
Uring,throughput,0,4,16,0,0,194390564334,194391351459,787124,2261,8388608
Uring,throughput,0,4,16,0,0,194390565181,194390658035,92854,17,8388608
Uring,throughput,0,4,16,0,0,194390569424,194390611086,41661,16,8388608
Uring,throughput,0,4,16,0,0,194390571544,194390620479,48934,17,8388608
Uring,throughput,0,4,16,0,0,194390573375,194391377101,803726,12,8388608
Uring,throughput,0,4,16,0,0,194390581622,194391373979,792357,16,8388608
Uring,throughput,0,4,16,0,0,194390594916,194390666333,71416,29,8388608
Uring,throughput,0,4,16,0,0,194390596743,194390684233,87490,1348,8388608
Uring,throughput,0,4,16,0,0,194390600029,194390627589,27560,32,8388608
Uring,throughput,0,4,16,0,0,194390611093,194390823134,212041,3205,8388608
Uring,throughput,0,4,16,0,0,194390620487,194391469000,848513,3230,8388608
Uring,throughput,0,4,16,0,0,194390621091,194391449087,827996,23,8388608
Uring,throughput,0,4,16,0,0,194390621616,194390693102,71486,10,8388608
Uring,throughput,0,4,16,0,0,194390627596,194390690979,63382,334,8388608
Uring,throughput,0,4,16,0,0,194390628641,194390692644,64003,20,8388608
Uring,throughput,0,4,16,0,0,194390640877,194391009328,368451,18,8388608
Uring,throughput,0,4,16,0,0,194390645330,194390700910,55579,23,8388608
Uring,throughput,0,4,16,0,0,194390651099,194391500331,849231,28,8388608
Uring,throughput,0,4,16,0,0,194390651204,194391317650,666445,11,8388608
Uring,throughput,0,4,16,0,0,194390656590,194390688858,32267,18,8388608
Uring,throughput,0,4,16,0,0,194390656826,194391021906,365079,52,8388608
Uring,throughput,0,4,16,0,0,194390658042,194391371958,713915,16,8388608
Uring,throughput,0,4,16,0,0,194390666339,194391026161,359821,16,8388608
Uring,throughput,0,4,16,0,0,194390679261,194390805952,126690,58,8388608
Uring,throughput,0,4,16,0,0,194390681531,194390845272,163740,54,8388608
Uring,throughput,0,4,16,0,0,194390684241,194390777985,93743,160,8388608
Uring,throughput,0,4,16,0,0,194390688863,194391590244,901380,33,8388608
Uring,throughput,0,4,16,0,0,194390690987,194390813220,122232,72,8388608
Uring,throughput,0,4,16,0,0,194390692651,194390713745,21093,17,8388608
Uring,throughput,0,4,16,0,0,194390693108,194391607654,914546,2681,8388608
Uring,throughput,0,4,16,0,0,194390693136,194390809025,115889,11,8388608
Uring,throughput,0,4,16,0,0,194390700914,194391638586,937672,2241,8388608
Uring,throughput,0,4,16,0,0,194390711844,194390922419,210574,18,8388608
Uring,throughput,0,4,16,0,0,194390713752,194390841896,128144,312,8388608
Uring,throughput,0,4,16,0,0,194390724401,194391575933,851531,19,8388608
Uring,throughput,0,4,16,0,0,194390738802,194390836382,97579,2741,8388608
Uring,throughput,0,4,16,0,0,194390739921,194391403419,663498,23,8388608
Uring,throughput,0,4,16,0,0,194390744282,194390820845,76563,354,8388608
Uring,throughput,0,4,16,0,0,194390745803,194390853898,108094,20,8388608
Uring,throughput,0,4,16,0,0,194390750350,194390778975,28624,55,8388608
Uring,throughput,0,4,16,0,0,194390750981,194390840153,89172,299,8388608
Uring,throughput,0,4,16,0,0,194390774224,194390990816,216591,43,8388608
Uring,throughput,0,4,16,0,0,194390777993,194390934540,156547,40,8388608
Uring,throughput,0,4,16,0,0,194390778980,194390803704,24724,18,8388608
Uring,throughput,0,4,16,0,0,194390788699,194390991313,202614,19,8388608
Uring,throughput,0,4,16,0,0,194390797336,194391855097,1057761,25,8388608
Uring,throughput,0,4,16,0,0,194390803709,194390882199,78490,2399,8388608
Uring,throughput,0,4,16,0,0,194390805958,194391142587,336629,2450,8388608
Uring,throughput,0,4,16,0,0,194390809029,194390961084,152054,578,8388608
Uring,throughput,0,4,16,0,0,194390813263,194390927413,114149,17,8388608
Uring,throughput,0,4,16,0,0,194390818119,194390993023,174904,2113,8388608
Uring,throughput,0,4,16,0,0,194390820851,194390849076,28225,19,8388608
Uring,throughput,0,4,16,0,0,194390823142,194390960956,137813,19,8388608
Uring,throughput,0,4,16,0,0,194390826467,194391016274,189807,29,8388608
Uring,throughput,0,4,16,0,0,194390831225,194391048896,217670,2594,8388608
Uring,throughput,0,4,16,0,0,194390836387,194391936057,1099669,12,8388608
Uring,throughput,0,4,16,0,0,194390840161,194391255383,415221,29,8388608
Uring,throughput,0,4,16,0,0,194390841903,194390893469,51566,146,8388608
Uring,throughput,0,4,16,0,0,194390842241,194390967539,125297,17,8388608
Uring,throughput,0,4,16,0,0,194390844056,194390961735,117678,31,8388608
Uring,throughput,0,4,16,0,0,194390845278,194391952309,1107030,2023,8388608
Uring,throughput,0,4,16,0,0,194390846139,194390945617,99478,1325,8388608
Uring,throughput,0,4,16,0,0,194390849084,194391141305,292221,19,8388608
Uring,throughput,0,4,16,0,0,194390849690,194390906442,56751,13,8388608
Uring,throughput,0,4,16,0,0,194390853937,194391149072,295135,3694,8388608
Uring,throughput,0,4,16,0,0,194390858679,194390958389,99710,18,8388608
Uring,throughput,0,4,16,0,0,194390859566,194391989469,1129903,3797,8388608
Uring,throughput,0,4,16,0,0,194390863756,194390977929,114172,17,8388608
Uring,throughput,0,4,16,0,0,194390869366,194391185021,315654,3758,8388608
Uring,throughput,0,4,16,0,0,194390870833,194390973909,103075,71,8388608
Uring,throughput,0,4,16,0,0,194390875788,194391027929,152140,3888,8388608
Uring,throughput,0,4,16,0,0,194390881983,194391127405,245421,16,8388608
Uring,throughput,0,4,16,0,0,194390882201,194391678155,795954,12,8388608
Uring,throughput,0,4,16,0,0,194390890380,194391170643,280262,18,8388608
Uring,throughput,0,4,16,0,0,194390893475,194390957880,64405,15,8388608
Uring,throughput,0,4,16,0,0,194390905792,194391180846,275054,21,8388608
Uring,throughput,0,4,16,0,0,194390906450,194390945730,39279,42,8388608
Uring,throughput,0,4,16,0,0,194390911848,194392052747,1140899,19,8388608
Uring,throughput,0,4,16,0,0,194390911989,194391188145,276155,11,8388608
Uring,throughput,0,4,16,0,0,194390914903,194391905896,990992,15,8388608
Uring,throughput,0,4,16,0,0,194390922427,194390953661,31234,1247,8388608
Uring,throughput,0,4,16,0,0,194390925801,194391199431,273629,53,8388608
Uring,throughput,0,4,16,0,0,194390926655,194391198547,271891,19,8388608
Uring,throughput,0,4,16,0,0,194390927416,194392134357,1206940,17140,8388608
Uring,throughput,0,4,16,0,0,194390934549,194391206842,272293,1414,8388608
Uring,throughput,0,4,16,0,0,194390939702,194392022752,1083049,17,8388608
Uring,throughput,0,4,16,0,0,194390945625,194391030743,85118,58,8388608
Uring,throughput,0,4,16,0,0,194390945732,194392072872,1127140,3886,8388608
Uring,throughput,0,4,16,0,0,194390953667,194391038294,84627,17,8388608
Uring,throughput,0,4,16,0,0,194390957922,194390984359,26436,1132,8388608
Uring,throughput,0,4,16,0,0,194390958393,194392081338,1122945,11,8388608
Uring,throughput,0,4,16,0,0,194390960963,194391054210,93247,61,8388608
Uring,throughput,0,4,16,0,0,194390961088,194391033249,72161,15,8388608
Uring,throughput,0,4,16,0,0,194390961740,194392085345,1123604,4110,8388608
Uring,throughput,0,4,16,0,0,194390967544,194391030202,62658,2718,8388608
Uring,throughput,0,4,16,0,0,194390973917,194391223778,249861,997,8388608
Uring,throughput,0,4,16,0,0,194390976985,194391101403,124417,31,8388608
Uring,throughput,0,4,16,0,0,194390977934,194391007842,29907,14,8388608
Uring,throughput,0,4,16,0,0,194390978409,194391725065,746656,27,8388608
Uring,throughput,0,4,16,0,0,194390984365,194391071772,87406,86,8388608
Uring,throughput,0,4,16,0,0,194390990821,194391104765,113944,28,8388608
Uring,throughput,0,4,16,0,0,194390991316,194391116811,125494,13,8388608
Uring,throughput,0,4,16,0,0,194390993031,194391082643,89611,30,8388608
Uring,throughput,0,4,16,0,0,194391007850,194392107387,1099536,2179,8388608
Uring,throughput,0,4,16,0,0,194391009345,194391139253,129908,16,8388608
Uring,throughput,0,4,16,0,0,194391016282,194392042728,1026445,17,8388608
Uring,throughput,0,4,16,0,0,194391021912,194392087519,1065606,20,8388608
Uring,throughput,0,4,16,0,0,194391026195,194391249312,223117,4376,8388608
Uring,throughput,0,4,16,0,0,194391027936,194391077719,49783,90,8388608
Uring,throughput,0,4,16,0,0,194391030209,194391077725,47515,37,8388608
Uring,throughput,0,4,16,0,0,194391030751,194392111892,1081141,30,8388608
Uring,throughput,0,4,16,0,0,194391032837,194391107061,74223,1273,8388608
Uring,throughput,0,4,16,0,0,194391033254,194391262594,229339,16,8388608
Uring,throughput,0,4,16,0,0,194391038301,194391114760,76459,18,8388608
Uring,throughput,0,4,16,0,0,194391038486,194392112206,1073719,18,8388608
Uring,throughput,0,4,16,0,0,194391048903,194391194027,145124,19,8388608
Uring,throughput,0,4,16,0,0,194391054217,194391848218,794000,4260,8388608
Uring,throughput,0,4,16,0,0,194391060276,194391116728,56451,73,8388608
Uring,throughput,0,4,16,0,0,194391071780,194391186471,114690,41,8388608
Uring,throughput,0,4,16,0,0,194391077726,194391193193,115467,20,8388608
Uring,throughput,0,4,16,0,0,194391077731,194391189657,111925,32,8388608
Uring,throughput,0,4,16,0,0,194391082650,194391290409,207759,22,8388608
Uring,throughput,0,4,16,0,0,194391101411,194391124110,22698,26,8388608
Uring,throughput,0,4,16,0,0,194391104773,194391135925,31152,1672,8388608
Uring,throughput,0,4,16,0,0,194391107069,194391301314,194244,22,8388608
Uring,throughput,0,4,16,0,0,194391111028,194391393048,282020,434,8388608
Uring,throughput,0,4,16,0,0,194391111034,194392153824,1042789,20,8388608
Uring,throughput,0,4,16,0,0,194391114769,194391201777,87008,1714,8388608
Uring,throughput,0,4,16,0,0,194391116732,194392361829,1245096,11,8388608
Uring,throughput,0,4,16,0,0,194391116819,194391208297,91478,290,8388608
Uring,throughput,0,4,16,0,0,194391124117,194392173107,1048989,3331,8388608
Uring,throughput,0,4,16,0,0,194391127409,194391318065,190656,47,8388608
Uring,throughput,0,4,16,0,0,194391129376,194392177558,1048181,276,8388608
Uring,throughput,0,4,16,0,0,194391135930,194391152641,16711,16,8388608
Uring,throughput,0,4,16,0,0,194391139256,194391179743,40487,309,8388608
Uring,throughput,0,4,16,0,0,194391141312,194392182391,1041079,3818,8388608
Uring,throughput,0,4,16,0,0,194391142624,194391343099,200474,57,8388608
Uring,throughput,0,4,16,0,0,194391149081,194391189599,40518,19,8388608
Uring,throughput,0,4,16,0,0,194391152646,194391185199,32552,16,8388608
Uring,throughput,0,4,16,0,0,194391170651,194391345253,174601,44,8388608
Uring,throughput,0,4,16,0,0,194391179750,194391330080,150330,19,8388608
Uring,throughput,0,4,16,0,0,194391180855,194392006537,825681,18,8388608
Uring,throughput,0,4,16,0,0,194391185029,194391358143,173114,82,8388608
Uring,throughput,0,4,16,0,0,194391185203,194391384566,199362,2898,8388608
Uring,throughput,0,4,16,0,0,194391186476,194391335551,149075,413,8388608
Uring,throughput,0,4,16,0,0,194391188150,194392203263,1015113,80,8388608
Uring,throughput,0,4,16,0,0,194391189604,194391226803,37198,15,8388608
Uring,throughput,0,4,16,0,0,194391189664,194391243672,54007,301,8388608
Uring,throughput,0,4,16,0,0,194391192271,194392173497,981226,18,8388608
Uring,throughput,0,4,16,0,0,194391193196,194391341363,148167,257,8388608
Uring,throughput,0,4,16,0,0,194391194036,194391226223,32186,54,8388608
Uring,throughput,0,4,16,0,0,194391198556,194391377075,178518,2272,8388608
Uring,throughput,0,4,16,0,0,194391199437,194391249990,50553,950,8388608
Uring,throughput,0,4,16,0,0,194391201784,194391242912,41128,34,8388608
Uring,throughput,0,4,16,0,0,194391206850,194392209859,1003008,20,8388608
Uring,throughput,0,4,16,0,0,194391208300,194391355957,147656,11,8388608
Uring,throughput,0,4,16,0,0,194391223788,194391444197,220408,27,8388608
Uring,throughput,0,4,16,0,0,194391226233,194391300075,73842,1831,8388608
Uring,throughput,0,4,16,0,0,194391226809,194391289734,62924,1018,8388608
Uring,throughput,0,4,16,0,0,194391242918,194391271556,28637,13,8388608
Uring,throughput,0,4,16,0,0,194391243674,194391414413,170739,16,8388608
Uring,throughput,0,4,16,0,0,194391249320,194392247248,997927,24,8388608
Uring,throughput,0,4,16,0,0,194391249995,194391277389,27394,96,8388608
Uring,throughput,0,4,16,0,0,194391255391,194391305091,49700,22,8388608
Uring,throughput,0,4,16,0,0,194391262599,194391486603,224003,1892,8388608
Uring,throughput,0,4,16,0,0,194391271563,194392273704,1002141,989,8388608
Uring,throughput,0,4,16,0,0,194391277397,194391297366,19968,26,8388608
Uring,throughput,0,4,16,0,0,194391289743,194391470365,180621,38,8388608
Uring,throughput,0,4,16,0,0,194391290418,194391316965,26547,268,8388608
Uring,throughput,0,4,16,0,0,194391297371,194391335658,38286,1343,8388608
Uring,throughput,0,4,16,0,0,194391300082,194391377608,77526,92,8388608
Uring,throughput,0,4,16,0,0,194391301317,194391473669,172352,58,8388608
Uring,throughput,0,4,16,0,0,194391305095,194391504426,199331,4472,8388608
Uring,throughput,0,4,16,0,0,194391309412,194391604110,294698,172,8388608
Uring,throughput,0,4,16,0,0,194391316973,194391331945,14971,18,8388608
Uring,throughput,0,4,16,0,0,194391317653,194391416377,98723,3119,8388608
Uring,throughput,0,4,16,0,0,194391318075,194391438065,119990,270,8388608
Uring,throughput,0,4,16,0,0,194391330088,194391393593,63504,36,8388608
Uring,throughput,0,4,16,0,0,194391331953,194391379345,47391,19,8388608
Uring,throughput,0,4,16,0,0,194391335560,194391438241,102681,23,8388608
Uring,throughput,0,4,16,0,0,194391335659,194391394489,58829,9,8388608
Uring,throughput,0,4,16,0,0,194391341371,194391491261,149889,56,8388608
Uring,throughput,0,4,16,0,0,194391343106,194391416198,73091,30,8388608
Uring,throughput,0,4,16,0,0,194391345264,194392306765,961500,2708,8388608
Uring,throughput,0,4,16,0,0,194391351469,194391400392,48922,20,8388608
Uring,throughput,0,4,16,0,0,194391355967,194391843853,487885,25,8388608
Uring,throughput,0,4,16,0,0,194391358152,194391439044,80892,113,8388608
Uring,throughput,0,4,16,0,0,194391371967,194391442399,70432,3281,8388608
Uring,throughput,0,4,16,0,0,194391373988,194391535061,161073,1141,8388608
Uring,throughput,0,4,16,0,0,194391377082,194391525136,148053,27,8388608
Uring,throughput,0,4,16,0,0,194391377108,194392328205,951097,4133,8388608
Uring,throughput,0,4,16,0,0,194391377615,194391881423,503808,21,8388608
Uring,throughput,0,4,16,0,0,194391379353,194391440711,61358,519,8388608
Uring,throughput,0,4,16,0,0,194391384571,194391448302,63730,13,8388608
Uring,throughput,0,4,16,0,0,194391393056,194391509074,116017,94,8388608
Uring,throughput,0,4,16,0,0,194391393597,194391602535,208937,3958,8388608
Uring,throughput,0,4,16,0,0,194391394497,194391442545,48048,24,8388608
Uring,throughput,0,4,16,0,0,194391400397,194391492171,91773,12,8388608
Uring,throughput,0,4,16,0,0,194391403425,194391565881,162456,16,8388608
Uring,throughput,0,4,16,0,0,194391414420,194391519876,105456,16,8388608
Uring,throughput,0,4,16,0,0,194391416205,194391506029,89823,3088,8388608
Uring,throughput,0,4,16,0,0,194391416384,194391533016,116632,22,8388608
Uring,throughput,0,4,16,0,0,194391438073,194391479370,41296,18,8388608
Uring,throughput,0,4,16,0,0,194391438248,194391484141,45892,33,8388608
Uring,throughput,0,4,16,0,0,194391439048,194391530188,91139,1914,8388608
Uring,throughput,0,4,16,0,0,194391440718,194392115268,674550,27,8388608
Uring,throughput,0,4,16,0,0,194391442408,194391558198,115789,46,8388608
Uring,throughput,0,4,16,0,0,194391442547,194391629488,186940,386,8388608
Uring,throughput,0,4,16,0,0,194391444201,194391546632,102431,16,8388608
Uring,throughput,0,4,16,0,0,194391448310,194391600469,152158,21,8388608
Uring,throughput,0,4,16,0,0,194391449096,194391617244,168148,2239,8388608
Uring,throughput,0,4,16,0,0,194391469024,194391597823,128799,23,8388608
Uring,throughput,0,4,16,0,0,194391470372,194392134843,664471,34,8388608
Uring,throughput,0,4,16,0,0,194391473676,194392379419,905742,2431,8388608
Uring,throughput,0,4,16,0,0,194391479378,194391624364,144985,15,8388608
Uring,throughput,0,4,16,0,0,194391484145,194391618693,134548,2301,8388608
Uring,throughput,0,4,16,0,0,194391486605,194391632651,146045,49,8388608
Uring,throughput,0,4,16,0,0,194391491266,194391597147,105881,14,8388608
Uring,throughput,0,4,16,0,0,194391492174,194391552300,60125,3018,8388608
Uring,throughput,0,4,16,0,0,194391500340,194391655912,155571,4171,8388608
Uring,throughput,0,4,16,0,0,194391504431,194392404922,900490,14,8388608
Uring,throughput,0,4,16,0,0,194391506036,194391539205,33168,22,8388608
Uring,throughput,0,4,16,0,0,194391509082,194391616352,107270,88,8388608
Uring,throughput,0,4,16,0,0,194391519883,194391614892,95009,2353,8388608
Uring,throughput,0,4,16,0,0,194391525144,194391611524,86380,20,8388608
Uring,throughput,0,4,16,0,0,194391530195,194391563593,33397,29,8388608
Uring,throughput,0,4,16,0,0,194391533025,194391643775,110749,21,8388608
Uring,throughput,0,4,16,0,0,194391535070,194391649734,114663,33,8388608
Uring,throughput,0,4,16,0,0,194391539211,194391635929,96718,49,8388608
Uring,throughput,0,4,16,0,0,194391546640,194392534520,987879,676,8388608
Uring,throughput,0,4,16,0,0,194391552308,194391592351,40042,20,8388608
Uring,throughput,0,4,16,0,0,194391558206,194391593331,35124,16,8388608
Uring,throughput,0,4,16,0,0,194391563599,194391620144,56545,16,8388608
Uring,throughput,0,4,16,0,0,194391565888,194391696061,130172,2449,8388608
Uring,throughput,0,4,16,0,0,194391575941,194392449956,874015,29,8388608
Uring,throughput,0,4,16,0,0,194391590252,194391661067,70814,393,8388608
Uring,throughput,0,4,16,0,0,194391592359,194391747610,155250,18,8388608
Uring,throughput,0,4,16,0,0,194391593339,194391767302,173962,2800,8388608
Uring,throughput,0,4,16,0,0,194391597154,194391698459,101305,1539,8388608
Uring,throughput,0,4,16,0,0,194391597831,194391627430,29598,17,8388608
Uring,throughput,0,4,16,0,0,194391600475,194392294639,694164,2154,8388608
Uring,throughput,0,4,16,0,0,194391602539,194391865295,262756,94,8388608
Uring,throughput,0,4,16,0,0,194391604143,194392463899,859755,456,8388608
Uring,throughput,0,4,16,0,0,194391607663,194392466457,858794,20,8388608
Uring,throughput,0,4,16,0,0,194391611532,194391682971,71439,2572,8388608
Uring,throughput,0,4,16,0,0,194391614900,194391690619,75719,31,8388608
Uring,throughput,0,4,16,0,0,194391616358,194391669173,52814,2157,8388608
Uring,throughput,0,4,16,0,0,194391617251,194391801143,183891,22,8388608
Uring,throughput,0,4,16,0,0,194391618701,194391752141,133440,143,8388608
Uring,throughput,0,4,16,0,0,194391620150,194392484582,864432,4377,8388608
Uring,throughput,0,4,16,0,0,194391624387,194391899723,275336,3872,8388608
Uring,throughput,0,4,16,0,0,194391627435,194391815447,188011,829,8388608
Uring,throughput,0,4,16,0,0,194391629493,194391667081,37587,37,8388608
Uring,throughput,0,4,16,0,0,194391632655,194391841267,208611,38,8388608
Uring,throughput,0,4,16,0,0,194391635934,194391710154,74220,1587,8388608
Uring,throughput,0,4,16,0,0,194391638594,194392464809,826214,18,8388608
Uring,throughput,0,4,16,0,0,194391643783,194391856090,212306,1814,8388608
Uring,throughput,0,4,16,0,0,194391649741,194391846723,196982,24,8388608
Uring,throughput,0,4,16,0,0,194391655921,194391772986,117065,71,8388608
Uring,throughput,0,4,16,0,0,194391661074,194391793738,132664,18,8388608
Uring,throughput,0,4,16,0,0,194391667089,194391773080,105990,28,8388608
Uring,throughput,0,4,16,0,0,194391669178,194391701538,32360,29,8388608
Uring,throughput,0,4,16,0,0,194391678164,194391871062,192898,40,8388608
Uring,throughput,0,4,16,0,0,194391682979,194391745323,62343,43,8388608
Uring,throughput,0,4,16,0,0,194391690627,194391839528,148901,23,8388608
Uring,throughput,0,4,16,0,0,194391696070,194391732862,36792,24,8388608
Uring,throughput,0,4,16,0,0,194391698464,194391741154,42689,19,8388608
Uring,throughput,0,4,16,0,0,194391701545,194391734600,33055,22,8388608
Uring,throughput,0,4,16,0,0,194391710161,194391794183,84022,22,8388608
Uring,throughput,0,4,16,0,0,194391725074,194391845777,120703,19,8388608
Uring,throughput,0,4,16,0,0,194391732869,194391756339,23469,15,8388608
Uring,throughput,0,4,16,0,0,194391734606,194391865731,131125,2083,8388608
Uring,throughput,0,4,16,0,0,194391741161,194391794497,53336,20,8388608
Uring,throughput,0,4,16,0,0,194391745330,194391852150,106820,153,8388608
Uring,throughput,0,4,16,0,0,194391747616,194391804091,56474,1114,8388608
Uring,throughput,0,4,16,0,0,194391752149,194391888348,136198,28,8388608
Uring,throughput,0,4,16,0,0,194391756345,194391842119,85774,1355,8388608
Uring,throughput,0,4,16,0,0,194391767307,194391890487,123179,31,8388608
Uring,throughput,0,4,16,0,0,194391773031,194391876217,103185,3964,8388608
Uring,throughput,0,4,16,0,0,194391773081,194391898785,125704,4197,8388608
Uring,throughput,0,4,16,0,0,194391793744,194392595518,801773,39,8388608
Uring,throughput,0,4,16,0,0,194391794190,194391836152,41962,32,8388608
Uring,throughput,0,4,16,0,0,194391794499,194391926952,132453,2026,8388608
Uring,throughput,0,4,16,0,0,194391801149,194391847226,46076,13,8388608
Uring,throughput,0,4,16,0,0,194391804100,194391851213,47113,29,8388608
Uring,throughput,0,4,16,0,0,194391815455,194392613881,798426,15,8388608
Uring,throughput,0,4,16,0,0,194391836160,194392626400,790240,2961,8388608
Uring,throughput,0,4,16,0,0,194391839536,194391896357,56821,2746,8388608
Uring,throughput,0,4,16,0,0,194391841274,194392583154,741879,5439,8388608
Uring,throughput,0,4,16,0,0,194391842128,194391919065,76937,157,8388608
Uring,throughput,0,4,16,0,0,194391843860,194391934843,90983,807,8388608
Uring,throughput,0,4,16,0,0,194391845785,194392578716,732931,4287,8388608
Uring,throughput,0,4,16,0,0,194391846728,194391917489,70761,1517,8388608
Uring,throughput,0,4,16,0,0,194391847232,194391880486,33254,1234,8388608
Uring,throughput,0,4,16,0,0,194391848222,194392016638,168415,42,8388608
Uring,throughput,0,4,16,0,0,194391851218,194391955498,104280,12,8388608
Uring,throughput,0,4,16,0,0,194391852159,194392640066,787906,2906,8388608
Uring,throughput,0,4,16,0,0,194391855102,194392014972,159869,11,8388608
Uring,throughput,0,4,16,0,0,194391856098,194391987411,131312,21,8388608
Uring,throughput,0,4,16,0,0,194391865301,194391931190,65889,80,8388608
Uring,throughput,0,4,16,0,0,194391865738,194391947764,82025,19,8388608
Uring,throughput,0,4,16,0,0,194391871070,194391927560,56490,2815,8388608
Uring,throughput,0,4,16,0,0,194391876280,194391966107,89826,2336,8388608
Uring,throughput,0,4,16,0,0,194391880492,194391915449,34956,39,8388608
Uring,throughput,0,4,16,0,0,194391881427,194392132746,251319,286,8388608
Uring,throughput,0,4,16,0,0,194391888355,194392652681,764326,2150,8388608
Uring,throughput,0,4,16,0,0,194391890490,194392009579,119088,80,8388608
Uring,throughput,0,4,16,0,0,194391896363,194391981704,85341,33,8388608
Uring,throughput,0,4,16,0,0,194391898792,194392015533,116740,20,8388608
Uring,throughput,0,4,16,0,0,194391899731,194392097084,197352,16,8388608
Uring,throughput,0,4,16,0,0,194391905904,194392038956,133051,21,8388608
Uring,throughput,0,4,16,0,0,194391915456,194392659189,743733,17,8388608
Uring,throughput,0,4,16,0,0,194391917496,194392027794,110298,25,8388608
Uring,throughput,0,4,16,0,0,194391919074,194392663977,744902,23,8388608
Uring,throughput,0,4,16,0,0,194391926962,194391957970,31008,31,8388608
Uring,throughput,0,4,16,0,0,194391927567,194391976118,48551,16,8388608
Uring,throughput,0,4,16,0,0,194391931198,194392036867,105669,3587,8388608
Uring,throughput,0,4,16,0,0,194391934862,194391996501,61639,45,8388608
Uring,throughput,0,4,16,0,0,194391936062,194392015776,79713,19,8388608
Uring,throughput,0,4,16,0,0,194391947772,194391986262,38490,21,8388608
Uring,throughput,0,4,16,0,0,194391952317,194392275712,323395,24,8388608
Uring,throughput,0,4,16,0,0,194391955504,194392688442,732938,2809,8388608
Uring,throughput,0,4,16,0,0,194391957977,194392004659,46682,16,8388608
Uring,throughput,0,4,16,0,0,194391966141,194392045691,79549,18,8388608
Uring,throughput,0,4,16,0,0,194391976127,194392695166,719039,24,8388608
Uring,throughput,0,4,16,0,0,194391981711,194392027701,45990,16,8388608
Uring,throughput,0,4,16,0,0,194391986268,194392151361,165092,3222,8388608
Uring,throughput,0,4,16,0,0,194391987419,194392024695,37275,19,8388608
Uring,throughput,0,4,16,0,0,194391989478,194392075950,86471,139,8388608
Uring,throughput,0,4,16,0,0,194391996509,194392047949,51440,19,8388608
Uring,throughput,0,4,16,0,0,194392004667,194392220433,215766,1529,8388608
Uring,throughput,0,4,16,0,0,194392006543,194392708966,702422,3009,8388608
Uring,throughput,0,4,16,0,0,194392009584,194392702962,693377,5308,8388608
Uring,throughput,0,4,16,0,0,194392014979,194392272190,257210,739,8388608
Uring,throughput,0,4,16,0,0,194392015540,194392085266,69726,26,8388608
Uring,throughput,0,4,16,0,0,194392015779,194392713386,697607,5009,8388608
Uring,throughput,0,4,16,0,0,194392016644,194392291545,274901,35,8388608
Uring,throughput,0,4,16,0,0,194392022760,194392694937,672176,30,8388608
Uring,throughput,0,4,16,0,0,194392024699,194392075103,50403,659,8388608
Uring,throughput,0,4,16,0,0,194392027709,194392066185,38476,1162,8388608
Uring,throughput,0,4,16,0,0,194392027803,194392495331,467528,29,8388608
Uring,throughput,0,4,16,0,0,194392036875,194392740095,703219,35,8388608
Uring,throughput,0,4,16,0,0,194392038965,194392110472,71506,702,8388608
Uring,throughput,0,4,16,0,0,194392042736,194392910819,868083,3491,8388608
Uring,throughput,0,4,16,0,0,194392045697,194392145761,100064,14,8388608
Uring,throughput,0,4,16,0,0,194392047955,194392966945,918990,5791,8388608
Uring,throughput,0,4,16,0,0,194392052753,194392240393,187639,15,8388608
Uring,throughput,0,4,16,0,0,194392066233,194392111494,45261,38,8388608
Uring,throughput,0,4,16,0,0,194392072880,194392376449,303568,20,8388608
Uring,throughput,0,4,16,0,0,194392075109,194392244164,169054,14,8388608
Uring,throughput,0,4,16,0,0,194392075955,194392132751,56796,79,8388608
Uring,throughput,0,4,16,0,0,194392081343,194392175535,94192,1360,8388608
Uring,throughput,0,4,16,0,0,194392085271,194392312405,227133,890,8388608
Uring,throughput,0,4,16,0,0,194392085353,194392805438,720085,19,8388608
Uring,throughput,0,4,16,0,0,194392087527,194392159253,71725,1539,8388608
Uring,throughput,0,4,16,0,0,194392097091,194392240439,143348,14,8388608
Uring,throughput,0,4,16,0,0,194392107394,194392201861,94467,19,8388608
Uring,throughput,0,4,16,0,0,194392110479,194392868995,758515,55,8388608
Uring,throughput,0,4,16,0,0,194392111502,194392298876,187374,23,8388608
Uring,throughput,0,4,16,0,0,194392111898,194392173451,61552,588,8388608
Uring,throughput,0,4,16,0,0,194392112215,194392843246,731030,82,8388608
Uring,throughput,0,4,16,0,0,194392115274,194392257302,142027,14,8388608
Uring,throughput,0,4,16,0,0,194392132754,194392230605,97851,18,8388608
Uring,throughput,0,4,16,0,0,194392132758,194392272266,139507,646,8388608
Uring,throughput,0,4,16,0,0,194392134365,194392882389,748024,60,8388608
Uring,throughput,0,4,16,0,0,194392134849,194392213468,78619,2574,8388608
Uring,throughput,0,4,16,0,0,194392145769,194392212879,67110,2299,8388608
Uring,throughput,0,4,16,0,0,194392151369,194392212592,61223,16,8388608
Uring,throughput,0,4,16,0,0,194392153833,194392905215,751382,18,8388608
Uring,throughput,0,4,16,0,0,194392159261,194392909051,749790,20,8388608
Uring,throughput,0,4,16,0,0,194392173116,194392908759,735642,34,8388608
Uring,throughput,0,4,16,0,0,194392173454,194392239076,65621,20,8388608
Uring,throughput,0,4,16,0,0,194392173498,194392913229,739730,7,8388608
Uring,throughput,0,4,16,0,0,194392175540,194392212575,37034,20,8388608
Uring,throughput,0,4,16,0,0,194392177566,194392346263,168697,22,8388608
Uring,throughput,0,4,16,0,0,194392182398,194392924414,742016,23,8388608
Uring,throughput,0,4,16,0,0,194392201869,194392255732,53862,19,8388608
Uring,throughput,0,4,16,0,0,194392203289,194392277094,73805,1423,8388608
Uring,throughput,0,4,16,0,0,194392209866,194392490040,280173,17,8388608
Uring,throughput,0,4,16,0,0,194392212581,194392339298,126716,17,8388608
Uring,throughput,0,4,16,0,0,194392212598,194392399668,187070,34,8388608
Uring,throughput,0,4,16,0,0,194392212881,194392404881,192000,23,8388608
Uring,throughput,0,4,16,0,0,194392213469,194392244670,31200,8,8388608
Uring,throughput,0,4,16,0,0,194392220444,194392357223,136779,30,8388608
Uring,throughput,0,4,16,0,0,194392230612,194392304529,73917,43,8388608
Uring,throughput,0,4,16,0,0,194392239085,194392527136,288051,28,8388608
Uring,throughput,0,4,16,0,0,194392240401,194392272215,31813,1845,8388608
Uring,throughput,0,4,16,0,0,194392240446,194392565736,325289,5741,8388608
Uring,throughput,0,4,16,0,0,194392244172,194392295073,50900,45,8388608
Uring,throughput,0,4,16,0,0,194392244676,194392526939,282263,18,8388608
Uring,throughput,0,4,16,0,0,194392247257,194392401960,154702,16,8388608
Uring,throughput,0,4,16,0,0,194392255739,194392320829,65089,2402,8388608
Uring,throughput,0,4,16,0,0,194392257308,194392597303,339994,5082,8388608
Uring,throughput,0,4,16,0,0,194392272204,194392593778,321574,57,8388608
Uring,throughput,0,4,16,0,0,194392272222,194392379666,107443,38,8388608
Uring,throughput,0,4,16,0,0,194392272267,194392580531,308263,18,8388608
Uring,throughput,0,4,16,0,0,194392273712,194392601528,327815,17,8388608
Uring,throughput,0,4,16,0,0,194392275717,194392826035,550317,12,8388608
Uring,throughput,0,4,16,0,0,194392277100,194392308337,31236,35,8388608
Uring,throughput,0,4,16,0,0,194392291553,194392505678,214125,3227,8388608
Uring,throughput,0,4,16,0,0,194392294644,194392507139,212495,161,8388608
Uring,throughput,0,4,16,0,0,194392295076,194392421725,126649,3329,8388608
Uring,throughput,0,4,16,0,0,194392298885,194392345886,47001,2377,8388608
Uring,throughput,0,4,16,0,0,194392304534,194392657270,352736,620,8388608
Uring,throughput,0,4,16,0,0,194392306772,194392354048,47275,30,8388608
Uring,throughput,0,4,16,0,0,194392308371,194392336436,28064,124,8388608
Uring,throughput,0,4,16,0,0,194392312413,194392459916,147502,24,8388608
Uring,throughput,0,4,16,0,0,194392320836,194392408130,87293,16,8388608
Uring,throughput,0,4,16,0,0,194392328212,194393025087,696874,15,8388608
Uring,throughput,0,4,16,0,0,194392336443,194393030456,694012,3039,8388608
Uring,throughput,0,4,16,0,0,194392339304,194393029951,690646,3694,8388608
Uring,throughput,0,4,16,0,0,194392345914,194392368643,22728,14,8388608
Uring,throughput,0,4,16,0,0,194392346265,194392457965,111700,8,8388608
Uring,throughput,0,4,16,0,0,194392354054,194392399442,45387,53,8388608
Uring,throughput,0,4,16,0,0,194392357230,194392489223,131993,23,8388608
Uring,throughput,0,4,16,0,0,194392361835,194393045487,683652,1769,8388608
Uring,throughput,0,4,16,0,0,194392368646,194392394590,25944,11,8388608
Uring,throughput,0,4,16,0,0,194392376457,194393468669,1092212,24,8388608
Uring,throughput,0,4,16,0,0,194392379426,194392644326,264899,35,8388608
Uring,throughput,0,4,16,0,0,194392379673,194392662294,282621,40,8388608
Uring,throughput,0,4,16,0,0,194392394598,194392418252,23654,542,8388608
Uring,throughput,0,4,16,0,0,194392399451,194392536369,136918,622,8388608
Uring,throughput,0,4,16,0,0,194392399671,194392430847,31176,381,8388608
Uring,throughput,0,4,16,0,0,194392401966,194392461156,59190,1381,8388608
Uring,throughput,0,4,16,0,0,194392404889,194392454515,49625,18,8388608
Uring,throughput,0,4,16,0,0,194392404930,194392529261,124330,26,8388608
Uring,throughput,0,4,16,0,0,194392408135,194393066410,658274,12,8388608
Uring,throughput,0,4,16,0,0,194392418259,194392436511,18251,18,8388608
Uring,throughput,0,4,16,0,0,194392421733,194392734803,313069,22,8388608
Uring,throughput,0,4,16,0,0,194392430855,194392459423,28567,31,8388608
Uring,throughput,0,4,16,0,0,194392436518,194392456182,19664,22,8388608
Uring,throughput,0,4,16,0,0,194392449963,194392813480,363516,1869,8388608
Uring,throughput,0,4,16,0,0,194392454523,194392495415,40892,1623,8388608
Uring,throughput,0,4,16,0,0,194392456186,194393077673,621486,1350,8388608
Uring,throughput,0,4,16,0,0,194392457971,194393033638,575666,2764,8388608
Uring,throughput,0,4,16,0,0,194392459427,194392499099,39672,13,8388608
Uring,throughput,0,4,16,0,0,194392459919,194392509936,50017,10,8388608
Uring,throughput,0,4,16,0,0,194392461165,194392501802,40636,22,8388608
Uring,throughput,0,4,16,0,0,194392463907,194392752902,288995,22,8388608
Uring,throughput,0,4,16,0,0,194392464816,194393082413,617596,17,8388608
Uring,throughput,0,4,16,0,0,194392466466,194393070123,603657,24,8388608
Uring,throughput,0,4,16,0,0,194392484589,194392881583,396993,17,8388608
Uring,throughput,0,4,16,0,0,194392489230,194392537787,48557,1106,8388608
Uring,throughput,0,4,16,0,0,194392490044,194392852820,362775,3884,8388608
Uring,throughput,0,4,16,0,0,194392495342,194392565220,69877,2211,8388608
Uring,throughput,0,4,16,0,0,194392495416,194392523560,28143,12,8388608
Uring,throughput,0,4,16,0,0,194392499101,194392559587,60486,958,8388608
Uring,throughput,0,4,16,0,0,194392501808,194392746361,244552,18,8388608
Uring,throughput,0,4,16,0,0,194392505681,194392710884,205202,13,8388608
Uring,throughput,0,4,16,0,0,194392507142,194392758412,251269,21,8388608
Uring,throughput,0,4,16,0,0,194392509939,194393111988,602048,338,8388608
Uring,throughput,0,4,16,0,0,194392523567,194393132985,609417,77,8388608
Uring,throughput,0,4,16,0,0,194392526944,194392630434,103489,749,8388608
Uring,throughput,0,4,16,0,0,194392527142,194392880132,352989,1687,8388608
Uring,throughput,0,4,16,0,0,194392529266,194392596304,67037,1086,8388608
Uring,throughput,0,4,16,0,0,194392534527,194392656381,121854,38,8388608
Uring,throughput,0,4,16,0,0,194392536377,194392636820,100443,52,8388608
Uring,throughput,0,4,16,0,0,194392537793,194392638761,100968,15,8388608
Uring,throughput,0,4,16,0,0,194392559594,194392594134,34539,20,8388608
Uring,throughput,0,4,16,0,0,194392565226,194392594691,29464,24,8388608
Uring,throughput,0,4,16,0,0,194392565742,194392885915,320172,17,8388608
Uring,throughput,0,4,16,0,0,194392578725,194392636901,58176,15,8388608
Uring,throughput,0,4,16,0,0,194392580538,194393201387,620849,18,8388608
Uring,throughput,0,4,16,0,0,194392583163,194393203222,620058,68,8388608
Uring,throughput,0,4,16,0,0,194392593787,194392630436,36649,20,8388608
Uring,throughput,0,4,16,0,0,194392594142,194392864964,270821,21,8388608
Uring,throughput,0,4,16,0,0,194392594695,194392625314,30618,13,8388608
Uring,throughput,0,4,16,0,0,194392595521,194393221214,625692,1830,8388608
Uring,throughput,0,4,16,0,0,194392596309,194392631280,34970,18,8388608
Uring,throughput,0,4,16,0,0,194392597307,194393440641,843333,47,8388608
Uring,throughput,0,4,16,0,0,194392601537,194392943192,341655,28,8388608
Uring,throughput,0,4,16,0,0,194392613891,194392816650,202759,244,8388608
Uring,throughput,0,4,16,0,0,194392625319,194392791245,165925,6864,8388608
Uring,throughput,0,4,16,0,0,194392626408,194392700749,74340,19,8388608
Uring,throughput,0,4,16,0,0,194392630439,194392723438,92998,15,8388608
Uring,throughput,0,4,16,0,0,194392630444,194392704398,73953,460,8388608
Uring,throughput,0,4,16,0,0,194392631286,194392707668,76382,17,8388608
Uring,throughput,0,4,16,0,0,194392636827,194392745273,108445,23,8388608
Uring,throughput,0,4,16,0,0,194392636908,194393022333,385424,26,8388608
Uring,throughput,0,4,16,0,0,194392638767,194392705527,66759,60,8388608
Uring,throughput,0,4,16,0,0,194392640074,194392770120,130046,30,8388608
Uring,throughput,0,4,16,0,0,194392644334,194392786087,141752,72,8388608
Uring,throughput,0,4,16,0,0,194392652689,194392893950,241260,21,8388608
Uring,throughput,0,4,16,0,0,194392656385,194392718386,62001,13,8388608
Uring,throughput,0,4,16,0,0,194392657278,194392739850,82571,27,8388608
Uring,throughput,0,4,16,0,0,194392659262,194393249178,589916,1888,8388608
Uring,throughput,0,4,16,0,0,194392662301,194392723256,60955,15,8388608
Uring,throughput,0,4,16,0,0,194392663984,194392960211,296227,4233,8388608
Uring,throughput,0,4,16,0,0,194392688449,194392785362,96912,21,8388608
Uring,throughput,0,4,16,0,0,194392694950,194393284816,589866,925,8388608
Uring,throughput,0,4,16,0,0,194392695192,194393100903,405710,5717,8388608
Uring,throughput,0,4,16,0,0,194392700756,194393073997,373240,19,8388608
Uring,throughput,0,4,16,0,0,194392702969,194393019665,316695,19,8388608
Uring,throughput,0,4,16,0,0,194392704405,194392766910,62505,19,8388608
Uring,throughput,0,4,16,0,0,194392705531,194392790229,84697,3522,8388608
Uring,throughput,0,4,16,0,0,194392707674,194392800962,93287,3640,8388608
Uring,throughput,0,4,16,0,0,194392708974,194392925077,216103,178,8388608
Uring,throughput,0,4,16,0,0,194392710890,194392782180,71290,36,8388608
Uring,throughput,0,4,16,0,0,194392713396,194393002797,289401,60,8388608
Uring,throughput,0,4,16,0,0,194392718393,194393294910,576517,4589,8388608
Uring,throughput,0,4,16,0,0,194392723263,194392857677,134413,63,8388608
Uring,throughput,0,4,16,0,0,194392723438,194392788855,65416,8,8388608
Uring,throughput,0,4,16,0,0,194392734811,194392929914,195103,22,8388608
Uring,throughput,0,4,16,0,0,194392739858,194393054222,314363,18,8388608
Uring,throughput,0,4,16,0,0,194392740100,194393067988,327888,14,8388608
Uring,throughput,0,4,16,0,0,194392745281,194392936371,191090,2012,8388608
Uring,throughput,0,4,16,0,0,194392746367,194392980829,234461,8011,8388608
Uring,throughput,0,4,16,0,0,194392752912,194393286871,533959,21,8388608
Uring,throughput,0,4,16,0,0,194392758420,194393321897,563476,2715,8388608
Uring,throughput,0,4,16,0,0,194392766918,194392803909,36991,24,8388608
Uring,throughput,0,4,16,0,0,194392770127,194392968130,198003,31,8388608
Uring,throughput,0,4,16,0,0,194392782186,194392865373,83187,2104,8388608
Uring,throughput,0,4,16,0,0,194392785405,194392823859,38454,74,8388608
Uring,throughput,0,4,16,0,0,194392786092,194393126887,340794,655,8388608
Uring,throughput,0,4,16,0,0,194392788862,194392853782,64920,1173,8388608
Uring,throughput,0,4,16,0,0,194392790235,194393161505,371270,16,8388608
Uring,throughput,0,4,16,0,0,194392791254,194392842742,51488,32,8388608
Uring,throughput,0,4,16,0,0,194392800968,194392821531,20562,17,8388608
Uring,throughput,0,4,16,0,0,194392803917,194392849279,45362,389,8388608
Uring,throughput,0,4,16,0,0,194392805446,194393309594,504147,22,8388608
Uring,throughput,0,4,16,0,0,194392813488,194393116634,303146,19,8388608
Uring,throughput,0,4,16,0,0,194392816769,194392943266,126497,4010,8388608
Uring,throughput,0,4,16,0,0,194392821536,194393335271,513734,15,8388608
Uring,throughput,0,4,16,0,0,194392823864,194393265942,442077,241,8388608
Uring,throughput,0,4,16,0,0,194392826045,194392856311,30266,1200,8388608
Uring,throughput,0,4,16,0,0,194392842748,194393097439,254690,17,8388608
Uring,throughput,0,4,16,0,0,194392843248,194393129262,286013,7076,8388608
Uring,throughput,0,4,16,0,0,194392849288,194392879828,30540,25,8388608
Uring,throughput,0,4,16,0,0,194392852827,194392910165,57338,19,8388608
Uring,throughput,0,4,16,0,0,194392853791,194392900178,46386,23,8388608
Uring,throughput,0,4,16,0,0,194392856317,194393084876,228558,26,8388608
Uring,throughput,0,4,16,0,0,194392857683,194393043127,185444,18,8388608
Uring,throughput,0,4,16,0,0,194392864972,194393526623,661651,3967,8388608
Uring,throughput,0,4,16,0,0,194392865377,194392949397,84020,25,8388608
Uring,throughput,0,4,16,0,0,194392869018,194393204246,335227,40,8388608
Uring,throughput,0,4,16,0,0,194392879834,194392920296,40461,15,8388608
Uring,throughput,0,4,16,0,0,194392880134,194393346868,466734,9,8388608
Uring,throughput,0,4,16,0,0,194392881591,194393247828,366236,16,8388608
Uring,throughput,0,4,16,0,0,194392882394,194393363225,480831,39,8388608
Uring,throughput,0,4,16,0,0,194392885923,194392958176,72252,38,8388608
Uring,throughput,0,4,16,0,0,194392893971,194393891368,997397,22,8388608
Uring,throughput,0,4,16,0,0,194392900182,194393065991,165809,11,8388608
Uring,throughput,0,4,16,0,0,194392905222,194392962160,56938,951,8388608
Uring,throughput,0,4,16,0,0,194392908766,194393386184,477417,17,8388608
Uring,throughput,0,4,16,0,0,194392909053,194393111676,202622,12,8388608
Uring,throughput,0,4,16,0,0,194392910170,194393342940,432770,13,8388608
Uring,throughput,0,4,16,0,0,194392910827,194393408580,497753,18,8388608
Uring,throughput,0,4,16,0,0,194392913237,194392976066,62829,2320,8388608
Uring,throughput,0,4,16,0,0,194392920305,194393279670,359364,4883,8388608
Uring,throughput,0,4,16,0,0,194392924421,194393407241,482819,15,8388608
Uring,throughput,0,4,16,0,0,194392925083,194393353788,428705,18,8388608
Uring,throughput,0,4,16,0,0,194392929922,194393470294,540371,6149,8388608
Uring,throughput,0,4,16,0,0,194392936377,194393438094,501716,24,8388608
Uring,throughput,0,4,16,0,0,194392943207,194392978750,35543,1922,8388608
Uring,throughput,0,4,16,0,0,194392943372,194393078675,135302,45,8388608
Uring,throughput,0,4,16,0,0,194392949403,194393017341,67937,15,8388608
Uring,throughput,0,4,16,0,0,194392958182,194393017736,59554,25,8388608
Uring,throughput,0,4,16,0,0,194392960218,194393219945,259727,18,8388608
Uring,throughput,0,4,16,0,0,194392962167,194393347944,385776,16,8388608
Uring,throughput,0,4,16,0,0,194392966952,194393448079,481126,12,8388608
Uring,throughput,0,4,16,0,0,194392968133,194393034365,66232,3081,8388608
Uring,throughput,0,4,16,0,0,194392976073,194393203052,226978,17,8388608
Uring,throughput,0,4,16,0,0,194392978757,194393461649,482892,69,8388608
Uring,throughput,0,4,16,0,0,194392980837,194393430046,449209,20,8388608
Uring,throughput,0,4,16,0,0,194393002806,194393491112,488306,19,8388608
Uring,throughput,0,4,16,0,0,194393017349,194393096234,78884,322,8388608
Uring,throughput,0,4,16,0,0,194393017746,194393238781,221034,25,8388608
Uring,throughput,0,4,16,0,0,194393019671,194393653183,633512,111,8388608
Uring,throughput,0,4,16,0,0,194393022340,194393163527,141187,7094,8388608
Uring,throughput,0,4,16,0,0,194393025094,194393696978,671883,16,8388608
Uring,throughput,0,4,16,0,0,194393029959,194393137813,107854,24,8388608
Uring,throughput,0,4,16,0,0,194393030461,194393712208,681747,27,8388608
Uring,throughput,0,4,16,0,0,194393033647,194393064966,31319,23,8388608
Uring,throughput,0,4,16,0,0,194393034372,194393258350,223978,15,8388608
Uring,throughput,0,4,16,0,0,194393043135,194393119628,76493,12,8388608
Uring,throughput,0,4,16,0,0,194393045496,194393316927,271431,36,8388608
Uring,throughput,0,4,16,0,0,194393054233,194393740848,686615,836,8388608
Uring,throughput,0,4,16,0,0,194393064975,194393567471,502496,48,8388608
Uring,throughput,0,4,16,0,0,194393065998,194393811853,745855,1675,8388608
Uring,throughput,0,4,16,0,0,194393066415,194393295129,228714,7908,8388608
Uring,throughput,0,4,16,0,0,194393067995,194393286628,218632,1924,8388608
Uring,throughput,0,4,16,0,0,194393070128,194393597845,527717,4313,8388608
Uring,throughput,0,4,16,0,0,194393074051,194393167106,93055,4378,8388608
Uring,throughput,0,4,16,0,0,194393077701,194393164635,86933,21,8388608
Uring,throughput,0,4,16,0,0,194393078703,194393128984,50280,18,8388608
Uring,throughput,0,4,16,0,0,194393082423,194393998903,916480,3685,8388608
Uring,throughput,0,4,16,0,0,194393084882,194393605981,521099,16,8388608
Uring,throughput,0,4,16,0,0,194393096240,194393124913,28672,33,8388608
Uring,throughput,0,4,16,0,0,194393097447,194393874265,776817,1974,8388608
Uring,throughput,0,4,16,0,0,194393100911,194393615684,514773,26,8388608
Uring,throughput,0,4,16,0,0,194393111683,194393618331,506648,876,8388608
Uring,throughput,0,4,16,0,0,194393111996,194393329185,217188,52,8388608
Uring,throughput,0,4,16,0,0,194393116642,194393188818,72176,19,8388608
Uring,throughput,0,4,16,0,0,194393119654,194393161153,41498,38,8388608
Uring,throughput,0,4,16,0,0,194393124920,194393192818,67898,20,8388608
Uring,throughput,0,4,16,0,0,194393126895,194393198638,71743,17,8388608
Uring,throughput,0,4,16,0,0,194393128993,194393216813,87820,2383,8388608
Uring,throughput,0,4,16,0,0,194393129268,194393212965,83697,40,8388608
Uring,throughput,0,4,16,0,0,194393132993,194393961323,828330,3581,8388608
Uring,throughput,0,4,16,0,0,194393137850,194393626054,488203,30,8388608
Uring,throughput,0,4,16,0,0,194393161161,194393206735,45573,27,8388608
Uring,throughput,0,4,16,0,0,194393161508,194393956999,795491,13,8388608
Uring,throughput,0,4,16,0,0,194393163534,194393253035,89500,17,8388608
Uring,throughput,0,4,16,0,0,194393164643,194393640440,475796,39,8388608
Uring,throughput,0,4,16,0,0,194393167113,194393641818,474705,16,8388608
Uring,throughput,0,4,16,0,0,194393188827,194393650542,461714,6574,8388608
Uring,throughput,0,4,16,0,0,194393192825,194393294814,101988,2619,8388608
Uring,throughput,0,4,16,0,0,194393198645,194393225450,26804,16,8388608
Uring,throughput,0,4,16,0,0,194393201396,194393658743,457347,1892,8388608
Uring,throughput,0,4,16,0,0,194393203059,194393330955,127896,25,8388608
Uring,throughput,0,4,16,0,0,194393203229,194394089918,886689,84,8388608
Uring,throughput,0,4,16,0,0,194393204251,194393340162,135910,386,8388608
Uring,throughput,0,4,16,0,0,194393206739,194393265858,59118,12,8388608
Uring,throughput,0,4,16,0,0,194393212974,194393337327,124352,23,8388608
Uring,throughput,0,4,16,0,0,194393216820,194393369497,152676,39,8388608
Uring,throughput,0,4,16,0,0,194393219952,194393352400,132447,20,8388608
Uring,throughput,0,4,16,0,0,194393221221,194394133303,912082,18,8388608
Uring,throughput,0,4,16,0,0,194393225454,194393916981,691527,4595,8388608
Uring,throughput,0,4,16,0,0,194393238798,194393270560,31761,26,8388608
Uring,throughput,0,4,16,0,0,194393247836,194393503619,255783,2596,8388608
Uring,throughput,0,4,16,0,0,194393249186,194394169788,920602,19,8388608
Uring,throughput,0,4,16,0,0,194393253059,194393284108,31048,18,8388608
Uring,throughput,0,4,16,0,0,194393258356,194393435862,177505,16,8388608
Uring,throughput,0,4,16,0,0,194393265864,194393317700,51836,17,8388608
Uring,throughput,0,4,16,0,0,194393265948,194394182142,916194,21,8388608
Uring,throughput,0,4,16,0,0,194393270566,194393422487,151921,47,8388608
Uring,throughput,0,4,16,0,0,194393279677,194393373705,94027,22,8388608
Uring,throughput,0,4,16,0,0,194393284114,194393479442,195327,3181,8388608
Uring,throughput,0,4,16,0,0,194393284823,194393389885,105062,33,8388608
Uring,throughput,0,4,16,0,0,194393286633,194393449167,162533,19,8388608
Uring,throughput,0,4,16,0,0,194393286874,194393543800,256925,4465,8388608
Uring,throughput,0,4,16,0,0,194393294819,194394208979,914159,16,8388608
Uring,throughput,0,4,16,0,0,194393294940,194393694986,400046,117,8388608
Uring,throughput,0,4,16,0,0,194393295132,194393362610,67478,11,8388608
Uring,throughput,0,4,16,0,0,194393309601,194393452121,142519,1169,8388608
Uring,throughput,0,4,16,0,0,194393316935,194393724084,407148,22,8388608
Uring,throughput,0,4,16,0,0,194393317707,194393357952,40244,25,8388608
Uring,throughput,0,4,16,0,0,194393321905,194393367540,45635,22,8388608
Uring,throughput,0,4,16,0,0,194393329194,194393608883,279688,157,8388608
Uring,throughput,0,4,16,0,0,194393330963,194393734112,403148,3584,8388608
Uring,throughput,0,4,16,0,0,194393335278,194394617983,1282704,4591,8388608
Uring,throughput,0,4,16,0,0,194393337333,194393398716,61383,987,8388608
Uring,throughput,0,4,16,0,0,194393340169,194393453538,113368,16,8388608
Uring,throughput,0,4,16,0,0,194393343032,194394257856,914824,4161,8388608
Uring,throughput,0,4,16,0,0,194393346876,194394249040,902164,91,8388608
Uring,throughput,0,4,16,0,0,194393347950,194393459609,111658,26,8388608
Uring,throughput,0,4,16,0,0,194393352405,194393758187,405782,732,8388608
Uring,throughput,0,4,16,0,0,194393353793,194393548280,194487,2892,8388608
Uring,throughput,0,4,16,0,0,194393357959,194393456196,98237,38,8388608
Uring,throughput,0,4,16,0,0,194393362617,194393395323,32706,15,8388608
Uring,throughput,0,4,16,0,0,194393363233,194393481309,118076,1979,8388608
Uring,throughput,0,4,16,0,0,194393367547,194393419708,52161,39,8388608
Uring,throughput,0,4,16,0,0,194393369503,194393431724,62221,13,8388608
Uring,throughput,0,4,16,0,0,194393373711,194393463678,89967,15,8388608
Uring,throughput,0,4,16,0,0,194393386192,194394723155,1336962,10739,8388608
Uring,throughput,0,4,16,0,0,194393389892,194393415499,25607,46,8388608
Uring,throughput,0,4,16,0,0,194393395332,194393448844,53512,943,8388608
Uring,throughput,0,4,16,0,0,194393398743,194393507553,108809,21,8388608
Uring,throughput,0,4,16,0,0,194393407250,194394280703,873453,5669,8388608
Uring,throughput,0,4,16,0,0,194393408589,194394287658,879068,21,8388608
Uring,throughput,0,4,16,0,0,194393415506,194394297347,881841,2748,8388608
Uring,throughput,0,4,16,0,0,194393419714,194393496585,76871,3824,8388608
Uring,throughput,0,4,16,0,0,194393422494,194393501398,78903,30,8388608
Uring,throughput,0,4,16,0,0,194393430054,194393493754,63699,21,8388608
Uring,throughput,0,4,16,0,0,194393431731,194394304492,872761,669,8388608
Uring,throughput,0,4,16,0,0,194393435868,194393531853,95984,2246,8388608
Uring,throughput,0,4,16,0,0,194393438099,194393803640,365541,33,8388608
Uring,throughput,0,4,16,0,0,194393440646,194393587186,146540,15,8388608
Uring,throughput,0,4,16,0,0,194393448086,194393808457,360370,41,8388608
Uring,throughput,0,4,16,0,0,194393448851,194393516852,68000,18,8388608
Uring,throughput,0,4,16,0,0,194393449173,194394313143,863970,11,8388608
Uring,throughput,0,4,16,0,0,194393452128,194393811891,359763,102,8388608
Uring,throughput,0,4,16,0,0,194393453542,194393529660,76117,15,8388608
Uring,throughput,0,4,16,0,0,194393456198,194393524046,67847,11,8388608
Uring,throughput,0,4,16,0,0,194393459618,194393831579,371961,10624,8388608
Uring,throughput,0,4,16,0,0,194393461658,194393609303,147644,24,8388608
Uring,throughput,0,4,16,0,0,194393463683,194394345163,881479,3316,8388608
Uring,throughput,0,4,16,0,0,194393468676,194393557880,89203,3161,8388608
Uring,throughput,0,4,16,0,0,194393470301,194393576740,106438,168,8388608
Uring,throughput,0,4,16,0,0,194393479450,194394349897,870446,23,8388608
Uring,throughput,0,4,16,0,0,194393481315,194393522421,41105,16,8388608
Uring,throughput,0,4,16,0,0,194393491118,194394358234,867115,4228,8388608
Uring,throughput,0,4,16,0,0,194393493759,194394358790,865031,3005,8388608
Uring,throughput,0,4,16,0,0,194393496591,194393646434,149842,21,8388608
Uring,throughput,0,4,16,0,0,194393501424,194393534839,33414,15,8388608
Uring,throughput,0,4,16,0,0,194393503625,194393696388,192762,13,8388608
Uring,throughput,0,4,16,0,0,194393507557,194393641893,134335,20,8388608
Uring,throughput,0,4,16,0,0,194393516859,194393582377,65518,17,8388608
Uring,throughput,0,4,16,0,0,194393522427,194394365612,843185,33,8388608
Uring,throughput,0,4,16,0,0,194393524050,194393620140,96090,34,8388608
Uring,throughput,0,4,16,0,0,194393526628,194393683234,156605,12,8388608
Uring,throughput,0,4,16,0,0,194393529665,194393848399,318733,3794,8388608
Uring,throughput,0,4,16,0,0,194393531881,194393588768,56887,19,8388608
Uring,throughput,0,4,16,0,0,194393534845,194393567187,32341,13,8388608
Uring,throughput,0,4,16,0,0,194393543807,194393882389,338582,65,8388608
Uring,throughput,0,4,16,0,0,194393548288,194393605314,57026,22,8388608
Uring,throughput,0,4,16,0,0,194393557886,194393593869,35982,15,8388608
Uring,throughput,0,4,16,0,0,194393567191,194393628812,61621,19,8388608
Uring,throughput,0,4,16,0,0,194393567479,194394212936,645457,5457,8388608
Uring,throughput,0,4,16,0,0,194393576748,194394210411,633663,53,8388608
Uring,throughput,0,4,16,0,0,194393582384,194394387736,805351,5576,8388608
Uring,throughput,0,4,16,0,0,194393587192,194393670231,83039,966,8388608
Uring,throughput,0,4,16,0,0,194393588771,194393644197,55426,11,8388608
Uring,throughput,0,4,16,0,0,194393593896,194393625403,31507,19,8388608
Uring,throughput,0,4,16,0,0,194393597853,194393644686,46833,17,8388608
Uring,throughput,0,4,16,0,0,194393605323,194393661685,56362,23,8388608
Uring,throughput,0,4,16,0,0,194393605989,194394397552,791562,2845,8388608
Uring,throughput,0,4,16,0,0,194393608887,194393691853,82965,837,8388608
Uring,throughput,0,4,16,0,0,194393609362,194394397209,787847,1121,8388608
Uring,throughput,0,4,16,0,0,194393615690,194393895116,279425,17,8388608
Uring,throughput,0,4,16,0,0,194393618336,194394398520,780184,15,8388608
Uring,throughput,0,4,16,0,0,194393620143,194394398536,778392,15,8388608
Uring,throughput,0,4,16,0,0,194393625407,194394369596,744189,388,8388608
Uring,throughput,0,4,16,0,0,194393626061,194393721332,95270,2831,8388608
Uring,throughput,0,4,16,0,0,194393628820,194393701215,72394,35,8388608
Uring,throughput,0,4,16,0,0,194393640448,194394406312,765863,266,8388608
Uring,throughput,0,4,16,0,0,194393641848,194393939812,297963,32,8388608
Uring,throughput,0,4,16,0,0,194393641898,194393945662,303763,2067,8388608
Uring,throughput,0,4,16,0,0,194393644204,194393668453,24248,266,8388608
Uring,throughput,0,4,16,0,0,194393644695,194393685661,40965,21,8388608
Uring,throughput,0,4,16,0,0,194393646439,194393943852,297412,41,8388608
Uring,throughput,0,4,16,0,0,194393650549,194394406071,755522,22,8388608
Uring,throughput,0,4,16,0,0,194393653189,194393691656,38466,5591,8388608
Uring,throughput,0,4,16,0,0,194393658751,194393949136,290384,129,8388608
Uring,throughput,0,4,16,0,0,194393661693,194394413116,751423,440,8388608
Uring,throughput,0,4,16,0,0,194393668459,194393700308,31848,19,8388608
Uring,throughput,0,4,16,0,0,194393670236,194393952634,282398,10,8388608
Uring,throughput,0,4,16,0,0,194393683241,194393716710,33469,23,8388608
Uring,throughput,0,4,16,0,0,194393685669,194394417220,731550,5803,8388608
Uring,throughput,0,4,16,0,0,194393691663,194393735700,44037,131,8388608
Uring,throughput,0,4,16,0,0,194393691854,194393743488,51633,11,8388608
Uring,throughput,0,4,16,0,0,194393694994,194393970044,275050,216,8388608
Uring,throughput,0,4,16,0,0,194393696392,194393771107,74714,13,8388608
Uring,throughput,0,4,16,0,0,194393696980,194394424069,727089,4495,8388608
Uring,throughput,0,4,16,0,0,194393700316,194393972439,272122,27,8388608
Uring,throughput,0,4,16,0,0,194393701223,194394420561,719338,95,8388608
Uring,throughput,0,4,16,0,0,194393712216,194393811057,98840,46,8388608
Uring,throughput,0,4,16,0,0,194393716762,194393744704,27941,642,8388608
Uring,throughput,0,4,16,0,0,194393721338,194393768305,46966,16,8388608
Uring,throughput,0,4,16,0,0,194393724091,194393755912,31820,809,8388608
Uring,throughput,0,4,16,0,0,194393734120,194393980913,246793,69,8388608
Uring,throughput,0,4,16,0,0,194393735705,194393782818,47112,13,8388608
Uring,throughput,0,4,16,0,0,194393740858,194393969710,228852,42,8388608
Uring,throughput,0,4,16,0,0,194393743495,194393804053,60557,20,8388608
Uring,throughput,0,4,16,0,0,194393744706,194393772637,27930,12,8388608
Uring,throughput,0,4,16,0,0,194393755921,194393787926,32004,136,8388608
Uring,throughput,0,4,16,0,0,194393758195,194393799131,40935,47,8388608
Uring,throughput,0,4,16,0,0,194393768310,194393809339,41028,21,8388608
Uring,throughput,0,4,16,0,0,194393771113,194394443284,672170,1309,8388608
Uring,throughput,0,4,16,0,0,194393772644,194393800916,28271,13,8388608
Uring,throughput,0,4,16,0,0,194393782823,194393844170,61346,1791,8388608
Uring,throughput,0,4,16,0,0,194393787933,194393998980,211046,22,8388608
Uring,throughput,0,4,16,0,0,194393799138,194393861647,62508,25,8388608
Uring,throughput,0,4,16,0,0,194393800924,194393840480,39556,802,8388608
Uring,throughput,0,4,16,0,0,194393803648,194393862301,58652,1955,8388608
Uring,throughput,0,4,16,0,0,194393804059,194394438636,634576,1009,8388608
Uring,throughput,0,4,16,0,0,194393808467,194393833323,24856,900,8388608
Uring,throughput,0,4,16,0,0,194393809347,194393840555,31208,347,8388608
Uring,throughput,0,4,16,0,0,194393811062,194394020952,209890,468,8388608
Uring,throughput,0,4,16,0,0,194393811860,194393915180,103319,17,8388608
Uring,throughput,0,4,16,0,0,194393811900,194394457213,645312,18,8388608
Uring,throughput,0,4,16,0,0,194393831587,194394018774,187186,24,8388608
Uring,throughput,0,4,16,0,0,194393833326,194393857693,24366,31,8388608
Uring,throughput,0,4,16,0,0,194393840488,194393882376,41888,26,8388608
Uring,throughput,0,4,16,0,0,194393840558,194393873663,33105,40,8388608
Uring,throughput,0,4,16,0,0,194393844173,194394016906,172733,13,8388608
Uring,throughput,0,4,16,0,0,194393848402,194393927142,78739,14,8388608
Uring,throughput,0,4,16,0,0,194393857699,194393883502,25803,16,8388608
Uring,throughput,0,4,16,0,0,194393861652,194394474030,612377,4056,8388608
Uring,throughput,0,4,16,0,0,194393862307,194393901949,39641,33,8388608
Uring,throughput,0,4,16,0,0,194393873669,194393904549,30879,14,8388608
Uring,throughput,0,4,16,0,0,194393874269,194394478161,603892,28,8388608
Uring,throughput,0,4,16,0,0,194393882380,194393926588,44208,14,8388608
Uring,throughput,0,4,16,0,0,194393882390,194393912877,30486,10,8388608
Uring,throughput,0,4,16,0,0,194393883505,194393921417,37911,1291,8388608
Uring,throughput,0,4,16,0,0,194393891373,194394487475,596102,4472,8388608
Uring,throughput,0,4,16,0,0,194393895134,194394028915,133781,1408,8388608
Uring,throughput,0,4,16,0,0,194393901959,194393934611,32651,28,8388608
Uring,throughput,0,4,16,0,0,194393904556,194394031067,126511,1760,8388608
Uring,throughput,0,4,16,0,0,194393912883,194393940994,28110,883,8388608
Uring,throughput,0,4,16,0,0,194393915185,194394493129,577944,16,8388608
Uring,throughput,0,4,16,0,0,194393916989,194394493644,576654,36,8388608
Uring,throughput,0,4,16,0,0,194393921424,194394496098,574673,20,8388608
Uring,throughput,0,4,16,0,0,194393926594,194394034163,107569,359,8388608
Uring,throughput,0,4,16,0,0,194393927143,194394007827,80683,9,8388608
Uring,throughput,0,4,16,0,0,194393934618,194394499590,564971,5680,8388608
Uring,throughput,0,4,16,0,0,194393939818,194394501157,561339,1492,8388608
Uring,throughput,0,4,16,0,0,194393940998,194394096999,156001,40,8388608
Uring,throughput,0,4,16,0,0,194393943860,194393967263,23402,580,8388608
Uring,throughput,0,4,16,0,0,194393945670,194394139412,193742,20,8388608
Uring,throughput,0,4,16,0,0,194393949143,194394143603,194460,26,8388608
Uring,throughput,0,4,16,0,0,194393952643,194394084917,132274,26,8388608
Uring,throughput,0,4,16,0,0,194393957022,194394057827,100804,608,8388608
Uring,throughput,0,4,16,0,0,194393961333,194394479479,518145,17,8388608
Uring,throughput,0,4,16,0,0,194393967269,194393989711,22442,21,8388608
Uring,throughput,0,4,16,0,0,194393969719,194394539650,569931,22,8388608
Uring,throughput,0,4,16,0,0,194393970073,194394141706,171633,1753,8388608
Uring,throughput,0,4,16,0,0,194393972445,194394045029,72584,2158,8388608
Uring,throughput,0,4,16,0,0,194393980920,194394054126,73206,34,8388608
Uring,throughput,0,4,16,0,0,194393989719,194394015199,25479,26,8388608
Uring,throughput,0,4,16,0,0,194393998910,194394725327,726417,26,8388608
Uring,throughput,0,4,16,0,0,194393998988,194394071684,72696,1693,8388608
Uring,throughput,0,4,16,0,0,194394007835,194394568532,560697,3823,8388608
Uring,throughput,0,4,16,0,0,194394015204,194394137026,121822,2016,8388608
Uring,throughput,0,4,16,0,0,194394016913,194394571492,554578,12,8388608
Uring,throughput,0,4,16,0,0,194394018782,194394149192,130410,13,8388608
Uring,throughput,0,4,16,0,0,194394020962,194394651152,630189,64,8388608
Uring,throughput,0,4,16,0,0,194394028921,194394056984,28062,16,8388608
Uring,throughput,0,4,16,0,0,194394031075,194394059890,28815,38,8388608
Uring,throughput,0,4,16,0,0,194394034169,194394582498,548329,14,8388608
Uring,throughput,0,4,16,0,0,194394045038,194394089175,44136,23,8388608
Uring,throughput,0,4,16,0,0,194394054132,194394153544,99412,1763,8388608
Uring,throughput,0,4,16,0,0,194394056991,194394081499,24508,30,8388608
Uring,throughput,0,4,16,0,0,194394057831,194394093137,35306,15,8388608
Uring,throughput,0,4,16,0,0,194394059920,194394098496,38576,18,8388608
Uring,throughput,0,4,16,0,0,194394071693,194394097612,25918,22,8388608
Uring,throughput,0,4,16,0,0,194394081503,194394161316,79812,2789,8388608
Uring,throughput,0,4,16,0,0,194394084923,194394119828,34905,1050,8388608
Uring,throughput,0,4,16,0,0,194394089181,194394114999,25817,16,8388608
Uring,throughput,0,4,16,0,0,194394089924,194394167077,77153,1143,8388608
Uring,throughput,0,4,16,0,0,194394093140,194394118114,24973,25,8388608
Uring,throughput,0,4,16,0,0,194394097024,194394596265,499240,67,8388608
Uring,throughput,0,4,16,0,0,194394097613,194394597179,499565,24,8388608
Uring,throughput,0,4,16,0,0,194394098498,194394195874,97375,2185,8388608
Uring,throughput,0,4,16,0,0,194394115025,194394605224,490198,748,8388608
Uring,throughput,0,4,16,0,0,194394118121,194394264397,146276,1067,8388608
Uring,throughput,0,4,16,0,0,194394119835,194394139276,19441,76,8388608
Uring,throughput,0,4,16,0,0,194394133310,194394307225,173915,22,8388608
Uring,throughput,0,4,16,0,0,194394137031,194394279165,142134,13,8388608
Uring,throughput,0,4,16,0,0,194394139283,194394158209,18925,118,8388608
Uring,throughput,0,4,16,0,0,194394139413,194394613876,474463,17,8388608
Uring,throughput,0,4,16,0,0,194394141712,194394296131,154418,17,8388608
Uring,throughput,0,4,16,0,0,194394143611,194394311782,168170,4541,8388608
Uring,throughput,0,4,16,0,0,194394149199,194394437623,288423,1057,8388608
Uring,throughput,0,4,16,0,0,194394153549,194394264409,110859,16,8388608
Uring,throughput,0,4,16,0,0,194394158260,194394212876,54615,868,8388608
Uring,throughput,0,4,16,0,0,194394161348,194394196300,34952,46,8388608
Uring,throughput,0,4,16,0,0,194394167084,194394215614,48529,174,8388608
Uring,throughput,0,4,16,0,0,194394169797,194394274960,105162,21,8388608
Uring,throughput,0,4,16,0,0,194394182149,194394627361,445211,17,8388608
Uring,throughput,0,4,16,0,0,194394195880,194394224045,28165,21,8388608
Uring,throughput,0,4,16,0,0,194394196308,194394643149,446841,18,8388608
Uring,throughput,0,4,16,0,0,194394208987,194394280432,71444,41,8388608
Uring,throughput,0,4,16,0,0,194394210417,194394414319,203901,2557,8388608
Uring,throughput,0,4,16,0,0,194394212880,194394269944,57063,96,8388608
Uring,throughput,0,4,16,0,0,194394212944,194394321126,108181,24,8388608
Uring,throughput,0,4,16,0,0,194394215621,194394242360,26738,22,8388608
Uring,throughput,0,4,16,0,0,194394224052,194394273956,49904,25,8388608
Uring,throughput,0,4,16,0,0,194394242369,194394330640,88271,372,8388608
Uring,throughput,0,4,16,0,0,194394249048,194394317141,68092,5617,8388608
Uring,throughput,0,4,16,0,0,194394257865,194394662067,404202,21,8388608
Uring,throughput,0,4,16,0,0,194394264405,194394671084,406678,21,8388608
Uring,throughput,0,4,16,0,0,194394264416,194394452184,187767,35,8388608
Uring,throughput,0,4,16,0,0,194394269951,194394302115,32164,18,8388608
Uring,throughput,0,4,16,0,0,194394273962,194394679880,405917,977,8388608
Uring,throughput,0,4,16,0,0,194394274963,194394308747,33783,447,8388608
Uring,throughput,0,4,16,0,0,194394279174,194394463176,184002,25,8388608
Uring,throughput,0,4,16,0,0,194394280435,194394676627,396192,1638,8388608
Uring,throughput,0,4,16,0,0,194394280709,194394509599,228890,14,8388608
Uring,throughput,0,4,16,0,0,194394287665,194394456747,169081,900,8388608
Uring,throughput,0,4,16,0,0,194394296189,194394473969,177779,23,8388608
Uring,throughput,0,4,16,0,0,194394297354,194394682827,385472,18,8388608
Uring,throughput,0,4,16,0,0,194394302121,194394684620,382499,506,8388608
Uring,throughput,0,4,16,0,0,194394304501,194394513506,209005,30,8388608
Uring,throughput,0,4,16,0,0,194394307235,194394495878,188642,2250,8388608
Uring,throughput,0,4,16,0,0,194394308810,194394335082,26272,20,8388608
Uring,throughput,0,4,16,0,0,194394311789,194394338823,27034,20,8388608
Uring,throughput,0,4,16,0,0,194394313150,194394686686,373535,747,8388608
Uring,throughput,0,4,16,0,0,194394317145,194394345247,28101,13,8388608
Uring,throughput,0,4,16,0,0,194394321133,194394678207,357073,18,8388608
Uring,throughput,0,4,16,0,0,194394330646,194394482810,152163,20,8388608
Uring,throughput,0,4,16,0,0,194394335089,194394349111,14021,22,8388608
Uring,throughput,0,4,16,0,0,194394338832,194394425609,86776,80,8388608
Uring,throughput,0,4,16,0,0,194394345171,194394542317,197145,85,8388608
Uring,throughput,0,4,16,0,0,194394345248,194394433322,88074,15,8388608
Uring,throughput,0,4,16,0,0,194394349116,194394417366,68250,750,8388608
Uring,throughput,0,4,16,0,0,194394349902,194394578350,228448,58,8388608
Uring,throughput,0,4,16,0,0,194394358241,194394680533,322291,18,8388608
Uring,throughput,0,4,16,0,0,194394358798,194394535405,176607,16,8388608
Uring,throughput,0,4,16,0,0,194394365620,194394517995,152375,654,8388608
Uring,throughput,0,4,16,0,0,194394369602,194394645372,275770,11,8388608
Uring,throughput,0,4,16,0,0,194394387745,194394587588,199842,17,8388608
Uring,throughput,0,4,16,0,0,194394397219,194394561614,164395,62,8388608
Uring,throughput,0,4,16,0,0,194394397554,194394565832,168278,12,8388608
Uring,throughput,0,4,16,0,0,194394398527,194394634017,235489,45,8388608
Uring,throughput,0,4,16,0,0,194394398543,194394615812,217268,20,8388608
Uring,throughput,0,4,16,0,0,194394406080,194394718268,312188,48,8388608
Uring,throughput,0,4,16,0,0,194394406320,194394715346,309025,19,8388608
Uring,throughput,0,4,16,0,0,194394413125,194394714085,300960,50,8388608
Uring,throughput,0,4,16,0,0,194394414327,194394714256,299928,29,8388608
Uring,throughput,0,4,16,0,0,194394417228,194394711717,294488,19,8388608
Uring,throughput,0,4,16,0,0,194394417367,194394636537,219170,23,8388608
Uring,throughput,0,4,16,0,0,194394420570,194394713807,293237,56,8388608
Uring,throughput,0,4,16,0,0,194394424079,194394732056,307977,25,8388608
Uring,throughput,0,4,16,0,0,194394425618,194394733070,307451,6894,8388608
Uring,throughput,0,4,16,0,0,194394433329,194394608620,175290,3666,8388608
Uring,throughput,0,4,16,0,0,194394437630,194394478200,40570,22,8388608
Uring,throughput,0,4,16,0,0,194394438644,194394644105,205461,27,8388608
Uring,throughput,0,4,16,0,0,194394443293,194394607108,163814,33,8388608
Uring,throughput,0,4,16,0,0,194394452219,194394582186,129967,4301,8388608
Uring,throughput,0,4,16,0,0,194394456783,194394723193,266410,11,8388608
Uring,throughput,0,4,16,0,0,194394457217,194394567692,110475,1361,8388608
Uring,throughput,0,4,16,0,0,194394463184,194394723871,260687,894,8388608
Uring,throughput,0,4,16,0,0,194394473976,194394641965,167988,2308,8388608
Uring,throughput,0,4,16,0,0,194394474032,194394665545,191513,17,8388608
Uring,throughput,0,4,16,0,0,194394478169,194394676144,197974,40,8388608
Uring,throughput,0,4,16,0,0,194394478201,194394651633,173431,11,8388608
Uring,throughput,0,4,16,0,0,194394479486,194394732270,252784,16,8388608
Uring,throughput,0,4,16,0,0,194394482816,194394555160,72344,24,8388608
Uring,throughput,0,4,16,0,0,194394487481,194394732942,245460,19,8388608
Uring,throughput,0,4,16,0,0,194394493137,194394599053,105916,3807,8388608
Uring,throughput,0,4,16,0,0,194394493648,194394730824,237176,19,8388608
Uring,throughput,0,4,16,0,0,194394495883,194394725708,229825,13,8388608
Uring,throughput,0,4,16,0,0,194394496099,194394598597,102498,9,8388608
Uring,throughput,0,4,16,0,0,194394499598,194394734649,235051,17,8388608
Uring,throughput,0,4,16,0,0,194394501165,194394698277,197111,20,8388608
Uring,throughput,0,4,16,0,0,194394509606,194394551109,41502,24,8388608
Uring,throughput,0,4,16,0,0,194394513531,194394658868,145337,20,8388608
Uring,throughput,0,4,16,0,0,194394518030,194394641680,123650,50,8388608
Uring,throughput,0,4,16,0,0,194394535415,194394667989,132573,39,8388608
Uring,throughput,0,4,16,0,0,194394539658,194394738994,199336,3362,8388608
Uring,throughput,0,4,16,0,0,194394542322,194394664182,121860,19,8388608
Uring,throughput,0,4,16,0,0,194394551116,194394712857,161740,2630,8388608
Uring,throughput,0,4,16,0,0,194394555167,194394734120,178953,6137,8388608
Uring,throughput,0,4,16,0,0,194394561622,194394710437,148814,54,8388608
Uring,throughput,0,4,16,0,0,194394565840,194394735457,169617,20,8388608
Uring,throughput,0,4,16,0,0,194394567701,194394717070,149369,24,8388608
Uring,throughput,0,4,16,0,0,194394568538,194394719760,151222,15,8388608
Uring,throughput,0,4,16,0,0,194394571498,194394719177,147679,4394,8388608
Uring,throughput,0,4,16,0,0,194394578358,194394736810,158452,929,8388608
Uring,throughput,0,4,16,0,0,194394582192,194394731927,149734,15,8388608
Uring,throughput,0,4,16,0,0,194394582506,194394721264,138758,25,8388608
Uring,throughput,0,4,16,0,0,194394587598,194394753840,166241,27,8388608
Uring,throughput,0,4,32,0,0,194394862030,194395624190,762159,9447,8388608
Uring,throughput,0,4,32,0,0,194394861982,194395718210,856228,8355,8388608
Uring,throughput,0,4,32,0,0,194394861993,194395558252,696258,7931,8388608
Uring,throughput,0,4,32,0,0,194394862057,194395642893,780835,8883,8388608
Uring,throughput,0,4,32,0,0,194394862405,194395538032,675627,8040,8388608
Uring,throughput,0,4,32,0,0,194394862523,194396536097,1673573,7444,8388608
Uring,throughput,0,4,32,0,0,194394862641,194395094408,231766,8354,8388608
Uring,throughput,0,4,32,0,0,194394862714,194396269865,1407150,8804,8388608
Uring,throughput,0,4,32,0,0,194394862820,194395650273,787452,7662,8388608
Uring,throughput,0,4,32,0,0,194394862840,194395899039,1036198,7189,8388608
Uring,throughput,0,4,32,0,0,194394863066,194396204400,1341333,7465,8388608
Uring,throughput,0,4,32,0,0,194394863113,194395617091,753978,7941,8388608
Uring,throughput,0,4,32,0,0,194394863122,194395835715,972593,8438,8388608
Uring,throughput,0,4,32,0,0,194394863178,194396534148,1670969,6892,8388608
Uring,throughput,0,4,32,0,0,194394863389,194396184405,1321015,8207,8388608
Uring,throughput,0,4,32,0,0,194394863438,194395048727,185289,6666,8388608
Uring,throughput,0,4,32,0,0,194394863489,194395626158,762668,7607,8388608
Uring,throughput,0,4,32,0,0,194394863517,194395844829,981311,7065,8388608
Uring,throughput,0,4,32,0,0,194394863661,194395629915,766254,7986,8388608
Uring,throughput,0,4,32,0,0,194394863674,194395729658,865983,6878,8388608
Uring,throughput,0,4,32,0,0,194394863888,194396380722,1516834,7245,8388608
Uring,throughput,0,4,32,0,0,194394863889,194396204446,1340556,6768,8388608
Uring,throughput,0,4,32,0,0,194394863935,194395182224,318289,7749,8388608
Uring,throughput,0,4,32,0,0,194394863952,194396491829,1627877,6641,8388608
Uring,throughput,0,4,32,0,0,194394864160,194395759146,894986,7070,8388608
Uring,throughput,0,4,32,0,0,194394864186,194395548204,684018,6520,8388608
Uring,throughput,0,4,32,0,0,194394864186,194395682683,818496,6446,8388608
Uring,throughput,0,4,32,0,0,194394864319,194395631127,766807,7406,8388608
Uring,throughput,0,4,32,0,0,194394864431,194395358523,494091,6249,8388608
Uring,throughput,0,4,32,0,0,194394864456,194396536196,1671739,6860,8388608
Uring,throughput,0,4,32,0,0,194394864479,194396068425,1203945,6265,8388608
Uring,throughput,0,4,32,0,0,194394864616,194395096166,231549,6816,8388608
Uring,throughput,0,4,32,0,0,194394864643,194395774909,910265,7183,8388608
Uring,throughput,0,4,32,0,0,194394864653,194396026269,1161615,6146,8388608
Uring,throughput,0,4,32,0,0,194394864711,194395658801,794090,6031,8388608
Uring,throughput,0,4,32,0,0,194394864788,194396061657,1196869,6691,8388608
Uring,throughput,0,4,32,0,0,194394864847,194395613373,748526,5990,8388608
Uring,throughput,0,4,32,0,0,194394864886,194396008933,1144046,6976,8388608
Uring,throughput,0,4,32,0,0,194394864897,194395342157,477260,5937,8388608
Uring,throughput,0,4,32,0,0,194394865044,194395603479,738434,5848,8388608
Uring,throughput,0,4,32,0,0,194394865067,194395053460,188392,5809,8388608
Uring,throughput,0,4,32,0,0,194394865097,194395624804,759706,6419,8388608
Uring,throughput,0,4,32,0,0,194394865182,194395943337,1078155,6734,8388608
Uring,throughput,0,4,32,0,0,194394865216,194396341368,1476151,5727,8388608
Uring,throughput,0,4,32,0,0,194394865268,194395559979,694711,5646,8388608
Uring,throughput,0,4,32,0,0,194394865353,194395241486,376132,6598,8388608
Uring,throughput,0,4,32,0,0,194394865380,194395643079,777698,6177,8388608
Uring,throughput,0,4,32,0,0,194394865394,194396013550,1148156,5568,8388608
Uring,throughput,0,4,32,0,0,194394865428,194395098669,233241,5603,8388608
Uring,throughput,0,4,32,0,0,194394865488,194395753658,888169,6620,8388608
Uring,throughput,0,4,32,0,0,194394865565,194395620637,755072,6036,8388608
Uring,throughput,0,4,32,0,0,194394865573,194396427410,1561836,5502,8388608
Uring,throughput,0,4,32,0,0,194394865576,194395840390,974813,5453,8388608
Uring,throughput,0,4,32,0,0,194394865716,194395355239,489522,5357,8388608
Uring,throughput,0,4,32,0,0,194394865720,194396239815,1374095,5924,8388608
Uring,throughput,0,4,32,0,0,194394865755,194395751580,885825,6397,8388608
Uring,throughput,0,4,32,0,0,194394865873,194395099021,233148,5247,8388608
Uring,throughput,0,4,32,0,0,194394865887,194395864855,998968,5798,8388608
Uring,throughput,0,4,32,0,0,194394865889,194395714183,848293,5282,8388608
Uring,throughput,0,4,32,0,0,194394866039,194395060254,194214,5118,8388608
Uring,throughput,0,4,32,0,0,194394866064,194395633753,767689,6127,8388608
Uring,throughput,0,4,32,0,0,194394866069,194395370885,504815,5151,8388608
Uring,throughput,0,4,32,0,0,194394866103,194396549082,1682979,5625,8388608
Uring,throughput,0,4,32,0,0,194394866266,194395748333,882066,5964,8388608
Uring,throughput,0,4,32,0,0,194394866302,194396394942,1528639,4966,8388608
Uring,throughput,0,4,32,0,0,194394866310,194395644062,777752,4888,8388608
Uring,throughput,0,4,32,0,0,194394866383,194395900514,1034131,5411,8388608
Uring,throughput,0,4,32,0,0,194394866459,194395597926,731466,4860,8388608
Uring,throughput,0,4,32,0,0,194394866500,194396533045,1666544,4739,8388608
Uring,throughput,0,4,32,0,0,194394866514,194396196711,1330197,5322,8388608
Uring,throughput,0,4,32,0,0,194394866591,194395712651,846059,5717,8388608
Uring,throughput,0,4,32,0,0,194394866664,194395044754,178089,4791,8388608
Uring,throughput,0,4,32,0,0,194394866666,194395721896,855229,4623,8388608
Uring,throughput,0,4,32,0,0,194394866813,194395844691,977877,5059,8388608
Uring,throughput,0,4,32,0,0,194394866830,194395898069,1031238,4517,8388608
Uring,throughput,0,4,32,0,0,194394866885,194395607231,740346,4614,8388608
Uring,throughput,0,4,32,0,0,194394867029,194396138184,1271155,5313,8388608
Uring,throughput,0,4,32,0,0,194394867042,194395437381,570339,4425,8388608
Uring,throughput,0,4,32,0,0,194394867102,194396238570,1371467,4812,8388608
Uring,throughput,0,4,32,0,0,194394867130,194395050606,183475,4411,8388608
Uring,throughput,0,4,32,0,0,194394867239,194395796656,929417,5140,8388608
Uring,throughput,0,4,32,0,0,194394867271,194395690533,823262,4241,8388608
Uring,throughput,0,4,32,0,0,194394867314,194395823712,956397,4641,8388608
Uring,throughput,0,4,32,0,0,194394867358,194395600899,733540,4223,8388608
Uring,throughput,0,4,32,0,0,194394867431,194395735442,868011,4119,8388608
Uring,throughput,0,4,32,0,0,194394867432,194395448272,580840,4990,8388608
Uring,throughput,0,4,32,0,0,194394867498,194395561366,693867,4118,8388608
Uring,throughput,0,4,32,0,0,194394867500,194395092485,224985,4620,8388608
Uring,throughput,0,4,32,0,0,194394867572,194395609093,741520,4049,8388608
Uring,throughput,0,4,32,0,0,194394867610,194395770100,902490,4874,8388608
Uring,throughput,0,4,32,0,0,194394867631,194395857964,990333,4038,8388608
Uring,throughput,0,4,32,0,0,194394867681,194396439699,1572017,4479,8388608
Uring,throughput,0,4,32,0,0,194394867690,194395489715,622025,3991,8388608
Uring,throughput,0,4,32,0,0,194394867842,194396430154,1562312,4725,8388608
Uring,throughput,0,4,32,0,0,194394867849,194395605288,737439,3859,8388608
Uring,throughput,0,4,32,0,0,194394867894,194396008886,1140992,3841,8388608
Uring,throughput,0,4,32,0,0,194394867895,194395106191,238295,4339,8388608
Uring,throughput,0,4,32,0,0,194394868042,194395631196,763154,4560,8388608
Uring,throughput,0,4,32,0,0,194394868077,194395878435,1010357,3674,8388608
Uring,throughput,0,4,32,0,0,194394868158,194395772828,904669,4120,8388608
Uring,throughput,0,4,32,0,0,194394868203,194396044761,1176558,3576,8388608
Uring,throughput,0,4,32,0,0,194394868348,194395451587,583238,3965,8388608
Uring,throughput,0,4,32,0,0,194394868410,194395656445,788034,3388,8388608
Uring,throughput,0,4,32,0,0,194394868447,194395116380,247932,4193,8388608
Uring,throughput,0,4,32,0,0,194394868450,194396171024,1302574,3369,8388608
Uring,throughput,0,4,32,0,0,194394868647,194395887444,1018797,3703,8388608
Uring,throughput,0,4,32,0,0,194394868760,194395252513,383753,3916,8388608
Uring,throughput,0,4,32,0,0,194394868834,194395633952,765117,3028,8388608
Uring,throughput,0,4,32,0,0,194394868844,194395608682,739838,3011,8388608
Uring,throughput,0,4,32,0,0,194394869047,194395097534,228487,3338,8388608
Uring,throughput,0,4,32,0,0,194394869053,194396290703,1421649,3663,8388608
Uring,throughput,0,4,32,0,0,194394869054,194396347866,1478811,2838,8388608
Uring,throughput,0,4,32,0,0,194394869075,194395670486,801410,2825,8388608
Uring,throughput,0,4,32,0,0,194394869259,194395725478,856219,2843,8388608
Uring,throughput,0,4,32,0,0,194394869368,194396320879,1451510,3393,8388608
Uring,throughput,0,4,32,0,0,194394869385,194395447554,578169,3038,8388608
Uring,throughput,0,4,32,0,0,194394869416,194395632507,763091,2526,8388608
Uring,throughput,0,4,32,0,0,194394869622,194395591621,721999,2489,8388608
Uring,throughput,0,4,32,0,0,194394869660,194395690405,820745,3154,8388608
Uring,throughput,0,4,32,0,0,194394869709,194395093436,223726,2751,8388608
Uring,throughput,0,4,32,0,0,194394869952,194395623199,753247,2903,8388608
Uring,throughput,0,4,32,0,0,194394869989,194395839564,969574,2504,8388608
Uring,throughput,0,4,32,0,0,194394870116,194395769943,899827,2773,8388608
Uring,throughput,0,4,32,0,0,194394870203,194395636751,766548,2327,8388608
Uring,throughput,0,4,32,0,0,194394870289,194395846263,975974,2639,8388608
Uring,throughput,0,4,32,0,0,194394870360,194395459446,589086,2204,8388608
Uring,throughput,0,4,32,0,0,194394870454,194396237465,1367010,2527,8388608
Uring,throughput,0,4,32,0,0,194394870686,194395274463,403777,2348,8388608
Uring,throughput,0,4,32,0,0,194395044773,194395102367,57594,15,8388608
Uring,throughput,0,4,32,0,0,194395048764,194395107119,58355,50,8388608
Uring,throughput,0,4,32,0,0,194395050614,194395106839,56224,18,8388608
Uring,throughput,0,4,32,0,0,194395053468,194395090223,36755,14,8388608
Uring,throughput,0,4,32,0,0,194395060262,194395181757,121494,15,8388608
Uring,throughput,0,4,32,0,0,194395090233,194395123588,33355,18,8388608
Uring,throughput,0,4,32,0,0,194395092515,194395133516,41001,32,8388608
Uring,throughput,0,4,32,0,0,194395093438,194395189680,96241,10,8388608
Uring,throughput,0,4,32,0,0,194395094410,194395184472,90062,16,8388608
Uring,throughput,0,4,32,0,0,194395096171,194395186507,90336,27,8388608
Uring,throughput,0,4,32,0,0,194395097537,194395186528,88991,11,8388608
Uring,throughput,0,4,32,0,0,194395098713,194395152588,53874,39,8388608
Uring,throughput,0,4,32,0,0,194395099023,194395191851,92827,10,8388608
Uring,throughput,0,4,32,0,0,194395102375,194395199042,96667,71,8388608
Uring,throughput,0,4,32,0,0,194395106200,194395200583,94383,18,8388608
Uring,throughput,0,4,32,0,0,194395106844,194395221419,114574,30,8388608
Uring,throughput,0,4,32,0,0,194395107121,194395202956,95835,10,8388608
Uring,throughput,0,4,32,0,0,194395116388,194395198585,82196,21,8388608
Uring,throughput,0,4,32,0,0,194395123596,194396112319,988722,335,8388608
Uring,throughput,0,4,32,0,0,194395133522,194395209682,76160,18,8388608
Uring,throughput,0,4,32,0,0,194395152595,194395216071,63476,14,8388608
Uring,throughput,0,4,32,0,0,194395181765,194396316240,1134474,47,8388608
Uring,throughput,0,4,32,0,0,194395182234,194396015572,833338,19,8388608
Uring,throughput,0,4,32,0,0,194395184479,194396315161,1130681,71,8388608
Uring,throughput,0,4,32,0,0,194395186512,194396020974,834461,22,8388608
Uring,throughput,0,4,32,0,0,194395186528,194395664965,478437,9,8388608
Uring,throughput,0,4,32,0,0,194395189688,194396329357,1139669,20,8388608
Uring,throughput,0,4,32,0,0,194395191857,194396086584,894727,13,8388608
Uring,throughput,0,4,32,0,0,194395198591,194396323890,1125299,20,8388608
Uring,throughput,0,4,32,0,0,194395199049,194396147420,948370,353,8388608
Uring,throughput,0,4,32,0,0,194395200591,194396335565,1134973,22,8388608
Uring,throughput,0,4,32,0,0,194395202962,194395773129,570166,520,8388608
Uring,throughput,0,4,32,0,0,194395209690,194396134065,924374,3380,8388608
Uring,throughput,0,4,32,0,0,194395216080,194395904069,687989,3628,8388608
Uring,throughput,0,4,32,0,0,194395221425,194395636990,415564,2571,8388608
Uring,throughput,0,4,32,0,0,194395241493,194395473397,231903,23,8388608
Uring,throughput,0,4,32,0,0,194395252521,194395546797,294275,31,8388608
Uring,throughput,0,4,32,0,0,194395274470,194395794841,520371,18,8388608
Uring,throughput,0,4,32,0,0,194395342164,194395544364,202199,51,8388608
Uring,throughput,0,4,32,0,0,194395355248,194395552570,197322,26,8388608
Uring,throughput,0,4,32,0,0,194395358527,194395548532,190005,13,8388608
Uring,throughput,0,4,32,0,0,194395370891,194395555155,184263,13,8388608
Uring,throughput,0,4,32,0,0,194395437390,194395668605,231215,124,8388608
Uring,throughput,0,4,32,0,0,194395447561,194396211128,763566,20,8388608
Uring,throughput,0,4,32,0,0,194395448281,194396097748,649467,27,8388608
Uring,throughput,0,4,32,0,0,194395451596,194396205812,754216,29,8388608
Uring,throughput,0,4,32,0,0,194395459453,194396158693,699240,16,8388608
Uring,throughput,0,4,32,0,0,194395473405,194396233770,760365,20,8388608
Uring,throughput,0,4,32,0,0,194395489723,194395522407,32683,19,8388608
Uring,throughput,0,4,32,0,0,194395522414,194396300581,778167,13,8388608
Uring,throughput,0,4,32,0,0,194395538040,194396127114,589073,19,8388608
Uring,throughput,0,4,32,0,0,194395544373,194396137292,592919,71,8388608
Uring,throughput,0,4,32,0,0,194395546805,194396850382,1303577,23,8388608
Uring,throughput,0,4,32,0,0,194395548213,194395872261,324048,30,8388608
Uring,throughput,0,4,32,0,0,194395548538,194396146055,597517,38,8388608
Uring,throughput,0,4,32,0,0,194395552577,194396151313,598735,41,8388608
Uring,throughput,0,4,32,0,0,194395555162,194396156148,600985,18,8388608
Uring,throughput,0,4,32,0,0,194395558258,194396236916,678658,84,8388608
Uring,throughput,0,4,32,0,0,194395559982,194396723981,1163999,9,8388608
Uring,throughput,0,4,32,0,0,194395561369,194395886984,325614,10,8388608
Uring,throughput,0,4,32,0,0,194395591631,194395648332,56701,23,8388608
Uring,throughput,0,4,32,0,0,194395597979,194396390298,792319,46,8388608
Uring,throughput,0,4,32,0,0,194395600904,194396432166,831261,16,8388608
Uring,throughput,0,4,32,0,0,194395603487,194396227689,624201,39,8388608
Uring,throughput,0,4,32,0,0,194395605296,194396124631,519334,27,8388608
Uring,throughput,0,4,32,0,0,194395607239,194396452726,845486,18,8388608
Uring,throughput,0,4,32,0,0,194395608714,194396435914,827199,24,8388608
Uring,throughput,0,4,32,0,0,194395609102,194396208390,599287,26,8388608
Uring,throughput,0,4,32,0,0,194395613408,194396435699,822290,19,8388608
Uring,throughput,0,4,32,0,0,194395617099,194396441095,823995,19,8388608
Uring,throughput,0,4,32,0,0,194395620643,194395833287,212644,52,8388608
Uring,throughput,0,4,32,0,0,194395623207,194396444421,821214,18,8388608
Uring,throughput,0,4,32,0,0,194395624198,194395804841,180643,62,8388608
Uring,throughput,0,4,32,0,0,194395624811,194395814802,189991,19,8388608
Uring,throughput,0,4,32,0,0,194395626162,194396406769,780607,18,8388608
Uring,throughput,0,4,32,0,0,194395629923,194395802287,172364,15,8388608
Uring,throughput,0,4,32,0,0,194395631136,194395803416,172280,55,8388608
Uring,throughput,0,4,32,0,0,194395631196,194395706504,75307,10,8388608
Uring,throughput,0,4,32,0,0,194395632515,194395816397,183881,32,8388608
Uring,throughput,0,4,32,0,0,194395633761,194395816954,183192,14,8388608
Uring,throughput,0,4,32,0,0,194395633959,194396276028,642069,16,8388608
Uring,throughput,0,4,32,0,0,194395636759,194396327856,691097,15,8388608
Uring,throughput,0,4,32,0,0,194395636998,194396067269,430270,37,8388608
Uring,throughput,0,4,32,0,0,194395642901,194396577439,934538,16,8388608
Uring,throughput,0,4,32,0,0,194395643080,194396097195,454115,10,8388608
Uring,throughput,0,4,32,0,0,194395644142,194396476230,832088,43,8388608
Uring,throughput,0,4,32,0,0,194395648336,194395705922,57586,48,8388608
Uring,throughput,0,4,32,0,0,194395650276,194395732956,82679,10,8388608
Uring,throughput,0,4,32,0,0,194395656452,194396483881,827429,17,8388608
Uring,throughput,0,4,32,0,0,194395658809,194395895356,236547,23,8388608
Uring,throughput,0,4,32,0,0,194395664975,194395898751,233776,2448,8388608
Uring,throughput,0,4,32,0,0,194395668613,194396039601,370988,26,8388608
Uring,throughput,0,4,32,0,0,194395670495,194396011757,341261,22,8388608
Uring,throughput,0,4,32,0,0,194395682691,194396112125,429434,16,8388608
Uring,throughput,0,4,32,0,0,194395690414,194395877168,186754,50,8388608
Uring,throughput,0,4,32,0,0,194395690562,194396842455,1151893,26,8388608
Uring,throughput,0,4,32,0,0,194395705930,194396882607,1176677,3926,8388608
Uring,throughput,0,4,32,0,0,194395706513,194396427166,720653,27,8388608
Uring,throughput,0,4,32,0,0,194395712660,194396522940,810279,72,8388608
Uring,throughput,0,4,32,0,0,194395714191,194395924452,210260,41,8388608
Uring,throughput,0,4,32,0,0,194395718219,194395919289,201070,28,8388608
Uring,throughput,0,4,32,0,0,194395721963,194395828377,106414,28,8388608
Uring,throughput,0,4,32,0,0,194395725487,194395950402,224915,102,8388608
Uring,throughput,0,4,32,0,0,194395729666,194395924392,194725,38,8388608
Uring,throughput,0,4,32,0,0,194395732963,194396400445,667481,20,8388608
Uring,throughput,0,4,32,0,0,194395735447,194395787355,51907,13,8388608
Uring,throughput,0,4,32,0,0,194395748341,194396912246,1163905,17,8388608
Uring,throughput,0,4,32,0,0,194395751590,194396419085,667495,21,8388608
Uring,throughput,0,4,32,0,0,194395753666,194396483539,729873,28,8388608
Uring,throughput,0,4,32,0,0,194395759155,194396583397,824241,25,8388608
Uring,throughput,0,4,32,0,0,194395769953,194396427688,657734,137,8388608
Uring,throughput,0,4,32,0,0,194395770101,194396353323,583221,32,8388608
Uring,throughput,0,4,32,0,0,194395772837,194396121953,349115,21,8388608
Uring,throughput,0,4,32,0,0,194395773137,194396101279,328142,23,8388608
Uring,throughput,0,4,32,0,0,194395774918,194396599194,824276,38,8388608
Uring,throughput,0,4,32,0,0,194395787363,194395830447,43084,59,8388608
Uring,throughput,0,4,32,0,0,194395794849,194395893248,98398,14,8388608
Uring,throughput,0,4,32,0,0,194395796664,194396833540,1036876,173,8388608
Uring,throughput,0,4,32,0,0,194395802295,194396404738,602442,39,8388608
Uring,throughput,0,4,32,0,0,194395803419,194396382258,578838,14,8388608
Uring,throughput,0,4,32,0,0,194395804851,194396422150,617299,19,8388608
Uring,throughput,0,4,32,0,0,194395814811,194396466569,651758,43,8388608
Uring,throughput,0,4,32,0,0,194395816405,194396449944,633538,45,8388608
Uring,throughput,0,4,32,0,0,194395816961,194396417032,600071,13,8388608
Uring,throughput,0,4,32,0,0,194395823723,194396158090,334367,59,8388608
Uring,throughput,0,4,32,0,0,194395828383,194396511616,683232,150,8388608
Uring,throughput,0,4,32,0,0,194395830455,194395966592,136137,5266,8388608
Uring,throughput,0,4,32,0,0,194395833296,194396601697,768400,19,8388608
Uring,throughput,0,4,32,0,0,194395835720,194396735792,900071,42,8388608
Uring,throughput,0,4,32,0,0,194395839574,194396993856,1154282,24,8388608
Uring,throughput,0,4,32,0,0,194395840399,194396515291,674892,27,8388608
Uring,throughput,0,4,32,0,0,194395844700,194396997299,1152598,27,8388608
Uring,throughput,0,4,32,0,0,194395844832,194396694268,849436,11,8388608
Uring,throughput,0,4,32,0,0,194395846272,194396026137,179865,26,8388608
Uring,throughput,0,4,32,0,0,194395857971,194396119675,261703,20,8388608
Uring,throughput,0,4,32,0,0,194395864882,194397012295,1147412,28,8388608
Uring,throughput,0,4,32,0,0,194395872268,194397016533,1144265,23,8388608
Uring,throughput,0,4,32,0,0,194395877176,194396023335,146159,21,8388608
Uring,throughput,0,4,32,0,0,194395878442,194397023159,1144716,24,8388608
Uring,throughput,0,4,32,0,0,194395886992,194396002502,115509,46,8388608
Uring,throughput,0,4,32,0,0,194395887453,194397084063,1196610,23,8388608
Uring,throughput,0,4,32,0,0,194395893255,194396741591,848335,4061,8388608
Uring,throughput,0,4,32,0,0,194395895363,194396806318,910954,26,8388608
Uring,throughput,0,4,32,0,0,194395898078,194396676923,778845,26,8388608
Uring,throughput,0,4,32,0,0,194395898758,194396001058,102299,24,8388608
Uring,throughput,0,4,32,0,0,194395899104,194396687805,788700,96,8388608
Uring,throughput,0,4,32,0,0,194395900595,194396762463,861868,16,8388608
Uring,throughput,0,4,32,0,0,194395904073,194396209129,305055,18,8388608
Uring,throughput,0,4,32,0,0,194395919298,194396587376,668078,25,8388608
Uring,throughput,0,4,32,0,0,194395924428,194396747549,823121,37,8388608
Uring,throughput,0,4,32,0,0,194395924453,194396755391,830937,15,8388608
Uring,throughput,0,4,32,0,0,194395943346,194396781663,838317,23,8388608
Uring,throughput,0,4,32,0,0,194395950412,194396564864,614452,22,8388608
Uring,throughput,0,4,32,0,0,194395966601,194396840554,873952,45,8388608
Uring,throughput,0,4,32,0,0,194396001065,194396083037,81972,31,8388608
Uring,throughput,0,4,32,0,0,194396002509,194396705042,702532,2301,8388608
Uring,throughput,0,4,32,0,0,194396008892,194396747187,738295,17,8388608
Uring,throughput,0,4,32,0,0,194396008935,194396109147,100211,14,8388608
Uring,throughput,0,4,32,0,0,194396011766,194396662318,650551,35,8388608
Uring,throughput,0,4,32,0,0,194396013557,194396308112,294555,65,8388608
Uring,throughput,0,4,32,0,0,194396015600,194396148391,132790,43,8388608
Uring,throughput,0,4,32,0,0,194396020982,194397163506,1142523,5461,8388608
Uring,throughput,0,4,32,0,0,194396023342,194397016742,993400,2722,8388608
Uring,throughput,0,4,32,0,0,194396026144,194396088376,62231,17,8388608
Uring,throughput,0,4,32,0,0,194396026327,194396169116,142789,23,8388608
Uring,throughput,0,4,32,0,0,194396039611,194396836510,796899,4202,8388608
Uring,throughput,0,4,32,0,0,194396044770,194396096333,51563,22,8388608
Uring,throughput,0,4,32,0,0,194396061730,194396169719,107989,94,8388608
Uring,throughput,0,4,32,0,0,194396067277,194396837852,770575,16,8388608
Uring,throughput,0,4,32,0,0,194396068434,194397036526,968092,22,8388608
Uring,throughput,0,4,32,0,0,194396083043,194397074371,991327,3062,8388608
Uring,throughput,0,4,32,0,0,194396086592,194397131613,1045020,1683,8388608
Uring,throughput,0,4,32,0,0,194396088381,194397120537,1032155,3287,8388608
Uring,throughput,0,4,32,0,0,194396096358,194396129060,32701,34,8388608
Uring,throughput,0,4,32,0,0,194396097204,194396951291,854086,36,8388608
Uring,throughput,0,4,32,0,0,194396097756,194396852891,755134,56,8388608
Uring,throughput,0,4,32,0,0,194396101285,194396551516,450230,20,8388608
Uring,throughput,0,4,32,0,0,194396109155,194396999251,890096,64,8388608
Uring,throughput,0,4,32,0,0,194396112132,194397178523,1066390,172,8388608
Uring,throughput,0,4,32,0,0,194396112321,194397213045,1100724,22,8388608
Uring,throughput,0,4,32,0,0,194396119705,194396226450,106744,23,8388608
Uring,throughput,0,4,32,0,0,194396121962,194396690100,568138,55,8388608
Uring,throughput,0,4,32,0,0,194396124635,194396734293,609657,13,8388608
Uring,throughput,0,4,32,0,0,194396127122,194396864982,737859,32,8388608
Uring,throughput,0,4,32,0,0,194396129064,194396221170,92106,288,8388608
Uring,throughput,0,4,32,0,0,194396134074,194396986999,852925,55,8388608
Uring,throughput,0,4,32,0,0,194396137330,194396925732,788402,744,8388608
Uring,throughput,0,4,32,0,0,194396138189,194397037133,898943,16,8388608
Uring,throughput,0,4,32,0,0,194396146061,194396199103,53041,1226,8388608
Uring,throughput,0,4,32,0,0,194396147423,194396319243,171820,21,8388608
Uring,throughput,0,4,32,0,0,194396148439,194396334351,185911,757,8388608
Uring,throughput,0,4,32,0,0,194396151317,194396921889,770571,591,8388608
Uring,throughput,0,4,32,0,0,194396156152,194396255554,99401,3287,8388608
Uring,throughput,0,4,32,0,0,194396158098,194397254207,1096108,13,8388608
Uring,throughput,0,4,32,0,0,194396158695,194396227171,68476,9,8388608
Uring,throughput,0,4,32,0,0,194396169121,194396340550,171429,17,8388608
Uring,throughput,0,4,32,0,0,194396169724,194396229477,59752,13,8388608
Uring,throughput,0,4,32,0,0,194396171027,194396279676,108648,13,8388608
Uring,throughput,0,4,32,0,0,194396184414,194397270473,1086059,17,8388608
Uring,throughput,0,4,32,0,0,194396196720,194396972846,776126,20,8388608
Uring,throughput,0,4,32,0,0,194396199110,194396243433,44323,22,8388608
Uring,throughput,0,4,32,0,0,194396204406,194397197364,992958,49,8388608
Uring,throughput,0,4,32,0,0,194396204446,194397183174,978727,14,8388608
Uring,throughput,0,4,32,0,0,194396205910,194396985814,779904,24,8388608
Uring,throughput,0,4,32,0,0,194396208393,194396289665,81271,112,8388608
Uring,throughput,0,4,32,0,0,194396209131,194397266698,1057567,12,8388608
Uring,throughput,0,4,32,0,0,194396211137,194397137896,926759,23,8388608
Uring,throughput,0,4,32,0,0,194396221178,194397178136,956957,22,8388608
Uring,throughput,0,4,32,0,0,194396226458,194397338956,1112498,876,8388608
Uring,throughput,0,4,32,0,0,194396227177,194397303407,1076229,539,8388608
Uring,throughput,0,4,32,0,0,194396227694,194397000447,772753,23,8388608
Uring,throughput,0,4,32,0,0,194396229480,194396391030,161549,1259,8388608
Uring,throughput,0,4,32,0,0,194396233775,194396273327,39551,1834,8388608
Uring,throughput,0,4,32,0,0,194396236925,194396925799,688874,26,8388608
Uring,throughput,0,4,32,0,0,194396237468,194397468294,1230826,15,8388608
Uring,throughput,0,4,32,0,0,194396238573,194397027193,788619,10,8388608
Uring,throughput,0,4,32,0,0,194396239817,194397030492,790674,9,8388608
Uring,throughput,0,4,32,0,0,194396243438,194396283567,40128,29,8388608
Uring,throughput,0,4,32,0,0,194396255561,194396285410,29849,41,8388608
Uring,throughput,0,4,32,0,0,194396269891,194397314839,1044948,37,8388608
Uring,throughput,0,4,32,0,0,194396273330,194396314415,41084,10,8388608
Uring,throughput,0,4,32,0,0,194396276036,194396630360,354323,21,8388608
Uring,throughput,0,4,32,0,0,194396279681,194396321285,41604,20,8388608
Uring,throughput,0,4,32,0,0,194396283570,194397137166,853595,519,8388608
Uring,throughput,0,4,32,0,0,194396285413,194396323718,38305,14,8388608
Uring,throughput,0,4,32,0,0,194396289668,194397370840,1081171,5327,8388608
Uring,throughput,0,4,32,0,0,194396290709,194396358254,67544,14,8388608
Uring,throughput,0,4,32,0,0,194396300586,194396555392,254805,4806,8388608
Uring,throughput,0,4,32,0,0,194396308120,194396359975,51854,15,8388608
Uring,throughput,0,4,32,0,0,194396314422,194396374433,60011,17,8388608
Uring,throughput,0,4,32,0,0,194396315168,194397139867,824698,280,8388608
Uring,throughput,0,4,32,0,0,194396316245,194397390380,1074135,2158,8388608
Uring,throughput,0,4,32,0,0,194396319250,194397014666,695415,18,8388608
Uring,throughput,0,4,32,0,0,194396320913,194397887303,1566389,18,8388608
Uring,throughput,0,4,32,0,0,194396321287,194397398950,1077663,6099,8388608
Uring,throughput,0,4,32,0,0,194396323724,194397068171,744447,3073,8388608
Uring,throughput,0,4,32,0,0,194396323896,194396412525,88629,2460,8388608
Uring,throughput,0,4,32,0,0,194396327861,194397556769,1228907,16,8388608
Uring,throughput,0,4,32,0,0,194396329360,194396410817,81456,1990,8388608
Uring,throughput,0,4,32,0,0,194396334359,194396354878,20519,22,8388608
Uring,throughput,0,4,32,0,0,194396335575,194397070000,734425,5161,8388608
Uring,throughput,0,4,32,0,0,194396340558,194396965392,624834,309,8388608
Uring,throughput,0,4,32,0,0,194396341373,194397407611,1066237,14,8388608
Uring,throughput,0,4,32,0,0,194396347874,194397413116,1065242,20,8388608
Uring,throughput,0,4,32,0,0,194396353328,194397460312,1106983,17,8388608
Uring,throughput,0,4,32,0,0,194396354915,194396380353,25437,40,8388608
Uring,throughput,0,4,32,0,0,194396358257,194396447482,89224,23,8388608
Uring,throughput,0,4,32,0,0,194396359978,194397500227,1140248,3682,8388608
Uring,throughput,0,4,32,0,0,194396374439,194397011447,637007,5309,8388608
Uring,throughput,0,4,32,0,0,194396380360,194396439127,58766,1728,8388608
Uring,throughput,0,4,32,0,0,194396380729,194397535787,1155057,21,8388608
Uring,throughput,0,4,32,0,0,194396382265,194397088953,706688,395,8388608
Uring,throughput,0,4,32,0,0,194396390306,194397461854,1071548,17,8388608
Uring,throughput,0,4,32,0,0,194396391038,194397456582,1065544,24,8388608
Uring,throughput,0,4,32,0,0,194396394949,194397568136,1173187,29,8388608
Uring,throughput,0,4,32,0,0,194396400454,194396548386,147931,3256,8388608
Uring,throughput,0,4,32,0,0,194396404746,194397093708,688961,2520,8388608
Uring,throughput,0,4,32,0,0,194396406777,194397101142,694364,49,8388608
Uring,throughput,0,4,32,0,0,194396410825,194396468932,58106,43,8388608
Uring,throughput,0,4,32,0,0,194396412557,194397199137,786579,36,8388608
Uring,throughput,0,4,32,0,0,194396417055,194397625965,1208909,2059,8388608
Uring,throughput,0,4,32,0,0,194396419092,194397584898,1165806,196,8388608
Uring,throughput,0,4,32,0,0,194396422158,194396452086,29927,343,8388608
Uring,throughput,0,4,32,0,0,194396427172,194397073703,646530,463,8388608
Uring,throughput,0,4,32,0,0,194396427417,194397120096,692679,36,8388608
Uring,throughput,0,4,32,0,0,194396427690,194396573658,145967,13,8388608
Uring,throughput,0,4,32,0,0,194396430156,194397654040,1223883,11,8388608
Uring,throughput,0,4,32,0,0,194396432175,194397166376,734200,18,8388608
Uring,throughput,0,4,32,0,0,194396435704,194397300909,865204,14,8388608
Uring,throughput,0,4,32,0,0,194396435922,194397174938,739016,24,8388608
Uring,throughput,0,4,32,0,0,194396439132,194397205192,766060,31,8388608
Uring,throughput,0,4,32,0,0,194396439705,194398028774,1589068,15,8388608
Uring,throughput,0,4,32,0,0,194396441102,194397177260,736157,23,8388608
Uring,throughput,0,4,32,0,0,194396444426,194396531666,87239,14,8388608
Uring,throughput,0,4,32,0,0,194396447487,194396504654,57166,1376,8388608
Uring,throughput,0,4,32,0,0,194396449951,194396549117,99165,387,8388608
Uring,throughput,0,4,32,0,0,194396452092,194396488145,36052,67,8388608
Uring,throughput,0,4,32,0,0,194396452733,194397180861,728128,15,8388608
Uring,throughput,0,4,32,0,0,194396466577,194396735479,268902,420,8388608
Uring,throughput,0,4,32,0,0,194396468937,194396545301,76363,13,8388608
Uring,throughput,0,4,32,0,0,194396476239,194397040464,564225,21,8388608
Uring,throughput,0,4,32,0,0,194396483549,194396653625,170075,155,8388608
Uring,throughput,0,4,32,0,0,194396483891,194397066089,582198,21,8388608
Uring,throughput,0,4,32,0,0,194396488153,194396524447,36293,22,8388608
Uring,throughput,0,4,32,0,0,194396491844,194397220761,728916,43,8388608
Uring,throughput,0,4,32,0,0,194396504660,194397545294,1040633,19,8388608
Uring,throughput,0,4,32,0,0,194396511624,194397245934,734310,2167,8388608
Uring,throughput,0,4,32,0,0,194396515296,194397619826,1104529,16,8388608
Uring,throughput,0,4,32,0,0,194396522948,194397243155,720206,16,8388608
Uring,throughput,0,4,32,0,0,194396524453,194396735306,210852,1440,8388608
Uring,throughput,0,4,32,0,0,194396531672,194396719938,188266,3606,8388608
Uring,throughput,0,4,32,0,0,194396533051,194397344458,811407,47,8388608
Uring,throughput,0,4,32,0,0,194396534157,194396657484,123327,22,8388608
Uring,throughput,0,4,32,0,0,194396536101,194397246475,710374,16,8388608
Uring,throughput,0,4,32,0,0,194396536206,194396662284,126078,28,8388608
Uring,throughput,0,4,32,0,0,194396545306,194396662408,117101,352,8388608
Uring,throughput,0,4,32,0,0,194396548392,194396636145,87752,19,8388608
Uring,throughput,0,4,32,0,0,194396549092,194396640248,91155,57,8388608
Uring,throughput,0,4,32,0,0,194396549119,194396695488,146368,13,8388608
Uring,throughput,0,4,32,0,0,194396551521,194396713842,162321,925,8388608
Uring,throughput,0,4,32,0,0,194396555399,194396755326,199927,57,8388608
Uring,throughput,0,4,32,0,0,194396564871,194397676733,1111861,2079,8388608
Uring,throughput,0,4,32,0,0,194396573694,194396851561,277867,2381,8388608
Uring,throughput,0,4,32,0,0,194396577449,194396767283,189834,19,8388608
Uring,throughput,0,4,32,0,0,194396583422,194396678904,95481,19,8388608
Uring,throughput,0,4,32,0,0,194396587384,194397889390,1302006,4550,8388608
Uring,throughput,0,4,32,0,0,194396599203,194396679572,80369,126,8388608
Uring,throughput,0,4,32,0,0,194396601706,194397907304,1305597,4212,8388608
Uring,throughput,0,4,32,0,0,194396630368,194397329845,699476,5456,8388608
Uring,throughput,0,4,32,0,0,194396636170,194397421115,784944,18,8388608
Uring,throughput,0,4,32,0,0,194396640255,194397745909,1105653,24,8388608
Uring,throughput,0,4,32,0,0,194396653632,194396848394,194762,3536,8388608
Uring,throughput,0,4,32,0,0,194396657493,194397070585,413091,20,8388608
Uring,throughput,0,4,32,0,0,194396662314,194398162476,1500161,32,8388608
Uring,throughput,0,4,32,0,0,194396662324,194396747216,84891,306,8388608
Uring,throughput,0,4,32,0,0,194396662409,194396700201,37792,13,8388608
Uring,throughput,0,4,32,0,0,194396676932,194397966162,1289230,38,8388608
Uring,throughput,0,4,32,0,0,194396678911,194397604367,925455,3362,8388608
Uring,throughput,0,4,32,0,0,194396679579,194396730673,51094,329,8388608
Uring,throughput,0,4,32,0,0,194396687843,194397944695,1256851,51,8388608
Uring,throughput,0,4,32,0,0,194396690125,194398016622,1326497,4162,8388608
Uring,throughput,0,4,32,0,0,194396694275,194397349218,654942,67,8388608
Uring,throughput,0,4,32,0,0,194396695491,194396825438,129947,12,8388608
Uring,throughput,0,4,32,0,0,194396700208,194396732875,32666,87,8388608
Uring,throughput,0,4,32,0,0,194396705048,194397199683,494634,38,8388608
Uring,throughput,0,4,32,0,0,194396713851,194396834739,120888,31,8388608
Uring,throughput,0,4,32,0,0,194396720033,194396768664,48630,30,8388608
Uring,throughput,0,4,32,0,0,194396723988,194396818116,94127,74,8388608
Uring,throughput,0,4,32,0,0,194396730680,194396821611,90931,16,8388608
Uring,throughput,0,4,32,0,0,194396732880,194396888913,156032,2658,8388608
Uring,throughput,0,4,32,0,0,194396734300,194396822687,88387,845,8388608
Uring,throughput,0,4,32,0,0,194396735310,194396876638,141327,12,8388608
Uring,throughput,0,4,32,0,0,194396735482,194397317130,581647,60,8388608
Uring,throughput,0,4,32,0,0,194396735794,194397599791,863997,9,8388608
Uring,throughput,0,4,32,0,0,194396741599,194396944066,202466,63,8388608
Uring,throughput,0,4,32,0,0,194396747194,194396960136,212941,34,8388608
Uring,throughput,0,4,32,0,0,194396747216,194397613990,866773,15,8388608
Uring,throughput,0,4,32,0,0,194396747555,194396839193,91638,1475,8388608
Uring,throughput,0,4,32,0,0,194396755344,194396938689,183344,37,8388608
Uring,throughput,0,4,32,0,0,194396755393,194398631207,1875814,4636,8388608
Uring,throughput,0,4,32,0,0,194396762471,194398091148,1328676,29,8388608
Uring,throughput,0,4,32,0,0,194396767292,194397381085,613793,2277,8388608
Uring,throughput,0,4,32,0,0,194396768671,194396905535,136863,28,8388608
Uring,throughput,0,4,32,0,0,194396781672,194397385162,603489,17,8388608
Uring,throughput,0,4,32,0,0,194396806361,194398181846,1375484,991,8388608
Uring,throughput,0,4,32,0,0,194396818151,194398249287,1431135,4260,8388608
Uring,throughput,0,4,32,0,0,194396821620,194396895976,74355,172,8388608
Uring,throughput,0,4,32,0,0,194396822695,194396887523,64828,78,8388608
Uring,throughput,0,4,32,0,0,194396825446,194397968774,1143328,1982,8388608
Uring,throughput,0,4,32,0,0,194396833549,194397963065,1129516,48,8388608
Uring,throughput,0,4,32,0,0,194396834748,194397406766,572018,88,8388608
Uring,throughput,0,4,32,0,0,194396836518,194396890439,53920,71,8388608
Uring,throughput,0,4,32,0,0,194396837858,194396877537,39678,1324,8388608
Uring,throughput,0,4,32,0,0,194396839199,194396941275,102076,33,8388608
Uring,throughput,0,4,32,0,0,194396840560,194397980505,1139945,14,8388608
Uring,throughput,0,4,32,0,0,194396842460,194397984309,1141848,15,8388608
Uring,throughput,0,4,32,0,0,194396848402,194397610396,761994,18,8388608
Uring,throughput,0,4,32,0,0,194396850391,194397997558,1147166,1209,8388608
Uring,throughput,0,4,32,0,0,194396851568,194398250378,1398809,50,8388608
Uring,throughput,0,4,32,0,0,194396852897,194398000540,1147643,2374,8388608
Uring,throughput,0,4,32,0,0,194396864990,194397420932,555942,2159,8388608
Uring,throughput,0,4,32,0,0,194396876645,194396955447,78801,22,8388608
Uring,throughput,0,4,32,0,0,194396877543,194396902113,24570,16,8388608
Uring,throughput,0,4,32,0,0,194396882616,194397797866,915249,25,8388608
Uring,throughput,0,4,32,0,0,194396887527,194396947098,59571,12,8388608
Uring,throughput,0,4,32,0,0,194396888919,194397533693,644773,25,8388608
Uring,throughput,0,4,32,0,0,194396890447,194396927558,37111,21,8388608
Uring,throughput,0,4,32,0,0,194396895984,194398035750,1139765,1992,8388608
Uring,throughput,0,4,32,0,0,194396902118,194396922125,20007,14,8388608
Uring,throughput,0,4,32,0,0,194396905543,194397962075,1056531,569,8388608
Uring,throughput,0,4,32,0,0,194396912253,194397435857,523603,20,8388608
Uring,throughput,0,4,32,0,0,194396921896,194396985935,64039,44,8388608
Uring,throughput,0,4,32,0,0,194396922127,194398352194,1430067,8305,8388608
Uring,throughput,0,4,32,0,0,194396925735,194396991544,65808,4744,8388608
Uring,throughput,0,4,32,0,0,194396925800,194398065480,1139680,4853,8388608
Uring,throughput,0,4,32,0,0,194396927565,194397844660,917094,866,8388608
Uring,throughput,0,4,32,0,0,194396938751,194397449610,510858,2418,8388608
Uring,throughput,0,4,32,0,0,194396941281,194396995928,54647,54,8388608
Uring,throughput,0,4,32,0,0,194396944074,194397014584,70510,22,8388608
Uring,throughput,0,4,32,0,0,194396947102,194398389906,1442803,3540,8388608
Uring,throughput,0,4,32,0,0,194396951299,194397014024,62724,594,8388608
Uring,throughput,0,4,32,0,0,194396955455,194398404953,1449497,3589,8388608
Uring,throughput,0,4,32,0,0,194396960147,194397033686,73539,2209,8388608
Uring,throughput,0,4,32,0,0,194396965403,194397155058,189654,21,8388608
Uring,throughput,0,4,32,0,0,194396972892,194398105548,1132655,43,8388608
Uring,throughput,0,4,32,0,0,194396985822,194397472408,486586,1303,8388608
Uring,throughput,0,4,32,0,0,194396985944,194398459550,1473606,16,8388608
Uring,throughput,0,4,32,0,0,194396987076,194397389817,402740,79,8388608
Uring,throughput,0,4,32,0,0,194396991551,194397040982,49431,57,8388608
Uring,throughput,0,4,32,0,0,194396993863,194397076996,83132,36,8388608
Uring,throughput,0,4,32,0,0,194396995934,194397662040,666106,4768,8388608
Uring,throughput,0,4,32,0,0,194396997305,194397458525,461219,17,8388608
Uring,throughput,0,4,32,0,0,194396999260,194397149446,150186,1447,8388608
Uring,throughput,0,4,32,0,0,194397000455,194397086627,86171,1261,8388608
Uring,throughput,0,4,32,0,0,194397011454,194397500785,489331,20,8388608
Uring,throughput,0,4,32,0,0,194397012299,194397143785,131486,13,8388608
Uring,throughput,0,4,32,0,0,194397014031,194397713966,699935,26,8388608
Uring,throughput,0,4,32,0,0,194397014588,194398197171,1182583,2249,8388608
Uring,throughput,0,4,32,0,0,194397014670,194397484267,469597,2004,8388608
Uring,throughput,0,4,32,0,0,194397016538,194397451901,435363,3454,8388608
Uring,throughput,0,4,32,0,0,194397016746,194397726110,709364,120,8388608
Uring,throughput,0,4,32,0,0,194397023166,194397422305,399139,21,8388608
Uring,throughput,0,4,32,0,0,194397027201,194397186560,159359,23,8388608
Uring,throughput,0,4,32,0,0,194397030501,194397230884,200383,17,8388608
Uring,throughput,0,4,32,0,0,194397033690,194397878259,844569,15,8388608
Uring,throughput,0,4,32,0,0,194397036534,194398578466,1541931,16,8388608
Uring,throughput,0,4,32,0,0,194397037140,194398538346,1501206,144,8388608
Uring,throughput,0,4,32,0,0,194397040523,194397496598,456074,1870,8388608
Uring,throughput,0,4,32,0,0,194397040985,194398587688,1546702,3732,8388608
Uring,throughput,0,4,32,0,0,194397066098,194397184466,118368,2163,8388608
Uring,throughput,0,4,32,0,0,194397068178,194398627429,1559250,122,8388608
Uring,throughput,0,4,32,0,0,194397070018,194397132366,62348,13,8388608
Uring,throughput,0,4,32,0,0,194397070592,194398221232,1150639,4191,8388608
Uring,throughput,0,4,32,0,0,194397073712,194397470959,397246,30,8388608
Uring,throughput,0,4,32,0,0,194397074375,194398634871,1560495,17,8388608
Uring,throughput,0,4,32,0,0,194397077000,194397267746,190746,584,8388608
Uring,throughput,0,4,32,0,0,194397084069,194397517207,433138,13,8388608
Uring,throughput,0,4,32,0,0,194397086643,194397146305,59661,17,8388608
Uring,throughput,0,4,32,0,0,194397088961,194397348930,259968,19,8388608
Uring,throughput,0,4,32,0,0,194397093714,194397129775,36060,30,8388608
Uring,throughput,0,4,32,0,0,194397101150,194397182271,81121,1903,8388608
Uring,throughput,0,4,32,0,0,194397120105,194397492913,372808,20,8388608
Uring,throughput,0,4,32,0,0,194397120568,194398584795,1464227,77,8388608
Uring,throughput,0,4,32,0,0,194397129781,194397196284,66503,22,8388608
Uring,throughput,0,4,32,0,0,194397131620,194398068904,937284,46,8388608
Uring,throughput,0,4,32,0,0,194397132372,194398371652,1239280,46,8388608
Uring,throughput,0,4,32,0,0,194397137173,194398200782,1063608,72,8388608
Uring,throughput,0,4,32,0,0,194397137906,194397709671,571764,1255,8388608
Uring,throughput,0,4,32,0,0,194397139872,194397367338,227466,10,8388608
Uring,throughput,0,4,32,0,0,194397143790,194398283269,1139478,4181,8388608
Uring,throughput,0,4,32,0,0,194397146312,194397312931,166618,19,8388608
Uring,throughput,0,4,32,0,0,194397149453,194397222690,73236,20,8388608
Uring,throughput,0,4,32,0,0,194397155064,194397986637,831572,24,8388608
Uring,throughput,0,4,32,0,0,194397163513,194398083099,919585,25,8388608
Uring,throughput,0,4,32,0,0,194397166383,194397362915,196532,4287,8388608
Uring,throughput,0,4,32,0,0,194397174962,194398309779,1134817,9242,8388608
Uring,throughput,0,4,32,0,0,194397177266,194397310127,132861,1776,8388608
Uring,throughput,0,4,32,0,0,194397178171,194397714156,535985,23,8388608
Uring,throughput,0,4,32,0,0,194397178526,194398858628,1680102,5906,8388608
Uring,throughput,0,4,32,0,0,194397180870,194398868204,1687334,3676,8388608
Uring,throughput,0,4,32,0,0,194397182274,194397225384,43109,35,8388608
Uring,throughput,0,4,32,0,0,194397183179,194398333198,1150019,15,8388608
Uring,throughput,0,4,32,0,0,194397184470,194397219078,34607,150,8388608
Uring,throughput,0,4,32,0,0,194397186568,194397823162,636594,3925,8388608
Uring,throughput,0,4,32,0,0,194397196293,194397553184,356890,2212,8388608
Uring,throughput,0,4,32,0,0,194397197372,194398153031,955658,18,8388608
Uring,throughput,0,4,32,0,0,194397199143,194397258726,59583,28,8388608
Uring,throughput,0,4,32,0,0,194397199689,194398324244,1124554,16,8388608
Uring,throughput,0,4,32,0,0,194397205200,194397318963,113763,24,8388608
Uring,throughput,0,4,32,0,0,194397213054,194397289829,76774,81,8388608
Uring,throughput,0,4,32,0,0,194397219108,194397263829,44721,49,8388608
Uring,throughput,0,4,32,0,0,194397220766,194397553458,332691,13,8388608
Uring,throughput,0,4,32,0,0,194397222697,194397334591,111894,37,8388608
Uring,throughput,0,4,32,0,0,194397225391,194397274962,49570,19,8388608
Uring,throughput,0,4,32,0,0,194397230890,194398078972,848082,3314,8388608
Uring,throughput,0,4,32,0,0,194397243183,194397386209,143025,6580,8388608
Uring,throughput,0,4,32,0,0,194397245942,194397562566,316624,16,8388608
Uring,throughput,0,4,32,0,0,194397246484,194397560142,313658,17,8388608
Uring,throughput,0,4,32,0,0,194397254216,194398370268,1116052,3370,8388608
Uring,throughput,0,4,32,0,0,194397258732,194399011973,1753241,2139,8388608
Uring,throughput,0,4,32,0,0,194397263836,194399065059,1801223,3569,8388608
Uring,throughput,0,4,32,0,0,194397266705,194397587703,320998,2389,8388608
Uring,throughput,0,4,32,0,0,194397267754,194397875943,608189,16,8388608
Uring,throughput,0,4,32,0,0,194397270479,194398378411,1107932,12,8388608
Uring,throughput,0,4,32,0,0,194397274971,194399037032,1762061,3993,8388608
Uring,throughput,0,4,32,0,0,194397289836,194398390841,1101004,3586,8388608
Uring,throughput,0,4,32,0,0,194397300917,194397414820,113903,2131,8388608
Uring,throughput,0,4,32,0,0,194397303416,194397705909,402493,120,8388608
Uring,throughput,0,4,32,0,0,194397310135,194397521094,210958,73,8388608
Uring,throughput,0,4,32,0,0,194397312937,194399105521,1792583,3266,8388608
Uring,throughput,0,4,32,0,0,194397314848,194398260567,945718,61,8388608
Uring,throughput,0,4,32,0,0,194397317137,194397558464,241327,18,8388608
Uring,throughput,0,4,32,0,0,194397318971,194397509756,190784,1937,8388608
Uring,throughput,0,4,32,0,0,194397329852,194397870477,540625,21,8388608
Uring,throughput,0,4,32,0,0,194397334597,194397588966,254368,2931,8388608
Uring,throughput,0,4,32,0,0,194397339020,194397486191,147171,27,8388608
Uring,throughput,0,4,32,0,0,194397344464,194397567610,223145,18,8388608
Uring,throughput,0,4,32,0,0,194397348934,194397566700,217766,13,8388608
Uring,throughput,0,4,32,0,0,194397349221,194397704855,355634,3202,8388608
Uring,throughput,0,4,32,0,0,194397362923,194397394181,31258,20,8388608
Uring,throughput,0,4,32,0,0,194397367346,194397589757,222410,34,8388608
Uring,throughput,0,4,32,0,0,194397370848,194398544938,1174090,14,8388608
Uring,throughput,0,4,32,0,0,194397381093,194398093561,712467,26,8388608
Uring,throughput,0,4,32,0,0,194397385168,194397440414,55246,1121,8388608
Uring,throughput,0,4,32,0,0,194397386215,194397476051,89835,115,8388608
Uring,throughput,0,4,32,0,0,194397389824,194397566892,177068,3674,8388608
Uring,throughput,0,4,32,0,0,194397390387,194398491167,1100780,28,8388608
Uring,throughput,0,4,32,0,0,194397394188,194397706772,312583,16,8388608
Uring,throughput,0,4,32,0,0,194397398959,194397568798,169838,37,8388608
Uring,throughput,0,4,32,0,0,194397406773,194399279935,1873162,2617,8388608
Uring,throughput,0,4,32,0,0,194397407636,194397758211,350575,21,8388608
Uring,throughput,0,4,32,0,0,194397413121,194397802187,389065,14,8388608
Uring,throughput,0,4,32,0,0,194397414825,194397520212,105387,34,8388608
Uring,throughput,0,4,32,0,0,194397420938,194398016908,595970,3500,8388608
Uring,throughput,0,4,32,0,0,194397421117,194398526383,1105265,3564,8388608
Uring,throughput,0,4,32,0,0,194397422313,194397558125,135812,2265,8388608
Uring,throughput,0,4,32,0,0,194397435865,194397657627,221761,3712,8388608
Uring,throughput,0,4,32,0,0,194397440421,194398304067,863646,11,8388608
Uring,throughput,0,4,32,0,0,194397449621,194397498498,48876,25,8388608
Uring,throughput,0,4,32,0,0,194397451906,194397768618,316711,12,8388608
Uring,throughput,0,4,32,0,0,194397456590,194398234891,778300,17,8388608
Uring,throughput,0,4,32,0,0,194397458532,194398584485,1125952,4756,8388608
Uring,throughput,0,4,32,0,0,194397460321,194399357473,1897152,4541,8388608
Uring,throughput,0,4,32,0,0,194397461862,194397732654,270792,4002,8388608
Uring,throughput,0,4,32,0,0,194397468303,194398559424,1091121,28,8388608
Uring,throughput,0,4,32,0,0,194397470964,194398590538,1119573,10,8388608
Uring,throughput,0,4,32,0,0,194397472416,194398413859,941442,14,8388608
Uring,throughput,0,4,32,0,0,194397476058,194397731437,255379,15,8388608
Uring,throughput,0,4,32,0,0,194397484276,194398483873,999596,52,8388608
Uring,throughput,0,4,32,0,0,194397486198,194397603328,117129,16,8388608
Uring,throughput,0,4,32,0,0,194397492921,194397742234,249312,3761,8388608
Uring,throughput,0,4,32,0,0,194397496605,194398306044,809438,198,8388608
Uring,throughput,0,4,32,0,0,194397498502,194397628903,130400,10,8388608
Uring,throughput,0,4,32,0,0,194397500236,194398593543,1093306,26,8388608
Uring,throughput,0,4,32,0,0,194397500791,194397749321,248530,20,8388608
Uring,throughput,0,4,32,0,0,194397509766,194397671980,162213,30,8388608
Uring,throughput,0,4,32,0,0,194397517215,194397658984,141769,3245,8388608
Uring,throughput,0,4,32,0,0,194397520220,194397873597,353377,43,8388608
Uring,throughput,0,4,32,0,0,194397521101,194397811960,290859,39,8388608
Uring,throughput,0,4,32,0,0,194397533701,194398002586,468884,17,8388608
Uring,throughput,0,4,32,0,0,194397535793,194399634703,2098909,19,8388608
Uring,throughput,0,4,32,0,0,194397545301,194397765775,220474,15,8388608
Uring,throughput,0,4,32,0,0,194397553189,194397806461,253272,22,8388608
Uring,throughput,0,4,32,0,0,194397553466,194398627892,1074425,3168,8388608
Uring,throughput,0,4,32,0,0,194397556774,194397632426,75651,303,8388608
Uring,throughput,0,4,32,0,0,194397558141,194397792344,234203,23,8388608
Uring,throughput,0,4,32,0,0,194397558466,194398080727,522260,4218,8388608
Uring,throughput,0,4,32,0,0,194397560144,194397900164,340020,4964,8388608
Uring,throughput,0,4,32,0,0,194397562574,194397951193,388618,18,8388608
Uring,throughput,0,4,32,0,0,194397566710,194399744114,2177404,4319,8388608
Uring,throughput,0,4,32,0,0,194397566899,194398562612,995712,45,8388608
Uring,throughput,0,4,32,0,0,194397567617,194398641389,1073772,1220,8388608
Uring,throughput,0,4,32,0,0,194397568141,194399738308,2170167,46,8388608
Uring,throughput,0,4,32,0,0,194397568800,194397937923,369122,84,8388608
Uring,throughput,0,4,32,0,0,194397584907,194398652464,1067557,4037,8388608
Uring,throughput,0,4,32,0,0,194397587712,194398063697,475984,25,8388608
Uring,throughput,0,4,32,0,0,194397588972,194397639071,50099,111,8388608
Uring,throughput,0,4,32,0,0,194397589766,194398066910,477143,4804,8388608
Uring,throughput,0,4,32,0,0,194397599801,194397898164,298362,5036,8388608
Uring,throughput,0,4,32,0,0,194397603336,194398899228,1295892,1196,8388608
Uring,throughput,0,4,32,0,0,194397604375,194398076220,471845,23,8388608
Uring,throughput,0,4,32,0,0,194397610404,194397872208,261804,16,8388608
Uring,throughput,0,4,32,0,0,194397613998,194398080257,466258,40,8388608
Uring,throughput,0,4,32,0,0,194397619880,194398109016,489136,3000,8388608
Uring,throughput,0,4,32,0,0,194397625972,194398524765,898792,18,8388608
Uring,throughput,0,4,32,0,0,194397628910,194397738937,110027,334,8388608
Uring,throughput,0,4,32,0,0,194397632432,194397676065,43633,24,8388608
Uring,throughput,0,4,32,0,0,194397639080,194397693393,54313,20,8388608
Uring,throughput,0,4,32,0,0,194397654047,194398694786,1040738,86,8388608
Uring,throughput,0,4,32,0,0,194397657637,194398831975,1174338,61,8388608
Uring,throughput,0,4,32,0,0,194397658992,194397794033,135041,32,8388608
Uring,throughput,0,4,32,0,0,194397662050,194397770638,108588,37,8388608
Uring,throughput,0,4,32,0,0,194397671987,194397809308,137320,36,8388608
Uring,throughput,0,4,32,0,0,194397676070,194397749156,73086,25,8388608
Uring,throughput,0,4,32,0,0,194397676740,194398087463,410722,48,8388608
Uring,throughput,0,4,32,0,0,194397693400,194398739364,1045963,3544,8388608
Uring,throughput,0,4,32,0,0,194397704863,194397833700,128836,20,8388608
Uring,throughput,0,4,32,0,0,194397705917,194398749248,1043330,18,8388608
Uring,throughput,0,4,32,0,0,194397706835,194397745312,38477,667,8388608
Uring,throughput,0,4,32,0,0,194397709691,194397801685,91994,22,8388608
Uring,throughput,0,4,32,0,0,194397713973,194398317670,603697,75,8388608
Uring,throughput,0,4,32,0,0,194397714164,194398756722,1042557,1831,8388608
Uring,throughput,0,4,32,0,0,194397726118,194399861507,2135389,22,8388608
Uring,throughput,0,4,32,0,0,194397731445,194398169993,438548,762,8388608
Uring,throughput,0,4,32,0,0,194397732663,194397957782,225119,50,8388608
Uring,throughput,0,4,32,0,0,194397738944,194397805532,66588,141,8388608
Uring,throughput,0,4,32,0,0,194397742243,194397926536,184293,20,8388608
Uring,throughput,0,4,32,0,0,194397745465,194398188713,443248,28,8388608
Uring,throughput,0,4,32,0,0,194397745916,194398285081,539164,3072,8388608
Uring,throughput,0,4,32,0,0,194397749160,194400054090,2304929,3947,8388608
Uring,throughput,0,4,32,0,0,194397749328,194397828314,78985,1454,8388608
Uring,throughput,0,4,32,0,0,194397758219,194399907989,2149769,3064,8388608
Uring,throughput,0,4,32,0,0,194397765782,194397805985,40203,808,8388608
Uring,throughput,0,4,32,0,0,194397768626,194398147703,379077,25,8388608
Uring,throughput,0,4,32,0,0,194397770643,194397895778,125134,15,8388608
Uring,throughput,0,4,32,0,0,194397792351,194397891899,99548,20,8388608
Uring,throughput,0,4,32,0,0,194397794040,194397903200,109159,23,8388608
Uring,throughput,0,4,32,0,0,194397797874,194398310494,512620,19,8388608
Uring,throughput,0,4,32,0,0,194397801693,194398403230,601537,28,8388608
Uring,throughput,0,4,32,0,0,194397802192,194399160164,1357971,1979,8388608
Uring,throughput,0,4,32,0,0,194397805539,194397973079,167539,15,8388608
Uring,throughput,0,4,32,0,0,194397805991,194397842486,36495,33,8388608
Uring,throughput,0,4,32,0,0,194397806463,194397973159,166695,16,8388608
Uring,throughput,0,4,32,0,0,194397809311,194398015378,206067,3087,8388608
Uring,throughput,0,4,32,0,0,194397811966,194398677917,865950,1220,8388608
Uring,throughput,0,4,32,0,0,194397823169,194398300277,477107,15,8388608
Uring,throughput,0,4,32,0,0,194397828321,194397980572,152250,25,8388608
Uring,throughput,0,4,32,0,0,194397833745,194398314652,480907,47,8388608
Uring,throughput,0,4,32,0,0,194397842494,194397882168,39673,28,8388608
Uring,throughput,0,4,32,0,0,194397844705,194399014156,1169450,24,8388608
Uring,throughput,0,4,32,0,0,194397870485,194398839667,969182,27,8388608
Uring,throughput,0,4,32,0,0,194397872217,194399755067,1882850,3370,8388608
Uring,throughput,0,4,32,0,0,194397873605,194397921384,47778,3681,8388608
Uring,throughput,0,4,32,0,0,194397875950,194397911149,35198,13,8388608
Uring,throughput,0,4,32,0,0,194397878286,194397993105,114819,18,8388608
Uring,throughput,0,4,32,0,0,194397882172,194398059840,177667,5248,8388608
Uring,throughput,0,4,32,0,0,194397887312,194400031281,2143969,174,8388608
Uring,throughput,0,4,32,0,0,194397889397,194398365757,476359,36,8388608
Uring,throughput,0,4,32,0,0,194397891904,194398385655,493750,3612,8388608
Uring,throughput,0,4,32,0,0,194397895783,194398069946,174163,4369,8388608
Uring,throughput,0,4,32,0,0,194397898172,194397953443,55271,45,8388608
Uring,throughput,0,4,32,0,0,194397900168,194398047970,147801,48,8388608
Uring,throughput,0,4,32,0,0,194397903204,194398892082,988878,4160,8388608
Uring,throughput,0,4,32,0,0,194397907332,194400057478,2150146,122,8388608
Uring,throughput,0,4,32,0,0,194397911157,194398374620,463463,2036,8388608
Uring,throughput,0,4,32,0,0,194397921391,194397972750,51359,93,8388608
Uring,throughput,0,4,32,0,0,194397926543,194398049879,123335,21,8388608
Uring,throughput,0,4,32,0,0,194397937928,194398048477,110548,2381,8388608
Uring,throughput,0,4,32,0,0,194397944703,194397980351,35647,1209,8388608
Uring,throughput,0,4,32,0,0,194397951201,194400140261,2189060,2628,8388608
Uring,throughput,0,4,32,0,0,194397953451,194398405111,451660,26,8388608
Uring,throughput,0,4,32,0,0,194397957789,194398900233,942443,15,8388608
Uring,throughput,0,4,32,0,0,194397962102,194398904609,942507,71,8388608
Uring,throughput,0,4,32,0,0,194397963096,194398412556,449460,1231,8388608
Uring,throughput,0,4,32,0,0,194397966170,194398909461,943291,2248,8388608
Uring,throughput,0,4,32,0,0,194397968779,194398407111,438332,12,8388608
Uring,throughput,0,4,32,0,0,194397972754,194398737829,765075,13,8388608
Uring,throughput,0,4,32,0,0,194397973080,194398027264,54183,1089,8388608
Uring,throughput,0,4,32,0,0,194397973164,194398143290,170125,892,8388608
Uring,throughput,0,4,32,0,0,194397980357,194398012088,31730,24,8388608
Uring,throughput,0,4,32,0,0,194397980514,194398913666,933151,5785,8388608
Uring,throughput,0,4,32,0,0,194397980576,194398069163,88586,33,8388608
Uring,throughput,0,4,32,0,0,194397984315,194400291279,2306964,2200,8388608
Uring,throughput,0,4,32,0,0,194397986646,194398919536,932889,3857,8388608
Uring,throughput,0,4,32,0,0,194397993111,194398923813,930702,5128,8388608
Uring,throughput,0,4,32,0,0,194397997562,194398504800,507237,38,8388608
Uring,throughput,0,4,32,0,0,194398000544,194398077538,76994,66,8388608
Uring,throughput,0,4,32,0,0,194398002594,194398039975,37381,2456,8388608
Uring,throughput,0,4,32,0,0,194398012094,194398048135,36040,65,8388608
Uring,throughput,0,4,32,0,0,194398015385,194398338236,322850,30,8388608
Uring,throughput,0,4,32,0,0,194398016660,194398421255,404595,24,8388608
Uring,throughput,0,4,32,0,0,194398016912,194398612355,595442,26,8388608
Uring,throughput,0,4,32,0,0,194398027287,194398942893,915605,19,8388608
Uring,throughput,0,4,32,0,0,194398028906,194400185226,2156320,26,8388608
Uring,throughput,0,4,32,0,0,194398035759,194398176529,140770,150,8388608
Uring,throughput,0,4,32,0,0,194398039981,194398136380,96398,114,8388608
Uring,throughput,0,4,32,0,0,194398047977,194398581313,533335,83,8388608
Uring,throughput,0,4,32,0,0,194398048136,194400151860,2103724,2759,8388608
Uring,throughput,0,4,32,0,0,194398048483,194398954435,905951,17,8388608
Uring,throughput,0,4,32,0,0,194398049883,194398186560,136676,273,8388608
Uring,throughput,0,4,32,0,0,194398059885,194398183137,123252,152,8388608
Uring,throughput,0,4,32,0,0,194398063706,194398961821,898114,20,8388608
Uring,throughput,0,4,32,0,0,194398065490,194400218350,2152859,21,8388608
Uring,throughput,0,4,32,0,0,194398066918,194398137888,70969,141,8388608
Uring,throughput,0,4,32,0,0,194398068911,194398316750,247838,14,8388608
Uring,throughput,0,4,32,0,0,194398069167,194399217897,1148729,885,8388608
Uring,throughput,0,4,32,0,0,194398069952,194398443797,373844,46,8388608
Uring,throughput,0,4,32,0,0,194398076228,194398434495,358267,21,8388608
Uring,throughput,0,4,32,0,0,194398077542,194398133142,55599,12,8388608
Uring,throughput,0,4,32,0,0,194398078981,194398992583,913601,65,8388608
Uring,throughput,0,4,32,0,0,194398080265,194398169929,89663,812,8388608
Uring,throughput,0,4,32,0,0,194398080732,194398176991,96259,24,8388608
Uring,throughput,0,4,32,0,0,194398083104,194398972330,889226,13,8388608
Uring,throughput,0,4,32,0,0,194398087470,194398455048,367577,23,8388608
Uring,throughput,0,4,32,0,0,194398091158,194398455609,364451,2356,8388608
Uring,throughput,0,4,32,0,0,194398093567,194398456636,363068,115,8388608
Uring,throughput,0,4,32,0,0,194398105556,194398400507,294950,4004,8388608
Uring,throughput,0,4,32,0,0,194398109024,194398169380,60356,94,8388608
Uring,throughput,0,4,32,0,0,194398133149,194398424766,291617,1819,8388608
Uring,throughput,0,4,32,0,0,194398136388,194400276388,2140000,64,8388608
Uring,throughput,0,4,32,0,0,194398137891,194399001646,863754,15,8388608
Uring,throughput,0,4,32,0,0,194398143296,194398487227,343931,17,8388608
Uring,throughput,0,4,32,0,0,194398147710,194399884484,1736773,1050,8388608
Uring,throughput,0,4,32,0,0,194398153037,194398208645,55607,1579,8388608
Uring,throughput,0,4,32,0,0,194398162482,194398497196,334714,3646,8388608
Uring,throughput,0,4,32,0,0,194398169388,194398285508,116120,26,8388608
Uring,throughput,0,4,32,0,0,194398169936,194398199430,29493,22,8388608
Uring,throughput,0,4,32,0,0,194398169998,194398703277,533278,43,8388608
Uring,throughput,0,4,32,0,0,194398176535,194398236918,60383,53,8388608
Uring,throughput,0,4,32,0,0,194398176995,194398341369,164373,47,8388608
Uring,throughput,0,4,32,0,0,194398181853,194398319326,137472,13,8388608
Uring,throughput,0,4,32,0,0,194398183141,194398214307,31166,12,8388608
Uring,throughput,0,4,32,0,0,194398186609,194398343625,157016,40,8388608
Uring,throughput,0,4,32,0,0,194398188721,194398327855,139134,17,8388608
Uring,throughput,0,4,32,0,0,194398197176,194398261396,64219,45,8388608
Uring,throughput,0,4,32,0,0,194398199435,194398235548,36113,20,8388608
Uring,throughput,0,4,32,0,0,194398200790,194398269457,68666,94,8388608
Uring,throughput,0,4,32,0,0,194398208650,194398336271,127620,15,8388608
Uring,throughput,0,4,32,0,0,194398214312,194398280120,65807,831,8388608
Uring,throughput,0,4,32,0,0,194398221239,194399041135,819895,20,8388608
Uring,throughput,0,4,32,0,0,194398234897,194398353616,118718,4002,8388608
Uring,throughput,0,4,32,0,0,194398235554,194400378739,2143184,3651,8388608
Uring,throughput,0,4,32,0,0,194398236983,194398290590,53607,791,8388608
Uring,throughput,0,4,32,0,0,194398249295,194400278279,2028983,14,8388608
Uring,throughput,0,4,32,0,0,194398250387,194398585750,335363,26,8388608
Uring,throughput,0,4,32,0,0,194398260575,194398509602,249027,515,8388608
Uring,throughput,0,4,32,0,0,194398261400,194398344613,83212,17,8388608
Uring,throughput,0,4,32,0,0,194398269463,194399062264,792801,2945,8388608
Uring,throughput,0,4,32,0,0,194398280127,194399064070,783943,16,8388608
Uring,throughput,0,4,32,0,0,194398283275,194400356382,2073107,15,8388608
Uring,throughput,0,4,32,0,0,194398285087,194400317719,2032632,20,8388608
Uring,throughput,0,4,32,0,0,194398285515,194399067051,781536,380,8388608
Uring,throughput,0,4,32,0,0,194398290597,194399069967,779369,29,8388608
Uring,throughput,0,4,32,0,0,194398300287,194398493973,193686,165,8388608
Uring,throughput,0,4,32,0,0,194398304076,194398594085,290009,65,8388608
Uring,throughput,0,4,32,0,0,194398306051,194398536074,230023,33,8388608
Uring,throughput,0,4,32,0,0,194398309787,194399460545,1150758,16,8388608
Uring,throughput,0,4,32,0,0,194398310502,194400403781,2093278,3273,8388608
Uring,throughput,0,4,32,0,0,194398314659,194399408018,1093359,1969,8388608
Uring,throughput,0,4,32,0,0,194398316755,194398371185,54430,2439,8388608
Uring,throughput,0,4,32,0,0,194398317675,194400402725,2085050,3126,8388608
Uring,throughput,0,4,32,0,0,194398319334,194398820975,501641,18,8388608
Uring,throughput,0,4,32,0,0,194398324253,194399084897,760643,3073,8388608
Uring,throughput,0,4,32,0,0,194398327862,194398641166,313304,1674,8388608
Uring,throughput,0,4,32,0,0,194398333203,194398886717,553513,2331,8388608
Uring,throughput,0,4,32,0,0,194398336275,194398559128,222852,16,8388608
Uring,throughput,0,4,32,0,0,194398338245,194398547319,209073,19,8388608
Uring,throughput,0,4,32,0,0,194398341381,194398932070,590688,1411,8388608
Uring,throughput,0,4,32,0,0,194398343634,194398860968,517334,22,8388608
Uring,throughput,0,4,32,0,0,194398344620,194399048363,703742,3998,8388608
Uring,throughput,0,4,32,0,0,194398352203,194400197333,1845130,61,8388608
Uring,throughput,0,4,32,0,0,194398353624,194398868097,514472,22,8388608
Uring,throughput,0,4,32,0,0,194398365765,194399102713,736948,17,8388608
Uring,throughput,0,4,32,0,0,194398370277,194398451699,81422,31,8388608
Uring,throughput,0,4,32,0,0,194398371192,194398392762,21569,29,8388608
Uring,throughput,0,4,32,0,0,194398371657,194398991272,619615,3304,8388608
Uring,throughput,0,4,32,0,0,194398374632,194398434097,59464,525,8388608
Uring,throughput,0,4,32,0,0,194398378419,194399110431,732012,2953,8388608
Uring,throughput,0,4,32,0,0,194398385664,194399111271,725607,26,8388608
Uring,throughput,0,4,32,0,0,194398389913,194400389663,1999749,19,8388608
Uring,throughput,0,4,32,0,0,194398390846,194399043628,652781,34,8388608
Uring,throughput,0,4,32,0,0,194398392767,194398432446,39678,15,8388608
Uring,throughput,0,4,32,0,0,194398400517,194398992381,591864,21,8388608
Uring,throughput,0,4,32,0,0,194398403238,194398598186,194948,653,8388608
Uring,throughput,0,4,32,0,0,194398404962,194401488545,3083583,6958,8388608
Uring,throughput,0,4,32,0,0,194398405113,194398681913,276799,7255,8388608
Uring,throughput,0,4,32,0,0,194398407117,194400499408,2092290,69,8388608
Uring,throughput,0,4,32,0,0,194398412563,194398449218,36655,116,8388608
Uring,throughput,0,4,32,0,0,194398413867,194399048528,634660,49,8388608
Uring,throughput,0,4,32,0,0,194398421260,194400425381,2004120,17,8388608
Uring,throughput,0,4,32,0,0,194398424774,194398608405,183630,28,8388608
Uring,throughput,0,4,32,0,0,194398432451,194399130899,698448,3367,8388608
Uring,throughput,0,4,32,0,0,194398434103,194399130472,696368,46,8388608
Uring,throughput,0,4,32,0,0,194398434497,194399023312,588814,722,8388608
Uring,throughput,0,4,32,0,0,194398443804,194398491233,47429,23,8388608
Uring,throughput,0,4,32,0,0,194398449226,194398475146,25919,61,8388608
Uring,throughput,0,4,32,0,0,194398451708,194398527224,75515,25,8388608
Uring,throughput,0,4,32,0,0,194398455056,194398894564,439508,1903,8388608
Uring,throughput,0,4,32,0,0,194398455616,194398627457,171840,46,8388608
Uring,throughput,0,4,32,0,0,194398456644,194400527309,2070665,3861,8388608
Uring,throughput,0,4,32,0,0,194398459570,194399076184,616614,1542,8388608
Uring,throughput,0,4,32,0,0,194398475151,194398655505,180353,974,8388608
Uring,throughput,0,4,32,0,0,194398483883,194398672048,188165,25,8388608
Uring,throughput,0,4,32,0,0,194398487234,194399107351,620116,63,8388608
Uring,throughput,0,4,32,0,0,194398491176,194398648089,156912,20,8388608
Uring,throughput,0,4,32,0,0,194398491241,194398524587,33346,1168,8388608
Uring,throughput,0,4,32,0,0,194398493981,194399154699,660717,3305,8388608
Uring,throughput,0,4,32,0,0,194398497203,194399127349,630146,151,8388608
Uring,throughput,0,4,32,0,0,194398504859,194398907481,402622,125,8388608
Uring,throughput,0,4,32,0,0,194398509631,194399161641,652009,23,8388608
Uring,throughput,0,4,32,0,0,194398524593,194398548578,23984,20,8388608
Uring,throughput,0,4,32,0,0,194398524774,194398710597,185822,62,8388608
Uring,throughput,0,4,32,0,0,194398526391,194399159201,632810,24,8388608
Uring,throughput,0,4,32,0,0,194398527229,194399568426,1041196,876,8388608
Uring,throughput,0,4,32,0,0,194398536082,194398706956,170873,2983,8388608
Uring,throughput,0,4,32,0,0,194398538354,194398583483,45128,1163,8388608
Uring,throughput,0,4,32,0,0,194398544946,194399213386,668440,22,8388608
Uring,throughput,0,4,32,0,0,194398547324,194398577762,30437,1049,8388608
Uring,throughput,0,4,32,0,0,194398548584,194399210934,662350,25,8388608
Uring,throughput,0,4,32,0,0,194398559135,194399230796,671660,1741,8388608
Uring,throughput,0,4,32,0,0,194398559432,194399182445,623012,3652,8388608
Uring,throughput,0,4,32,0,0,194398562620,194400321742,1759122,43,8388608
Uring,throughput,0,4,32,0,0,194398577802,194398629965,52162,38,8388608
Uring,throughput,0,4,32,0,0,194398578471,194399270047,691575,1075,8388608
Uring,throughput,0,4,32,0,0,194398581321,194398659164,77843,319,8388608
Uring,throughput,0,4,32,0,0,194398583486,194398662481,78994,10,8388608
Uring,throughput,0,4,32,0,0,194398584495,194398735846,151351,17,8388608
Uring,throughput,0,4,32,0,0,194398584804,194400625355,2040550,73,8388608
Uring,throughput,0,4,32,0,0,194398585757,194399262400,676643,4650,8388608
Uring,throughput,0,4,32,0,0,194398587696,194399255428,667732,18,8388608
Uring,throughput,0,4,32,0,0,194398590545,194399198070,607524,2853,8388608
Uring,throughput,0,4,32,0,0,194398593604,194400632284,2038679,26,8388608
Uring,throughput,0,4,32,0,0,194398594092,194398706420,112327,591,8388608
Uring,throughput,0,4,32,0,0,194398598195,194398630038,31842,84,8388608
Uring,throughput,0,4,32,0,0,194398608413,194398717895,109482,40,8388608
Uring,throughput,0,4,32,0,0,194398612363,194400641833,2029470,3568,8388608
Uring,throughput,0,4,32,0,0,194398627437,194400512255,1884817,21,8388608
Uring,throughput,0,4,32,0,0,194398627464,194398740040,112576,25,8388608
Uring,throughput,0,4,32,0,0,194398627894,194399209600,581705,10,8388608
Uring,throughput,0,4,32,0,0,194398629973,194398730896,100922,16,8388608
Uring,throughput,0,4,32,0,0,194398630043,194398711294,81251,20,8388608
Uring,throughput,0,4,32,0,0,194398631215,194400647088,2015873,18,8388608
Uring,throughput,0,4,32,0,0,194398634878,194400648319,2013440,18,8388608
Uring,throughput,0,4,32,0,0,194398641173,194398853323,212149,19,8388608
Uring,throughput,0,4,32,0,0,194398641513,194399270170,628657,24,8388608
Uring,throughput,0,4,32,0,0,194398648098,194399397469,749370,2829,8388608
Uring,throughput,0,4,32,0,0,194398652472,194398751335,98862,20,8388608
Uring,throughput,0,4,32,0,0,194398655513,194398788330,132817,25,8388608
Uring,throughput,0,4,32,0,0,194398659170,194398744817,85646,94,8388608
Uring,throughput,0,4,32,0,0,194398662508,194399297558,635049,59,8388608
Uring,throughput,0,4,32,0,0,194398672056,194398823552,151495,793,8388608
Uring,throughput,0,4,32,0,0,194398677925,194398832198,154272,54,8388608
Uring,throughput,0,4,32,0,0,194398681920,194398819319,137398,48,8388608
Uring,throughput,0,4,32,0,0,194398694796,194400677726,1982929,4426,8388608
Uring,throughput,0,4,32,0,0,194398703282,194398768101,64819,22,8388608
Uring,throughput,0,4,32,0,0,194398706425,194399248618,542193,37,8388608
Uring,throughput,0,4,32,0,0,194398706965,194398878769,171804,26,8388608
Uring,throughput,0,4,32,0,0,194398710603,194398886046,175443,2805,8388608
Uring,throughput,0,4,32,0,0,194398711298,194398755149,43850,879,8388608
Uring,throughput,0,4,32,0,0,194398717904,194398862423,144519,1022,8388608
Uring,throughput,0,4,32,0,0,194398730903,194398819194,88291,1259,8388608
Uring,throughput,0,4,32,0,0,194398735852,194398812223,76370,32,8388608
Uring,throughput,0,4,32,0,0,194398737836,194400706263,1968426,4946,8388608
Uring,throughput,0,4,32,0,0,194398739370,194398771515,32144,21,8388608
Uring,throughput,0,4,32,0,0,194398740047,194400684295,1944248,3118,8388608
Uring,throughput,0,4,32,0,0,194398744823,194399552546,807722,34,8388608
Uring,throughput,0,4,32,0,0,194398749256,194399273563,524306,3909,8388608
Uring,throughput,0,4,32,0,0,194398751342,194399268802,517460,39,8388608
Uring,throughput,0,4,32,0,0,194398755153,194398788519,33366,20,8388608
Uring,throughput,0,4,32,0,0,194398756730,194399345950,589220,19,8388608
Uring,throughput,0,4,32,0,0,194398768154,194398811787,43632,916,8388608
Uring,throughput,0,4,32,0,0,194398771518,194399278779,507260,10,8388608
Uring,throughput,0,4,32,0,0,194398788337,194398833044,44706,31,8388608
Uring,throughput,0,4,32,0,0,194398788526,194398806700,18174,18,8388608
Uring,throughput,0,4,32,0,0,194398806705,194398866555,59849,2778,8388608
Uring,throughput,0,4,32,0,0,194398811792,194398850767,38974,24,8388608
Uring,throughput,0,4,32,0,0,194398812231,194399302787,490555,335,8388608
Uring,throughput,0,4,32,0,0,194398819202,194398897853,78650,27,8388608
Uring,throughput,0,4,32,0,0,194398819321,194398878087,58766,45,8388608
Uring,throughput,0,4,32,0,0,194398820982,194399011257,190274,758,8388608
Uring,throughput,0,4,32,0,0,194398823557,194398884164,60606,14,8388608
Uring,throughput,0,4,32,0,0,194398831982,194400717095,1885112,144,8388608
Uring,throughput,0,4,32,0,0,194398832206,194399069668,237462,90,8388608
Uring,throughput,0,4,32,0,0,194398833047,194399059645,226598,877,8388608
Uring,throughput,0,4,32,0,0,194398839673,194399397522,557848,1041,8388608
Uring,throughput,0,4,32,0,0,194398850775,194399324058,473282,56,8388608
Uring,throughput,0,4,32,0,0,194398853332,194399115736,262404,52,8388608
Uring,throughput,0,4,32,0,0,194398858634,194399329741,471107,13,8388608
Uring,throughput,0,4,32,0,0,194398860975,194398902047,41072,1167,8388608
Uring,throughput,0,4,32,0,0,194398862433,194399104066,241633,150,8388608
Uring,throughput,0,4,32,0,0,194398866564,194399123881,257317,18,8388608
Uring,throughput,0,4,32,0,0,194398868105,194399133738,265633,19,8388608
Uring,throughput,0,4,32,0,0,194398868212,194400199123,1330910,30,8388608
Uring,throughput,0,4,32,0,0,194398878095,194398941685,63590,1692,8388608
Uring,throughput,0,4,32,0,0,194398878779,194398936792,58013,27,8388608
Uring,throughput,0,4,32,0,0,194398884170,194399381357,497187,14,8388608
Uring,throughput,0,4,32,0,0,194398886052,194398947631,61578,19,8388608
Uring,throughput,0,4,32,0,0,194398886726,194400747942,1861215,26,8388608
Uring,throughput,0,4,32,0,0,194398892088,194399384164,492076,16,8388608
Uring,throughput,0,4,32,0,0,194398894572,194399384406,489834,42,8388608
Uring,throughput,0,4,32,0,0,194398897861,194399158627,260766,184,8388608
Uring,throughput,0,4,32,0,0,194398899236,194399075306,176069,21,8388608
Uring,throughput,0,4,32,0,0,194398900238,194398950810,50572,1404,8388608
Uring,throughput,0,4,32,0,0,194398902055,194398952777,50722,22,8388608
Uring,throughput,0,4,32,0,0,194398904616,194399218167,313551,18,8388608
Uring,throughput,0,4,32,0,0,194398907486,194400678820,1771333,3118,8388608
Uring,throughput,0,4,32,0,0,194398909468,194399020159,110690,33,8388608
Uring,throughput,0,4,32,0,0,194398913713,194399354641,440928,30,8388608
Uring,throughput,0,4,32,0,0,194398919544,194399329200,409656,21,8388608
Uring,throughput,0,4,32,0,0,194398923819,194400757984,1834164,18,8388608
Uring,throughput,0,4,32,0,0,194398932077,194399019909,87832,35,8388608
Uring,throughput,0,4,32,0,0,194398936821,194399397555,460734,6042,8388608
Uring,throughput,0,4,32,0,0,194398941693,194399000583,58889,80,8388608
Uring,throughput,0,4,32,0,0,194398942897,194399395060,452162,87,8388608
Uring,throughput,0,4,32,0,0,194398947637,194399006215,58577,20,8388608
Uring,throughput,0,4,32,0,0,194398950819,194399210407,259587,24,8388608
Uring,throughput,0,4,32,0,0,194398952784,194399534150,581365,20,8388608
Uring,throughput,0,4,32,0,0,194398954442,194399245512,291069,22,8388608
Uring,throughput,0,4,32,0,0,194398961828,194399896827,934999,3641,8388608
Uring,throughput,0,4,32,0,0,194398972337,194399408376,436038,4835,8388608
Uring,throughput,0,4,32,0,0,194398991305,194399405110,413804,32,8388608
Uring,throughput,0,4,32,0,0,194398992384,194399245510,253125,15,8388608
Uring,throughput,0,4,32,0,0,194398992584,194399406316,413731,8,8388608
Uring,throughput,0,4,32,0,0,194399000591,194399426743,426152,37,8388608
Uring,throughput,0,4,32,0,0,194399001651,194399255373,253721,1707,8388608
Uring,throughput,0,4,32,0,0,194399006219,194399238786,232566,3147,8388608
Uring,throughput,0,4,32,0,0,194399011263,194399157158,145894,19,8388608
Uring,throughput,0,4,32,0,0,194399011980,194399315673,303692,18,8388608
Uring,throughput,0,4,32,0,0,194399014161,194399640445,626283,25,8388608
Uring,throughput,0,4,32,0,0,194399019938,194399262878,242939,27,8388608
Uring,throughput,0,4,32,0,0,194399020162,194399266711,246549,12,8388608
Uring,throughput,0,4,32,0,0,194399023319,194399273041,249722,22,8388608
Uring,throughput,0,4,32,0,0,194399037041,194400829555,1792513,21,8388608
Uring,throughput,0,4,32,0,0,194399041143,194399570053,528909,37,8388608
Uring,throughput,0,4,32,0,0,194399043635,194399688463,644827,103,8388608
Uring,throughput,0,4,32,0,0,194399048370,194399393963,345593,40,8388608
Uring,throughput,0,4,32,0,0,194399048532,194399359150,310617,2432,8388608
Uring,throughput,0,4,32,0,0,194399059652,194399115722,56070,17,8388608
Uring,throughput,0,4,32,0,0,194399062270,194400870685,1808414,12,8388608
Uring,throughput,0,4,32,0,0,194399064077,194399495389,431311,42,8388608
Uring,throughput,0,4,32,0,0,194399065092,194400697097,1632005,39,8388608
Uring,throughput,0,4,32,0,0,194399067059,194399430023,362964,31,8388608
Uring,throughput,0,4,32,0,0,194399069675,194399339221,269545,2428,8388608
Uring,throughput,0,4,32,0,0,194399069974,194399499849,429874,20,8388608
Uring,throughput,0,4,32,0,0,194399075312,194399321682,246369,15,8388608
Uring,throughput,0,4,32,0,0,194399076188,194399509360,433172,21,8388608
Uring,throughput,0,4,32,0,0,194399084904,194399513530,428625,18,8388608
Uring,throughput,0,4,32,0,0,194399102722,194399467539,364817,2017,8388608
Uring,throughput,0,4,32,0,0,194399104073,194399292551,188477,111,8388608
Uring,throughput,0,4,32,0,0,194399105558,194400887972,1782414,16,8388608
Uring,throughput,0,4,32,0,0,194399107356,194399444473,337117,3321,8388608
Uring,throughput,0,4,32,0,0,194399110437,194399533104,422666,242,8388608
Uring,throughput,0,4,32,0,0,194399111281,194399285433,174151,22,8388608
Uring,throughput,0,4,32,0,0,194399115728,194400238663,1122935,13,8388608
Uring,throughput,0,4,32,0,0,194399115738,194399297535,181796,3935,8388608
Uring,throughput,0,4,32,0,0,194399123888,194399295507,171619,22,8388608
Uring,throughput,0,4,32,0,0,194399127353,194399545882,418529,10,8388608
Uring,throughput,0,4,32,0,0,194399130605,194399553417,422811,2565,8388608
Uring,throughput,0,4,32,0,0,194399130904,194399547209,416304,12,8388608
Uring,throughput,0,4,32,0,0,194399133746,194399186637,52891,2901,8388608
Uring,throughput,0,4,32,0,0,194399154706,194399549469,394762,17,8388608
Uring,throughput,0,4,32,0,0,194399157167,194399289929,132762,33,8388608
Uring,throughput,0,4,32,0,0,194399158635,194400906445,1747809,3183,8388608
Uring,throughput,0,4,32,0,0,194399159223,194399422883,263660,18,8388608
Uring,throughput,0,4,32,0,0,194399160210,194399446819,286609,21,8388608
Uring,throughput,0,4,32,0,0,194399161647,194399463562,301915,222,8388608
Uring,throughput,0,4,32,0,0,194399182454,194399510943,328489,20,8388608
Uring,throughput,0,4,32,0,0,194399186643,194399223185,36541,98,8388608
Uring,throughput,0,4,32,0,0,194399198078,194399469603,271524,95,8388608
Uring,throughput,0,4,32,0,0,194399209607,194399724921,515314,26,8388608
Uring,throughput,0,4,32,0,0,194399210409,194399721785,511375,15,8388608
Uring,throughput,0,4,32,0,0,194399210937,194401578566,2367628,2764,8388608
Uring,throughput,0,4,32,0,0,194399213395,194399589504,376109,1972,8388608
Uring,throughput,0,4,32,0,0,194399217905,194399475135,257230,54,8388608
Uring,throughput,0,4,32,0,0,194399218169,194399567479,349309,2894,8388608
Uring,throughput,0,4,32,0,0,194399223191,194399278496,55304,46,8388608
Uring,throughput,0,4,32,0,0,194399230803,194399729142,498339,41,8388608
Uring,throughput,0,4,32,0,0,194399238794,194399773823,535029,19,8388608
Uring,throughput,0,4,32,0,0,194399245517,194399318625,73108,3779,8388608
Uring,throughput,0,4,32,0,0,194399245521,194399760404,514883,3478,8388608
Uring,throughput,0,4,32,0,0,194399248629,194399488473,239844,64,8388608
Uring,throughput,0,4,32,0,0,194399255380,194400717875,1462494,16,8388608
Uring,throughput,0,4,32,0,0,194399255436,194400929426,1673990,21,8388608
Uring,throughput,0,4,32,0,0,194399262409,194399611162,348753,30,8388608
Uring,throughput,0,4,32,0,0,194399262884,194399616891,354007,1840,8388608
Uring,throughput,0,4,32,0,0,194399266720,194399830066,563345,3485,8388608
Uring,throughput,0,4,32,0,0,194399268810,194400953126,1684316,4484,8388608
Uring,throughput,0,4,32,0,0,194399270055,194399585320,315264,170,8388608
Uring,throughput,0,4,32,0,0,194399270171,194399504062,233890,63,8388608
Uring,throughput,0,4,32,0,0,194399273048,194399617249,344201,13,8388608
Uring,throughput,0,4,32,0,0,194399273565,194400952699,1679134,51,8388608
Uring,throughput,0,4,32,0,0,194399278500,194399349819,71318,1631,8388608
Uring,throughput,0,4,32,0,0,194399278785,194399508381,229595,3098,8388608
Uring,throughput,0,4,32,0,0,194399279940,194400954633,1674693,16,8388608
Uring,throughput,0,4,32,0,0,194399285437,194400952958,1667520,4350,8388608
Uring,throughput,0,4,32,0,0,194399289937,194399882680,592743,4572,8388608
Uring,throughput,0,4,32,0,0,194399292557,194399625614,333056,1934,8388608
Uring,throughput,0,4,32,0,0,194399295514,194399628361,332847,6868,8388608
Uring,throughput,0,4,32,0,0,194399297541,194399818513,520972,13,8388608
Uring,throughput,0,4,32,0,0,194399297565,194399904994,607429,7958,8388608
Uring,throughput,0,4,32,0,0,194399302795,194399593579,290783,28,8388608
Uring,throughput,0,4,32,0,0,194399315681,194399417905,102224,15,8388608
Uring,throughput,0,4,32,0,0,194399318632,194399876186,557554,22,8388608
Uring,throughput,0,4,32,0,0,194399321689,194399396907,75217,386,8388608
Uring,throughput,0,4,32,0,0,194399324067,194399521272,197204,1480,8388608
Uring,throughput,0,4,32,0,0,194399329207,194399573145,243937,17,8388608
Uring,throughput,0,4,32,0,0,194399329748,194399521191,191443,43,8388608
Uring,throughput,0,4,32,0,0,194399339228,194400218547,879319,23,8388608
Uring,throughput,0,4,32,0,0,194399345961,194400569139,1223177,30,8388608
Uring,throughput,0,4,32,0,0,194399349826,194399444079,94253,21,8388608
Uring,throughput,0,4,32,0,0,194399354650,194399419049,64399,76,8388608
Uring,throughput,0,4,32,0,0,194399357482,194400959498,1602016,32,8388608
Uring,throughput,0,4,32,0,0,194399359157,194399937139,577981,19,8388608
Uring,throughput,0,4,32,0,0,194399381407,194399655245,273837,1901,8388608
Uring,throughput,0,4,32,0,0,194399384203,194399644514,260311,23,8388608
Uring,throughput,0,4,32,0,0,194399384412,194399642379,257967,14,8388608
Uring,throughput,0,4,32,0,0,194399393992,194399572020,178028,56,8388608
Uring,throughput,0,4,32,0,0,194399395068,194400046509,651441,2475,8388608
Uring,throughput,0,4,32,0,0,194399396911,194399475123,78211,18,8388608
Uring,throughput,0,4,32,0,0,194399397497,194399729796,332298,121,8388608
Uring,throughput,0,4,32,0,0,194399397523,194400484956,1087433,98,8388608
Uring,throughput,0,4,32,0,0,194399397556,194399544869,147313,70,8388608
Uring,throughput,0,4,32,0,0,194399405119,194400986833,1581714,18,8388608
Uring,throughput,0,4,32,0,0,194399406319,194399663400,257080,722,8388608
Uring,throughput,0,4,32,0,0,194399408026,194400279047,871021,16,8388608
Uring,throughput,0,4,32,0,0,194399408380,194400747616,1339235,17,8388608
Uring,throughput,0,4,32,0,0,194399417913,194399578275,160362,1011,8388608
Uring,throughput,0,4,32,0,0,194399419104,194399638467,219363,5346,8388608
Uring,throughput,0,4,32,0,0,194399422890,194399491595,68705,1640,8388608
Uring,throughput,0,4,32,0,0,194399426750,194399474281,47531,1228,8388608
Uring,throughput,0,4,32,0,0,194399430033,194400042765,612731,31,8388608
Uring,throughput,0,4,32,0,0,194399444086,194400064717,620630,26,8388608
Uring,throughput,0,4,32,0,0,194399444481,194400854604,1410123,20,8388608
Uring,throughput,0,4,32,0,0,194399446828,194400374509,927680,235,8388608
Uring,throughput,0,4,32,0,0,194399460553,194400884745,1424192,21,8388608
Uring,throughput,0,4,32,0,0,194399463570,194399679839,216268,2739,8388608
Uring,throughput,0,4,32,0,0,194399467547,194400874837,1407290,22,8388608
Uring,throughput,0,4,32,0,0,194399469661,194400102623,632962,14,8388608
Uring,throughput,0,4,32,0,0,194399474287,194399514967,40679,84,8388608
Uring,throughput,0,4,32,0,0,194399475129,194400109733,634604,19,8388608
Uring,throughput,0,4,32,0,0,194399475138,194400140450,665312,17,8388608
Uring,throughput,0,4,32,0,0,194399488479,194401001661,1513181,2806,8388608
Uring,throughput,0,4,32,0,0,194399491613,194399630092,138479,14,8388608
Uring,throughput,0,4,32,0,0,194399495397,194399778496,283099,446,8388608
Uring,throughput,0,4,32,0,0,194399499856,194399643243,143386,4164,8388608
Uring,throughput,0,4,32,0,0,194399504069,194399707132,203063,4414,8388608
Uring,throughput,0,4,32,0,0,194399508387,194400648240,1139852,19,8388608
Uring,throughput,0,4,32,0,0,194399509368,194399698087,188718,13,8388608
Uring,throughput,0,4,32,0,0,194399510948,194399541902,30953,19,8388608
Uring,throughput,0,4,32,0,0,194399513535,194399700682,187147,42,8388608
Uring,throughput,0,4,32,0,0,194399514974,194400161943,646969,22,8388608
Uring,throughput,0,4,32,0,0,194399521200,194399668113,146913,603,8388608
Uring,throughput,0,4,32,0,0,194399521278,194401212653,1691374,18,8388608
Uring,throughput,0,4,32,0,0,194399533112,194399702868,169755,33,8388608
Uring,throughput,0,4,32,0,0,194399534157,194399700087,165930,4247,8388608
Uring,throughput,0,4,32,0,0,194399541908,194399852120,310212,4255,8388608
Uring,throughput,0,4,32,0,0,194399544877,194399845337,300459,187,8388608
Uring,throughput,0,4,32,0,0,194399545890,194399796591,250701,423,8388608
Uring,throughput,0,4,32,0,0,194399547216,194399729970,182753,16,8388608
Uring,throughput,0,4,32,0,0,194399549477,194400381597,832120,27,8388608
Uring,throughput,0,4,32,0,0,194399552553,194399814378,261824,347,8388608
Uring,throughput,0,4,32,0,0,194399553426,194399734718,181292,26,8388608
Uring,throughput,0,4,32,0,0,194399567487,194399874588,307101,18,8388608
Uring,throughput,0,4,32,0,0,194399568433,194399797889,229455,37,8388608
Uring,throughput,0,4,32,0,0,194399570061,194400803608,1233546,390,8388608
Uring,throughput,0,4,32,0,0,194399572028,194399747599,175571,441,8388608
Uring,throughput,0,4,32,0,0,194399573151,194399718133,144981,4450,8388608
Uring,throughput,0,4,32,0,0,194399578283,194399886732,308448,24,8388608
Uring,throughput,0,4,32,0,0,194399585352,194400282124,696771,20,8388608
Uring,throughput,0,4,32,0,0,194399589509,194401024048,1434539,17,8388608
Uring,throughput,0,4,32,0,0,194399593586,194399879297,285710,19,8388608
Uring,throughput,0,4,32,0,0,194399611171,194399807467,196296,18,8388608
Uring,throughput,0,4,32,0,0,194399616898,194399724534,107636,14,8388608
Uring,throughput,0,4,32,0,0,194399617252,194399727560,110307,551,8388608
Uring,throughput,0,4,32,0,0,194399625621,194399750836,125214,52,8388608
Uring,throughput,0,4,32,0,0,194399628367,194399777930,149563,19,8388608
Uring,throughput,0,4,32,0,0,194399630100,194400474052,843952,35,8388608
Uring,throughput,0,4,32,0,0,194399634710,194399928775,294064,3619,8388608
Uring,throughput,0,4,32,0,0,194399638475,194399923875,285399,46,8388608
Uring,throughput,0,4,32,0,0,194399640454,194399793569,153114,3932,8388608
Uring,throughput,0,4,32,0,0,194399642387,194401033306,1390918,1256,8388608
Uring,throughput,0,4,32,0,0,194399643250,194400361101,717850,17,8388608
Uring,throughput,0,4,32,0,0,194399644519,194401033770,1389251,2901,8388608
Uring,throughput,0,4,32,0,0,194399655254,194399903786,248532,77,8388608
Uring,throughput,0,4,32,0,0,194399663410,194399912906,249496,25,8388608
Uring,throughput,0,4,32,0,0,194399668121,194399863776,195655,20,8388608
Uring,throughput,0,4,32,0,0,194399679847,194399733322,53475,19,8388608
Uring,throughput,0,4,32,0,0,194399688471,194399827894,139423,2289,8388608
Uring,throughput,0,4,32,0,0,194399698097,194400033167,335070,2513,8388608
Uring,throughput,0,4,32,0,0,194399700094,194399997824,297730,16,8388608
Uring,throughput,0,4,32,0,0,194399700687,194401041928,1341241,5901,8388608
Uring,throughput,0,4,32,0,0,194399702872,194400052277,349405,3101,8388608
Uring,throughput,0,4,32,0,0,194399707137,194400035993,328856,29,8388608
Uring,throughput,0,4,32,0,0,194399718142,194399773452,55310,55,8388608
Uring,throughput,0,4,32,0,0,194399721793,194400093289,371495,3050,8388608
Uring,throughput,0,4,32,0,0,194399724543,194400673986,949442,41,8388608
Uring,throughput,0,4,32,0,0,194399724929,194400104333,379403,3623,8388608
Uring,throughput,0,4,32,0,0,194399727567,194399970542,242975,14,8388608
Uring,throughput,0,4,32,0,0,194399729147,194400420786,691639,13,8388608
Uring,throughput,0,4,32,0,0,194399729798,194400901976,1172177,13,8388608
Uring,throughput,0,4,32,0,0,194399729974,194401022565,1292590,5390,8388608
Uring,throughput,0,4,32,0,0,194399733329,194400090182,356852,15,8388608
Uring,throughput,0,4,32,0,0,194399734724,194400036563,301839,23,8388608
Uring,throughput,0,4,32,0,0,194399738318,194399931433,193115,4076,8388608
Uring,throughput,0,4,32,0,0,194399744120,194401067117,1322996,11,8388608
Uring,throughput,0,4,32,0,0,194399747605,194399854495,106890,14,8388608
Uring,throughput,0,4,32,0,0,194399750839,194399822941,72101,14,8388608
Uring,throughput,0,4,32,0,0,194399755076,194401068268,1313191,29,8388608
Uring,throughput,0,4,32,0,0,194399760431,194400597746,837314,25,8388608
Uring,throughput,0,4,32,0,0,194399773460,194400126310,352849,17,8388608
Uring,throughput,0,4,32,0,0,194399773831,194399873713,99881,20,8388608
Uring,throughput,0,4,32,0,0,194399777939,194400051271,273332,19,8388608
Uring,throughput,0,4,32,0,0,194399778502,194399968490,189988,25,8388608
Uring,throughput,0,4,32,0,0,194399793576,194400005928,212352,24,8388608
Uring,throughput,0,4,32,0,0,194399796599,194399954442,157842,38,8388608
Uring,throughput,0,4,32,0,0,194399797892,194400147951,350058,13,8388608
Uring,throughput,0,4,32,0,0,194399807497,194401154489,1346992,5106,8388608
Uring,throughput,0,4,32,0,0,194399814385,194399889737,75351,16,8388608
Uring,throughput,0,4,32,0,0,194399818521,194399873879,55358,19,8388608
Uring,throughput,0,4,32,0,0,194399822947,194400712488,889540,4307,8388608
Uring,throughput,0,4,32,0,0,194399827902,194400053754,225852,85,8388608
Uring,throughput,0,4,32,0,0,194399830185,194401169960,1339775,92,8388608
Uring,throughput,0,4,32,0,0,194399845345,194400215126,369780,3365,8388608
Uring,throughput,0,4,32,0,0,194399852130,194400485668,633538,58,8388608
Uring,throughput,0,4,32,0,0,194399854518,194400046559,192040,17,8388608
Uring,throughput,0,4,32,0,0,194399861516,194401683457,1821940,8199,8388608
Uring,throughput,0,4,32,0,0,194399863783,194400206089,342306,26,8388608
Uring,throughput,0,4,32,0,0,194399873721,194399907349,33628,467,8388608
Uring,throughput,0,4,32,0,0,194399873885,194400480878,606993,5197,8388608
Uring,throughput,0,4,32,0,0,194399874591,194400214623,340031,18,8388608
Uring,throughput,0,4,32,0,0,194399876196,194400853878,977682,23,8388608
Uring,throughput,0,4,32,0,0,194399879304,194400044341,165036,3595,8388608
Uring,throughput,0,4,32,0,0,194399882689,194399976629,93939,120,8388608
Uring,throughput,0,4,32,0,0,194399884511,194400466145,581634,84,8388608
Uring,throughput,0,4,32,0,0,194399886740,194400223219,336479,43,8388608
Uring,throughput,0,4,32,0,0,194399889743,194400009584,119840,35,8388608
Uring,throughput,0,4,32,0,0,194399896834,194401238077,1341242,22,8388608
Uring,throughput,0,4,32,0,0,194399903885,194399952814,48929,25,8388608
Uring,throughput,0,4,32,0,0,194399905018,194399940393,35374,53,8388608
Uring,throughput,0,4,32,0,0,194399907355,194399968689,61334,14,8388608
Uring,throughput,0,4,32,0,0,194399907995,194400042903,134908,144,8388608
Uring,throughput,0,4,32,0,0,194399912915,194400811066,898151,36,8388608
Uring,throughput,0,4,32,0,0,194399923882,194400059465,135583,25,8388608
Uring,throughput,0,4,32,0,0,194399928785,194400825094,896308,23,8388608
Uring,throughput,0,4,32,0,0,194399931440,194399991055,59614,64,8388608
Uring,throughput,0,4,32,0,0,194399937147,194401253183,1316036,42,8388608
Uring,throughput,0,4,32,0,0,194399940401,194400254932,314530,17,8388608
Uring,throughput,0,4,32,0,0,194399952822,194400877281,924458,3008,8388608
Uring,throughput,0,4,32,0,0,194399954448,194400025826,71378,19,8388608
Uring,throughput,0,4,32,0,0,194399968497,194400060907,92409,36,8388608
Uring,throughput,0,4,32,0,0,194399968691,194400025454,56763,45,8388608
Uring,throughput,0,4,32,0,0,194399970551,194400867158,896607,18,8388608
Uring,throughput,0,4,32,0,0,194399976636,194400089182,112546,161,8388608
Uring,throughput,0,4,32,0,0,194399991061,194401301613,1310551,19,8388608
Uring,throughput,0,4,32,0,0,194399997834,194400886633,888798,42,8388608
Uring,throughput,0,4,32,0,0,194400005934,194400090133,84198,53,8388608
Uring,throughput,0,4,32,0,0,194400009591,194400909683,900092,5605,8388608
Uring,throughput,0,4,32,0,0,194400025460,194400110639,85178,1573,8388608
Uring,throughput,0,4,32,0,0,194400025835,194400297635,271799,861,8388608
Uring,throughput,0,4,32,0,0,194400031289,194400110957,79667,2498,8388608
Uring,throughput,0,4,32,0,0,194400033175,194400288417,255242,38,8388608
Uring,throughput,0,4,32,0,0,194400036018,194400301042,265023,24,8388608
Uring,throughput,0,4,32,0,0,194400036570,194400960853,924282,3473,8388608
Uring,throughput,0,4,32,0,0,194400042772,194400764228,721455,732,8388608
Uring,throughput,0,4,32,0,0,194400042910,194400741911,699000,32,8388608
Uring,throughput,0,4,32,0,0,194400044361,194400291524,247162,18,8388608
Uring,throughput,0,4,32,0,0,194400046515,194400104936,58420,17,8388608
Uring,throughput,0,4,32,0,0,194400046566,194400708294,661727,1535,8388608
Uring,throughput,0,4,32,0,0,194400051279,194401010063,958784,2835,8388608
Uring,throughput,0,4,32,0,0,194400052286,194400097471,45185,40,8388608
Uring,throughput,0,4,32,0,0,194400053760,194400968571,914811,26,8388608
Uring,throughput,0,4,32,0,0,194400054096,194401028729,974633,41,8388608
Uring,throughput,0,4,32,0,0,194400057504,194401347579,1290075,34,8388608
Uring,throughput,0,4,32,0,0,194400059475,194400109844,50369,619,8388608
Uring,throughput,0,4,32,0,0,194400060916,194400288482,227566,243,8388608
Uring,throughput,0,4,32,0,0,194400064725,194400110748,46023,388,8388608
Uring,throughput,0,4,32,0,0,194400089243,194401063995,974751,4080,8388608
Uring,throughput,0,4,32,0,0,194400090140,194402072780,1982640,3130,8388608
Uring,throughput,0,4,32,0,0,194400090189,194400132223,42034,1696,8388608
Uring,throughput,0,4,32,0,0,194400093296,194400281837,188540,44,8388608
Uring,throughput,0,4,32,0,0,194400097477,194400311325,213847,63,8388608
Uring,throughput,0,4,32,0,0,194400102631,194400334140,231509,7590,8388608
Uring,throughput,0,4,32,0,0,194400104341,194400278522,174181,59,8388608
Uring,throughput,0,4,32,0,0,194400104944,194400357219,252275,92,8388608
Uring,throughput,0,4,32,0,0,194400109743,194401045890,936147,343,8388608
Uring,throughput,0,4,32,0,0,194400109849,194400310271,200422,34,8388608
Uring,throughput,0,4,32,0,0,194400110646,194400258267,147621,83,8388608
Uring,throughput,0,4,32,0,0,194400110763,194400929106,818342,18,8388608
Uring,throughput,0,4,32,0,0,194400110959,194400137565,26605,8,8388608
Uring,throughput,0,4,32,0,0,194400126321,194400361324,235002,2873,8388608
Uring,throughput,0,4,32,0,0,194400132232,194400330978,198746,48,8388608
Uring,throughput,0,4,32,0,0,194400137571,194400158855,21283,30,8388608
Uring,throughput,0,4,32,0,0,194400140270,194400811800,671530,27,8388608
Uring,throughput,0,4,32,0,0,194400140458,194400202488,62029,331,8388608
Uring,throughput,0,4,32,0,0,194400147959,194400315395,167435,3367,8388608
Uring,throughput,0,4,32,0,0,194400151870,194401380068,1228197,25,8388608
Uring,throughput,0,4,32,0,0,194400158863,194400311071,152207,4214,8388608
Uring,throughput,0,4,32,0,0,194400161951,194400832113,670161,1294,8388608
Uring,throughput,0,4,32,0,0,194400185235,194401092104,906869,4502,8388608
Uring,throughput,0,4,32,0,0,194400197340,194401091547,894207,79,8388608
Uring,throughput,0,4,32,0,0,194400199127,194401512470,1313342,13,8388608
Uring,throughput,0,4,32,0,0,194400202496,194400649700,447204,18,8388608
Uring,throughput,0,4,32,0,0,194400206097,194401100571,894474,2781,8388608
Uring,throughput,0,4,32,0,0,194400214631,194400435744,221112,934,8388608
Uring,throughput,0,4,32,0,0,194400215134,194401188749,973614,48,8388608
Uring,throughput,0,4,32,0,0,194400218358,194400490222,271863,36,8388608
Uring,throughput,0,4,32,0,0,194400218550,194400433260,214709,19,8388608
Uring,throughput,0,4,32,0,0,194400223226,194400491177,267951,517,8388608
Uring,throughput,0,4,32,0,0,194400238672,194400278800,40128,582,8388608
Uring,throughput,0,4,32,0,0,194400254939,194401566489,1311550,1257,8388608
Uring,throughput,0,4,32,0,0,194400258276,194400286457,28180,20,8388608
Uring,throughput,0,4,32,0,0,194400276396,194400717310,440914,2600,8388608
Uring,throughput,0,4,32,0,0,194400278287,194401170180,891892,66,8388608
Uring,throughput,0,4,32,0,0,194400278524,194400591334,312809,9,8388608
Uring,throughput,0,4,32,0,0,194400278806,194400529735,250929,112,8388608
Uring,throughput,0,4,32,0,0,194400279056,194401177992,898935,23,8388608
Uring,throughput,0,4,32,0,0,194400281845,194400440871,159025,35,8388608
Uring,throughput,0,4,32,0,0,194400282172,194400759274,477102,252,8388608
Uring,throughput,0,4,32,0,0,194400286461,194401585976,1299515,1100,8388608
Uring,throughput,0,4,32,0,0,194400288426,194400444027,155601,17,8388608
Uring,throughput,0,4,32,0,0,194400288486,194400325599,37112,17,8388608
Uring,throughput,0,4,32,0,0,194400291289,194400774544,483254,22,8388608
Uring,throughput,0,4,32,0,0,194400291531,194400435113,143581,21,8388608
Uring,throughput,0,4,32,0,0,194400297643,194401591385,1293741,30,8388608
Uring,throughput,0,4,32,0,0,194400301050,194401591082,1290032,2396,8388608
Uring,throughput,0,4,32,0,0,194400310278,194400449035,138756,52,8388608
Uring,throughput,0,4,32,0,0,194400311075,194400361626,50550,15,8388608
Uring,throughput,0,4,32,0,0,194400311326,194400847179,535853,1115,8388608
Uring,throughput,0,4,32,0,0,194400315401,194401472756,1157355,17,8388608
Uring,throughput,0,4,32,0,0,194400317726,194401359420,1041694,56,8388608
Uring,throughput,0,4,32,0,0,194400321749,194400527378,205628,3105,8388608
Uring,throughput,0,4,32,0,0,194400325606,194400348724,23118,21,8388608
Uring,throughput,0,4,32,0,0,194400331027,194400380594,49566,25,8388608
Uring,throughput,0,4,32,0,0,194400334149,194400428234,94085,16,8388608
Uring,throughput,0,4,32,0,0,194400348734,194401289936,941202,3230,8388608
Uring,throughput,0,4,32,0,0,194400356390,194402198610,1842219,121,8388608
Uring,throughput,0,4,32,0,0,194400357223,194401340069,982846,3691,8388608
Uring,throughput,0,4,32,0,0,194400361110,194400502490,141380,18,8388608
Uring,throughput,0,4,32,0,0,194400361333,194400790488,429155,43,8388608
Uring,throughput,0,4,32,0,0,194400361628,194400428991,67362,11,8388608
Uring,throughput,0,4,32,0,0,194400374556,194400809038,434482,3979,8388608
Uring,throughput,0,4,32,0,0,194400378747,194401656231,1277484,17,8388608
Uring,throughput,0,4,32,0,0,194400380599,194400467454,86854,14,8388608
Uring,throughput,0,4,32,0,0,194400381605,194400417220,35614,1271,8388608
Uring,throughput,0,4,32,0,0,194400389670,194401665543,1275872,20,8388608
Uring,throughput,0,4,32,0,0,194400402732,194401416092,1013359,147,8388608
Uring,throughput,0,4,32,0,0,194400403887,194401303769,899882,58,8388608
Uring,throughput,0,4,32,0,0,194400417227,194400492859,75632,58,8388608
Uring,throughput,0,4,32,0,0,194400420796,194400451373,30577,607,8388608
Uring,throughput,0,4,32,0,0,194400425388,194400516412,91023,5187,8388608
Uring,throughput,0,4,32,0,0,194400428242,194401445912,1017670,34,8388608
Uring,throughput,0,4,32,0,0,194400428997,194400953094,524097,6459,8388608
Uring,throughput,0,4,32,0,0,194400433266,194400472070,38803,1062,8388608
Uring,throughput,0,4,32,0,0,194400435121,194401323028,887906,5245,8388608
Uring,throughput,0,4,32,0,0,194400435752,194400862940,427187,165,8388608
Uring,throughput,0,4,32,0,0,194400440878,194400882587,441709,2998,8388608
Uring,throughput,0,4,32,0,0,194400444034,194400534922,90888,876,8388608
Uring,throughput,0,4,32,0,0,194400449061,194400550654,101592,2263,8388608
Uring,throughput,0,4,32,0,0,194400451381,194400477331,25949,11,8388608
Uring,throughput,0,4,32,0,0,194400466155,194400893820,427665,63,8388608
Uring,throughput,0,4,32,0,0,194400467496,194400861194,393697,195,8388608
Uring,throughput,0,4,32,0,0,194400472078,194400501235,29156,16,8388608
Uring,throughput,0,4,32,0,0,194400474060,194400567452,93391,683,8388608
Uring,throughput,0,4,32,0,0,194400477335,194400503992,26656,16,8388608
Uring,throughput,0,4,32,0,0,194400480883,194400802782,321899,13,8388608
Uring,throughput,0,4,32,0,0,194400484960,194400701212,216251,21,8388608
Uring,throughput,0,4,32,0,0,194400485676,194400656789,171112,101,8388608
Uring,throughput,0,4,32,0,0,194400490226,194401718842,1228616,2427,8388608
Uring,throughput,0,4,32,0,0,194400491184,194400613848,122664,15,8388608
Uring,throughput,0,4,32,0,0,194400492864,194400557274,64410,14,8388608
Uring,throughput,0,4,32,0,0,194400499415,194400912861,413446,3114,8388608
Uring,throughput,0,4,32,0,0,194400501241,194400543249,42008,15,8388608
Uring,throughput,0,4,32,0,0,194400502498,194401423609,921110,2900,8388608
Uring,throughput,0,4,32,0,0,194400503999,194400933109,429110,6573,8388608
Uring,throughput,0,4,32,0,0,194400512262,194400934344,422082,5537,8388608
Uring,throughput,0,4,32,0,0,194400516462,194400603183,86720,68,8388608
Uring,throughput,0,4,32,0,0,194400527317,194401668547,1141229,19,8388608
Uring,throughput,0,4,32,0,0,194400527379,194400577805,50425,8,8388608
Uring,throughput,0,4,32,0,0,194400529743,194401048995,519251,22,8388608
Uring,throughput,0,4,32,0,0,194400534951,194400560417,25466,23,8388608
Uring,throughput,0,4,32,0,0,194400543256,194400601593,58336,1550,8388608
Uring,throughput,0,4,32,0,0,194400550660,194400654439,103779,49,8388608
Uring,throughput,0,4,32,0,0,194400557279,194401796104,1238824,5774,8388608
Uring,throughput,0,4,32,0,0,194400560424,194400597442,37018,20,8388608
Uring,throughput,0,4,32,0,0,194400567458,194401015587,448129,19,8388608
Uring,throughput,0,4,32,0,0,194400569141,194400625254,56113,502,8388608
Uring,throughput,0,4,32,0,0,194400577810,194400617386,39576,16,8388608
Uring,throughput,0,4,32,0,0,194400591340,194401809289,1217948,2174,8388608
Uring,throughput,0,4,32,0,0,194400597448,194400758834,161385,2174,8388608
Uring,throughput,0,4,32,0,0,194400597753,194400674265,76511,19,8388608
Uring,throughput,0,4,32,0,0,194400601600,194400711480,109880,67,8388608
Uring,throughput,0,4,32,0,0,194400603245,194400719242,115996,133,8388608
Uring,throughput,0,4,32,0,0,194400613855,194400742584,128729,32,8388608
Uring,throughput,0,4,32,0,0,194400617393,194401654990,1037597,513,8388608
Uring,throughput,0,4,32,0,0,194400625262,194400712225,86963,25,8388608
Uring,throughput,0,4,32,0,0,194400625363,194400693461,68097,1706,8388608
Uring,throughput,0,4,32,0,0,194400632291,194401250363,618072,4398,8388608
Uring,throughput,0,4,32,0,0,194400641841,194401808096,1166255,28,8388608
Uring,throughput,0,4,32,0,0,194400647096,194401589744,942648,15,8388608
Uring,throughput,0,4,32,0,0,194400648262,194400808563,160301,20,8388608
Uring,throughput,0,4,32,0,0,194400648327,194400941601,293274,10513,8388608
Uring,throughput,0,4,32,0,0,194400649708,194400780397,130689,20,8388608
Uring,throughput,0,4,32,0,0,194400654445,194400756785,102340,20,8388608
Uring,throughput,0,4,32,0,0,194400656797,194401352204,695407,475,8388608
Uring,throughput,0,4,32,0,0,194400673994,194400843204,169210,1897,8388608
Uring,throughput,0,4,32,0,0,194400674272,194401307586,633313,4125,8388608
Uring,throughput,0,4,32,0,0,194400677732,194401901899,1224167,21,8388608
Uring,throughput,0,4,32,0,0,194400678824,194401596037,917212,16,8388608
Uring,throughput,0,4,32,0,0,194400684302,194401903760,1219457,16,8388608
Uring,throughput,0,4,32,0,0,194400693493,194400924821,231328,21,8388608
Uring,throughput,0,4,32,0,0,194400697127,194401604549,907422,24,8388608
Uring,throughput,0,4,32,0,0,194400701219,194401616855,915636,3890,8388608
Uring,throughput,0,4,32,0,0,194400706269,194401952292,1246022,30,8388608
Uring,throughput,0,4,32,0,0,194400708300,194401133645,425344,43,8388608
Uring,throughput,0,4,32,0,0,194400711484,194400931737,220253,14,8388608
Uring,throughput,0,4,32,0,0,194400712234,194400776200,63966,22,8388608
Uring,throughput,0,4,32,0,0,194400712496,194401132466,419969,44,8388608
Uring,throughput,0,4,32,0,0,194400717101,194401625244,908143,4376,8388608
Uring,throughput,0,4,32,0,0,194400717317,194400781732,64414,40,8388608
Uring,throughput,0,4,32,0,0,194400717878,194400864490,146612,15,8388608
Uring,throughput,0,4,32,0,0,194400719245,194401454024,734779,994,8388608
Uring,throughput,0,4,32,0,0,194400741919,194401983046,1241127,5981,8388608
Uring,throughput,0,4,32,0,0,194400742589,194401627473,884883,5777,8388608
Uring,throughput,0,4,32,0,0,194400747661,194401982978,1235317,52,8388608
Uring,throughput,0,4,32,0,0,194400747946,194401004828,256882,156,8388608
Uring,throughput,0,4,32,0,0,194400756791,194400796276,39484,444,8388608
Uring,throughput,0,4,32,0,0,194400757987,194401222514,464527,64,8388608
Uring,throughput,0,4,32,0,0,194400758840,194401179625,420785,17,8388608
Uring,throughput,0,4,32,0,0,194400759283,194401117922,358639,24,8388608
Uring,throughput,0,4,32,0,0,194400764234,194400851210,86975,13,8388608
Uring,throughput,0,4,32,0,0,194400774552,194401002641,228089,23,8388608
Uring,throughput,0,4,32,0,0,194400776205,194401202588,426382,4868,8388608
Uring,throughput,0,4,32,0,0,194400780430,194401993698,1213268,831,8388608
Uring,throughput,0,4,32,0,0,194400781737,194401838304,1056566,14,8388608
Uring,throughput,0,4,32,0,0,194400790494,194401208769,418274,22,8388608
Uring,throughput,0,4,32,0,0,194400796279,194400834182,37902,14,8388608
Uring,throughput,0,4,32,0,0,194400802790,194401288635,485844,22,8388608
Uring,throughput,0,4,32,0,0,194400803615,194401704734,901119,22,8388608
Uring,throughput,0,4,32,0,0,194400808569,194401008937,200368,2300,8388608
Uring,throughput,0,4,32,0,0,194400809045,194400962297,153252,38,8388608
Uring,throughput,0,4,32,0,0,194400811074,194401251166,440092,3375,8388608
Uring,throughput,0,4,32,0,0,194400811809,194401250550,438741,18,8388608
Uring,throughput,0,4,32,0,0,194400825173,194400988335,163162,30,8388608
Uring,throughput,0,4,32,0,0,194400829560,194401946032,1116471,11,8388608
Uring,throughput,0,4,32,0,0,194400832120,194401999079,1166959,30,8388608
Uring,throughput,0,4,32,0,0,194400834187,194401737562,903374,13,8388608
Uring,throughput,0,4,32,0,0,194400843212,194400887068,43856,77,8388608
Uring,throughput,0,4,32,0,0,194400847187,194401276107,428919,17,8388608
Uring,throughput,0,4,32,0,0,194400851234,194401280426,429191,21,8388608
Uring,throughput,0,4,32,0,0,194400853885,194401294764,440879,1265,8388608
Uring,throughput,0,4,32,0,0,194400854609,194401777424,922815,14,8388608
Uring,throughput,0,4,32,0,0,194400861199,194401005185,143985,15,8388608
Uring,throughput,0,4,32,0,0,194400862968,194401296461,433492,24,8388608
Uring,throughput,0,4,32,0,0,194400864497,194401802083,937586,4164,8388608
Uring,throughput,0,4,32,0,0,194400867165,194401910983,1043818,1543,8388608
Uring,throughput,0,4,32,0,0,194400870694,194402020786,1150091,23,8388608
Uring,throughput,0,4,32,0,0,194400874845,194401797461,922615,21,8388608
Uring,throughput,0,4,32,0,0,194400877288,194402035362,1158073,16,8388608
Uring,throughput,0,4,32,0,0,194400882595,194402038967,1156372,20,8388608
Uring,throughput,0,4,32,0,0,194400884783,194401830957,946173,2798,8388608
Uring,throughput,0,4,32,0,0,194400886640,194402312259,1425618,1209,8388608
Uring,throughput,0,4,32,0,0,194400887096,194401695977,808880,23,8388608
Uring,throughput,0,4,32,0,0,194400887977,194402047207,1159229,17,8388608
Uring,throughput,0,4,32,0,0,194400893845,194400928323,34478,1089,8388608
Uring,throughput,0,4,32,0,0,194400901984,194400957274,55289,722,8388608
Uring,throughput,0,4,32,0,0,194400906453,194402050269,1143815,29,8388608
Uring,throughput,0,4,32,0,0,194400909696,194401001508,91812,17,8388608
Uring,throughput,0,4,32,0,0,194400912869,194402059607,1146738,72,8388608
Uring,throughput,0,4,32,0,0,194400924830,194400960421,35591,17,8388608
Uring,throughput,0,4,32,0,0,194400928331,194401013169,84838,45,8388608
Uring,throughput,0,4,32,0,0,194400929115,194401381221,452106,58,8388608
Uring,throughput,0,4,32,0,0,194400929432,194401393876,464443,786,8388608
Uring,throughput,0,4,32,0,0,194400931741,194401881914,950173,9647,8388608
Uring,throughput,0,4,32,0,0,194400933114,194401611380,678266,13,8388608
Uring,throughput,0,4,32,0,0,194400934348,194401403271,468922,30,8388608
Uring,throughput,0,4,32,0,0,194400941607,194401000920,59313,33,8388608
Uring,throughput,0,4,32,0,0,194400952706,194402095479,1142773,14,8388608
Uring,throughput,0,4,32,0,0,194400952966,194401881603,928637,18,8388608
Uring,throughput,0,4,32,0,0,194400953103,194401880638,927535,35,8388608
Uring,throughput,0,4,32,0,0,194400953127,194402094060,1140933,12,8388608
Uring,throughput,0,4,32,0,0,194400954643,194401843332,888689,51,8388608
Uring,throughput,0,4,32,0,0,194400957283,194401749953,792669,24,8388608
Uring,throughput,0,4,32,0,0,194400959506,194401403854,444347,28,8388608
Uring,throughput,0,4,32,0,0,194400960430,194402092590,1132160,1279,8388608
Uring,throughput,0,4,32,0,0,194400960861,194401404921,444059,42,8388608
Uring,throughput,0,4,32,0,0,194400962302,194401406274,443972,20,8388608
Uring,throughput,0,4,32,0,0,194400968599,194401017477,48878,1819,8388608
Uring,throughput,0,4,32,0,0,194400986842,194401889610,902767,823,8388608
Uring,throughput,0,4,32,0,0,194400988376,194401152898,164522,773,8388608
Uring,throughput,0,4,32,0,0,194401000948,194401485650,484702,35,8388608
Uring,throughput,0,4,32,0,0,194401001516,194401087570,86053,67,8388608
Uring,throughput,0,4,32,0,0,194401001669,194401429120,427450,24,8388608
Uring,throughput,0,4,32,0,0,194401002652,194401117715,115063,679,8388608
Uring,throughput,0,4,32,0,0,194401004837,194401898820,893983,8731,8388608
Uring,throughput,0,4,32,0,0,194401005193,194401495363,490170,24,8388608
Uring,throughput,0,4,32,0,0,194401008946,194401111105,102158,35,8388608
Uring,throughput,0,4,32,0,0,194401010068,194402124239,1114170,16,8388608
Uring,throughput,0,4,32,0,0,194401013174,194401061938,48763,438,8388608
Uring,throughput,0,4,32,0,0,194401015598,194401085585,69986,23,8388608
Uring,throughput,0,4,32,0,0,194401017486,194401102100,84613,44,8388608
Uring,throughput,0,4,32,0,0,194401022573,194402133349,1110776,47,8388608
Uring,throughput,0,4,32,0,0,194401024052,194401214490,190437,12,8388608
Uring,throughput,0,4,32,0,0,194401028737,194401143867,115129,241,8388608
Uring,throughput,0,4,32,0,0,194401033312,194401946625,913313,78,8388608
Uring,throughput,0,4,32,0,0,194401033779,194402139679,1105900,22,8388608
Uring,throughput,0,4,32,0,0,194401041937,194402127044,1085106,31,8388608
Uring,throughput,0,4,32,0,0,194401045900,194401536144,490244,47,8388608
Uring,throughput,0,4,32,0,0,194401049033,194401410132,361099,991,8388608
Uring,throughput,0,4,32,0,0,194401061946,194401566275,504328,4211,8388608
Uring,throughput,0,4,32,0,0,194401064028,194401963548,899519,31,8388608
Uring,throughput,0,4,32,0,0,194401067126,194402155705,1088578,39,8388608
Uring,throughput,0,4,32,0,0,194401068273,194402159324,1091051,16,8388608
Uring,throughput,0,4,32,0,0,194401085593,194401143096,57502,652,8388608
Uring,throughput,0,4,32,0,0,194401087577,194401997371,909793,3877,8388608
Uring,throughput,0,4,32,0,0,194401091555,194401583310,491755,3347,8388608
Uring,throughput,0,4,32,0,0,194401092111,194401984183,892071,22,8388608
Uring,throughput,0,4,32,0,0,194401100578,194401585394,484815,41,8388608
Uring,throughput,0,4,32,0,0,194401102109,194401584860,482750,26,8388608
Uring,throughput,0,4,32,0,0,194401111114,194401160396,49282,21,8388608
Uring,throughput,0,4,32,0,0,194401117721,194401144081,26359,103,8388608
Uring,throughput,0,4,32,0,0,194401117924,194401298309,180385,27,8388608
Uring,throughput,0,4,32,0,0,194401132474,194401994994,862520,44,8388608
Uring,throughput,0,4,32,0,0,194401133662,194401346548,212885,24,8388608
Uring,throughput,0,4,32,0,0,194401143103,194401175773,32670,31,8388608
Uring,throughput,0,4,32,0,0,194401143874,194402060421,916547,698,8388608
Uring,throughput,0,4,32,0,0,194401144089,194401242446,98357,27,8388608
Uring,throughput,0,4,32,0,0,194401152907,194402060379,907472,18,8388608
Uring,throughput,0,4,32,0,0,194401154497,194401455441,300943,23,8388608
Uring,throughput,0,4,32,0,0,194401160403,194402075284,914880,2201,8388608
Uring,throughput,0,4,32,0,0,194401169968,194402079964,909995,20,8388608
Uring,throughput,0,4,32,0,0,194401170189,194402202119,1031929,1608,8388608
Uring,throughput,0,4,32,0,0,194401175780,194401205250,29469,19,8388608
Uring,throughput,0,4,32,0,0,194401177999,194401309376,131376,3734,8388608
Uring,throughput,0,4,32,0,0,194401179632,194401348230,168598,21,8388608
Uring,throughput,0,4,32,0,0,194401188757,194401360236,171479,59,8388608
Uring,throughput,0,4,32,0,0,194401202596,194401420184,217587,16,8388608
Uring,throughput,0,4,32,0,0,194401205255,194401834685,629430,326,8388608
Uring,throughput,0,4,32,0,0,194401208775,194401249763,40987,645,8388608
Uring,throughput,0,4,32,0,0,194401212662,194401734989,522327,21,8388608
Uring,throughput,0,4,32,0,0,194401214494,194401758411,543916,2057,8388608
Uring,throughput,0,4,32,0,0,194401222523,194401378458,155935,1116,8388608
Uring,throughput,0,4,32,0,0,194401238085,194402122020,883934,23,8388608
Uring,throughput,0,4,32,0,0,194401242454,194402264925,1022470,1630,8388608
Uring,throughput,0,4,32,0,0,194401249770,194401854130,604359,36,8388608
Uring,throughput,0,4,32,0,0,194401250425,194401825458,575033,29,8388608
Uring,throughput,0,4,32,0,0,194401250553,194402284556,1034003,1424,8388608
Uring,throughput,0,4,32,0,0,194401251175,194401287763,36588,34,8388608
Uring,throughput,0,4,32,0,0,194401253190,194401285610,32420,450,8388608
Uring,throughput,0,4,32,0,0,194401276114,194401425193,149078,17,8388608
Uring,throughput,0,4,32,0,0,194401280433,194402314197,1033764,1770,8388608
Uring,throughput,0,4,32,0,0,194401285619,194401379925,94305,21,8388608
Uring,throughput,0,4,32,0,0,194401287768,194401401875,114107,13,8388608
Uring,throughput,0,4,32,0,0,194401288643,194401430187,141543,678,8388608
Uring,throughput,0,4,32,0,0,194401289944,194401913513,623569,25,8388608
Uring,throughput,0,4,32,0,0,194401294774,194401331902,37127,50,8388608
Uring,throughput,0,4,32,0,0,194401296469,194402146684,850214,1159,8388608
Uring,throughput,0,4,32,0,0,194401298332,194401468577,170244,2244,8388608
Uring,throughput,0,4,32,0,0,194401301621,194401487122,185500,6929,8388608
Uring,throughput,0,4,32,0,0,194401303799,194402332899,1029099,93,8388608
Uring,throughput,0,4,32,0,0,194401307592,194401416171,108579,11,8388608
Uring,throughput,0,4,32,0,0,194401309380,194401353986,44605,11,8388608
Uring,throughput,0,4,32,0,0,194401323036,194401955208,632171,26,8388608
Uring,throughput,0,4,32,0,0,194401331910,194402275177,943267,30,8388608
Uring,throughput,0,4,32,0,0,194401340078,194402158323,818245,24,8388608
Uring,throughput,0,4,32,0,0,194401346555,194402428429,1081873,5572,8388608
Uring,throughput,0,4,32,0,0,194401347583,194401414814,67231,1000,8388608
Uring,throughput,0,4,32,0,0,194401348237,194401993719,645481,5352,8388608
Uring,throughput,0,4,32,0,0,194401352210,194401430917,78707,17,8388608
Uring,throughput,0,4,32,0,0,194401353995,194401461036,107041,77,8388608
Uring,throughput,0,4,32,0,0,194401359428,194401510840,151412,3816,8388608
Uring,throughput,0,4,32,0,0,194401360244,194401514592,154347,2349,8388608
Uring,throughput,0,4,32,0,0,194401378464,194401478850,100385,13,8388608
Uring,throughput,0,4,32,0,0,194401379933,194402034336,654402,25,8388608
Uring,throughput,0,4,32,0,0,194401380073,194402170532,790459,18,8388608
Uring,throughput,0,4,32,0,0,194401381230,194401492969,111739,3581,8388608
Uring,throughput,0,4,32,0,0,194401393882,194401478965,85082,27,8388608
Uring,throughput,0,4,32,0,0,194401401885,194401521504,119618,3071,8388608
Uring,throughput,0,4,32,0,0,194401403283,194401960587,557303,72,8388608
Uring,throughput,0,4,32,0,0,194401403858,194402180109,776251,6329,8388608
Uring,throughput,0,4,32,0,0,194401404928,194401603851,198923,58,8388608
Uring,throughput,0,4,32,0,0,194401406295,194402181810,775515,3503,8388608
Uring,throughput,0,4,32,0,0,194401410141,194401665347,255206,146,8388608
Uring,throughput,0,4,32,0,0,194401414823,194401602744,187921,24,8388608
Uring,throughput,0,4,32,0,0,194401416095,194402509408,1093313,14,8388608
Uring,throughput,0,4,32,0,0,194401416177,194402093982,677805,65,8388608
Uring,throughput,0,4,32,0,0,194401420246,194401679372,259125,20,8388608
Uring,throughput,0,4,32,0,0,194401423616,194401819176,395559,25,8388608
Uring,throughput,0,4,32,0,0,194401425198,194402513115,1087917,2171,8388608
Uring,throughput,0,4,32,0,0,194401429144,194401518284,89140,19,8388608
Uring,throughput,0,4,32,0,0,194401430190,194401622502,192311,14,8388608
Uring,throughput,0,4,32,0,0,194401430921,194401511915,80994,9,8388608
Uring,throughput,0,4,32,0,0,194401445919,194402194963,749043,7507,8388608
Uring,throughput,0,4,32,0,0,194401454032,194401573276,119244,50,8388608
Uring,throughput,0,4,32,0,0,194401455474,194402127919,672445,18,8388608
Uring,throughput,0,4,32,0,0,194401461043,194401509175,48132,882,8388608
Uring,throughput,0,4,32,0,0,194401468585,194402523849,1055264,22,8388608
Uring,throughput,0,4,32,0,0,194401472767,194401741341,268573,124,8388608
Uring,throughput,0,4,32,0,0,194401478858,194401728752,249894,20,8388608
Uring,throughput,0,4,32,0,0,194401478981,194401520934,41952,37,8388608
Uring,throughput,0,4,32,0,0,194401485658,194401563325,77667,506,8388608
Uring,throughput,0,4,32,0,0,194401487129,194402156830,669701,20,8388608
Uring,throughput,0,4,32,0,0,194401488555,194402438148,949593,29,8388608
Uring,throughput,0,4,32,0,0,194401492974,194401561789,68815,15,8388608
Uring,throughput,0,4,32,0,0,194401495374,194401756088,260714,25,8388608
Uring,throughput,0,4,32,0,0,194401509182,194401560545,51363,17,8388608
Uring,throughput,0,4,32,0,0,194401510849,194402475707,964857,23,8388608
Uring,throughput,0,4,32,0,0,194401511924,194402396117,884193,474,8388608
Uring,throughput,0,4,32,0,0,194401512478,194402537472,1024994,5921,8388608
Uring,throughput,0,4,32,0,0,194401514598,194401552745,38146,14,8388608
Uring,throughput,0,4,32,0,0,194401518291,194402223072,704780,5301,8388608
Uring,throughput,0,4,32,0,0,194401520940,194402200551,679611,604,8388608
Uring,throughput,0,4,32,0,0,194401521510,194402217790,696280,20,8388608
Uring,throughput,0,4,32,0,0,194401536154,194401563902,27747,29,8388608
Uring,throughput,0,4,32,0,0,194401552751,194401773269,220518,18,8388608
Uring,throughput,0,4,32,0,0,194401560658,194402589040,1028382,21,8388608
Uring,throughput,0,4,32,0,0,194401561795,194402599963,1038167,19,8388608
Uring,throughput,0,4,32,0,0,194401563329,194401785312,221982,12,8388608
Uring,throughput,0,4,32,0,0,194401563909,194402183609,619700,235,8388608
Uring,throughput,0,4,32,0,0,194401566283,194402183701,617418,16,8388608
Uring,throughput,0,4,32,0,0,194401566497,194401969901,403404,23,8388608
Uring,throughput,0,4,32,0,0,194401573283,194402153913,580629,56,8388608
Uring,throughput,0,4,32,0,0,194401578573,194402267178,688604,56,8388608
Uring,throughput,0,4,32,0,0,194401583324,194401825773,242449,25,8388608
Uring,throughput,0,4,32,0,0,194401584868,194401838995,254127,568,8388608
Uring,throughput,0,4,32,0,0,194401585396,194401616229,30832,42,8388608
Uring,throughput,0,4,32,0,0,194401586077,194402621609,1035531,86,8388608
Uring,throughput,0,4,32,0,0,194401589751,194401713539,123787,317,8388608
Uring,throughput,0,4,32,0,0,194401591091,194402623789,1032697,43,8388608
Uring,throughput,0,4,32,0,0,194401591395,194401859107,267712,38,8388608
Uring,throughput,0,4,32,0,0,194401596044,194402285828,689783,52,8388608
Uring,throughput,0,4,32,0,0,194401602753,194401725226,122472,43,8388608
Uring,throughput,0,4,32,0,0,194401603856,194402297808,693952,3052,8388608
Uring,throughput,0,4,32,0,0,194401604610,194401701313,96703,3809,8388608
Uring,throughput,0,4,32,0,0,194401611423,194402299509,688085,107,8388608
Uring,throughput,0,4,32,0,0,194401616256,194402365607,749351,2085,8388608
Uring,throughput,0,4,32,0,0,194401616863,194401644841,27978,50,8388608
Uring,throughput,0,4,32,0,0,194401622508,194402335844,713336,21,8388608
Uring,throughput,0,4,32,0,0,194401625253,194402340739,715486,22,8388608
Uring,throughput,0,4,32,0,0,194401627479,194402305763,678283,30,8388608
Uring,throughput,0,4,32,0,0,194401644871,194401683618,38747,26,8388608
Uring,throughput,0,4,32,0,0,194401654998,194402331023,676024,34,8388608
Uring,throughput,0,4,32,0,0,194401656239,194402661721,1005482,21,8388608
Uring,throughput,0,4,32,0,0,194401665354,194401746333,80979,16,8388608
Uring,throughput,0,4,32,0,0,194401665599,194401910860,245261,2897,8388608
Uring,throughput,0,4,32,0,0,194401668583,194402421604,753020,37,8388608
Uring,throughput,0,4,32,0,0,194401679449,194402460959,781509,3931,8388608
Uring,throughput,0,4,32,0,0,194401683466,194402448465,764999,20,8388608
Uring,throughput,0,4,32,0,0,194401683623,194402345692,662068,984,8388608
Uring,throughput,0,4,32,0,0,194401695985,194402505230,809244,661,8388608
Uring,throughput,0,4,32,0,0,194401701321,194401764708,63387,27,8388608
Uring,throughput,0,4,32,0,0,194401704739,194402882374,1177635,17,8388608
Uring,throughput,0,4,32,0,0,194401713547,194402363866,650319,21,8388608
Uring,throughput,0,4,32,0,0,194401718852,194401764361,45509,18,8388608
Uring,throughput,0,4,32,0,0,194401725231,194401784950,59718,3979,8388608
Uring,throughput,0,4,32,0,0,194401728761,194402104719,375958,3710,8388608
Uring,throughput,0,4,32,0,0,194401734997,194401790275,55277,1610,8388608
Uring,throughput,0,4,32,0,0,194401737568,194402717518,979949,3836,8388608
Uring,throughput,0,4,32,0,0,194401741348,194402526801,785452,4493,8388608
Uring,throughput,0,4,32,0,0,194401746342,194401785856,39514,1091,8388608
Uring,throughput,0,4,32,0,0,194401749961,194402524372,774410,24,8388608
Uring,throughput,0,4,32,0,0,194401756096,194401922679,166582,28,8388608
Uring,throughput,0,4,32,0,0,194401758500,194402420413,661913,23,8388608
Uring,throughput,0,4,32,0,0,194401764368,194401805396,41027,17,8388608
Uring,throughput,0,4,32,0,0,194401764710,194402448298,683587,13,8388608
Uring,throughput,0,4,32,0,0,194401773277,194402724509,951231,5960,8388608
Uring,throughput,0,4,32,0,0,194401777433,194402248229,470795,3441,8388608
Uring,throughput,0,4,32,0,0,194401784959,194401815651,30692,20,8388608
Uring,throughput,0,4,32,0,0,194401785315,194402726219,940904,42,8388608
Uring,throughput,0,4,32,0,0,194401785864,194401809640,23776,24,8388608
Uring,throughput,0,4,32,0,0,194401790283,194402217626,427342,15,8388608
Uring,throughput,0,4,32,0,0,194401796111,194402284356,488244,20,8388608
Uring,throughput,0,4,32,0,0,194401797470,194402408225,610754,1335,8388608
Uring,throughput,0,4,32,0,0,194401802091,194402286974,484882,15,8388608
Uring,throughput,0,4,32,0,0,194401805404,194402598249,792845,3966,8388608
Uring,throughput,0,4,32,0,0,194401808106,194402307201,499095,31,8388608
Uring,throughput,0,4,32,0,0,194401809297,194402306700,497403,169,8388608
Uring,throughput,0,4,32,0,0,194401809648,194401836874,27226,15,8388608
Uring,throughput,0,4,32,0,0,194401815658,194402605032,789373,25,8388608
Uring,throughput,0,4,32,0,0,194401819183,194401876915,57731,30,8388608
Uring,throughput,0,4,32,0,0,194401825466,194402743959,918493,21,8388608
Uring,throughput,0,4,32,0,0,194401825775,194402322438,496662,16,8388608
Uring,throughput,0,4,32,0,0,194401830961,194402416355,585393,12,8388608
Uring,throughput,0,4,32,0,0,194401834694,194402338076,503382,25,8388608
Uring,throughput,0,4,32,0,0,194401836880,194402367706,530826,3352,8388608
Uring,throughput,0,4,32,0,0,194401838312,194401869132,30819,762,8388608
Uring,throughput,0,4,32,0,0,194401839000,194402340064,501063,59,8388608
Uring,throughput,0,4,32,0,0,194401843336,194402430813,587476,5247,8388608
Uring,throughput,0,4,32,0,0,194401854138,194401917651,63513,29,8388608
Uring,throughput,0,4,32,0,0,194401859115,194402370431,511315,2704,8388608
Uring,throughput,0,4,32,0,0,194401869139,194401895181,26042,37,8388608
Uring,throughput,0,4,32,0,0,194401876921,194401934127,57206,293,8388608
Uring,throughput,0,4,32,0,0,194401880644,194402888922,1008277,12,8388608
Uring,throughput,0,4,32,0,0,194401881612,194402751954,870342,37,8388608
Uring,throughput,0,4,32,0,0,194401881920,194402707124,825203,17,8388608
Uring,throughput,0,4,32,0,0,194401889616,194402490698,601081,21,8388608
Uring,throughput,0,4,32,0,0,194401895190,194401927880,32690,85,8388608
Uring,throughput,0,4,32,0,0,194401898828,194402696679,797851,32,8388608
Uring,throughput,0,4,32,0,0,194401901906,194402741948,840041,15,8388608
Uring,throughput,0,4,32,0,0,194401903831,194402445442,541611,36,8388608
Uring,throughput,0,4,32,0,0,194401910868,194402514476,603608,18,8388608
Uring,throughput,0,4,32,0,0,194401910986,194402767240,856254,84,8388608
Uring,throughput,0,4,32,0,0,194401913519,194401947874,34354,17,8388608
Uring,throughput,0,4,32,0,0,194401917656,194402528836,611180,4177,8388608
Uring,throughput,0,4,32,0,0,194401922688,194402064111,141423,29,8388608
Uring,throughput,0,4,32,0,0,194401927885,194402458920,531034,3739,8388608
Uring,throughput,0,4,32,0,0,194401934135,194402862051,927915,24,8388608
Uring,throughput,0,4,32,0,0,194401946040,194402070973,124933,304,8388608
Uring,throughput,0,4,32,0,0,194401946634,194402465656,519021,19,8388608
Uring,throughput,0,4,32,0,0,194401947881,194402562126,614245,2029,8388608
Uring,throughput,0,4,32,0,0,194401952300,194402468993,516693,30,8388608
Uring,throughput,0,4,32,0,0,194401955233,194402128242,173008,75,8388608
Uring,throughput,0,4,32,0,0,194401960596,194402885104,924507,1230,8388608
Uring,throughput,0,4,32,0,0,194401963555,194402587993,624437,59,8388608
Uring,throughput,0,4,32,0,0,194401969931,194402904165,934233,22,8388608
Uring,throughput,0,4,32,0,0,194401982986,194402073758,90772,560,8388608
Uring,throughput,0,4,32,0,0,194401983055,194402893439,910384,23,8388608
Uring,throughput,0,4,32,0,0,194401984187,194402559619,575431,11,8388608
Uring,throughput,0,4,32,0,0,194401993706,194402577347,583640,34,8388608
Uring,throughput,0,4,32,0,0,194401993726,194402667658,673931,18,8388608
Uring,throughput,0,4,32,0,0,194401994998,194402024162,29163,757,8388608
Uring,throughput,0,4,32,0,0,194401997377,194402911284,913907,33,8388608
Uring,throughput,0,4,32,0,0,194401999084,194402849263,850178,17,8388608
Uring,throughput,0,4,32,0,0,194402020794,194402528592,507798,3663,8388608
Uring,throughput,0,4,32,0,0,194402024169,194402053907,29737,44,8388608
Uring,throughput,0,4,32,0,0,194402034344,194403079676,1045331,1793,8388608
Uring,throughput,0,4,32,0,0,194402035370,194402692244,656874,21,8388608
Uring,throughput,0,4,32,0,0,194402038973,194402696267,657293,52,8388608
Uring,throughput,0,4,32,0,0,194402047215,194402700893,653677,5352,8388608
Uring,throughput,0,4,32,0,0,194402050277,194402696553,646276,19,8388608
Uring,throughput,0,4,32,0,0,194402053912,194402082699,28787,28,8388608
Uring,throughput,0,4,32,0,0,194402059612,194402896849,837237,22,8388608
Uring,throughput,0,4,32,0,0,194402060388,194402321789,261401,47,8388608
Uring,throughput,0,4,32,0,0,194402060422,194402503670,443248,16,8388608
Uring,throughput,0,4,32,0,0,194402064121,194402545940,481818,27,8388608
Uring,throughput,0,4,32,0,0,194402070981,194402551578,480597,56,8388608
Uring,throughput,0,4,32,0,0,194402072788,194402706391,633603,17,8388608
Uring,throughput,0,4,32,0,0,194402073763,194402704841,631077,22,8388608
Uring,throughput,0,4,32,0,0,194402075292,194403087248,1011956,21,8388608
Uring,throughput,0,4,32,0,0,194402079986,194403051531,971544,1958,8388608
Uring,throughput,0,4,32,0,0,194402082706,194403148548,1065842,4075,8388608
Uring,throughput,0,4,32,0,0,194402092598,194403130604,1038006,17,8388608
Uring,throughput,0,4,32,0,0,194402093991,194402731062,637070,3667,8388608
Uring,throughput,0,4,32,0,0,194402094066,194403048840,954773,13,8388608
Uring,throughput,0,4,32,0,0,194402095487,194402571257,475770,3154,8388608
Uring,throughput,0,4,32,0,0,194402104728,194402572199,467471,25,8388608
Uring,throughput,0,4,32,0,0,194402122026,194402292391,170364,1848,8388608
Uring,throughput,0,4,32,0,0,194402124243,194403098076,973832,15,8388608
Uring,throughput,0,4,32,0,0,194402127048,194403107214,980166,58,8388608
Uring,throughput,0,4,32,0,0,194402127927,194402894361,766434,661,8388608
Uring,throughput,0,4,32,0,0,194402128245,194403115437,987191,1209,8388608
Uring,throughput,0,4,32,0,0,194402133359,194402381587,248228,26,8388608
Uring,throughput,0,4,32,0,0,194402139687,194402457271,317584,30,8388608
Uring,throughput,0,4,32,0,0,194402146729,194402597687,450958,25,8388608
Uring,throughput,0,4,32,0,0,194402153921,194402785034,631112,2238,8388608
Uring,throughput,0,4,32,0,0,194402155712,194402289477,133765,6645,8388608
Uring,throughput,0,4,32,0,0,194402156907,194402354049,197142,25,8388608
Uring,throughput,0,4,32,0,0,194402158331,194402789080,630748,27,8388608
Uring,throughput,0,4,32,0,0,194402159331,194403472155,1312823,3508,8388608
Uring,throughput,0,4,32,0,0,194402170539,194403251239,1080699,1432,8388608
Uring,throughput,0,4,32,0,0,194402180118,194403265175,1085057,36,8388608
Uring,throughput,0,4,32,0,0,194402181819,194402858070,676251,41,8388608
Uring,throughput,0,4,32,0,0,194402183650,194402271514,87863,65,8388608
Uring,throughput,0,4,32,0,0,194402183709,194403236508,1052798,65,8388608
Uring,throughput,0,4,32,0,0,194402194972,194402801049,606077,80,8388608
Uring,throughput,0,4,32,0,0,194402198618,194403280943,1082325,2592,8388608
Uring,throughput,0,4,32,0,0,194402200558,194402243248,42689,15,8388608
Uring,throughput,0,4,32,0,0,194402202123,194402267777,65654,14,8388608
Uring,throughput,0,4,32,0,0,194402217634,194403043042,825407,121,8388608
Uring,throughput,0,4,32,0,0,194402217798,194402269113,51314,55,8388608
Uring,throughput,0,4,32,0,0,194402223080,194404124484,1901404,16,8388608
Uring,throughput,0,4,32,0,0,194402243255,194402286447,43192,28,8388608
Uring,throughput,0,4,32,0,0,194402248236,194402667920,419683,16,8388608
Uring,throughput,0,4,32,0,0,194402264933,194403141379,876445,23,8388608
Uring,throughput,0,4,32,0,0,194402267187,194403262777,995590,25,8388608
Uring,throughput,0,4,32,0,0,194402267781,194402328234,60453,47,8388608
Uring,throughput,0,4,32,0,0,194402269116,194402398389,129272,3975,8388608
Uring,throughput,0,4,32,0,0,194402271516,194402319311,47794,30,8388608
Uring,throughput,0,4,32,0,0,194402275186,194402867593,592406,2722,8388608
Uring,throughput,0,4,32,0,0,194402284363,194403480288,1195924,19,8388608
Uring,throughput,0,4,32,0,0,194402284559,194403363980,1079420,11,8388608
Uring,throughput,0,4,32,0,0,194402285837,194402700191,414353,3599,8388608
Uring,throughput,0,4,32,0,0,194402286500,194403387563,1101063,870,8388608
Uring,throughput,0,4,32,0,0,194402286979,194403486460,1199480,14,8388608
Uring,throughput,0,4,32,0,0,194402289481,194402369106,79625,9,8388608
Uring,throughput,0,4,32,0,0,194402292395,194403494902,1202506,15,8388608
Uring,throughput,0,4,32,0,0,194402297816,194403475677,1177860,19,8388608
Uring,throughput,0,4,32,0,0,194402299517,194403391719,1092201,3472,8388608
Uring,throughput,0,4,32,0,0,194402305770,194402882329,576559,17,8388608
Uring,throughput,0,4,32,0,0,194402306707,194403521745,1215037,53,8388608
Uring,throughput,0,4,32,0,0,194402307207,194403532491,1225284,4047,8388608
Uring,throughput,0,4,32,0,0,194402312267,194402966052,653785,23,8388608
Uring,throughput,0,4,32,0,0,194402314204,194403479302,1165098,12,8388608
Uring,throughput,0,4,32,0,0,194402319316,194402447021,127705,879,8388608
Uring,throughput,0,4,32,0,0,194402321797,194402396726,74928,1120,8388608
Uring,throughput,0,4,32,0,0,194402322445,194402435960,113515,433,8388608
Uring,throughput,0,4,32,0,0,194402328242,194402913444,585201,2468,8388608
Uring,throughput,0,4,32,0,0,194402331063,194402911379,580315,28,8388608
Uring,throughput,0,4,32,0,0,194402332905,194402936084,603178,5243,8388608
Uring,throughput,0,4,32,0,0,194402335851,194403411919,1076068,1466,8388608
Uring,throughput,0,4,32,0,0,194402338082,194402959025,620942,228,8388608
Uring,throughput,0,4,32,0,0,194402340070,194402404420,64350,19,8388608
Uring,throughput,0,4,32,0,0,194402340745,194402422388,81643,14,8388608
Uring,throughput,0,4,32,0,0,194402345701,194402444044,98342,22,8388608
Uring,throughput,0,4,32,0,0,194402354056,194403419720,1065664,5147,8388608
Uring,throughput,0,4,32,0,0,194402363874,194402968050,604176,44,8388608
Uring,throughput,0,4,32,0,0,194402365611,194402750332,384721,17,8388608
Uring,throughput,0,4,32,0,0,194402367715,194402806675,438960,22,8388608
Uring,throughput,0,4,32,0,0,194402369111,194403422934,1053822,96,8388608
Uring,throughput,0,4,32,0,0,194402370437,194402434274,63837,15,8388608
Uring,throughput,0,4,32,0,0,194402381595,194403426056,1044461,3562,8388608
Uring,throughput,0,4,32,0,0,194402396125,194402724300,328175,27,8388608
Uring,throughput,0,4,32,0,0,194402396729,194403011657,614927,29,8388608
Uring,throughput,0,4,32,0,0,194402398391,194403649798,1251406,52,8388608
Uring,throughput,0,4,32,0,0,194402404426,194403438550,1034123,1046,8388608
Uring,throughput,0,4,32,0,0,194402408233,194402794198,385965,44,8388608
Uring,throughput,0,4,32,0,0,194402416361,194403047684,631323,23,8388608
Uring,throughput,0,4,32,0,0,194402420419,194403757616,1337197,14,8388608
Uring,throughput,0,4,32,0,0,194402421612,194402757234,335622,3462,8388608
Uring,throughput,0,4,32,0,0,194402422395,194403267000,844605,3720,8388608
Uring,throughput,0,4,32,0,0,194402428435,194403089123,660688,31,8388608
Uring,throughput,0,4,32,0,0,194402430819,194402469961,39141,13,8388608
Uring,throughput,0,4,32,0,0,194402434283,194403096371,662088,79,8388608
Uring,throughput,0,4,32,0,0,194402435966,194403100172,664205,15,8388608
Uring,throughput,0,4,32,0,0,194402438156,194403282095,843939,964,8388608
Uring,throughput,0,4,32,0,0,194402444052,194402819115,375063,28,8388608
Uring,throughput,0,4,32,0,0,194402445451,194403483318,1037866,5850,8388608
Uring,throughput,0,4,32,0,0,194402447028,194402480275,33247,16,8388608
Uring,throughput,0,4,32,0,0,194402448302,194402481449,33146,270,8388608
Uring,throughput,0,4,32,0,0,194402448472,194403122333,673860,17,8388608
Uring,throughput,0,4,32,0,0,194402457307,194402541107,83800,1606,8388608
Uring,throughput,0,4,32,0,0,194402458943,194403127903,668959,9,8388608
Uring,throughput,0,4,32,0,0,194402460967,194402534838,73871,19,8388608
Uring,throughput,0,4,32,0,0,194402465663,194403148502,682839,4221,8388608
Uring,throughput,0,4,32,0,0,194402468997,194402843632,374634,710,8388608
Uring,throughput,0,4,32,0,0,194402469965,194403493338,1023372,93,8388608
Uring,throughput,0,4,32,0,0,194402475713,194402634201,158488,24,8388608
Uring,throughput,0,4,32,0,0,194402480311,194403720551,1240239,21,8388608
Uring,throughput,0,4,32,0,0,194402481453,194402508070,26616,10,8388608
Uring,throughput,0,4,32,0,0,194402490706,194402553868,63161,21,8388608
Uring,throughput,0,4,32,0,0,194402503678,194402862109,358430,20,8388608
Uring,throughput,0,4,32,0,0,194402505233,194402617664,112430,11,8388608
Uring,throughput,0,4,32,0,0,194402508076,194403192201,684124,14,8388608
Uring,throughput,0,4,32,0,0,194402509416,194402873621,364205,3295,8388608
Uring,throughput,0,4,32,0,0,194402513123,194402599095,85971,15,8388608
Uring,throughput,0,4,32,0,0,194402514484,194402591794,77310,14,8388608
Uring,throughput,0,4,32,0,0,194402523857,194403525969,1002111,23,8388608
Uring,throughput,0,4,32,0,0,194402524380,194403539319,1014938,3253,8388608
Uring,throughput,0,4,32,0,0,194402526810,194403736714,1209904,44,8388608
Uring,throughput,0,4,32,0,0,194402528599,194402557476,28876,21,8388608
Uring,throughput,0,4,32,0,0,194402528840,194402880613,351773,16,8388608
Uring,throughput,0,4,32,0,0,194402534845,194403545517,1010672,17,8388608
Uring,throughput,0,4,32,0,0,194402537481,194402935946,398465,20,8388608
Uring,throughput,0,4,32,0,0,194402541113,194402886104,344990,14,8388608
Uring,throughput,0,4,32,0,0,194402545948,194403179719,633771,17,8388608
Uring,throughput,0,4,32,0,0,194402551603,194403181444,629840,18,8388608
Uring,throughput,0,4,32,0,0,194402553876,194403771501,1217624,2633,8388608
Uring,throughput,0,4,32,0,0,194402557483,194402733961,176477,35,8388608
Uring,throughput,0,4,32,0,0,194402559625,194402629971,70345,797,8388608
Uring,throughput,0,4,32,0,0,194402562135,194402885763,323627,34,8388608
Uring,throughput,0,4,32,0,0,194402571268,194403581495,1010226,22,8388608
Uring,throughput,0,4,32,0,0,194402572208,194402823532,251324,60,8388608
Uring,throughput,0,4,32,0,0,194402577353,194402907559,330205,16,8388608
Uring,throughput,0,4,32,0,0,194402588126,194403608354,1020227,3530,8388608
Uring,throughput,0,4,32,0,0,194402589047,194402631901,42853,846,8388608
Uring,throughput,0,4,32,0,0,194402591802,194402651926,60123,4140,8388608
Uring,throughput,0,4,32,0,0,194402597696,194402795528,197832,18,8388608
Uring,throughput,0,4,32,0,0,194402598254,194404457848,1859593,21,8388608
Uring,throughput,0,4,32,0,0,194402599099,194403559781,960681,23,8388608
Uring,throughput,0,4,32,0,0,194402599970,194403800744,1200773,6326,8388608
Uring,throughput,0,4,32,0,0,194402605039,194403639112,1034073,1572,8388608
Uring,throughput,0,4,32,0,0,194402617671,194402882204,264532,36,8388608
Uring,throughput,0,4,32,0,0,194402621616,194403102661,481044,18,8388608
Uring,throughput,0,4,32,0,0,194402623797,194403666523,1042725,38,8388608
Uring,throughput,0,4,32,0,0,194402629977,194403100770,470792,15,8388608
Uring,throughput,0,4,32,0,0,194402631907,194402923948,292040,52,8388608
Uring,throughput,0,4,32,0,0,194402634207,194403680188,1045981,790,8388608
Uring,throughput,0,4,32,0,0,194402651934,194402677147,25213,120,8388608
Uring,throughput,0,4,32,0,0,194402661728,194403754354,1092625,2940,8388608
Uring,throughput,0,4,32,0,0,194402667665,194403306535,638869,113,8388608
Uring,throughput,0,4,32,0,0,194402667992,194402803196,135204,33,8388608
Uring,throughput,0,4,32,0,0,194402677153,194403207174,530021,20,8388608
Uring,throughput,0,4,32,0,0,194402692253,194402812475,120222,4700,8388608
Uring,throughput,0,4,32,0,0,194402696324,194403337682,641357,836,8388608
Uring,throughput,0,4,32,0,0,194402696580,194403931088,1234507,1210,8388608
Uring,throughput,0,4,32,0,0,194402696684,194403334420,637736,22,8388608
Uring,throughput,0,4,32,0,0,194402700199,194402959239,259039,23,8388608
Uring,throughput,0,4,32,0,0,194402700897,194403853985,1153087,39,8388608
Uring,throughput,0,4,32,0,0,194402704850,194403857039,1152189,34,8388608
Uring,throughput,0,4,32,0,0,194402706400,194403551940,845539,39,8388608
Uring,throughput,0,4,32,0,0,194402707132,194403811331,1104198,106,8388608
Uring,throughput,0,4,32,0,0,194402717535,194403685284,967749,25,8388608
Uring,throughput,0,4,32,0,0,194402724308,194403456037,731728,23,8388608
Uring,throughput,0,4,32,0,0,194402724518,194403891764,1167245,21,8388608
Uring,throughput,0,4,32,0,0,194402726226,194404021931,1295704,1244,8388608
Uring,throughput,0,4,32,0,0,194402731071,194403616388,885317,24,8388608
Uring,throughput,0,4,32,0,0,194402733965,194403397433,663467,2200,8388608
Uring,throughput,0,4,32,0,0,194402741957,194403898860,1156902,3452,8388608
Uring,throughput,0,4,32,0,0,194402743967,194402988133,244165,6125,8388608
Uring,throughput,0,4,32,0,0,194402750340,194403390632,640292,96,8388608
Uring,throughput,0,4,32,0,0,194402751959,194403880422,1128462,3404,8388608
Uring,throughput,0,4,32,0,0,194402757244,194402790395,33151,29,8388608
Uring,throughput,0,4,32,0,0,194402767249,194403873027,1105778,20,8388608
Uring,throughput,0,4,32,0,0,194402785043,194403006737,221694,19,8388608
Uring,throughput,0,4,32,0,0,194402789091,194403914437,1125346,5351,8388608
Uring,throughput,0,4,32,0,0,194402790429,194402837395,46965,47,8388608
Uring,throughput,0,4,32,0,0,194402794206,194402851888,57681,307,8388608
Uring,throughput,0,4,32,0,0,194402795534,194402912121,116587,1723,8388608
Uring,throughput,0,4,32,0,0,194402801057,194403448991,647933,148,8388608
Uring,throughput,0,4,32,0,0,194402803205,194403944105,1140899,3370,8388608
Uring,throughput,0,4,32,0,0,194402806680,194403463149,656468,40,8388608
Uring,throughput,0,4,32,0,0,194402812481,194403465959,653477,15,8388608
Uring,throughput,0,4,32,0,0,194402819122,194403473044,653921,2234,8388608
Uring,throughput,0,4,32,0,0,194402823538,194402861955,38417,246,8388608
Uring,throughput,0,4,32,0,0,194402837401,194402939000,101598,1566,8388608
Uring,throughput,0,4,32,0,0,194402843640,194402920546,76906,81,8388608
Uring,throughput,0,4,32,0,0,194402849273,194403941270,1091996,2461,8388608
Uring,throughput,0,4,32,0,0,194402851892,194403984847,1132954,1588,8388608
Uring,throughput,0,4,32,0,0,194402858079,194403944663,1086584,29,8388608
Uring,throughput,0,4,32,0,0,194402861963,194403018158,156194,21,8388608
Uring,throughput,0,4,32,0,0,194402862060,194403585222,723161,23,8388608
Uring,throughput,0,4,32,0,0,194402862117,194403991892,1129775,2325,8388608
Uring,throughput,0,4,32,0,0,194402867600,194402916301,48700,18,8388608
Uring,throughput,0,4,32,0,0,194402873629,194403805367,931737,15,8388608
Uring,throughput,0,4,32,0,0,194402880624,194403023334,142710,23,8388608
Uring,throughput,0,4,32,0,0,194402882209,194403052786,170576,3043,8388608
Uring,throughput,0,4,32,0,0,194402882337,194404002980,1120642,1098,8388608
Uring,throughput,0,4,32,0,0,194402882385,194402943197,60811,2785,8388608
Uring,throughput,0,4,32,0,0,194402885109,194404033927,1148817,236,8388608
Uring,throughput,0,4,32,0,0,194402885772,194402975030,89257,19,8388608
Uring,throughput,0,4,32,0,0,194402886111,194402930592,44481,52,8388608
Uring,throughput,0,4,32,0,0,194402889080,194404007139,1118059,4178,8388608
Uring,throughput,0,4,32,0,0,194402893447,194403955274,1061826,83,8388608
Uring,throughput,0,4,32,0,0,194402894370,194403511927,617556,17,8388608
Uring,throughput,0,4,32,0,0,194402896857,194403058711,161853,1463,8388608
Uring,throughput,0,4,32,0,0,194402904172,194403050405,146233,2055,8388608
Uring,throughput,0,4,32,0,0,194402907564,194404015307,1107743,4749,8388608
Uring,throughput,0,4,32,0,0,194402911292,194403563605,652313,27,8388608
Uring,throughput,0,4,32,0,0,194402911402,194403567415,656013,2030,8388608
Uring,throughput,0,4,32,0,0,194402912128,194403074709,162580,213,8388608
Uring,throughput,0,4,32,0,0,194402913451,194403426729,513277,18,8388608
Uring,throughput,0,4,32,0,0,194402916308,194403044616,128308,42,8388608
Uring,throughput,0,4,32,0,0,194402920567,194403568677,648109,40,8388608
Uring,throughput,0,4,32,0,0,194402923955,194402957999,34043,18,8388608
Uring,throughput,0,4,32,0,0,194402930598,194403098839,168241,4875,8388608
Uring,throughput,0,4,32,0,0,194402935955,194403969620,1033665,20,8388608
Uring,throughput,0,4,32,0,0,194402936104,194403101247,165142,32,8388608
Uring,throughput,0,4,32,0,0,194402939019,194403946591,1007571,16,8388608
Uring,throughput,0,4,32,0,0,194402943204,194403578981,635777,20,8388608
Uring,throughput,0,4,32,0,0,194402958027,194403974097,1016070,3774,8388608
Uring,throughput,0,4,32,0,0,194402959026,194403975544,1016517,2919,8388608
Uring,throughput,0,4,32,0,0,194402959246,194403052961,93714,21,8388608
Uring,throughput,0,4,32,0,0,194402966057,194403163547,197490,12,8388608
Uring,throughput,0,4,32,0,0,194402968082,194403001892,33809,885,8388608
Uring,throughput,0,4,32,0,0,194402975036,194403583629,608593,1674,8388608
Uring,throughput,0,4,32,0,0,194402988141,194404187814,1199672,101,8388608
Uring,throughput,0,4,32,0,0,194403001898,194403034214,32316,21,8388608
Uring,throughput,0,4,32,0,0,194403006745,194403650226,643481,26,8388608
Uring,throughput,0,4,32,0,0,194403011667,194403759076,747409,27,8388608
Uring,throughput,0,4,32,0,0,194403018166,194403651763,633596,29,8388608
Uring,throughput,0,4,32,0,0,194403023342,194403075134,51792,1987,8388608
Uring,throughput,0,4,32,0,0,194403034223,194403086437,52214,24,8388608
Uring,throughput,0,4,32,0,0,194403043050,194403667463,624413,360,8388608
Uring,throughput,0,4,32,0,0,194403044623,194403132828,88204,803,8388608
Uring,throughput,0,4,32,0,0,194403047691,194404125139,1077448,1261,8388608
Uring,throughput,0,4,32,0,0,194403048850,194403668800,619950,1620,8388608
Uring,throughput,0,4,32,0,0,194403050412,194403128806,78394,79,8388608
Uring,throughput,0,4,32,0,0,194403051536,194404120820,1069284,16,8388608
Uring,throughput,0,4,32,0,0,194403052791,194404126479,1073688,19,8388608
Uring,throughput,0,4,32,0,0,194403052967,194403104066,51098,1582,8388608
Uring,throughput,0,4,32,0,0,194403058715,194403671338,612623,11,8388608
Uring,throughput,0,4,32,0,0,194403074717,194403185849,111131,65,8388608
Uring,throughput,0,4,32,0,0,194403075141,194404146985,1071844,17,8388608
Uring,throughput,0,4,32,0,0,194403079684,194403293104,213420,21,8388608
Uring,throughput,0,4,32,0,0,194403086444,194404164902,1078458,1259,8388608
Uring,throughput,0,4,32,0,0,194403087257,194403913491,826234,21,8388608
Uring,throughput,0,4,32,0,0,194403089129,194403689966,600837,20,8388608
Uring,throughput,0,4,32,0,0,194403096381,194404166449,1070067,2363,8388608
Uring,throughput,0,4,32,0,0,194403098083,194403160410,62327,732,8388608
Uring,throughput,0,4,32,0,0,194403098842,194403227328,128485,28,8388608
Uring,throughput,0,4,32,0,0,194403100180,194403204247,104066,21,8388608
Uring,throughput,0,4,32,0,0,194403100774,194403839263,738489,22,8388608
Uring,throughput,0,4,32,0,0,194403101253,194403260089,158835,75,8388608
Uring,throughput,0,4,32,0,0,194403102668,194403169783,67114,514,8388608
Uring,throughput,0,4,32,0,0,194403104074,194403224693,120619,99,8388608
Uring,throughput,0,4,32,0,0,194403107223,194404120237,1013013,6850,8388608
Uring,throughput,0,4,32,0,0,194403115458,194404178319,1062861,22,8388608
Uring,throughput,0,4,32,0,0,194403122341,194403263490,141148,2215,8388608
Uring,throughput,0,4,32,0,0,194403127911,194403281099,153187,20,8388608
Uring,throughput,0,4,32,0,0,194403128813,194403162420,33606,23,8388608
Uring,throughput,0,4,32,0,0,194403130611,194404177546,1046934,29,8388608
Uring,throughput,0,4,32,0,0,194403132835,194403697417,564582,22,8388608
Uring,throughput,0,4,32,0,0,194403141387,194404162501,1021114,19,8388608
Uring,throughput,0,4,32,0,0,194403148510,194403276165,127654,21,8388608
Uring,throughput,0,4,32,0,0,194403148556,194404020519,871962,28,8388608
Uring,throughput,0,4,32,0,0,194403160417,194403269841,109423,15,8388608
Uring,throughput,0,4,32,0,0,194403162428,194403197108,34680,733,8388608
Uring,throughput,0,4,32,0,0,194403163552,194403903407,739854,2503,8388608
Uring,throughput,0,4,32,0,0,194403169853,194403267929,98076,74,8388608
Uring,throughput,0,4,32,0,0,194403179728,194403376424,196696,21,8388608
Uring,throughput,0,4,32,0,0,194403181451,194403216897,35446,775,8388608
Uring,throughput,0,4,32,0,0,194403185859,194404199986,1014127,2496,8388608
Uring,throughput,0,4,32,0,0,194403192207,194403229038,36831,986,8388608
Uring,throughput,0,4,32,0,0,194403197127,194403277941,80814,21,8388608
Uring,throughput,0,4,32,0,0,194403204255,194404319414,1115159,4995,8388608
Uring,throughput,0,4,32,0,0,194403207265,194403539966,332700,2064,8388608
Uring,throughput,0,4,32,0,0,194403216905,194403252373,35467,23,8388608
Uring,throughput,0,4,32,0,0,194403224702,194403290539,65836,22,8388608
Uring,throughput,0,4,32,0,0,194403227336,194403827234,599898,38,8388608
Uring,throughput,0,4,32,0,0,194403229044,194403334288,105243,21,8388608
Uring,throughput,0,4,32,0,0,194403236514,194404341377,1104862,5715,8388608
Uring,throughput,0,4,32,0,0,194403251247,194403760113,508865,33,8388608
Uring,throughput,0,4,32,0,0,194403252396,194404215183,962786,24,8388608
Uring,throughput,0,4,32,0,0,194403260095,194403391872,131777,439,8388608
Uring,throughput,0,4,32,0,0,194403262785,194404219206,956421,5771,8388608
Uring,throughput,0,4,32,0,0,194403263496,194404359359,1095863,17,8388608
Uring,throughput,0,4,32,0,0,194403265180,194403893523,628342,14,8388608
Uring,throughput,0,4,32,0,0,194403267058,194403373845,106787,89,8388608
Uring,throughput,0,4,32,0,0,194403267933,194403401597,133664,15,8388608
Uring,throughput,0,4,32,0,0,194403269845,194403385932,116087,12,8388608
Uring,throughput,0,4,32,0,0,194403276172,194403827525,551352,20,8388608
Uring,throughput,0,4,32,0,0,194403277946,194403404106,126159,22,8388608
Uring,throughput,0,4,32,0,0,194403280951,194403322852,41901,17,8388608
Uring,throughput,0,4,32,0,0,194403281100,194404364972,1083871,362,8388608
Uring,throughput,0,4,32,0,0,194403282101,194403441628,159526,14,8388608
Uring,throughput,0,4,32,0,0,194403290546,194403431111,140565,3245,8388608
Uring,throughput,0,4,32,0,0,194403293112,194403335068,41955,40,8388608
Uring,throughput,0,4,32,0,0,194403306541,194403783711,477169,3170,8388608
Uring,throughput,0,4,32,0,0,194403322860,194403718590,395729,22,8388608
Uring,throughput,0,4,32,0,0,194403334295,194403359887,25592,20,8388608
Uring,throughput,0,4,32,0,0,194403334427,194403365254,30826,396,8388608
Uring,throughput,0,4,32,0,0,194403335073,194403842130,507057,451,8388608
Uring,throughput,0,4,32,0,0,194403337688,194403807829,470140,12,8388608
Uring,throughput,0,4,32,0,0,194403359895,194403383251,23355,589,8388608
Uring,throughput,0,4,32,0,0,194403363986,194404173954,809967,13,8388608
Uring,throughput,0,4,32,0,0,194403365257,194403392404,27147,16,8388608
Uring,throughput,0,4,32,0,0,194403373852,194403435329,61477,18,8388608
Uring,throughput,0,4,32,0,0,194403376431,194403473239,96808,23,8388608
Uring,throughput,0,4,32,0,0,194403383280,194403642372,259091,80,8388608
Uring,throughput,0,4,32,0,0,194403385940,194404302079,916138,1277,8388608
Uring,throughput,0,4,32,0,0,194403387588,194403817280,429691,17,8388608
Uring,throughput,0,4,32,0,0,194403390678,194403424645,33967,1818,8388608
Uring,throughput,0,4,32,0,0,194403391725,194404108929,717203,20,8388608
Uring,throughput,0,4,32,0,0,194403391873,194403843688,451814,7,8388608
Uring,throughput,0,4,32,0,0,194403392407,194403517144,124737,17,8388608
Uring,throughput,0,4,32,0,0,194403397442,194403757272,359830,44,8388608
Uring,throughput,0,4,32,0,0,194403401605,194404315496,913890,888,8388608
Uring,throughput,0,4,32,0,0,194403404111,194404316339,912228,1553,8388608
Uring,throughput,0,4,32,0,0,194403411927,194404319303,907376,148,8388608
Uring,throughput,0,4,32,0,0,194403419727,194403815497,395770,19,8388608
Uring,throughput,0,4,32,0,0,194403422942,194403804246,381303,3485,8388608
Uring,throughput,0,4,32,0,0,194403424649,194403455886,31237,11,8388608
Uring,throughput,0,4,32,0,0,194403426064,194404320153,894088,23,8388608
Uring,throughput,0,4,32,0,0,194403426764,194403841436,414671,52,8388608
Uring,throughput,0,4,32,0,0,194403431119,194403470642,39522,88,8388608
Uring,throughput,0,4,32,0,0,194403435334,194403825824,390490,6173,8388608
Uring,throughput,0,4,32,0,0,194403438557,194403638406,199849,53,8388608
Uring,throughput,0,4,32,0,0,194403441636,194403621453,179817,151,8388608
Uring,throughput,0,4,32,0,0,194403448998,194404453331,1004333,4224,8388608
Uring,throughput,0,4,32,0,0,194403455892,194403483327,27434,47,8388608
Uring,throughput,0,4,32,0,0,194403456066,194404373809,917742,1842,8388608
Uring,throughput,0,4,32,0,0,194403463156,194404463910,1000754,2977,8388608
Uring,throughput,0,4,32,0,0,194403465966,194404439412,973445,113,8388608
Uring,throughput,0,4,32,0,0,194403470662,194404387310,916647,14,8388608
Uring,throughput,0,4,32,0,0,194403472160,194403515789,43629,11,8388608
Uring,throughput,0,4,32,0,0,194403473048,194403837604,364555,196,8388608
Uring,throughput,0,4,32,0,0,194403473241,194403523591,50350,10,8388608
Uring,throughput,0,4,32,0,0,194403475686,194404423640,947954,23,8388608
Uring,throughput,0,4,32,0,0,194403479309,194404393504,914194,16,8388608
Uring,throughput,0,4,32,0,0,194403480293,194404325341,845048,313,8388608
Uring,throughput,0,4,32,0,0,194403483325,194403924428,441103,24,8388608
Uring,throughput,0,4,32,0,0,194403483329,194404001244,517914,851,8388608
Uring,throughput,0,4,32,0,0,194403486466,194403861585,375118,4467,8388608
Uring,throughput,0,4,32,0,0,194403493345,194403866463,373117,2382,8388608
Uring,throughput,0,4,32,0,0,194403494909,194404017123,522214,15,8388608
Uring,throughput,0,4,32,0,0,194403511934,194403634729,122795,17,8388608
Uring,throughput,0,4,32,0,0,194403515796,194403551331,35534,16,8388608
Uring,throughput,0,4,32,0,0,194403517151,194404047329,530177,3372,8388608
Uring,throughput,0,4,32,0,0,194403521752,194404281608,759855,1962,8388608
Uring,throughput,0,4,32,0,0,194403523597,194403578957,55360,19,8388608
Uring,throughput,0,4,32,0,0,194403525977,194404046164,520187,6377,8388608
Uring,throughput,0,4,32,0,0,194403532499,194403572873,40374,102,8388608
Uring,throughput,0,4,32,0,0,194403539327,194404049893,510565,58,8388608
Uring,throughput,0,4,32,0,0,194403539973,194403636954,96981,26,8388608
Uring,throughput,0,4,32,0,0,194403545525,194404510061,964536,3380,8388608
Uring,throughput,0,4,32,0,0,194403551339,194404476737,925397,2520,8388608
Uring,throughput,0,4,32,0,0,194403551948,194403642207,90259,13,8388608
Uring,throughput,0,4,32,0,0,194403559788,194404798776,1238988,14913,8388608
Uring,throughput,0,4,32,0,0,194403563613,194403606040,42427,1182,8388608
Uring,throughput,0,4,32,0,0,194403567422,194403601120,33697,20,8388608
Uring,throughput,0,4,32,0,0,194403568684,194404090691,522007,3087,8388608
Uring,throughput,0,4,32,0,0,194403572877,194404168414,595537,17,8388608
Uring,throughput,0,4,32,0,0,194403578964,194403615630,36666,19,8388608
Uring,throughput,0,4,32,0,0,194403578987,194403919830,340842,83,8388608
Uring,throughput,0,4,32,0,0,194403581503,194403763145,181641,27,8388608
Uring,throughput,0,4,32,0,0,194403583635,194403923946,340311,13,8388608
Uring,throughput,0,4,32,0,0,194403585230,194403868898,283668,3098,8388608
Uring,throughput,0,4,32,0,0,194403601127,194403632867,31740,23,8388608
Uring,throughput,0,4,32,0,0,194403606045,194404136245,530199,16,8388608
Uring,throughput,0,4,32,0,0,194403608362,194404500548,892185,20,8388608
Uring,throughput,0,4,32,0,0,194403615671,194404080172,464500,23,8388608
Uring,throughput,0,4,32,0,0,194403616397,194404578190,961793,86,8388608
Uring,throughput,0,4,32,0,0,194403621461,194404505519,884057,4852,8388608
Uring,throughput,0,4,32,0,0,194403632873,194404518399,885526,2201,8388608
Uring,throughput,0,4,32,0,0,194403634735,194403680159,45423,3715,8388608
Uring,throughput,0,4,32,0,0,194403636961,194404546578,909616,19,8388608
Uring,throughput,0,4,32,0,0,194403638409,194403960805,322396,10,8388608
Uring,throughput,0,4,32,0,0,194403639121,194404509597,870476,18,8388608
Uring,throughput,0,4,32,0,0,194403642215,194403791248,149033,20,8388608
Uring,throughput,0,4,32,0,0,194403642376,194403672033,29656,16,8388608
Uring,throughput,0,4,32,0,0,194403649807,194404169043,519235,20,8388608
Uring,throughput,0,4,32,0,0,194403650228,194403970649,320421,2419,8388608
Uring,throughput,0,4,32,0,0,194403651770,194404181355,529585,5067,8388608
Uring,throughput,0,4,32,0,0,194403666531,194403702197,35666,3022,8388608
Uring,throughput,0,4,32,0,0,194403667502,194404363520,696018,29,8388608
Uring,throughput,0,4,32,0,0,194403668871,194404182633,513761,110,8388608
Uring,throughput,0,4,32,0,0,194403671351,194403972089,300738,142,8388608
Uring,throughput,0,4,32,0,0,194403672035,194404188620,516585,411,8388608
Uring,throughput,0,4,32,0,0,194403680165,194404188230,508065,15,8388608
Uring,throughput,0,4,32,0,0,194403680195,194403899152,218956,18,8388608
Uring,throughput,0,4,32,0,0,194403685290,194404281036,595745,69,8388608
Uring,throughput,0,4,32,0,0,194403689974,194403987164,297190,1451,8388608
Uring,throughput,0,4,32,0,0,194403697425,194404200205,502780,42,8388608
Uring,throughput,0,4,32,0,0,194403702205,194403734707,32502,19,8388608
Uring,throughput,0,4,32,0,0,194403718597,194404565141,846543,2440,8388608
Uring,throughput,0,4,32,0,0,194403720558,194404664035,943477,1092,8388608
Uring,throughput,0,4,32,0,0,194403734739,194404670417,935678,19,8388608
Uring,throughput,0,4,32,0,0,194403736721,194404666654,929932,79,8388608
Uring,throughput,0,4,32,0,0,194403754362,194404588514,834152,37,8388608
Uring,throughput,0,4,32,0,0,194403757277,194404031965,274687,21,8388608
Uring,throughput,0,4,32,0,0,194403757619,194404594054,836435,714,8388608
Uring,throughput,0,4,32,0,0,194403759084,194404596446,837362,1581,8388608
Uring,throughput,0,4,32,0,0,194403760116,194404581295,821179,23,8388608
Uring,throughput,0,4,32,0,0,194403763151,194404236695,473543,542,8388608
Uring,throughput,0,4,32,0,0,194403771508,194404563504,791996,21,8388608
Uring,throughput,0,4,32,0,0,194403783717,194404621684,837966,16,8388608
Uring,throughput,0,4,32,0,0,194403791257,194404015344,224087,47,8388608
Uring,throughput,0,4,32,0,0,194403800755,194404627182,826427,23,8388608
Uring,throughput,0,4,32,0,0,194403804299,194404631909,827610,36,8388608
Uring,throughput,0,4,32,0,0,194403805375,194404633381,828006,16,8388608
Uring,throughput,0,4,32,0,0,194403807835,194404047601,239765,13,8388608
Uring,throughput,0,4,32,0,0,194403811337,194404348096,536758,1643,8388608
Uring,throughput,0,4,32,0,0,194403815503,194404351639,536135,14,8388608
Uring,throughput,0,4,32,0,0,194403817286,194403877452,60165,41,8388608
Uring,throughput,0,4,32,0,0,194403825832,194404371949,546116,17,8388608
Uring,throughput,0,4,32,0,0,194403827242,194404782384,955142,1700,8388608
Uring,throughput,0,4,32,0,0,194403827533,194404642237,814704,1968,8388608
Uring,throughput,0,4,32,0,0,194403837612,194404394279,556667,16,8388608
Uring,throughput,0,4,32,0,0,194403839270,194404026193,186922,432,8388608
Uring,throughput,0,4,32,0,0,194403841444,194404797652,956208,976,8388608
Uring,throughput,0,4,32,0,0,194403842137,194404134144,292007,14,8388608
Uring,throughput,0,4,32,0,0,194403843696,194404051084,207387,17,8388608
Uring,throughput,0,4,32,0,0,194403853993,194404410412,556419,40,8388608
Uring,throughput,0,4,32,0,0,194403857045,194404658306,801260,1591,8388608
Uring,throughput,0,4,32,0,0,194403861592,194404414343,552750,14,8388608
Uring,throughput,0,4,32,0,0,194403866470,194404100391,233920,31,8388608
Uring,throughput,0,4,32,0,0,194403868907,194403996920,128012,145,8388608
Uring,throughput,0,4,32,0,0,194403873056,194403906264,33207,746,8388608
Uring,throughput,0,4,32,0,0,194403877487,194404115682,238195,2974,8388608
Uring,throughput,0,4,32,0,0,194403880427,194404826626,946198,57,8388608
Uring,throughput,0,4,32,0,0,194403891770,194404688167,796397,102,8388608
Uring,throughput,0,4,32,0,0,194403893531,194404716639,823108,5681,8388608
Uring,throughput,0,4,32,0,0,194403898865,194403989127,90261,361,8388608
Uring,throughput,0,4,32,0,0,194403899156,194403969173,70016,255,8388608
Uring,throughput,0,4,32,0,0,194403903413,194404401232,497818,22,8388608
Uring,throughput,0,4,32,0,0,194403906268,194404256340,350071,13,8388608
Uring,throughput,0,4,32,0,0,194403913500,194404709227,795726,2555,8388608
Uring,throughput,0,4,32,0,0,194403914445,194404707828,793383,22,8388608
Uring,throughput,0,4,32,0,0,194403919836,194403964808,44971,41,8388608
Uring,throughput,0,4,32,0,0,194403923955,194403990426,66470,25,8388608
Uring,throughput,0,4,32,0,0,194403924450,194404382778,458328,41,8388608
Uring,throughput,0,4,32,0,0,194403931094,194404717720,786625,34,8388608
Uring,throughput,0,4,32,0,0,194403941283,194404915919,974635,63,8388608
Uring,throughput,0,4,32,0,0,194403944109,194404569574,625464,15,8388608
Uring,throughput,0,4,32,0,0,194403944671,194404520784,576113,5867,8388608
Uring,throughput,0,4,32,0,0,194403946599,194404122570,175971,54,8388608
Uring,throughput,0,4,32,0,0,194403955281,194404951634,996353,1671,8388608
Uring,throughput,0,4,32,0,0,194403960812,194404536924,576112,3838,8388608
Uring,throughput,0,4,32,0,0,194403964835,194404096209,131374,33,8388608
Uring,throughput,0,4,32,0,0,194403969180,194405008261,1039080,1497,8388608
Uring,throughput,0,4,32,0,0,194403969628,194404135474,165845,3137,8388608
Uring,throughput,0,4,32,0,0,194403970653,194404997300,1026647,33,8388608
Uring,throughput,0,4,32,0,0,194403972097,194404498552,526454,1517,8388608
Uring,throughput,0,4,32,0,0,194403974102,194405011432,1037330,10,8388608
Uring,throughput,0,4,32,0,0,194403975547,194404196844,221297,10,8388608
Uring,throughput,0,4,32,0,0,194403984853,194404276212,291358,25,8388608
Uring,throughput,0,4,32,0,0,194403987172,194404509364,522191,25,8388608
Uring,throughput,0,4,32,0,0,194403989132,194404142672,153540,31,8388608
Uring,throughput,0,4,32,0,0,194403990430,194404095889,105459,323,8388608
Uring,throughput,0,4,32,0,0,194403991896,194404608061,616165,17,8388608
Uring,throughput,0,4,32,0,0,194403996924,194404121444,124520,23,8388608
Uring,throughput,0,4,32,0,0,194404001251,194404556952,555701,37,8388608
Uring,throughput,0,4,32,0,0,194404002986,194404603230,600244,69,8388608
Uring,throughput,0,4,32,0,0,194404007144,194404691430,684286,38,8388608
Uring,throughput,0,4,32,0,0,194404015315,194404622413,607098,25,8388608
Uring,throughput,0,4,32,0,0,194404015347,194404389721,374373,12,8388608
Uring,throughput,0,4,32,0,0,194404017125,194405051137,1034011,3567,8388608
Uring,throughput,0,4,32,0,0,194404020521,194405049560,1029039,16,8388608
Uring,throughput,0,4,32,0,0,194404021934,194404771243,749309,17,8388608
Uring,throughput,0,4,32,0,0,194404026197,194404228492,202294,17,8388608
Uring,throughput,0,4,32,0,0,194404031975,194404789291,757315,1589,8388608
Uring,throughput,0,4,32,0,0,194404033934,194404779484,745549,15,8388608
Uring,throughput,0,4,32,0,0,194404046201,194404085183,38982,23,8388608
Uring,throughput,0,4,32,0,0,194404047333,194404609870,562536,14,8388608
Uring,throughput,0,4,32,0,0,194404047604,194404703055,655450,667,8388608
Uring,throughput,0,4,32,0,0,194404049896,194404260804,210908,14,8388608
Uring,throughput,0,4,32,0,0,194404051087,194404452493,401406,1406,8388608
Uring,throughput,0,4,32,0,0,194404080179,194404272120,191940,24,8388608
Uring,throughput,0,4,32,0,0,194404085211,194404122083,36872,51,8388608
Uring,throughput,0,4,32,0,0,194404090700,194404525386,434686,23,8388608
Uring,throughput,0,4,32,0,0,194404095896,194405077729,981833,17,8388608
Uring,throughput,0,4,32,0,0,194404096217,194405031795,935578,43,8388608
Uring,throughput,0,4,32,0,0,194404100399,194404269125,168726,52,8388608
Uring,throughput,0,4,32,0,0,194404108984,194405021531,912546,65,8388608
Uring,throughput,0,4,32,0,0,194404115689,194404184254,68565,43,8388608
Uring,throughput,0,4,32,0,0,194404120261,194404789318,669057,37,8388608
Uring,throughput,0,4,32,0,0,194404120850,194405088805,967955,91,8388608
Uring,throughput,0,4,32,0,0,194404121453,194404863580,742127,369,8388608
Uring,throughput,0,4,32,0,0,194404122085,194405092590,970504,5101,8388608
Uring,throughput,0,4,32,0,0,194404122578,194404665000,542422,3941,8388608
Uring,throughput,0,4,32,0,0,194404124490,194405090629,966139,14,8388608
Uring,throughput,0,4,32,0,0,194404125146,194404783262,658116,53,8388608
Uring,throughput,0,4,32,0,0,194404126483,194404780988,654505,94,8388608
Uring,throughput,0,4,32,0,0,194404134151,194404278835,144683,22,8388608
Uring,throughput,0,4,32,0,0,194404135480,194404211217,75736,19,8388608
Uring,throughput,0,4,32,0,0,194404136247,194404579079,442831,10,8388608
Uring,throughput,0,4,32,0,0,194404142678,194404992031,849352,463,8388608
Uring,throughput,0,4,32,0,0,194404146994,194404316028,169034,155,8388608
Uring,throughput,0,4,32,0,0,194404162508,194404701284,538775,2457,8388608
Uring,throughput,0,4,32,0,0,194404164909,194404666719,501809,15,8388608
Uring,throughput,0,4,32,0,0,194404166457,194405103866,937409,17,8388608
Uring,throughput,0,4,32,0,0,194404168445,194404835661,667215,5474,8388608
Uring,throughput,0,4,32,0,0,194404169048,194404436609,267561,6578,8388608
Uring,throughput,0,4,32,0,0,194404173960,194404845111,671151,6957,8388608
Uring,throughput,0,4,32,0,0,194404177554,194405113569,936014,4274,8388608
Uring,throughput,0,4,32,0,0,194404178327,194404933898,755570,102,8388608
Uring,throughput,0,4,32,0,0,194404181361,194404948323,766962,138,8388608
Uring,throughput,0,4,32,0,0,194404182641,194404842360,659719,18,8388608
Uring,throughput,0,4,32,0,0,194404184258,194404273947,89689,13,8388608
Uring,throughput,0,4,32,0,0,194404187817,194404729584,541766,13,8388608
Uring,throughput,0,4,32,0,0,194404188238,194404895995,707757,24,8388608
Uring,throughput,0,4,32,0,0,194404188623,194404846469,657846,15,8388608
Uring,throughput,0,4,32,0,0,194404196853,194404973928,777075,71,8388608
Uring,throughput,0,4,32,0,0,194404199994,194404890981,690987,46,8388608
Uring,throughput,0,4,32,0,0,194404200210,194404298511,98300,2725,8388608
Uring,throughput,0,4,32,0,0,194404211223,194405001483,790259,19,8388608
Uring,throughput,0,4,32,0,0,194404215189,194405017903,802714,2893,8388608
Uring,throughput,0,4,32,0,0,194404219234,194405021220,801985,42,8388608
Uring,throughput,0,4,32,0,0,194404228523,194405031610,803087,48,8388608
Uring,throughput,0,4,32,0,0,194404236703,194404786266,549562,25,8388608
Uring,throughput,0,4,32,0,0,194404256348,194404310677,54329,26,8388608
Uring,throughput,0,4,32,0,0,194404260812,194404304690,43877,2459,8388608
Uring,throughput,0,4,32,0,0,194404269132,194405147557,878424,4681,8388608
Uring,throughput,0,4,32,0,0,194404272129,194405137483,865354,20,8388608
Uring,throughput,0,4,32,0,0,194404273972,194405083441,809468,5001,8388608
Uring,throughput,0,4,32,0,0,194404276222,194404820363,544140,109,8388608
Uring,throughput,0,4,32,0,0,194404278842,194404396529,117687,3058,8388608
Uring,throughput,0,4,32,0,0,194404281044,194404325572,44527,679,8388608
Uring,throughput,0,4,32,0,0,194404281617,194405065765,784148,33,8388608
Uring,throughput,0,4,32,0,0,194404298518,194404831132,532614,20,8388608
Uring,throughput,0,4,32,0,0,194404302084,194405198127,896043,14,8388608
Uring,throughput,0,4,32,0,0,194404304697,194404375852,71155,21,8388608
Uring,throughput,0,4,32,0,0,194404310685,194405162944,852258,2585,8388608
Uring,throughput,0,4,32,0,0,194404315506,194404924056,608550,20,8388608
Uring,throughput,0,4,32,0,0,194404316035,194404857952,541917,4420,8388608
Uring,throughput,0,4,32,0,0,194404316343,194404841550,525207,12,8388608
Uring,throughput,0,4,32,0,0,194404319311,194405237832,918520,77,8388608
Uring,throughput,0,4,32,0,0,194404319415,194404369645,50229,8,8388608
Uring,throughput,0,4,32,0,0,194404320170,194405261409,941239,444,8388608
Uring,throughput,0,4,32,0,0,194404325350,194404445404,120053,25,8388608
Uring,throughput,0,4,32,0,0,194404325577,194405251216,925638,82,8388608
Uring,throughput,0,4,32,0,0,194404341400,194404850331,508930,50,8388608
Uring,throughput,0,4,32,0,0,194404348104,194405262384,914280,33,8388608
Uring,throughput,0,4,32,0,0,194404351648,194404952145,600496,1962,8388608
Uring,throughput,0,4,32,0,0,194404359369,194404973751,614382,67,8388608
Uring,throughput,0,4,32,0,0,194404363526,194405071097,707570,74,8388608
Uring,throughput,0,4,32,0,0,194404364980,194405216593,851612,18,8388608
Uring,throughput,0,4,32,0,0,194404369652,194404453050,83398,16,8388608
Uring,throughput,0,4,32,0,0,194404371956,194404861068,489111,74,8388608
Uring,throughput,0,4,32,0,0,194404373816,194404423060,49244,27,8388608
Uring,throughput,0,4,32,0,0,194404375859,194404419424,43565,23,8388608
Uring,throughput,0,4,32,0,0,194404382786,194405290857,908070,5512,8388608
Uring,throughput,0,4,32,0,0,194404387318,194404872481,485163,795,8388608
Uring,throughput,0,4,32,0,0,194404389727,194404480350,90623,11,8388608
Uring,throughput,0,4,32,0,0,194404393511,194404429322,35810,1297,8388608
Uring,throughput,0,4,32,0,0,194404394287,194405242359,848071,711,8388608
Uring,throughput,0,4,32,0,0,194404396533,194404871521,474987,14,8388608
Uring,throughput,0,4,32,0,0,194404401241,194405297612,896371,16,8388608
Uring,throughput,0,4,32,0,0,194404410420,194404461603,51182,1031,8388608
Uring,throughput,0,4,32,0,0,194404414351,194404467404,53052,28,8388608
Uring,throughput,0,4,32,0,0,194404419431,194405350264,930832,5967,8388608
Uring,throughput,0,4,32,0,0,194404423067,194404483066,59999,42,8388608
Uring,throughput,0,4,32,0,0,194404423649,194404507330,83680,2300,8388608
Uring,throughput,0,4,32,0,0,194404429378,194404497722,68343,82,8388608
Uring,throughput,0,4,32,0,0,194404436617,194404996087,559470,29,8388608
Uring,throughput,0,4,32,0,0,194404439419,194405032807,593388,2185,8388608
Uring,throughput,0,4,32,0,0,194404445410,194404650137,204727,15,8388608
Uring,throughput,0,4,32,0,0,194404452501,194405266588,814087,57,8388608
Uring,throughput,0,4,32,0,0,194404453058,194405187827,734769,5128,8388608
Uring,throughput,0,4,32,0,0,194404453341,194405333463,880121,22,8388608
Uring,throughput,0,4,32,0,0,194404457856,194405986115,1528259,383,8388608
Uring,throughput,0,4,32,0,0,194404461611,194404597563,135952,17,8388608
Uring,throughput,0,4,32,0,0,194404463915,194405270960,807044,24,8388608
Uring,throughput,0,4,32,0,0,194404467412,194405277536,810124,3341,8388608
Uring,throughput,0,4,32,0,0,194404476744,194404903084,426339,17,8388608
Uring,throughput,0,4,32,0,0,194404480355,194404535728,55372,21,8388608
Uring,throughput,0,4,32,0,0,194404483073,194404910662,427588,3408,8388608
Uring,throughput,0,4,32,0,0,194404497728,194404674529,176800,29,8388608
Uring,throughput,0,4,32,0,0,194404498559,194404663396,164836,31,8388608
Uring,throughput,0,4,32,0,0,194404500589,194404913953,413363,18,8388608
Uring,throughput,0,4,32,0,0,194404505546,194405253753,748206,31,8388608
Uring,throughput,0,4,32,0,0,194404507337,194404722991,215653,15,8388608
Uring,throughput,0,4,32,0,0,194404509372,194404767436,258063,18,8388608
Uring,throughput,0,4,32,0,0,194404509602,194405373072,863470,23,8388608
Uring,throughput,0,4,32,0,0,194404510070,194405343377,833307,52,8388608
Uring,throughput,0,4,32,0,0,194404518405,194404915993,397587,51,8388608
Uring,throughput,0,4,32,0,0,194404520791,194404917272,396481,29,8388608
Uring,throughput,0,4,32,0,0,194404525395,194405383301,857905,18,8388608
Uring,throughput,0,4,32,0,0,194404535735,194404920162,384427,33,8388608
Uring,throughput,0,4,32,0,0,194404536932,194404569747,32815,43,8388608
Uring,throughput,0,4,32,0,0,194404546585,194404578672,32086,763,8388608
Uring,throughput,0,4,32,0,0,194404556960,194404876700,319740,37,8388608
Uring,throughput,0,4,32,0,0,194404563513,194405422636,859122,19,8388608
Uring,throughput,0,4,32,0,0,194404565144,194404938562,373418,10,8388608
Uring,throughput,0,4,32,0,0,194404569582,194405416579,846997,28,8388608
Uring,throughput,0,4,32,0,0,194404569753,194404949573,379819,16,8388608
Uring,throughput,0,4,32,0,0,194404578198,194405109970,531772,564,8388608
Uring,throughput,0,4,32,0,0,194404578679,194404945195,366515,39,8388608
Uring,throughput,0,4,32,0,0,194404579082,194404955269,376186,2754,8388608
Uring,throughput,0,4,32,0,0,194404581329,194405092988,511658,553,8388608
Uring,throughput,0,4,32,0,0,194404588522,194404887245,298722,16,8388608
Uring,throughput,0,4,32,0,0,194404594063,194404877914,283851,50,8388608
Uring,throughput,0,4,32,0,0,194404596455,194405436995,840539,25,8388608
Uring,throughput,0,4,32,0,0,194404597569,194405397519,799949,15,8388608
Uring,throughput,0,4,32,0,0,194404603299,194404945423,342123,27,8388608
Uring,throughput,0,4,32,0,0,194404608068,194404967096,359027,47,8388608
Uring,throughput,0,4,32,0,0,194404609878,194405490998,881119,26,8388608
Uring,throughput,0,4,32,0,0,194404621693,194404976786,355092,27,8388608
Uring,throughput,0,4,32,0,0,194404622418,194405143407,520989,15,8388608
Uring,throughput,0,4,32,0,0,194404627188,194405441157,813969,16,8388608
Uring,throughput,0,4,32,0,0,194404631935,194405135055,503120,24,8388608
Uring,throughput,0,4,32,0,0,194404633387,194404980379,346992,2664,8388608
Uring,throughput,0,4,32,0,0,194404642244,194405032187,389943,29,8388608
Uring,throughput,0,4,32,0,0,194404650142,194405198618,548475,574,8388608
Uring,throughput,0,4,32,0,0,194404658312,194405545285,886973,17,8388608
Uring,throughput,0,4,32,0,0,194404663404,194405160601,497196,37,8388608
Uring,throughput,0,4,32,0,0,194404664040,194405060777,396736,35,8388608
Uring,throughput,0,4,32,0,0,194404665016,194404696866,31849,19,8388608
Uring,throughput,0,4,32,0,0,194404666692,194405125777,459084,2736,8388608
Uring,throughput,0,4,32,0,0,194404666720,194405374234,707514,28,8388608
Uring,throughput,0,4,32,0,0,194404670425,194404997524,327099,2663,8388608
Uring,throughput,0,4,32,0,0,194404674533,194405575704,901171,1503,8388608
Uring,throughput,0,4,32,0,0,194404688175,194405251405,563230,861,8388608
Uring,throughput,0,4,32,0,0,194404691435,194405240067,548632,43,8388608
Uring,throughput,0,4,32,0,0,194404696871,194405250046,553175,20,8388608
Uring,throughput,0,4,32,0,0,194404701291,194405501678,800386,64,8388608
Uring,throughput,0,4,32,0,0,194404703060,194405081633,378572,35,8388608
Uring,throughput,0,4,32,0,0,194404707835,194405463090,755254,16,8388608
Uring,throughput,0,4,32,0,0,194404709237,194405559249,850011,64,8388608
Uring,throughput,0,4,32,0,0,194404716647,194405515285,798638,43,8388608
Uring,throughput,0,4,32,0,0,194404717723,194405623458,905735,42,8388608
Uring,throughput,0,4,32,0,0,194404722999,194405301298,578299,49,8388608
Uring,throughput,0,4,32,0,0,194404729592,194404760833,31241,572,8388608
Uring,throughput,0,4,32,0,0,194404760840,194404792735,31895,22,8388608
Uring,throughput,0,4,32,0,0,194404767445,194405437403,669958,1644,8388608
Uring,throughput,0,4,32,0,0,194404771251,194405435433,664182,13,8388608
Uring,throughput,0,4,32,0,0,194404779491,194405492088,712596,3677,8388608
Uring,throughput,0,4,32,0,0,194404780997,194405586782,805784,540,8388608
Uring,throughput,0,4,32,0,0,194404782388,194405186179,403791,21,8388608
Uring,throughput,0,4,32,0,0,194404783296,194405639256,855960,58,8388608
Uring,throughput,0,4,32,0,0,194404786273,194405696747,910474,15,8388608
Uring,throughput,0,4,32,0,0,194404789298,194405676754,887456,58,8388608
Uring,throughput,0,4,32,0,0,194404789319,194405131688,342368,39,8388608
Uring,throughput,0,4,32,0,0,194404792740,194405092061,299321,14,8388608
Uring,throughput,0,4,32,0,0,194404797686,194405119676,321989,153,8388608
Uring,throughput,0,4,32,0,0,194404798782,194405898993,1100211,29,8388608
Uring,throughput,0,4,32,0,0,194404820371,194405657294,836923,1679,8388608
Uring,throughput,0,4,32,0,0,194404826634,194405659135,832501,24,8388608
Uring,throughput,0,4,32,0,0,194404831140,194404863820,32679,17,8388608
Uring,throughput,0,4,32,0,0,194404835670,194405669515,833845,130,8388608
Uring,throughput,0,4,32,0,0,194404841559,194405756420,914861,38,8388608
Uring,throughput,0,4,32,0,0,194404842364,194405760260,917896,2625,8388608
Uring,throughput,0,4,32,0,0,194404845118,194405169150,324031,49,8388608
Uring,throughput,0,4,32,0,0,194404846475,194404903415,56939,29,8388608
Uring,throughput,0,4,32,0,0,194404850339,194405764609,914270,20,8388608
Uring,throughput,0,4,32,0,0,194404857980,194405770849,912868,44,8388608
Uring,throughput,0,4,32,0,0,194404861075,194404895671,34596,2552,8388608
Uring,throughput,0,4,32,0,0,194404863583,194405721328,857744,56,8388608
Uring,throughput,0,4,32,0,0,194404863846,194405575310,711464,2904,8388608
Uring,throughput,0,4,32,0,0,194404871529,194405577757,706228,52,8388608
Uring,throughput,0,4,32,0,0,194404872488,194405579806,707317,89,8388608
Uring,throughput,0,4,32,0,0,194404876707,194405683722,807015,2652,8388608
Uring,throughput,0,4,32,0,0,194404877923,194405200228,322305,26,8388608
Uring,throughput,0,4,32,0,0,194404887252,194405269654,382401,3713,8388608
Uring,throughput,0,4,32,0,0,194404890986,194405634933,743947,66,8388608
Uring,throughput,0,4,32,0,0,194404895676,194404928154,32478,18,8388608
Uring,throughput,0,4,32,0,0,194404896018,194405706149,810131,5047,8388608
Uring,throughput,0,4,32,0,0,194404903091,194405617185,714094,19,8388608
Uring,throughput,0,4,32,0,0,194404903422,194405478488,575066,1544,8388608
Uring,throughput,0,4,32,0,0,194404910672,194405627944,717272,27,8388608
Uring,throughput,0,4,32,0,0,194404913958,194405497025,583067,2462,8388608
Uring,throughput,0,4,32,0,0,194404915928,194405009818,93890,57,8388608
Uring,throughput,0,4,32,0,0,194404915998,194405674175,758177,43,8388608
Uring,throughput,0,4,32,0,0,194404917276,194405061365,144088,45,8388608
Uring,throughput,0,4,32,0,0,194404920170,194405002500,82330,21,8388608
Uring,throughput,0,4,32,0,0,194404924060,194405640025,715964,12,8388608
Uring,throughput,0,4,32,0,0,194404928162,194404982174,54012,16,8388608
Uring,throughput,0,4,32,0,0,194404933908,194405678386,744478,4841,8388608
Uring,throughput,0,4,32,0,0,194404938569,194405339273,400704,237,8388608
Uring,throughput,0,4,32,0,0,194404945202,194404977327,32124,35,8388608
Uring,throughput,0,4,32,0,0,194404945431,194405744842,799411,43,8388608
Uring,throughput,0,4,32,0,0,194404948332,194405751164,802832,30,8388608
Uring,throughput,0,4,32,0,0,194404949579,194405829261,879681,2380,8388608
Uring,throughput,0,4,32,0,0,194404951641,194405051019,99378,11,8388608
Uring,throughput,0,4,32,0,0,194404952149,194405256482,304333,130,8388608
Uring,throughput,0,4,32,0,0,194404955277,194405804261,848983,34,8388608
Uring,throughput,0,4,32,0,0,194404967103,194405762141,795037,3953,8388608
Uring,throughput,0,4,32,0,0,194404973759,194405536244,562484,1187,8388608
Uring,throughput,0,4,32,0,0,194404973935,194405842352,868417,4659,8388608
Uring,throughput,0,4,32,0,0,194404976795,194405086270,109474,510,8388608
Uring,throughput,0,4,32,0,0,194404977330,194405841258,863927,1639,8388608
Uring,throughput,0,4,32,0,0,194404980385,194405699175,718790,16,8388608
Uring,throughput,0,4,32,0,0,194404982181,194405018080,35898,521,8388608
Uring,throughput,0,4,32,0,0,194404992039,194405843870,851831,62,8388608
Uring,throughput,0,4,32,0,0,194404996095,194405265500,269405,18,8388608
Uring,throughput,0,4,32,0,0,194404997306,194405612639,615333,19,8388608
Uring,throughput,0,4,32,0,0,194404997531,194405587748,590216,17,8388608
Uring,throughput,0,4,32,0,0,194405001492,194405856243,854751,18993,8388608
Uring,throughput,0,4,32,0,0,194405002507,194405226958,224451,44,8388608
Uring,throughput,0,4,32,0,0,194405008269,194405826790,818520,16,8388608
Uring,throughput,0,4,32,0,0,194405009825,194405286454,276628,4794,8388608
Uring,throughput,0,4,32,0,0,194405011441,194405122763,111322,16,8388608
Uring,throughput,0,4,32,0,0,194405017910,194405852435,834525,20,8388608
Uring,throughput,0,4,32,0,0,194405018083,194405080334,62250,11,8388608
Uring,throughput,0,4,32,0,0,194405021226,194405777057,755830,211,8388608
Uring,throughput,0,4,32,0,0,194405021540,194405676900,655360,2629,8388608
Uring,throughput,0,4,32,0,0,194405031619,194405702445,670826,2532,8388608
Uring,throughput,0,4,32,0,0,194405031800,194405858570,826770,47,8388608
Uring,throughput,0,4,32,0,0,194405032189,194405743882,711693,16,8388608
Uring,throughput,0,4,32,0,0,194405032810,194405768599,735788,13,8388608
Uring,throughput,0,4,32,0,0,194405049569,194405720824,671254,689,8388608
Uring,throughput,0,4,32,0,0,194405051027,194405704486,653459,34,8388608
Uring,throughput,0,4,32,0,0,194405051139,194405804167,753028,14,8388608
Uring,throughput,0,4,32,0,0,194405060783,194405660083,599299,32,8388608
Uring,throughput,0,4,32,0,0,194405061368,194405794110,732742,3475,8388608
Uring,throughput,0,4,32,0,0,194405065770,194405370625,304855,38,8388608
Uring,throughput,0,4,32,0,0,194405071121,194405801910,730788,3724,8388608
Uring,throughput,0,4,32,0,0,194405077735,194405867570,789834,12,8388608
Uring,throughput,0,4,32,0,0,194405080339,194405117859,37519,13,8388608
Uring,throughput,0,4,32,0,0,194405081637,194405519760,438123,43,8388608
Uring,throughput,0,4,32,0,0,194405083443,194405829768,746324,26,8388608
Uring,throughput,0,4,32,0,0,194405086273,194405870029,783755,17,8388608
Uring,throughput,0,4,32,0,0,194405088810,194405814970,726160,3914,8388608
Uring,throughput,0,4,32,0,0,194405090638,194405767568,676929,3460,8388608
Uring,throughput,0,4,32,0,0,194405092070,194405872317,780247,945,8388608
Uring,throughput,0,4,32,0,0,194405092597,194405524621,432023,150,8388608
Uring,throughput,0,4,32,0,0,194405092992,194405152620,59628,27,8388608
Uring,throughput,0,4,32,0,0,194405103873,194405818363,714489,17,8388608
Uring,throughput,0,4,32,0,0,194405110026,194405820365,710338,66,8388608
Uring,throughput,0,4,32,0,0,194405113576,194405875699,762122,65,8388608
Uring,throughput,0,4,32,0,0,194405117864,194405166947,49082,1071,8388608
Uring,throughput,0,4,32,0,0,194405119682,194405195590,75907,27,8388608
Uring,throughput,0,4,32,0,0,194405122769,194405878445,755676,639,8388608
Uring,throughput,0,4,32,0,0,194405125783,194405829108,703325,20,8388608
Uring,throughput,0,4,32,0,0,194405131695,194405804097,672402,781,8388608
Uring,throughput,0,4,32,0,0,194405135063,194405859405,724342,2439,8388608
Uring,throughput,0,4,32,0,0,194405137487,194405493535,356047,44,8388608
Uring,throughput,0,4,32,0,0,194405143414,194405884810,741395,730,8388608
Uring,throughput,0,4,32,0,0,194405147565,194405864109,716544,24,8388608
Uring,throughput,0,4,32,0,0,194405152628,194405200595,47967,27,8388608
Uring,throughput,0,4,32,0,0,194405160608,194405829300,668691,3913,8388608
Uring,throughput,0,4,32,0,0,194405162952,194405866880,703927,42,8388608
Uring,throughput,0,4,32,0,0,194405166954,194405212597,45642,121,8388608
Uring,throughput,0,4,32,0,0,194405169164,194405302679,133514,22,8388608
Uring,throughput,0,4,32,0,0,194405186187,194405892788,706600,41,8388608
Uring,throughput,0,4,32,0,0,194405187837,194405836482,648645,25,8388608
Uring,throughput,0,4,32,0,0,194405195595,194405894066,698471,3781,8388608
Uring,throughput,0,4,32,0,0,194405198134,194405891830,693696,18,8388608
Uring,throughput,0,4,32,0,0,194405198621,194405566020,367399,9,8388608
Uring,throughput,0,4,32,0,0,194405200237,194405243473,43235,483,8388608
Uring,throughput,0,4,32,0,0,194405200601,194405904201,703599,2856,8388608
Uring,throughput,0,4,32,0,0,194405212603,194405900184,687580,36,8388608
Uring,throughput,0,4,32,0,0,194405216621,194405858590,641968,54,8388608
Uring,throughput,0,4,32,0,0,194405226985,194405291912,64926,55,8388608
Uring,throughput,0,4,32,0,0,194405237840,194405904736,666895,4801,8388608
Uring,throughput,0,4,32,0,0,194405240075,194405914067,673991,730,8388608
Uring,throughput,0,4,32,0,0,194405242367,194405331727,89360,22,8388608
Uring,throughput,0,4,32,0,0,194405243475,194405291537,48061,18,8388608
Uring,throughput,0,4,32,0,0,194405250055,194405880484,630429,848,8388608
Uring,throughput,0,4,32,0,0,194405251224,194405843140,591915,19,8388608
Uring,throughput,0,4,32,0,0,194405251406,194405757042,505635,22,8388608
Uring,throughput,0,4,32,0,0,194405253760,194405906584,652824,21,8388608
Uring,throughput,0,4,32,0,0,194405256488,194405880377,623888,14,8388608
Uring,throughput,0,4,32,0,0,194405261416,194405306122,44705,571,8388608
Uring,throughput,0,4,32,0,0,194405262392,194405882685,620293,16,8388608
Uring,throughput,0,4,32,0,0,194405265508,194405886037,620529,4584,8388608
Uring,throughput,0,4,32,0,0,194405266594,194405882942,616348,18,8388608
Uring,throughput,0,4,32,0,0,194405269659,194405338764,69105,12,8388608
Uring,throughput,0,4,32,0,0,194405270967,194405897276,626308,25,8388608
Uring,throughput,0,4,32,0,0,194405277545,194405694739,417194,22,8388608
Uring,throughput,0,4,32,0,0,194405286462,194405889498,603035,20,8388608
Uring,throughput,0,4,32,0,0,194405290865,194405892189,601324,21,8388608
Uring,throughput,0,4,32,0,0,194405291544,194405329162,37618,15,8388608
Uring,throughput,0,4,32,0,0,194405291914,194405348334,56420,16,8388608
Uring,throughput,0,4,32,0,0,194405297621,194405895035,597414,3904,8388608
Uring,throughput,0,4,32,0,0,194405301307,194405894099,592791,1907,8388608
Uring,throughput,0,4,32,0,0,194405302687,194405932828,630141,2243,8388608
Uring,throughput,0,4,32,0,0,194405306163,194405366044,59881,18,8388608
Uring,throughput,0,4,32,0,0,194405329169,194405389424,60255,971,8388608
Uring,throughput,0,4,32,0,0,194405331754,194405921115,589361,16,8388608
Uring,throughput,0,4,32,0,0,194405333471,194405396336,62864,22,8388608
Uring,throughput,0,4,32,0,0,194405338770,194405389672,50901,34,8388608
Uring,throughput,0,4,32,0,0,194405339280,194405920579,581299,541,8388608
Uring,throughput,0,4,32,0,0,194405343384,194405942092,598708,69,8388608
Uring,throughput,0,4,32,0,0,194405348341,194405904515,556174,82,8388608
Uring,throughput,0,4,32,0,0,194405350271,194405400984,50712,39,8388608
Uring,throughput,0,4,32,0,0,194405366050,194405929340,563290,19,8388608
Uring,throughput,0,4,32,0,0,194405370629,194405436943,66313,650,8388608
Uring,throughput,0,4,32,0,0,194405373077,194405931840,558763,3916,8388608
Uring,throughput,0,4,32,0,0,194405374243,194405932975,558731,2018,8388608
Uring,throughput,0,4,32,0,0,194405383309,194405936175,552865,3989,8388608
Uring,throughput,0,4,32,0,0,194405389431,194405422144,32712,15,8388608
Uring,throughput,0,4,32,0,0,194405389673,194405939721,550048,4209,8388608
Uring,throughput,0,4,32,0,0,194405396341,194405458840,62499,1194,8388608
Uring,throughput,0,4,32,0,0,194405397523,194405938385,540861,3262,8388608
Uring,throughput,0,4,32,0,0,194405401028,194405937575,536547,46,8388608
Uring,throughput,0,4,32,0,0,194405416584,194405839234,422649,2640,8388608
Uring,throughput,0,4,32,0,0,194405422154,194405458556,36401,18,8388608
Uring,throughput,0,4,32,0,0,194405422640,194405940756,518116,1610,8388608
Uring,throughput,0,4,32,0,0,194405435443,194405922698,487254,1734,8388608
Uring,throughput,0,4,32,0,0,194405436949,194405921186,484237,25,8388608
Uring,throughput,0,4,32,0,0,194405436997,194405951566,514568,187,8388608
Uring,throughput,0,4,32,0,0,194405437411,194405499232,61821,40,8388608
Uring,throughput,0,4,32,0,0,194405441160,194405954530,513369,4115,8388608
Uring,throughput,0,4,32,0,0,194405458592,194405513147,54555,880,8388608
Uring,throughput,0,4,32,0,0,194405458849,194405490028,31179,41,8388608
Uring,throughput,0,4,32,0,0,194405463098,194405943441,480342,4391,8388608
Uring,throughput,0,4,32,0,0,194405478496,194405516268,37771,19,8388608
Uring,throughput,0,4,32,0,0,194405490034,194405522608,32574,70,8388608
Uring,throughput,0,4,32,0,0,194405491086,194405963868,472782,6021,8388608
Uring,throughput,0,4,32,0,0,194405492095,194405987948,495853,19,8388608
Uring,throughput,0,4,32,0,0,194405493540,194405895300,401759,16,8388608
Uring,throughput,0,4,32,0,0,194405497032,194405816422,319390,20,8388608
Uring,throughput,0,4,32,0,0,194405499237,194405934181,434943,57,8388608
Uring,throughput,0,4,32,0,0,194405501685,194405988843,487158,19,8388608
Uring,throughput,0,4,32,0,0,194405513155,194405562055,48899,24,8388608
Uring,throughput,0,4,32,0,0,194405515292,194405988867,473574,15,8388608
Uring,throughput,0,4,32,0,0,194405516275,194405989420,473145,18,8388608
Uring,throughput,0,4,32,0,0,194405519766,194405554655,34888,702,8388608
Uring,throughput,0,4,32,0,0,194405522615,194405989922,467307,2551,8388608
Uring,throughput,0,4,32,0,0,194405524629,194405987354,462724,31,8388608
Uring,throughput,0,4,32,0,0,194405536250,194405942707,406456,117,8388608
Uring,throughput,0,4,32,0,0,194405545293,194405945295,400001,21,8388608
Uring,throughput,0,4,32,0,0,194405554679,194405990268,435589,30,8388608
Uring,throughput,0,4,32,0,0,194405559256,194405969583,410327,22,8388608
Uring,throughput,0,4,32,0,0,194405562084,194405599266,37181,19,8388608
Uring,throughput,0,4,32,0,0,194405566025,194405620508,54482,50,8388608
Uring,throughput,0,4,32,0,0,194405575317,194405934661,359344,22,8388608
Uring,throughput,0,4,32,0,0,194405575708,194405952354,376646,14,8388608
Uring,throughput,0,4,32,0,0,194405577761,194405972933,395172,1641,8388608
Uring,throughput,0,4,32,0,0,194405579873,194405659718,79844,31,8388608
Uring,throughput,0,4,32,0,0,194405586807,194405650683,63875,22,8388608
Uring,throughput,0,4,32,0,0,194405587753,194405959404,371651,34,8388608
Uring,throughput,0,4,32,0,0,194405599271,194405634377,35105,1134,8388608
Uring,throughput,0,4,32,0,0,194405612647,194405975111,362463,2497,8388608
Uring,throughput,0,4,32,0,0,194405617193,194405975131,357938,2452,8388608
Uring,throughput,0,4,32,0,0,194405620513,194405661880,41367,668,8388608
Uring,throughput,0,4,32,0,0,194405623467,194405962438,338971,1634,8388608
Uring,throughput,0,4,32,0,0,194405627950,194405957130,329179,13,8388608
Uring,throughput,0,4,32,0,0,194405634384,194405974083,339699,22,8388608
Uring,throughput,0,4,32,0,0,194405634947,194405991494,356546,3360,8388608
Uring,throughput,0,4,32,0,0,194405639263,194405991808,352544,4930,8388608
Uring,throughput,0,4,32,0,0,194405640030,194405956706,316676,876,8388608
Uring,throughput,0,4,32,0,0,194405650714,194405939138,288424,26,8388608
Uring,throughput,0,4,32,0,0,194405657301,194405992811,335509,27,8388608
Uring,throughput,0,4,32,0,0,194405659159,194405709298,50138,579,8388608
Uring,throughput,0,4,32,0,0,194405659725,194405957567,297842,3606,8388608
Uring,throughput,0,4,32,0,0,194405660086,194405969540,309453,2049,8388608
Uring,throughput,0,4,32,0,0,194405661883,194405953140,291256,11,8388608
Uring,throughput,0,4,32,0,0,194405669521,194405732065,62543,30,8388608
Uring,throughput,0,4,32,0,0,194405674182,194405958446,284263,534,8388608
Uring,throughput,0,4,32,0,0,194405676762,194405977057,300295,15,8388608
Uring,throughput,0,4,32,0,0,194405676905,194405970822,293916,12,8388608
Uring,throughput,0,4,32,0,0,194405678394,194405956149,277754,23,8388608
Uring,throughput,0,4,32,0,0,194405683729,194405729046,45316,23,8388608
Uring,throughput,0,4,32,0,0,194405694747,194405992239,297492,18,8388608
Uring,throughput,0,4,32,0,0,194405696776,194405970101,273324,1022,8388608
Uring,throughput,0,4,32,0,0,194405699181,194405978125,278944,20,8388608
Uring,throughput,0,4,32,0,0,194405702450,194405970193,267742,13,8388608
Uring,throughput,0,4,32,0,0,194405704495,194405970587,266092,4490,8388608
Uring,throughput,0,4,32,0,0,194405706158,194405999235,293077,38,8388608
Uring,throughput,0,4,32,0,0,194405709304,194405753239,43934,34,8388608
Uring,throughput,0,4,32,0,0,194405720831,194405776755,55924,17,8388608
Uring,throughput,0,4,64,0,0,194406179337,194408848950,2669613,23629,8388608
Uring,throughput,0,4,64,0,0,194406179380,194407693721,1514340,23578,8388608
Uring,throughput,0,4,64,0,0,194406179429,194408333321,2153891,24188,8388608
Uring,throughput,0,4,64,0,0,194406179454,194407673185,1493731,22709,8388608
Uring,throughput,0,4,64,0,0,194406179802,194407526420,1346618,23239,8388608
Uring,throughput,0,4,64,0,0,194406179807,194408078972,1899164,22408,8388608
Uring,throughput,0,4,64,0,0,194406179981,194408258792,2078811,23065,8388608
Uring,throughput,0,4,64,0,0,194406180056,194408190398,2010341,23680,8388608
Uring,throughput,0,4,64,0,0,194406180067,194407802868,1622801,22229,8388608
Uring,throughput,0,4,64,0,0,194406180143,194407697339,1517196,23035,8388608
Uring,throughput,0,4,64,0,0,194406180283,194409302848,3122564,22801,8388608
Uring,throughput,0,4,64,0,0,194406180346,194408202558,2022211,22933,8388608
Uring,throughput,0,4,64,0,0,194406180389,194409079951,2899562,21959,8388608
Uring,throughput,0,4,64,0,0,194406180418,194408045631,1865213,23371,8388608
Uring,throughput,0,4,64,0,0,194406180540,194408160873,1980332,22643,8388608
Uring,throughput,0,4,64,0,0,194406180576,194407806272,1625696,696369,8388608
Uring,throughput,0,4,64,0,0,194406180643,194408396203,2215560,22701,8388608
Uring,throughput,0,4,64,0,0,194406180641,194407713224,1532582,23201,8388608
Uring,throughput,0,4,64,0,0,194406180774,194407208227,1027452,22462,8388608
Uring,throughput,0,4,64,0,0,194406180789,194408794837,2614048,21661,8388608
Uring,throughput,0,4,64,0,0,194406180973,194408235420,2054446,761190,8388608
Uring,throughput,0,4,64,0,0,194406180976,194407081041,900064,22461,8388608
Uring,throughput,0,4,64,0,0,194406181019,194408142446,1961426,21467,8388608
Uring,throughput,0,4,64,0,0,194406181070,194407839606,1658535,22218,8388608
Uring,throughput,0,4,64,0,0,194406181285,194407773112,1591826,22038,8388608
Uring,throughput,0,4,64,0,0,194406181299,194408934205,2752906,22193,8388608
Uring,throughput,0,4,64,0,0,194406181386,194408458917,2277531,21218,8388608
Uring,throughput,0,4,64,0,0,194406181460,194407456375,1274914,22496,8388608
Uring,throughput,0,4,64,0,0,194406181475,194408876649,2695173,21887,8388608
Uring,throughput,0,4,64,0,0,194406181570,194407167185,985615,22004,8388608
Uring,throughput,0,4,64,0,0,194406181609,194408046628,1865018,21052,8388608
Uring,throughput,0,4,64,0,0,194406181680,194408303453,2121773,21717,8388608
Uring,throughput,0,4,64,0,0,194406181768,194407263631,1081863,22298,8388608
Uring,throughput,0,4,64,0,0,194406181822,194407592966,1411144,21801,8388608
Uring,throughput,0,4,64,0,0,194406181849,194407142705,960856,20914,8388608
Uring,throughput,0,4,64,0,0,194406181897,194409284680,3102782,21556,8388608
Uring,throughput,0,4,64,0,0,194406181983,194409265436,3083452,22134,8388608
Uring,throughput,0,4,64,0,0,194406182052,194407010676,828624,20810,8388608
Uring,throughput,0,4,64,0,0,194406182091,194408245734,2063643,21643,8388608
Uring,throughput,0,4,64,0,0,194406182091,194408241562,2059470,21409,8388608
Uring,throughput,0,4,64,0,0,194406182178,194407701304,1519125,21994,8388608
Uring,throughput,0,4,64,0,0,194406182228,194408400541,2218312,20697,8388608
Uring,throughput,0,4,64,0,0,194406182311,194407681400,1499089,21478,8388608
Uring,throughput,0,4,64,0,0,194406182335,194409509867,3327531,21226,8388608
Uring,throughput,0,4,64,0,0,194406182423,194407400316,1217892,20556,8388608
Uring,throughput,0,4,64,0,0,194406182492,194407818465,1635973,21729,8388608
Uring,throughput,0,4,64,0,0,194406182496,194407808415,1625918,21355,8388608
Uring,throughput,0,4,64,0,0,194406182511,194408277818,2095306,21087,8388608
Uring,throughput,0,4,64,0,0,194406182554,194408153928,1971374,20519,8388608
Uring,throughput,0,4,64,0,0,194406182699,194408552996,2370297,21201,8388608
Uring,throughput,0,4,64,0,0,194406182704,194408395359,2212654,20513,8388608
Uring,throughput,0,4,64,0,0,194406182713,194409213722,3031009,20923,8388608
Uring,throughput,0,4,64,0,0,194406182822,194408285769,2102946,21457,8388608
Uring,throughput,0,4,64,0,0,194406182896,194408152318,1969421,20389,8388608
Uring,throughput,0,4,64,0,0,194406182902,194407391839,1208936,20841,8388608
Uring,throughput,0,4,64,0,0,194406182964,194407792825,1609860,21010,8388608
Uring,throughput,0,4,64,0,0,194406183062,194408199131,2016068,21265,8388608
Uring,throughput,0,4,64,0,0,194406183130,194408314840,2131710,20650,8388608
Uring,throughput,0,4,64,0,0,194406183158,194407499561,1316403,20204,8388608
Uring,throughput,0,4,64,0,0,194406183245,194409151458,2968212,771826,8388608
Uring,throughput,0,4,64,0,0,194406183254,194407585529,1402274,20907,8388608
Uring,throughput,0,4,64,0,0,194406183356,194407077845,894488,20476,8388608
Uring,throughput,0,4,64,0,0,194406183417,194408010405,1826987,21047,8388608
Uring,throughput,0,4,64,0,0,194406183421,194407558875,1375453,19978,8388608
Uring,throughput,0,4,64,0,0,194406183465,194407231895,1048429,20753,8388608
Uring,throughput,0,4,64,0,0,194406183581,194408816885,2633304,20290,8388608
Uring,throughput,0,4,64,0,0,194406183663,194407907154,1723490,19788,8388608
Uring,throughput,0,4,64,0,0,194406183715,194408556997,2373281,20554,8388608
Uring,throughput,0,4,64,0,0,194406183840,194407118715,934875,20730,8388608
Uring,throughput,0,4,64,0,0,194406183896,194408295321,2111424,20015,8388608
Uring,throughput,0,4,64,0,0,194406183943,194408374089,2190145,19553,8388608
Uring,throughput,0,4,64,0,0,194406183958,194408153811,1969852,20359,8388608
Uring,throughput,0,4,64,0,0,194406184041,194408794866,2610825,20581,8388608
Uring,throughput,0,4,64,0,0,194406184045,194408354154,2170109,19909,8388608
Uring,throughput,0,4,64,0,0,194406184095,194407819553,1635457,20291,8388608
Uring,throughput,0,4,64,0,0,194406184149,194408306432,2122282,19414,8388608
Uring,throughput,0,4,64,0,0,194406184254,194409351191,3166937,20187,8388608
Uring,throughput,0,4,64,0,0,194406184259,194407883378,1699119,19810,8388608
Uring,throughput,0,4,64,0,0,194406184300,194408299600,2115300,20370,8388608
Uring,throughput,0,4,64,0,0,194406184366,194408077837,1893470,19253,8388608
Uring,throughput,0,4,64,0,0,194406184438,194407837379,1652940,19675,8388608
Uring,throughput,0,4,64,0,0,194406184517,194409218922,3034404,20015,8388608
Uring,throughput,0,4,64,0,0,194406184533,194408398472,2213939,19180,8388608
Uring,throughput,0,4,64,0,0,194406184559,194408780017,2595457,20172,8388608
Uring,throughput,0,4,64,0,0,194406184599,194408421265,2236665,19566,8388608
Uring,throughput,0,4,64,0,0,194406184654,194408237093,2052439,19929,8388608
Uring,throughput,0,4,64,0,0,194406184729,194408091914,1907184,19026,8388608
Uring,throughput,0,4,64,0,0,194406184744,194407988582,1803837,19464,8388608
Uring,throughput,0,4,64,0,0,194406184793,194407432913,1248120,20012,8388608
Uring,throughput,0,4,64,0,0,194406184828,194408790894,2606066,19807,8388608
Uring,throughput,0,4,64,0,0,194406184866,194407800199,1615332,18967,8388608
Uring,throughput,0,4,64,0,0,194406184897,194408140941,1956044,19350,8388608
Uring,throughput,0,4,64,0,0,194406185000,194407845402,1660401,19681,8388608
Uring,throughput,0,4,64,0,0,194406185036,194407690573,1505537,19821,8388608
Uring,throughput,0,4,64,0,0,194406185059,194408090203,1905143,19229,8388608
Uring,throughput,0,4,64,0,0,194406185063,194409033391,2848327,18812,8388608
Uring,throughput,0,4,64,0,0,194406185212,194408329891,2144679,19523,8388608
Uring,throughput,0,4,64,0,0,194406185251,194408362866,2177614,19075,8388608
Uring,throughput,0,4,64,0,0,194406185279,194409298599,3113319,18633,8388608
Uring,throughput,0,4,64,0,0,194406185348,194409252693,3067344,19557,8388608
Uring,throughput,0,4,64,0,0,194406185349,194408405453,2220104,19446,8388608
Uring,throughput,0,4,64,0,0,194406185432,194409332873,3147441,674815,8388608
Uring,throughput,0,4,64,0,0,194406185461,194408998504,2813042,18497,8388608
Uring,throughput,0,4,64,0,0,194406185536,194409102663,2917127,19307,8388608
Uring,throughput,0,4,64,0,0,194406185610,194407899920,1714310,600457,8388608
Uring,throughput,0,4,64,0,0,194406185643,194407825478,1639835,18827,8388608
Uring,throughput,0,4,64,0,0,194406185719,194407852924,1667204,18303,8388608
Uring,throughput,0,4,64,0,0,194406185754,194408278156,2092401,19143,8388608
Uring,throughput,0,4,64,0,0,194406185909,194407400412,1214502,18643,8388608
Uring,throughput,0,4,64,0,0,194406185913,194408324797,2138883,19244,8388608
Uring,throughput,0,4,64,0,0,194406185954,194408192351,2006396,18998,8388608
Uring,throughput,0,4,64,0,0,194406185964,194407561174,1375209,18111,8388608
Uring,throughput,0,4,64,0,0,194406186070,194409348841,3162771,743794,8388608
Uring,throughput,0,4,64,0,0,194406186074,194408338061,2151986,19138,8388608
Uring,throughput,0,4,64,0,0,194406186243,194408365302,2179059,19069,8388608
Uring,throughput,0,4,64,0,0,194406186327,194408008106,1821779,18306,8388608
Uring,throughput,0,4,64,0,0,194406186394,194407708998,1522604,18766,8388608
Uring,throughput,0,4,64,0,0,194406186397,194408161042,1974645,17720,8388608
Uring,throughput,0,4,64,0,0,194406186467,194407588975,1402507,18978,8388608
Uring,throughput,0,4,64,0,0,194406186496,194408275461,2088964,18181,8388608
Uring,throughput,0,4,64,0,0,194406186556,194407717628,1531071,18734,8388608
Uring,throughput,0,4,64,0,0,194406186604,194408953629,2767024,17550,8388608
Uring,throughput,0,4,64,0,0,194406186613,194408406556,2219943,18113,8388608
Uring,throughput,0,4,64,0,0,194406186763,194408443674,2256911,18735,8388608
Uring,throughput,0,4,64,0,0,194406186801,194407397083,1210281,18557,8388608
Uring,throughput,0,4,64,0,0,194406186805,194407995232,1808426,17969,8388608
Uring,throughput,0,4,64,0,0,194406186811,194408831732,2644920,17383,8388608
Uring,throughput,0,4,64,0,0,194406187056,194407725609,1538552,18491,8388608
Uring,throughput,0,4,64,0,0,194406187077,194408370522,2183444,17734,8388608
Uring,throughput,0,4,64,0,0,194406187087,194407821283,1634196,17142,8388608
Uring,throughput,0,4,64,0,0,194406187107,194407798834,1611727,18296,8388608
Uring,throughput,0,4,64,0,0,194406187231,194407564456,1377225,18370,8388608
Uring,throughput,0,4,64,0,0,194406187274,194407868096,1680822,16993,8388608
Uring,throughput,0,4,64,0,0,194406187401,194408219995,2032594,17454,8388608
Uring,throughput,0,4,64,0,0,194406187422,194407565422,1377999,18032,8388608
Uring,throughput,0,4,64,0,0,194406187462,194407643542,1456079,16842,8388608
Uring,throughput,0,4,64,0,0,194406187464,194408064538,1877073,18187,8388608
Uring,throughput,0,4,64,0,0,194406187573,194408597140,2409566,17319,8388608
Uring,throughput,0,4,64,0,0,194406187636,194407406628,1218991,767488,8388608
Uring,throughput,0,4,64,0,0,194406187636,194408430980,2243343,16724,8388608
Uring,throughput,0,4,64,0,0,194406187637,194407406292,1218655,17866,8388608
Uring,throughput,0,4,64,0,0,194406187767,194407014215,826448,18001,8388608
Uring,throughput,0,4,64,0,0,194406187822,194408153946,1966123,17749,8388608
Uring,throughput,0,4,64,0,0,194406187849,194408297900,2110050,16547,8388608
Uring,throughput,0,4,64,0,0,194406187884,194409286513,3098628,17051,8388608
Uring,throughput,0,4,64,0,0,194406187972,194407853447,1665474,17848,8388608
Uring,throughput,0,4,64,0,0,194406187977,194407938105,1750127,17649,8388608
Uring,throughput,0,4,64,0,0,194406188020,194409276116,3088096,741707,8388608
Uring,throughput,0,4,64,0,0,194406188132,194409185383,2997250,16839,8388608
Uring,throughput,0,4,64,0,0,194406188165,194408172001,1983835,17704,8388608
Uring,throughput,0,4,64,0,0,194406188173,194407270017,1081844,17503,8388608
Uring,throughput,0,4,64,0,0,194406188221,194407642517,1454295,16301,8388608
Uring,throughput,0,4,64,0,0,194406188377,194409081454,2893076,17353,8388608
Uring,throughput,0,4,64,0,0,194406188397,194408161966,1973569,16631,8388608
Uring,throughput,0,4,64,0,0,194406188400,194408052986,1864585,17520,8388608
Uring,throughput,0,4,64,0,0,194406188536,194407660896,1472360,16022,8388608
Uring,throughput,0,4,64,0,0,194406188593,194407398412,1209818,17197,8388608
Uring,throughput,0,4,64,0,0,194406188633,194407748410,1559777,16615,8388608
Uring,throughput,0,4,64,0,0,194406188642,194408098358,1909716,17329,8388608
Uring,throughput,0,4,64,0,0,194406188759,194408153701,1964941,15841,8388608
Uring,throughput,0,4,64,0,0,194406188783,194408399864,2211081,17057,8388608
Uring,throughput,0,4,64,0,0,194406188839,194408308825,2119985,518261,8388608
Uring,throughput,0,4,64,0,0,194406188992,194408985302,2796309,16407,8388608
Uring,throughput,0,4,64,0,0,194406188998,194408783139,2594140,16890,8388608
Uring,throughput,0,4,64,0,0,194406189000,194408210185,2021184,15643,8388608
Uring,throughput,0,4,64,0,0,194406189022,194407444451,1255428,17069,8388608
Uring,throughput,0,4,64,0,0,194406189246,194408118993,1929746,15444,8388608
Uring,throughput,0,4,64,0,0,194406189253,194408400601,2211347,16689,8388608
Uring,throughput,0,4,64,0,0,194406189282,194407487694,1298412,16856,8388608
Uring,throughput,0,4,64,0,0,194406189316,194408814359,2625043,16128,8388608
Uring,throughput,0,4,64,0,0,194406189455,194407264157,1074702,16732,8388608
Uring,throughput,0,4,64,0,0,194406189469,194407394342,1204873,15257,8388608
Uring,throughput,0,4,64,0,0,194406189483,194409304055,3114571,16506,8388608
Uring,throughput,0,4,64,0,0,194406189648,194408402408,2212759,15837,8388608
Uring,throughput,0,4,64,0,0,194406189668,194407862482,1672814,15123,8388608
Uring,throughput,0,4,64,0,0,194406189690,194409333839,3144149,751329,8388608
Uring,throughput,0,4,64,0,0,194406189692,194407687150,1497457,16620,8388608
Uring,throughput,0,4,64,0,0,194406189866,194408337113,2147246,517435,8388608
Uring,throughput,0,4,64,0,0,194406189866,194408346894,2157028,16266,8388608
Uring,throughput,0,4,64,0,0,194406189881,194408661136,2471255,14946,8388608
Uring,throughput,0,4,64,0,0,194406189890,194407489996,1300106,15643,8388608
Uring,throughput,0,4,64,0,0,194406190034,194407979190,1789155,14838,8388608
Uring,throughput,0,4,64,0,0,194406190050,194407917382,1727331,16362,8388608
Uring,throughput,0,4,64,0,0,194406190074,194409011859,2821784,16103,8388608
Uring,throughput,0,4,64,0,0,194406190075,194408989758,2799683,15495,8388608
Uring,throughput,0,4,64,0,0,194406190237,194408589682,2399444,15376,8388608
Uring,throughput,0,4,64,0,0,194406190241,194408389684,2199443,517073,8388608
Uring,throughput,0,4,64,0,0,194406190252,194409315032,3124779,14658,8388608
Uring,throughput,0,4,64,0,0,194406190261,194407396032,1205771,15978,8388608
Uring,throughput,0,4,64,0,0,194406190424,194408173851,1983427,16111,8388608
Uring,throughput,0,4,64,0,0,194406190459,194407429248,1238789,15194,8388608
Uring,throughput,0,4,64,0,0,194406190510,194407880651,1690140,15774,8388608
Uring,throughput,0,4,64,0,0,194406190530,194408249290,2058759,14422,8388608
Uring,throughput,0,4,64,0,0,194406190583,194408190371,1999788,774595,8388608
Uring,throughput,0,4,64,0,0,194406190666,194407799099,1608432,15040,8388608
Uring,throughput,0,4,64,0,0,194406190718,194408362389,2171671,15632,8388608
Uring,throughput,0,4,64,0,0,194406190820,194406965802,774982,15815,8388608
Uring,throughput,0,4,64,0,0,194406190847,194406909723,718875,14172,8388608
Uring,throughput,0,4,64,0,0,194406190858,194408154377,1963518,14922,8388608
Uring,throughput,0,4,64,0,0,194406190934,194408145666,1954731,15462,8388608
Uring,throughput,0,4,64,0,0,194406191038,194407849179,1658141,772228,8388608
Uring,throughput,0,4,64,0,0,194406191055,194408809345,2618290,14819,8388608
Uring,throughput,0,4,64,0,0,194406191116,194408361121,2170005,516200,8388608
Uring,throughput,0,4,64,0,0,194406191115,194408887745,2696629,15405,8388608
Uring,throughput,0,4,64,0,0,194406191333,194407329179,1137845,13901,8388608
Uring,throughput,0,4,64,0,0,194406191360,194407716844,1525484,15384,8388608
Uring,throughput,0,4,64,0,0,194406191360,194407537880,1346520,15243,8388608
Uring,throughput,0,4,64,0,0,194406191369,194407805047,1613678,14547,8388608
Uring,throughput,0,4,64,0,0,194406191561,194409278077,3086515,13709,8388608
Uring,throughput,0,4,64,0,0,194406191675,194408457175,2265500,15115,8388608
Uring,throughput,0,4,64,0,0,194406191702,194408805224,2613522,14967,8388608
Uring,throughput,0,4,64,0,0,194406191785,194407593561,1401776,759963,8388608
Uring,throughput,0,4,64,0,0,194406191834,194408215628,2023794,13481,8388608
Uring,throughput,0,4,64,0,0,194406191991,194408039946,1847954,14002,8388608
Uring,throughput,0,4,64,0,0,194406192012,194407634223,1442211,13339,8388608
Uring,throughput,0,4,64,0,0,194406192046,194408296758,2104711,813435,8388608
Uring,throughput,0,4,64,0,0,194406192046,194407112425,920378,773244,8388608
Uring,throughput,0,4,64,0,0,194406192230,194409300535,3108305,13157,8388608
Uring,throughput,0,4,64,0,0,194406192317,194408361131,2168814,14466,8388608
Uring,throughput,0,4,64,0,0,194406192318,194407400488,1208169,13734,8388608
Uring,throughput,0,4,64,0,0,194406192319,194408473065,2280745,14660,8388608
Uring,throughput,0,4,64,0,0,194406192385,194407855208,1662822,13040,8388608
Uring,throughput,0,4,64,0,0,194406192469,194408440570,2248101,14366,8388608
Uring,throughput,0,4,64,0,0,194406192502,194408277840,2085337,14550,8388608
Uring,throughput,0,4,64,0,0,194406192586,194408029251,1836665,13513,8388608
Uring,throughput,0,4,64,0,0,194406192715,194408258247,2065532,14279,8388608
Uring,throughput,0,4,64,0,0,194406192843,194408251482,2058639,12622,8388608
Uring,throughput,0,4,64,0,0,194406192861,194409028393,2835532,14245,8388608
Uring,throughput,0,4,64,0,0,194406192906,194407174397,981491,13233,8388608
Uring,throughput,0,4,64,0,0,194406192956,194408979254,2786297,14111,8388608
Uring,throughput,0,4,64,0,0,194406193048,194407674457,1481408,12453,8388608
Uring,throughput,0,4,64,0,0,194406193113,194407242390,1049276,14051,8388608
Uring,throughput,0,4,64,0,0,194406193138,194407931285,1738147,14202,8388608
Uring,throughput,0,4,64,0,0,194406193246,194408484539,2291292,12943,8388608
Uring,throughput,0,4,64,0,0,194406193284,194408250919,2057635,12254,8388608
Uring,throughput,0,4,64,0,0,194406193333,194409261102,3067769,13885,8388608
Uring,throughput,0,4,64,0,0,194406193389,194407393259,1199870,14007,8388608
Uring,throughput,0,4,64,0,0,194406193457,194407561849,1368392,12769,8388608
Uring,throughput,0,4,64,0,0,194406193468,194408163411,1969943,12111,8388608
Uring,throughput,0,4,64,0,0,194406193504,194407569605,1376100,13763,8388608
Uring,throughput,0,4,64,0,0,194406193603,194409340638,3147034,777000,8388608
Uring,throughput,0,4,64,0,0,194406193659,194409295892,3102232,13663,8388608
Uring,throughput,0,4,64,0,0,194406193662,194407114115,920452,829818,8388608
Uring,throughput,0,4,64,0,0,194406193675,194407166045,972370,12592,8388608
Uring,throughput,0,4,64,0,0,194406193765,194408214986,2021221,13734,8388608
Uring,throughput,0,4,64,0,0,194406193877,194407055303,861425,13492,8388608
Uring,throughput,0,4,64,0,0,194406193911,194408162768,1968857,12399,8388608
Uring,throughput,0,4,64,0,0,194406194052,194408915517,2721464,11613,8388608
Uring,throughput,0,4,64,0,0,194406201523,194408458737,2257214,5901,8388608
Uring,throughput,0,4,64,0,0,194406201558,194408815727,2614169,4788,8388608
Uring,throughput,0,4,64,0,0,194406201612,194409007063,2805450,5935,8388608
Uring,throughput,0,4,64,0,0,194406201867,194407397551,1195683,4519,8388608
Uring,throughput,0,4,64,0,0,194406201901,194408202153,2000251,5571,8388608
Uring,throughput,0,4,64,0,0,194406202121,194407561772,1359651,5407,8388608
Uring,throughput,0,4,64,0,0,194406202289,194408149610,1947321,5286,8388608
Uring,throughput,0,4,64,0,0,194406202477,194408060441,1857964,5158,8388608
Uring,throughput,0,4,64,0,0,194406909741,194407149770,240029,21,8388608
Uring,throughput,0,4,64,0,0,194406965917,194407074264,108347,13,8388608
Uring,throughput,0,4,64,0,0,194407010683,194409312421,2301738,16,8388608
Uring,throughput,0,4,64,0,0,194407014221,194407565593,551371,14,8388608
Uring,throughput,0,4,64,0,0,194407055309,194408023834,968524,84,8388608
Uring,throughput,0,4,64,0,0,194407074272,194408442838,1368565,34,8388608
Uring,throughput,0,4,64,0,0,194407077856,194407781909,704053,41,8388608
Uring,throughput,0,4,64,0,0,194407081049,194407929410,848361,24,8388608
Uring,throughput,0,4,64,0,0,194407112440,194408503119,1390678,21,8388608
Uring,throughput,0,4,64,0,0,194407114124,194408354361,1240236,27,8388608
Uring,throughput,0,4,64,0,0,194407118723,194408323268,1204545,21,8388608
Uring,throughput,0,4,64,0,0,194407142713,194407205767,63054,23,8388608
Uring,throughput,0,4,64,0,0,194407149777,194408086204,936427,22,8388608
Uring,throughput,0,4,64,0,0,194407166052,194407225043,58991,19,8388608
Uring,throughput,0,4,64,0,0,194407167193,194407881285,714091,18,8388608
Uring,throughput,0,4,64,0,0,194407174405,194408353924,1179519,18,8388608
Uring,throughput,0,4,64,0,0,194407205774,194407281214,75440,19,8388608
Uring,throughput,0,4,64,0,0,194407208234,194407286940,78706,18,8388608
Uring,throughput,0,4,64,0,0,194407225051,194407300780,75729,69,8388608
Uring,throughput,0,4,64,0,0,194407231903,194408066219,834315,22,8388608
Uring,throughput,0,4,64,0,0,194407242397,194409102478,1860081,42,8388608
Uring,throughput,0,4,64,0,0,194407263691,194408479455,1215763,66,8388608
Uring,throughput,0,4,64,0,0,194407264159,194407321631,57471,13,8388608
Uring,throughput,0,4,64,0,0,194407270024,194408232829,962804,16,8388608
Uring,throughput,0,4,64,0,0,194407281220,194408368360,1087140,2072,8388608
Uring,throughput,0,4,64,0,0,194407286946,194407397640,110693,16,8388608
Uring,throughput,0,4,64,0,0,194407300788,194407356588,55800,55,8388608
Uring,throughput,0,4,64,0,0,194407321639,194407408138,86499,27,8388608
Uring,throughput,0,4,64,0,0,194407329217,194408590592,1261375,80,8388608
Uring,throughput,0,4,64,0,0,194407356595,194408435937,1079342,6028,8388608
Uring,throughput,0,4,64,0,0,194407391870,194408434138,1042267,20,8388608
Uring,throughput,0,4,64,0,0,194407393264,194407983290,590025,54,8388608
Uring,throughput,0,4,64,0,0,194407394350,194407943683,549332,17,8388608
Uring,throughput,0,4,64,0,0,194407396037,194408661317,1265279,19,8388608
Uring,throughput,0,4,64,0,0,194407397085,194408768538,1371453,11,8388608
Uring,throughput,0,4,64,0,0,194407397555,194408646726,1249170,20,8388608
Uring,throughput,0,4,64,0,0,194407397642,194408767625,1369983,2940,8388608
Uring,throughput,0,4,64,0,0,194407398417,194408631505,1233088,100,8388608
Uring,throughput,0,4,64,0,0,194407400322,194408550779,1150456,46,8388608
Uring,throughput,0,4,64,0,0,194407400414,194408502968,1102553,187,8388608
Uring,throughput,0,4,64,0,0,194407400489,194407935815,535326,138,8388608
Uring,throughput,0,4,64,0,0,194407406297,194408974117,1567820,46,8388608
Uring,throughput,0,4,64,0,0,194407406629,194409583592,2176962,37,8388608
Uring,throughput,0,4,64,0,0,194407408145,194409725083,2316937,24695,8388608
Uring,throughput,0,4,64,0,0,194407429270,194407633256,203985,60,8388608
Uring,throughput,0,4,64,0,0,194407432921,194408144572,711651,540,8388608
Uring,throughput,0,4,64,0,0,194407444478,194408554724,1110245,51,8388608
Uring,throughput,0,4,64,0,0,194407456382,194407591399,135017,19,8388608
Uring,throughput,0,4,64,0,0,194407487702,194408753871,1266169,18,8388608
Uring,throughput,0,4,64,0,0,194407490020,194408247874,757853,22,8388608
Uring,throughput,0,4,64,0,0,194407499569,194408277466,777897,15,8388608
Uring,throughput,0,4,64,0,0,194407526428,194409564495,2038067,16,8388608
Uring,throughput,0,4,64,0,0,194407537911,194408116933,579022,20,8388608
Uring,throughput,0,4,64,0,0,194407558882,194407896439,337557,42,8388608
Uring,throughput,0,4,64,0,0,194407561181,194408817455,1256273,18,8388608
Uring,throughput,0,4,64,0,0,194407561781,194407747453,185671,21,8388608
Uring,throughput,0,4,64,0,0,194407561858,194408824091,1262233,24,8388608
Uring,throughput,0,4,64,0,0,194407564461,194408110549,546087,13,8388608
Uring,throughput,0,4,64,0,0,194407565428,194409521776,1956347,63,8388608
Uring,throughput,0,4,64,0,0,194407565596,194408774700,1209104,13,8388608
Uring,throughput,0,4,64,0,0,194407569609,194407816568,246959,12,8388608
Uring,throughput,0,4,64,0,0,194407585558,194408330157,744599,87,8388608
Uring,throughput,0,4,64,0,0,194407588984,194408720613,1131629,65,8388608
Uring,throughput,0,4,64,0,0,194407591404,194408835238,1243834,14,8388608
Uring,throughput,0,4,64,0,0,194407592975,194408461714,868738,19,8388608
Uring,throughput,0,4,64,0,0,194407593567,194408840857,1247289,17,8388608
Uring,throughput,0,4,64,0,0,194407633263,194408348663,715400,29,8388608
Uring,throughput,0,4,64,0,0,194407634230,194407842692,208462,41,8388608
Uring,throughput,0,4,64,0,0,194407642612,194408569408,926795,23,8388608
Uring,throughput,0,4,64,0,0,194407643576,194408004863,361286,104,8388608
Uring,throughput,0,4,64,0,0,194407660905,194407977344,316438,17,8388608
Uring,throughput,0,4,64,0,0,194407673194,194408331311,658117,102,8388608
Uring,throughput,0,4,64,0,0,194407674460,194408730887,1056426,13,8388608
Uring,throughput,0,4,64,0,0,194407681408,194408622411,941002,48,8388608
Uring,throughput,0,4,64,0,0,194407687159,194408214725,527566,38,8388608
Uring,throughput,0,4,64,0,0,194407690580,194408574507,883926,46,8388608
Uring,throughput,0,4,64,0,0,194407693727,194408178282,484554,28,8388608
Uring,throughput,0,4,64,0,0,194407697373,194408147469,450095,21,8388608
Uring,throughput,0,4,64,0,0,194407701310,194408839190,1137879,19,8388608
Uring,throughput,0,4,64,0,0,194407709029,194408096595,387565,98,8388608
Uring,throughput,0,4,64,0,0,194407713233,194408142624,429390,91,8388608
Uring,throughput,0,4,64,0,0,194407716849,194408561445,844596,15,8388608
Uring,throughput,0,4,64,0,0,194407717636,194408861448,1143811,100,8388608
Uring,throughput,0,4,64,0,0,194407725616,194408066976,341359,26,8388608
Uring,throughput,0,4,64,0,0,194407747460,194408082916,335456,27,8388608
Uring,throughput,0,4,64,0,0,194407748431,194409553296,1804864,20,8388608
Uring,throughput,0,4,64,0,0,194407773119,194409608243,1835123,23,8388608
Uring,throughput,0,4,64,0,0,194407781920,194408665207,883287,31,8388608
Uring,throughput,0,4,64,0,0,194407792832,194408908187,1115354,24,8388608
Uring,throughput,0,4,64,0,0,194407798838,194409160642,1361803,36,8388608
Uring,throughput,0,4,64,0,0,194407799108,194408172445,373337,111,8388608
Uring,throughput,0,4,64,0,0,194407800211,194408219782,419571,31,8388608
Uring,throughput,0,4,64,0,0,194407802872,194409172934,1370061,11,8388608
Uring,throughput,0,4,64,0,0,194407805055,194409103343,1298288,15,8388608
Uring,throughput,0,4,64,0,0,194407806281,194408673853,867571,18,8388608
Uring,throughput,0,4,64,0,0,194407808420,194408837892,1029471,24,8388608
Uring,throughput,0,4,64,0,0,194407816575,194409016343,1199768,17,8388608
Uring,throughput,0,4,64,0,0,194407818515,194409074405,1255890,25,8388608
Uring,throughput,0,4,64,0,0,194407819559,194408396255,576696,17,8388608
Uring,throughput,0,4,64,0,0,194407821291,194409164126,1342835,24,8388608
Uring,throughput,0,4,64,0,0,194407825485,194409922854,2097368,20,8388608
Uring,throughput,0,4,64,0,0,194407837403,194409928873,2091469,34,8388608
Uring,throughput,0,4,64,0,0,194407839610,194408686024,846414,13,8388608
Uring,throughput,0,4,64,0,0,194407842698,194408042626,199927,20,8388608
Uring,throughput,0,4,64,0,0,194407845407,194408190793,345385,21,8388608
Uring,throughput,0,4,64,0,0,194407849184,194409538184,1688999,12,8388608
Uring,throughput,0,4,64,0,0,194407852954,194408704483,851528,15,8388608
Uring,throughput,0,4,64,0,0,194407853451,194409335030,1481578,15,8388608
Uring,throughput,0,4,64,0,0,194407855211,194409153849,1298637,21,8388608
Uring,throughput,0,4,64,0,0,194407862485,194409859148,1996662,23,8388608
Uring,throughput,0,4,64,0,0,194407868100,194408155711,287610,79,8388608
Uring,throughput,0,4,64,0,0,194407880764,194409097994,1217229,53,8388608
Uring,throughput,0,4,64,0,0,194407881286,194408286512,405225,15,8388608
Uring,throughput,0,4,64,0,0,194407883381,194408163151,279769,16,8388608
Uring,throughput,0,4,64,0,0,194407896447,194408363897,467449,24,8388608
Uring,throughput,0,4,64,0,0,194407899928,194408184877,284949,18,8388608
Uring,throughput,0,4,64,0,0,194407907163,194409133815,1226652,35,8388608
Uring,throughput,0,4,64,0,0,194407917412,194408800321,882908,42,8388608
Uring,throughput,0,4,64,0,0,194407929417,194408621905,692488,76,8388608
Uring,throughput,0,4,64,0,0,194407931289,194408956329,1025040,31,8388608
Uring,throughput,0,4,64,0,0,194407935822,194408180137,244314,24,8388608
Uring,throughput,0,4,64,0,0,194407938110,194408437379,499268,17,8388608
Uring,throughput,0,4,64,0,0,194407943689,194408189697,246008,75,8388608
Uring,throughput,0,4,64,0,0,194407977350,194408202494,225143,19,8388608
Uring,throughput,0,4,64,0,0,194407979194,194409185260,1206065,22,8388608
Uring,throughput,0,4,64,0,0,194407983296,194408593150,609853,33,8388608
Uring,throughput,0,4,64,0,0,194407988590,194409243360,1254770,70,8388608
Uring,throughput,0,4,64,0,0,194407995238,194409163263,1168025,19,8388608
Uring,throughput,0,4,64,0,0,194408004870,194408706834,701964,83,8388608
Uring,throughput,0,4,64,0,0,194408008279,194408231963,223683,284,8388608
Uring,throughput,0,4,64,0,0,194408010411,194409239279,1228867,118,8388608
Uring,throughput,0,4,64,0,0,194408023842,194408725783,701940,23,8388608
Uring,throughput,0,4,64,0,0,194408029285,194408722849,693563,32,8388608
Uring,throughput,0,4,64,0,0,194408039971,194409559375,1519403,26,8388608
Uring,throughput,0,4,64,0,0,194408042632,194410055471,2012839,3855,8388608
Uring,throughput,0,4,64,0,0,194408045658,194408727410,681751,22,8388608
Uring,throughput,0,4,64,0,0,194408046631,194409225984,1179352,30,8388608
Uring,throughput,0,4,64,0,0,194408052994,194408730834,677839,141,8388608
Uring,throughput,0,4,64,0,0,194408060450,194408734154,673704,28,8388608
Uring,throughput,0,4,64,0,0,194408064544,194409129031,1064486,13,8388608
Uring,throughput,0,4,64,0,0,194408066225,194408732420,666195,23,8388608
Uring,throughput,0,4,64,0,0,194408066981,194408270559,203577,15,8388608
Uring,throughput,0,4,64,0,0,194408077855,194409380881,1303025,25,8388608
Uring,throughput,0,4,64,0,0,194408078974,194409171352,1092377,14,8388608
Uring,throughput,0,4,64,0,0,194408082924,194408742574,659649,4208,8388608
Uring,throughput,0,4,64,0,0,194408086212,194409511710,1425498,44,8388608
Uring,throughput,0,4,64,0,0,194408090209,194409148333,1058124,13,8388608
Uring,throughput,0,4,64,0,0,194408091919,194409611382,1519463,186,8388608
Uring,throughput,0,4,64,0,0,194408096603,194408990042,893438,36,8388608
Uring,throughput,0,4,64,0,0,194408098365,194409371921,1273556,19,8388608
Uring,throughput,0,4,64,0,0,194408110558,194408329029,218471,25,8388608
Uring,throughput,0,4,64,0,0,194408116940,194408791766,674826,14,8388608
Uring,throughput,0,4,64,0,0,194408119000,194408748204,629204,181,8388608
Uring,throughput,0,4,64,0,0,194408140947,194408757859,616911,46,8388608
Uring,throughput,0,4,64,0,0,194408142450,194409728000,1585550,13,8388608
Uring,throughput,0,4,64,0,0,194408142627,194408936224,793597,11,8388608
Uring,throughput,0,4,64,0,0,194408144574,194409142347,997773,48,8388608
Uring,throughput,0,4,64,0,0,194408145668,194408759023,613355,10,8388608
Uring,throughput,0,4,64,0,0,194408147471,194408419541,272069,10,8388608
Uring,throughput,0,4,64,0,0,194408149612,194409467597,1317985,10,8388608
Uring,throughput,0,4,64,0,0,194408152333,194409688523,1536190,19,8388608
Uring,throughput,0,4,64,0,0,194408153704,194410161377,2007672,16,8388608
Uring,throughput,0,4,64,0,0,194408153813,194409696372,1542559,14,8388608
Uring,throughput,0,4,64,0,0,194408153930,194409310146,1156216,91,8388608
Uring,throughput,0,4,64,0,0,194408153947,194410252600,2098652,122,8388608
Uring,throughput,0,4,64,0,0,194408154381,194410218204,2063823,16,8388608
Uring,throughput,0,4,64,0,0,194408155713,194408379317,223604,18,8388608
Uring,throughput,0,4,64,0,0,194408160876,194409552420,1391544,15,8388608
Uring,throughput,0,4,64,0,0,194408161044,194409724377,1563333,15,8388608
Uring,throughput,0,4,64,0,0,194408161968,194409787856,1625887,16,8388608
Uring,throughput,0,4,64,0,0,194408162771,194408774156,611384,14,8388608
Uring,throughput,0,4,64,0,0,194408163153,194408425509,262356,18,8388608
Uring,throughput,0,4,64,0,0,194408163413,194409368506,1205092,11,8388608
Uring,throughput,0,4,64,0,0,194408172045,194409617466,1445421,42,8388608
Uring,throughput,0,4,64,0,0,194408172448,194408679215,506766,25,8388608
Uring,throughput,0,4,64,0,0,194408173855,194410725072,2551216,10,8388608
Uring,throughput,0,4,64,0,0,194408178291,194408875082,696790,33,8388608
Uring,throughput,0,4,64,0,0,194408180141,194410935993,2755852,15923,8388608
Uring,throughput,0,4,64,0,0,194408184884,194409245223,1060339,5691,8388608
Uring,throughput,0,4,64,0,0,194408189702,194409567244,1377542,4875,8388608
Uring,throughput,0,4,64,0,0,194408190376,194409240153,1049777,268,8388608
Uring,throughput,0,4,64,0,0,194408190399,194408787334,596935,246,8388608
Uring,throughput,0,4,64,0,0,194408190800,194408864134,673334,53,8388608
Uring,throughput,0,4,64,0,0,194408192355,194409623182,1430826,29,8388608
Uring,throughput,0,4,64,0,0,194408199136,194409296931,1097794,14,8388608
Uring,throughput,0,4,64,0,0,194408202168,194409107803,905634,100,8388608
Uring,throughput,0,4,64,0,0,194408202497,194408784782,582285,3419,8388608
Uring,throughput,0,4,64,0,0,194408202562,194409566946,1364383,13,8388608
Uring,throughput,0,4,64,0,0,194408210220,194408587492,377271,36,8388608
Uring,throughput,0,4,64,0,0,194408214733,194408374261,159528,19,8388608
Uring,throughput,0,4,64,0,0,194408214993,194410209052,1994059,86,8388608
Uring,throughput,0,4,64,0,0,194408215636,194409662449,1446812,24,8388608
Uring,throughput,0,4,64,0,0,194408219811,194409203761,983950,19,8388608
Uring,throughput,0,4,64,0,0,194408219999,194409267379,1047380,47,8388608
Uring,throughput,0,4,64,0,0,194408231971,194409048125,816154,16,8388608
Uring,throughput,0,4,64,0,0,194408232833,194408634575,401741,15,8388608
Uring,throughput,0,4,64,0,0,194408235427,194409282205,1046777,34,8388608
Uring,throughput,0,4,64,0,0,194408237095,194408648828,411732,12,8388608
Uring,throughput,0,4,64,0,0,194408241568,194409289919,1048350,18,8388608
Uring,throughput,0,4,64,0,0,194408245738,194409771298,1525560,20,8388608
Uring,throughput,0,4,64,0,0,194408247879,194409473473,1225594,17,8388608
Uring,throughput,0,4,64,0,0,194408249298,194408643810,394512,36,8388608
Uring,throughput,0,4,64,0,0,194408250923,194409709657,1458733,28,8388608
Uring,throughput,0,4,64,0,0,194408251484,194409633100,1381616,15,8388608
Uring,throughput,0,4,64,0,0,194408258254,194408658829,400574,16,8388608
Uring,throughput,0,4,64,0,0,194408258799,194410094048,1835249,22,8388608
Uring,throughput,0,4,64,0,0,194408270580,194412216334,3945754,6194,8388608
Uring,throughput,0,4,64,0,0,194408275467,194409768875,1493408,16,8388608
Uring,throughput,0,4,64,0,0,194408277489,194409928594,1651104,53,8388608
Uring,throughput,0,4,64,0,0,194408277822,194409368967,1091145,15,8388608
Uring,throughput,0,4,64,0,0,194408277842,194408692670,414827,32,8388608
Uring,throughput,0,4,64,0,0,194408278162,194409633354,1355191,55,8388608
Uring,throughput,0,4,64,0,0,194408285773,194409488916,1203143,51,8388608
Uring,throughput,0,4,64,0,0,194408286518,194409126326,839807,24,8388608
Uring,throughput,0,4,64,0,0,194408295345,194409468444,1173099,19,8388608
Uring,throughput,0,4,64,0,0,194408296767,194410263714,1966947,77,8388608
Uring,throughput,0,4,64,0,0,194408297906,194409489911,1192005,18,8388608
Uring,throughput,0,4,64,0,0,194408299609,194409479625,1180016,42,8388608
Uring,throughput,0,4,64,0,0,194408303457,194409496606,1193148,13,8388608
Uring,throughput,0,4,64,0,0,194408306441,194409806728,1500287,38,8388608
Uring,throughput,0,4,64,0,0,194408308832,194409587133,1278300,77,8388608
Uring,throughput,0,4,64,0,0,194408314848,194409377579,1062731,102,8388608
Uring,throughput,0,4,64,0,0,194408323276,194409068934,745657,17,8388608
Uring,throughput,0,4,64,0,0,194408324802,194409572781,1247978,27,8388608
Uring,throughput,0,4,64,0,0,194408329034,194409624397,1295362,4306,8388608
Uring,throughput,0,4,64,0,0,194408329916,194409757044,1427128,143,8388608
Uring,throughput,0,4,64,0,0,194408330158,194409752706,1422548,8,8388608
Uring,throughput,0,4,64,0,0,194408331318,194409242052,910734,70,8388608
Uring,throughput,0,4,64,0,0,194408333325,194408856881,523556,214,8388608
Uring,throughput,0,4,64,0,0,194408337121,194409868900,1531778,43,8388608
Uring,throughput,0,4,64,0,0,194408338066,194410258675,1920608,35,8388608
Uring,throughput,0,4,64,0,0,194408346902,194409553850,1206947,94,8388608
Uring,throughput,0,4,64,0,0,194408348670,194409796856,1448186,5143,8388608
Uring,throughput,0,4,64,0,0,194408353933,194408873977,520044,347,8388608
Uring,throughput,0,4,64,0,0,194408354157,194409338176,984019,169,8388608
Uring,throughput,0,4,64,0,0,194408354364,194409429566,1075201,21,8388608
Uring,throughput,0,4,64,0,0,194408361144,194408817690,456545,26,8388608
Uring,throughput,0,4,64,0,0,194408361139,194409600383,1239244,24,8388608
Uring,throughput,0,4,64,0,0,194408362393,194409772411,1410018,20,8388608
Uring,throughput,0,4,64,0,0,194408362872,194409733181,1370308,43,8388608
Uring,throughput,0,4,64,0,0,194408363971,194408837443,473471,4321,8388608
Uring,throughput,0,4,64,0,0,194408365308,194409448577,1083269,22,8388608
Uring,throughput,0,4,64,0,0,194408368365,194409661310,1292944,51,8388608
Uring,throughput,0,4,64,0,0,194408370530,194409393490,1022959,63,8388608
Uring,throughput,0,4,64,0,0,194408374095,194410309135,1935040,24,8388608
Uring,throughput,0,4,64,0,0,194408374269,194409667779,1293510,2753,8388608
Uring,throughput,0,4,64,0,0,194408379322,194410293044,1913721,3418,8388608
Uring,throughput,0,4,64,0,0,194408389708,194408854458,464749,18,8388608
Uring,throughput,0,4,64,0,0,194408395367,194409015509,620142,69,8388608
Uring,throughput,0,4,64,0,0,194408396212,194410497461,2101249,74,8388608
Uring,throughput,0,4,64,0,0,194408396256,194409211800,815543,34,8388608
Uring,throughput,0,4,64,0,0,194408398479,194409613512,1215032,18,8388608
Uring,throughput,0,4,64,0,0,194408399871,194410315255,1915384,18,8388608
Uring,throughput,0,4,64,0,0,194408400544,194409524299,1123754,17,8388608
Uring,throughput,0,4,64,0,0,194408400604,194410485773,2085169,14,8388608
Uring,throughput,0,4,64,0,0,194408402416,194409895597,1493181,17,8388608
Uring,throughput,0,4,64,0,0,194408405458,194409927374,1521915,14,8388608
Uring,throughput,0,4,64,0,0,194408406561,194409077025,670463,19,8388608
Uring,throughput,0,4,64,0,0,194408419547,194409827274,1407727,1915,8388608
Uring,throughput,0,4,64,0,0,194408421273,194409709243,1287969,29,8388608
Uring,throughput,0,4,64,0,0,194408425515,194410761762,2336246,6453,8388608
Uring,throughput,0,4,64,0,0,194408430987,194409607080,1176092,36,8388608
Uring,throughput,0,4,64,0,0,194408434144,194409044731,610586,31,8388608
Uring,throughput,0,4,64,0,0,194408435943,194410190477,1754534,15,8388608
Uring,throughput,0,4,64,0,0,194408437387,194409679288,1241900,39,8388608
Uring,throughput,0,4,64,0,0,194408440575,194409564967,1124392,62,8388608
Uring,throughput,0,4,64,0,0,194408442845,194409318242,875397,36,8388608
Uring,throughput,0,4,64,0,0,194408443692,194408948907,505215,16,8388608
Uring,throughput,0,4,64,0,0,194408457183,194409868046,1410863,19,8388608
Uring,throughput,0,4,64,0,0,194408458741,194409872132,1413391,13,8388608
Uring,throughput,0,4,64,0,0,194408458925,194408981265,522339,32,8388608
Uring,throughput,0,4,64,0,0,194408461721,194409551444,1089723,61,8388608
Uring,throughput,0,4,64,0,0,194408473072,194409810759,1337686,94,8388608
Uring,throughput,0,4,64,0,0,194408479460,194408894220,414759,30,8388608
Uring,throughput,0,4,64,0,0,194408484546,194409021614,537068,65,8388608
Uring,throughput,0,4,64,0,0,194408502973,194408842546,339572,115,8388608
Uring,throughput,0,4,64,0,0,194408503126,194409884873,1381747,22,8388608
Uring,throughput,0,4,64,0,0,194408550785,194409122479,571694,131,8388608
Uring,throughput,0,4,64,0,0,194408553015,194410632861,2079845,40,8388608
Uring,throughput,0,4,64,0,0,194408554730,194408615272,60541,84,8388608
Uring,throughput,0,4,64,0,0,194408557021,194408923654,366632,69,8388608
Uring,throughput,0,4,64,0,0,194408561452,194409032402,470950,37,8388608
Uring,throughput,0,4,64,0,0,194408569413,194409145118,575705,82,8388608
Uring,throughput,0,4,64,0,0,194408574528,194409149290,574761,18,8388608
Uring,throughput,0,4,64,0,0,194408587537,194409875351,1287814,27,8388608
Uring,throughput,0,4,64,0,0,194408589689,194409924396,1334706,36,8388608
Uring,throughput,0,4,64,0,0,194408590597,194409790304,1199707,37,8388608
Uring,throughput,0,4,64,0,0,194408593158,194410266354,1673195,3330,8388608
Uring,throughput,0,4,64,0,0,194408597147,194409922444,1325296,60,8388608
Uring,throughput,0,4,64,0,0,194408615280,194409239913,624633,1941,8388608
Uring,throughput,0,4,64,0,0,194408621913,194409489035,867121,56,8388608
Uring,throughput,0,4,64,0,0,194408622413,194409106746,484332,9,8388608
Uring,throughput,0,4,64,0,0,194408631512,194409919517,1288004,31,8388608
Uring,throughput,0,4,64,0,0,194408634579,194410090250,1455670,4838,8388608
Uring,throughput,0,4,64,0,0,194408643836,194409770170,1126334,36,8388608
Uring,throughput,0,4,64,0,0,194408646733,194409232041,585308,123,8388608
Uring,throughput,0,4,64,0,0,194408648851,194410378790,1729938,19,8388608
Uring,throughput,0,4,64,0,0,194408658838,194409976051,1317213,17,8388608
Uring,throughput,0,4,64,0,0,194408661143,194410262419,1601275,45,8388608
Uring,throughput,0,4,64,0,0,194408661324,194409866126,1204801,50,8388608
Uring,throughput,0,4,64,0,0,194408665231,194409936693,1271462,41,8388608
Uring,throughput,0,4,64,0,0,194408673858,194408936494,262635,1857,8388608
Uring,throughput,0,4,64,0,0,194408679222,194410006249,1327026,878,8388608
Uring,throughput,0,4,64,0,0,194408686029,194409701278,1015249,18,8388608
Uring,throughput,0,4,64,0,0,194408692700,194409845150,1152449,26,8388608
Uring,throughput,0,4,64,0,0,194408704509,194409325237,620727,20,8388608
Uring,throughput,0,4,64,0,0,194408706839,194410413887,1707048,1876,8388608
Uring,throughput,0,4,64,0,0,194408720621,194409490735,770113,27,8388608
Uring,throughput,0,4,64,0,0,194408722856,194409124533,401677,42,8388608
Uring,throughput,0,4,64,0,0,194408725788,194408960436,234648,65,8388608
Uring,throughput,0,4,64,0,0,194408727413,194409067063,339650,13,8388608
Uring,throughput,0,4,64,0,0,194408730839,194409357318,626479,39,8388608
Uring,throughput,0,4,64,0,0,194408730894,194409331551,600657,32,8388608
Uring,throughput,0,4,64,0,0,194408732428,194409376085,643657,15,8388608
Uring,throughput,0,4,64,0,0,194408734157,194409365348,631191,11,8388608
Uring,throughput,0,4,64,0,0,194408742580,194408781443,38863,17,8388608
Uring,throughput,0,4,64,0,0,194408748212,194409405467,657254,22,8388608
Uring,throughput,0,4,64,0,0,194408753877,194409383726,629849,27,8388608
Uring,throughput,0,4,64,0,0,194408757867,194409008642,250775,22,8388608
Uring,throughput,0,4,64,0,0,194408759030,194409174790,415759,28,8388608
Uring,throughput,0,4,64,0,0,194408767633,194409015355,247722,31,8388608
Uring,throughput,0,4,64,0,0,194408768543,194409013957,245414,22,8388608
Uring,throughput,0,4,64,0,0,194408774165,194409019455,245290,44,8388608
Uring,throughput,0,4,64,0,0,194408774708,194409973422,1198713,40,8388608
Uring,throughput,0,4,64,0,0,194408780024,194409410287,630262,42,8388608
Uring,throughput,0,4,64,0,0,194408781446,194410393488,1612042,20,8388608
Uring,throughput,0,4,64,0,0,194408783143,194410503529,1720386,15,8388608
Uring,throughput,0,4,64,0,0,194408784791,194410724868,1940077,66,8388608
Uring,throughput,0,4,64,0,0,194408787342,194409963608,1176265,28,8388608
Uring,throughput,0,4,64,0,0,194408790898,194410288875,1497977,20,8388608
Uring,throughput,0,4,64,0,0,194408791768,194409996993,1205224,5998,8388608
Uring,throughput,0,4,64,0,0,194408794862,194410540792,1745929,54,8388608
Uring,throughput,0,4,64,0,0,194408794873,194410445418,1650544,16,8388608
Uring,throughput,0,4,64,0,0,194408800325,194409196116,395790,12,8388608
Uring,throughput,0,4,64,0,0,194408805232,194410206857,1401625,18,8388608
Uring,throughput,0,4,64,0,0,194408809353,194410417816,1608462,42,8388608
Uring,throughput,0,4,64,0,0,194408814364,194410513190,1698825,36,8388608
Uring,throughput,0,4,64,0,0,194408815736,194410523054,1707317,23,8388608
Uring,throughput,0,4,64,0,0,194408816889,194410381861,1564971,30,8388608
Uring,throughput,0,4,64,0,0,194408817463,194409440692,623229,27,8388608
Uring,throughput,0,4,64,0,0,194408817711,194410005177,1187465,5020,8388608
Uring,throughput,0,4,64,0,0,194408824096,194409449148,625051,67,8388608
Uring,throughput,0,4,64,0,0,194408831739,194410670426,1838687,27,8388608
Uring,throughput,0,4,64,0,0,194408835245,194410032559,1197313,4075,8388608
Uring,throughput,0,4,64,0,0,194408837448,194410324974,1487526,15,8388608
Uring,throughput,0,4,64,0,0,194408837896,194409984185,1146289,22,8388608
Uring,throughput,0,4,64,0,0,194408839216,194409986257,1147040,185,8388608
Uring,throughput,0,4,64,0,0,194408840863,194409074474,233610,1586,8388608
Uring,throughput,0,4,64,0,0,194408842549,194410220117,1377567,3837,8388608
Uring,throughput,0,4,64,0,0,194408848956,194409468711,619754,67,8388608
Uring,throughput,0,4,64,0,0,194408854465,194410826766,1972301,2372,8388608
Uring,throughput,0,4,64,0,0,194408856885,194410053701,1196816,11,8388608
Uring,throughput,0,4,64,0,0,194408861455,194409667430,805974,18,8388608
Uring,throughput,0,4,64,0,0,194408864140,194409780837,916697,2066,8388608
Uring,throughput,0,4,64,0,0,194408873982,194409506700,632717,46,8388608
Uring,throughput,0,4,64,0,0,194408875088,194409092622,217534,2079,8388608
Uring,throughput,0,4,64,0,0,194408876653,194410338988,1462335,13,8388608
Uring,throughput,0,4,64,0,0,194408887751,194410616307,1728555,105,8388608
Uring,throughput,0,4,64,0,0,194408894228,194410012405,1118176,535,8388608
Uring,throughput,0,4,64,0,0,194408908194,194412037302,3129108,35,8388608
Uring,throughput,0,4,64,0,0,194408915525,194410914511,1998985,49,8388608
Uring,throughput,0,4,64,0,0,194408923710,194409419268,495558,58,8388608
Uring,throughput,0,4,64,0,0,194408934239,194409950210,1015971,112,8388608
Uring,throughput,0,4,64,0,0,194408936231,194409801308,865076,2896,8388608
Uring,throughput,0,4,64,0,0,194408936501,194409004484,67983,18,8388608
Uring,throughput,0,4,64,0,0,194408948915,194410376563,1427648,84,8388608
Uring,throughput,0,4,64,0,0,194408953637,194409729360,775722,73,8388608
Uring,throughput,0,4,64,0,0,194408956335,194409620378,664042,22,8388608
Uring,throughput,0,4,64,0,0,194408960445,194409541586,581141,26,8388608
Uring,throughput,0,4,64,0,0,194408974126,194409322236,348110,60,8388608
Uring,throughput,0,4,64,0,0,194408979260,194410397279,1418018,49,8388608
Uring,throughput,0,4,64,0,0,194408981272,194409382304,401031,25,8388608
Uring,throughput,0,4,64,0,0,194408985310,194411201401,2216091,29,8388608
Uring,throughput,0,4,64,0,0,194408989763,194410611333,1621569,12,8388608
Uring,throughput,0,4,64,0,0,194408990048,194409154309,164261,2624,8388608
Uring,throughput,0,4,64,0,0,194408998512,194410163546,1165033,78,8388608
Uring,throughput,0,4,64,0,0,194409004489,194409627372,622882,18,8388608
Uring,throughput,0,4,64,0,0,194409007070,194409416439,409369,27,8388608
Uring,throughput,0,4,64,0,0,194409008647,194409771723,763075,2505,8388608
Uring,throughput,0,4,64,0,0,194409011878,194411360159,2348281,16,8388608
Uring,throughput,0,4,64,0,0,194409013959,194409506533,492573,1901,8388608
Uring,throughput,0,4,64,0,0,194409015360,194409929475,914115,14,8388608
Uring,throughput,0,4,64,0,0,194409015532,194409595944,580412,20,8388608
Uring,throughput,0,4,64,0,0,194409016350,194410984374,1968023,3024,8388608
Uring,throughput,0,4,64,0,0,194409019459,194410993840,1974380,2190,8388608
Uring,throughput,0,4,64,0,0,194409021617,194410180707,1159090,74,8388608
Uring,throughput,0,4,64,0,0,194409028426,194411158976,2130549,59,8388608
Uring,throughput,0,4,64,0,0,194409032407,194409948675,916267,1196,8388608
Uring,throughput,0,4,64,0,0,194409033397,194411316534,2283136,64,8388608
Uring,throughput,0,4,64,0,0,194409044738,194411210328,2165590,5987,8388608
Uring,throughput,0,4,64,0,0,194409048130,194410519041,1470911,2716,8388608
Uring,throughput,0,4,64,0,0,194409067070,194410627953,1560882,1587,8388608
Uring,throughput,0,4,64,0,0,194409068939,194410158878,1089939,24,8388608
Uring,throughput,0,4,64,0,0,194409074411,194410163365,1088954,15,8388608
Uring,throughput,0,4,64,0,0,194409074481,194409257518,183037,19,8388608
Uring,throughput,0,4,64,0,0,194409077029,194409658031,581002,18,8388608
Uring,throughput,0,4,64,0,0,194409079958,194411194328,2114370,37,8388608
Uring,throughput,0,4,64,0,0,194409081457,194410425700,1344243,16,8388608
Uring,throughput,0,4,64,0,0,194409092628,194409313278,220650,130,8388608
Uring,throughput,0,4,64,0,0,194409098020,194411047670,1949649,57,8388608
Uring,throughput,0,4,64,0,0,194409102529,194410754608,1652078,19,8388608
Uring,throughput,0,4,64,0,0,194409102668,194411245319,2142651,17,8388608
Uring,throughput,0,4,64,0,0,194409103351,194411056615,1953263,33,8388608
Uring,throughput,0,4,64,0,0,194409106750,194410182565,1075815,3302,8388608
Uring,throughput,0,4,64,0,0,194409107850,194409707047,599196,59,8388608
Uring,throughput,0,4,64,0,0,194409122604,194410186183,1063578,1155,8388608
Uring,throughput,0,4,64,0,0,194409124539,194411066597,1942058,2199,8388608
Uring,throughput,0,4,64,0,0,194409126330,194409181810,55479,424,8388608
Uring,throughput,0,4,64,0,0,194409129038,194409419423,290384,21,8388608
Uring,throughput,0,4,64,0,0,194409133821,194409883272,749450,63,8388608
Uring,throughput,0,4,64,0,0,194409142352,194410199113,1056760,2895,8388608
Uring,throughput,0,4,64,0,0,194409145124,194411167627,2022503,3085,8388608
Uring,throughput,0,4,64,0,0,194409148338,194410380222,1231884,25,8388608
Uring,throughput,0,4,64,0,0,194409149294,194411419448,2270153,2243,8388608
Uring,throughput,0,4,64,0,0,194409151461,194409688995,537534,84,8388608
Uring,throughput,0,4,64,0,0,194409153854,194411009306,1855452,37,8388608
Uring,throughput,0,4,64,0,0,194409154317,194409714821,560504,21,8388608
Uring,throughput,0,4,64,0,0,194409160650,194410133275,972625,17,8388608
Uring,throughput,0,4,64,0,0,194409163270,194410220961,1057691,38,8388608
Uring,throughput,0,4,64,0,0,194409164129,194411063401,1899271,90,8388608
Uring,throughput,0,4,64,0,0,194409171358,194409655120,483762,55,8388608
Uring,throughput,0,4,64,0,0,194409172954,194411075795,1902841,17,8388608
Uring,throughput,0,4,64,0,0,194409174815,194410297887,1123072,3094,8388608
Uring,throughput,0,4,64,0,0,194409181815,194410234715,1052900,27,8388608
Uring,throughput,0,4,64,0,0,194409185267,194410294331,1109064,25,8388608
Uring,throughput,0,4,64,0,0,194409185385,194411331737,2146352,12,8388608
Uring,throughput,0,4,64,0,0,194409196125,194409719803,523678,1781,8388608
Uring,throughput,0,4,64,0,0,194409203794,194409723620,519826,2613,8388608
Uring,throughput,0,4,64,0,0,194409211807,194411434069,2222262,2701,8388608
Uring,throughput,0,4,64,0,0,194409213730,194409980568,766837,42,8388608
Uring,throughput,0,4,64,0,0,194409218971,194411689936,2470964,20,8388608
Uring,throughput,0,4,64,0,0,194409225991,194410240765,1014774,112,8388608
Uring,throughput,0,4,64,0,0,194409232049,194411191097,1959047,2806,8388608
Uring,throughput,0,4,64,0,0,194409239331,194410204254,964923,119,8388608
Uring,throughput,0,4,64,0,0,194409239916,194409485262,245345,32,8388608
Uring,throughput,0,4,64,0,0,194409240155,194411549425,2309270,2336,8388608
Uring,throughput,0,4,64,0,0,194409242059,194410351447,1109387,1957,8388608
Uring,throughput,0,4,64,0,0,194409243366,194409493933,250567,15,8388608
Uring,throughput,0,4,64,0,0,194409245231,194409461352,216121,26,8388608
Uring,throughput,0,4,64,0,0,194409252700,194411881305,2628605,49,8388608
Uring,throughput,0,4,64,0,0,194409257526,194409985938,728412,65,8388608
Uring,throughput,0,4,64,0,0,194409261108,194409941394,680285,23,8388608
Uring,throughput,0,4,64,0,0,194409265440,194409751528,486087,15,8388608
Uring,throughput,0,4,64,0,0,194409267387,194410404311,1136924,32,8388608
Uring,throughput,0,4,64,0,0,194409276122,194411253381,1977258,35,8388608
Uring,throughput,0,4,64,0,0,194409278081,194412029430,2751349,49,8388608
Uring,throughput,0,4,64,0,0,194409282212,194411291328,2009115,2579,8388608
Uring,throughput,0,4,64,0,0,194409284686,194414745716,5461030,22,8388608
Uring,throughput,0,4,64,0,0,194409286516,194411776529,2490012,61,8388608
Uring,throughput,0,4,64,0,0,194409289923,194410408875,1118951,11,8388608
Uring,throughput,0,4,64,0,0,194409295900,194412485110,3189210,52,8388608
Uring,throughput,0,4,64,0,0,194409296939,194410397051,1100111,102,8388608
Uring,throughput,0,4,64,0,0,194409298603,194412493615,3195011,30,8388608
Uring,throughput,0,4,64,0,0,194409300540,194412561397,3260857,44,8388608
Uring,throughput,0,4,64,0,0,194409302855,194412471237,3168382,55,8388608
Uring,throughput,0,4,64,0,0,194409304059,194412181226,2877167,20,8388608
Uring,throughput,0,4,64,0,0,194409310150,194410429404,1119253,55,8388608
Uring,throughput,0,4,64,0,0,194409312425,194410282376,969950,20,8388608
Uring,throughput,0,4,64,0,0,194409313281,194411347635,2034353,27,8388608
Uring,throughput,0,4,64,0,0,194409315035,194411537484,2222449,39,8388608
Uring,throughput,0,4,64,0,0,194409318251,194409551151,232900,60,8388608
Uring,throughput,0,4,64,0,0,194409322240,194410290569,968328,12067,8388608
Uring,throughput,0,4,64,0,0,194409325244,194410290024,964779,868,8388608
Uring,throughput,0,4,64,0,0,194409331557,194410803372,1471814,2482,8388608
Uring,throughput,0,4,64,0,0,194409332882,194411395807,2062925,29,8388608
Uring,throughput,0,4,64,0,0,194409333845,194409778258,444412,655,8388608
Uring,throughput,0,4,64,0,0,194409335037,194410290726,955689,62,8388608
Uring,throughput,0,4,64,0,0,194409338183,194410604477,1266293,16,8388608
Uring,throughput,0,4,64,0,0,194409340642,194410542887,1202244,15,8388608
Uring,throughput,0,4,64,0,0,194409348849,194410082711,733861,76,8388608
Uring,throughput,0,4,64,0,0,194409351198,194412034166,2682968,103,8388608
Uring,throughput,0,4,64,0,0,194409357326,194409521391,164065,2734,8388608
Uring,throughput,0,4,64,0,0,194409365353,194412153873,2788520,2387,8388608
Uring,throughput,0,4,64,0,0,194409368557,194410243972,875415,78,8388608
Uring,throughput,0,4,64,0,0,194409368972,194410175949,806976,27,8388608
Uring,throughput,0,4,64,0,0,194409371924,194410307656,935731,42,8388608
Uring,throughput,0,4,64,0,0,194409376092,194410294754,918661,2398,8388608
Uring,throughput,0,4,64,0,0,194409377585,194410580418,1202833,68,8388608
Uring,throughput,0,4,64,0,0,194409380888,194411012502,1631614,28,8388608
Uring,throughput,0,4,64,0,0,194409382309,194409873745,491436,741,8388608
Uring,throughput,0,4,64,0,0,194409383733,194411408329,2024596,2510,8388608
Uring,throughput,0,4,64,0,0,194409393497,194410541130,1147633,31,8388608
Uring,throughput,0,4,64,0,0,194409405475,194411466906,2061431,2501,8388608
Uring,throughput,0,4,64,0,0,194409410293,194411257600,1847307,17,8388608
Uring,throughput,0,4,64,0,0,194409416473,194409814763,398290,31,8388608
Uring,throughput,0,4,64,0,0,194409419291,194411472886,2053594,2451,8388608
Uring,throughput,0,4,64,0,0,194409419426,194409462460,43034,457,8388608
Uring,throughput,0,4,64,0,0,194409429573,194410664620,1235047,27,8388608
Uring,throughput,0,4,64,0,0,194409440698,194410515330,1074632,1784,8388608
Uring,throughput,0,4,64,0,0,194409448584,194410515543,1066958,26,8388608
Uring,throughput,0,4,64,0,0,194409449173,194409797323,348150,2442,8388608
Uring,throughput,0,4,64,0,0,194409461359,194409763982,302622,25,8388608
Uring,throughput,0,4,64,0,0,194409462464,194410150556,688092,20,8388608
Uring,throughput,0,4,64,0,0,194409467602,194410538364,1070762,11,8388608
Uring,throughput,0,4,64,0,0,194409468451,194410425359,956907,18,8388608
Uring,throughput,0,4,64,0,0,194409468713,194409879438,410725,34,8388608
Uring,throughput,0,4,64,0,0,194409473478,194411137553,1664074,2987,8388608
Uring,throughput,0,4,64,0,0,194409479630,194410549830,1070199,71,8388608
Uring,throughput,0,4,64,0,0,194409485292,194411083735,1598443,108,8388608
Uring,throughput,0,4,64,0,0,194409488920,194410554391,1065471,56,8388608
Uring,throughput,0,4,64,0,0,194409489041,194410080640,591598,1825,8388608
Uring,throughput,0,4,64,0,0,194409489919,194409855911,365991,20,8388608
Uring,throughput,0,4,64,0,0,194409490738,194411514429,2023691,2793,8388608
Uring,throughput,0,4,64,0,0,194409493941,194410367225,873283,2802,8388608
Uring,throughput,0,4,64,0,0,194409496611,194409857410,360799,213,8388608
Uring,throughput,0,4,64,0,0,194409506538,194409732900,226361,22,8388608
Uring,throughput,0,4,64,0,0,194409506759,194411528842,2022083,3020,8388608
Uring,throughput,0,4,64,0,0,194409509871,194413852415,4342543,10,8388608
Uring,throughput,0,4,64,0,0,194409511717,194410368400,856682,2606,8388608
Uring,throughput,0,4,64,0,0,194409521441,194409866882,345440,75,8388608
Uring,throughput,0,4,64,0,0,194409521783,194411504914,1983130,72,8388608
Uring,throughput,0,4,64,0,0,194409524391,194410066664,542273,80,8388608
Uring,throughput,0,4,64,0,0,194409538190,194411166077,1627886,21,8388608
Uring,throughput,0,4,64,0,0,194409541591,194410583210,1041619,18,8388608
Uring,throughput,0,4,64,0,0,194409551157,194409579695,28538,15,8388608
Uring,throughput,0,4,64,0,0,194409551447,194412936558,3385110,2630,8388608
Uring,throughput,0,4,64,0,0,194409552428,194410388256,835828,32,8388608
Uring,throughput,0,4,64,0,0,194409553300,194411626832,2073532,11,8388608
Uring,throughput,0,4,64,0,0,194409553855,194410594317,1040461,250,8388608
Uring,throughput,0,4,64,0,0,194409559383,194411552300,1992917,22,8388608
Uring,throughput,0,4,64,0,0,194409564502,194413419171,3854669,109,8388608
Uring,throughput,0,4,64,0,0,194409564970,194414097219,4532249,14,8388608
Uring,throughput,0,4,64,0,0,194409567072,194411892330,2325258,40,8388608
Uring,throughput,0,4,64,0,0,194409567252,194412601382,3034130,86,8388608
Uring,throughput,0,4,64,0,0,194409572788,194409887998,315210,19,8388608
Uring,throughput,0,4,64,0,0,194409579724,194409609709,29985,110,8388608
Uring,throughput,0,4,64,0,0,194409583598,194411819978,2236380,4021,8388608
Uring,throughput,0,4,64,0,0,194409587155,194410253628,666473,569,8388608
Uring,throughput,0,4,64,0,0,194409595970,194409891164,295194,3206,8388608
Uring,throughput,0,4,64,0,0,194409600390,194410672249,1071858,245,8388608
Uring,throughput,0,4,64,0,0,194409607086,194410117850,510763,16,8388608
Uring,throughput,0,4,64,0,0,194409608250,194411657499,2049249,17,8388608
Uring,throughput,0,4,64,0,0,194409609712,194411816484,2206772,1899,8388608
Uring,throughput,0,4,64,0,0,194409611389,194411945396,2334006,28,8388608
Uring,throughput,0,4,64,0,0,194409613531,194410216032,602500,21,8388608
Uring,throughput,0,4,64,0,0,194409617475,194410721154,1103678,75,8388608
Uring,throughput,0,4,64,0,0,194409620386,194410937108,1316721,2553,8388608
Uring,throughput,0,4,64,0,0,194409623189,194410408647,785457,25,8388608
Uring,throughput,0,4,64,0,0,194409624405,194412064281,2439876,26,8388608
Uring,throughput,0,4,64,0,0,194409627378,194411661061,2033682,3019,8388608
Uring,throughput,0,4,64,0,0,194409633107,194410451434,818326,24,8388608
Uring,throughput,0,4,64,0,0,194409633404,194410446192,812788,52,8388608
Uring,throughput,0,4,64,0,0,194409655128,194410851374,1196245,2116,8388608
Uring,throughput,0,4,64,0,0,194409658039,194411865591,2207551,2344,8388608
Uring,throughput,0,4,64,0,0,194409661315,194411560895,1899580,12,8388608
Uring,throughput,0,4,64,0,0,194409662455,194411856650,2194195,36,8388608
Uring,throughput,0,4,64,0,0,194409667438,194410517593,850155,281,8388608
Uring,throughput,0,4,64,0,0,194409667787,194410443570,775782,59,8388608
Uring,throughput,0,4,64,0,0,194409679295,194411694872,2015576,3042,8388608
Uring,throughput,0,4,64,0,0,194409688530,194410449410,760880,49,8388608
Uring,throughput,0,4,64,0,0,194409689020,194413850933,4161913,2083,8388608
Uring,throughput,0,4,64,0,0,194409696379,194410460509,764130,16,8388608
Uring,throughput,0,4,64,0,0,194409701285,194411954452,2253166,2111,8388608
Uring,throughput,0,4,64,0,0,194409707054,194410282863,575809,3501,8388608
Uring,throughput,0,4,64,0,0,194409709248,194410707092,997843,14,8388608
Uring,throughput,0,4,64,0,0,194409709663,194411516853,1807189,49,8388608
Uring,throughput,0,4,64,0,0,194409714829,194409880702,165873,28,8388608
Uring,throughput,0,4,64,0,0,194409719811,194409932811,213000,47,8388608
Uring,throughput,0,4,64,0,0,194409723626,194411636372,1912746,19,8388608
Uring,throughput,0,4,64,0,0,194409724380,194410614350,889969,13,8388608
Uring,throughput,0,4,64,0,0,194409725088,194415305238,5580150,15,8388608
Uring,throughput,0,4,64,0,0,194409728017,194411977859,2249842,39,8388608
Uring,throughput,0,4,64,0,0,194409729362,194410483296,753934,34,8388608
Uring,throughput,0,4,64,0,0,194409732908,194409965550,232642,60,8388608
Uring,throughput,0,4,64,0,0,194409733189,194410736396,1003206,69,8388608
Uring,throughput,0,4,64,0,0,194409751536,194414025879,4274342,27,8388608
Uring,throughput,0,4,64,0,0,194409752713,194409922148,169435,1530,8388608
Uring,throughput,0,4,64,0,0,194409757049,194414215420,4458371,30,8388608
Uring,throughput,0,4,64,0,0,194409763988,194414848203,5084214,1694,8388608
Uring,throughput,0,4,64,0,0,194409768883,194410769769,1000886,47,8388608
Uring,throughput,0,4,64,0,0,194409770174,194413588479,3818304,2030,8388608
Uring,throughput,0,4,64,0,0,194409771348,194411804638,2033290,96,8388608
Uring,throughput,0,4,64,0,0,194409771726,194410282933,511206,32,8388608
Uring,throughput,0,4,64,0,0,194409772415,194410515245,742830,41,8388608
Uring,throughput,0,4,64,0,0,194409778263,194409980038,201774,2639,8388608
Uring,throughput,0,4,64,0,0,194409780841,194412029044,2248202,194,8388608
Uring,throughput,0,4,64,0,0,194409787863,194410558359,770495,18,8388608
Uring,throughput,0,4,64,0,0,194409790311,194412007574,2217263,2378,8388608
Uring,throughput,0,4,64,0,0,194409796861,194410827887,1031025,23,8388608
Uring,throughput,0,4,64,0,0,194409797325,194410779752,982426,33,8388608
Uring,throughput,0,4,64,0,0,194409801312,194410548549,747236,26,8388608
Uring,throughput,0,4,64,0,0,194409806732,194410841289,1034557,58,8388608
Uring,throughput,0,4,64,0,0,194409810768,194411516963,1706194,41,8388608
Uring,throughput,0,4,64,0,0,194409814770,194414544876,4730106,1945,8388608
Uring,throughput,0,4,64,0,0,194409827279,194410090478,263199,18,8388608
Uring,throughput,0,4,64,0,0,194409845157,194411739448,1894290,2389,8388608
Uring,throughput,0,4,64,0,0,194409855918,194411093235,1237317,1559,8388608
Uring,throughput,0,4,64,0,0,194409857416,194410552827,695410,1731,8388608
Uring,throughput,0,4,64,0,0,194409859152,194411882451,2023299,11,8388608
Uring,throughput,0,4,64,0,0,194409866133,194410562227,696093,1976,8388608
Uring,throughput,0,4,64,0,0,194409866888,194410551929,685040,143,8388608
Uring,throughput,0,4,64,0,0,194409868050,194412245794,2377744,263,8388608
Uring,throughput,0,4,64,0,0,194409868902,194411171416,1302513,3338,8388608
Uring,throughput,0,4,64,0,0,194409872135,194412082735,2210599,206,8388608
Uring,throughput,0,4,64,0,0,194409873753,194410043904,170151,71,8388608
Uring,throughput,0,4,64,0,0,194409875355,194410555313,679957,2542,8388608
Uring,throughput,0,4,64,0,0,194409879445,194415498524,5619079,14089,8388608
Uring,throughput,0,4,64,0,0,194409880706,194410829113,948406,2348,8388608
Uring,throughput,0,4,64,0,0,194409883281,194410839782,956500,2000,8388608
Uring,throughput,0,4,64,0,0,194409884877,194410853061,968184,1922,8388608
Uring,throughput,0,4,64,0,0,194409888120,194410851381,963260,2471,8388608
Uring,throughput,0,4,64,0,0,194409891171,194410562271,671100,88,8388608
Uring,throughput,0,4,64,0,0,194409895605,194412074852,2179247,33,8388608
Uring,throughput,0,4,64,0,0,194409919525,194411792659,1873134,1471,8388608
Uring,throughput,0,4,64,0,0,194409922153,194409952309,30155,76,8388608
Uring,throughput,0,4,64,0,0,194409922451,194412097201,2174750,115,8388608
Uring,throughput,0,4,64,0,0,194409922856,194411812104,1889247,14,8388608
Uring,throughput,0,4,64,0,0,194409924412,194412096435,2172022,15,8388608
Uring,throughput,0,4,64,0,0,194409927381,194412064402,2137020,91,8388608
Uring,throughput,0,4,64,0,0,194409928623,194411088964,1160341,483,8388608
Uring,throughput,0,4,64,0,0,194409928881,194411815521,1886639,58,8388608
Uring,throughput,0,4,64,0,0,194409929479,194410874580,945101,2659,8388608
Uring,throughput,0,4,64,0,0,194409932836,194409995225,62388,21,8388608
Uring,throughput,0,4,64,0,0,194409936700,194413409923,3473223,27756,8388608
Uring,throughput,0,4,64,0,0,194409941402,194415122300,5180897,15,8388608
Uring,throughput,0,4,64,0,0,194409948681,194410918555,969873,13,8388608
Uring,throughput,0,4,64,0,0,194409950224,194411357144,1406919,62,8388608
Uring,throughput,0,4,64,0,0,194409952312,194412241667,2289354,16,8388608
Uring,throughput,0,4,64,0,0,194409963616,194412106747,2143130,3420,8388608
Uring,throughput,0,4,64,0,0,194409965557,194410886785,921228,1267,8388608
Uring,throughput,0,4,64,0,0,194409973428,194410586459,613030,16,8388608
Uring,throughput,0,4,64,0,0,194409976057,194411853223,1877166,1412,8388608
Uring,throughput,0,4,64,0,0,194409980043,194410026292,46249,54,8388608
Uring,throughput,0,4,64,0,0,194409980571,194410561693,581122,32,8388608
Uring,throughput,0,4,64,0,0,194409984187,194412141135,2156947,12608,8388608
Uring,throughput,0,4,64,0,0,194409985946,194412115818,2129871,3278,8388608
Uring,throughput,0,4,64,0,0,194409986262,194412420093,2433830,966,8388608
Uring,throughput,0,4,64,0,0,194409995231,194411448287,1453055,9618,8388608
Uring,throughput,0,4,64,0,0,194409997058,194412644195,2647136,733,8388608
Uring,throughput,0,4,64,0,0,194410005183,194410064332,59148,39,8388608
Uring,throughput,0,4,64,0,0,194410006255,194410234129,227874,23,8388608
Uring,throughput,0,4,64,0,0,194410012410,194410216228,203817,35,8388608
Uring,throughput,0,4,64,0,0,194410026353,194410065297,38943,36,8388608
Uring,throughput,0,4,64,0,0,194410032567,194413310073,3277505,186,8388608
Uring,throughput,0,4,64,0,0,194410043910,194410151796,107886,13,8388608
Uring,throughput,0,4,64,0,0,194410053708,194412151405,2097696,2593,8388608
Uring,throughput,0,4,64,0,0,194410055476,194411893877,1838401,13,8388608
Uring,throughput,0,4,64,0,0,194410064337,194410619391,555054,44,8388608
Uring,throughput,0,4,64,0,0,194410065303,194412051124,1985820,3094,8388608
Uring,throughput,0,4,64,0,0,194410066668,194410128560,61892,671,8388608
Uring,throughput,0,4,64,0,0,194410080647,194410234798,154151,22,8388608
Uring,throughput,0,4,64,0,0,194410082718,194410253043,170324,1769,8388608
Uring,throughput,0,4,64,0,0,194410090257,194411084225,993967,21,8388608
Uring,throughput,0,4,64,0,0,194410090480,194410225660,135180,21,8388608
Uring,throughput,0,4,64,0,0,194410094054,194412807214,2713159,20,8388608
Uring,throughput,0,4,64,0,0,194410117857,194410613325,495468,653,8388608
Uring,throughput,0,4,64,0,0,194410128566,194410208657,80090,23,8388608
Uring,throughput,0,4,64,0,0,194410133281,194410584805,451523,3128,8388608
Uring,throughput,0,4,64,0,0,194410150564,194410710139,559574,22,8388608
Uring,throughput,0,4,64,0,0,194410151821,194412500821,2348999,1098,8388608
Uring,throughput,0,4,64,0,0,194410158884,194410652136,493252,1831,8388608
Uring,throughput,0,4,64,0,0,194410161385,194412022514,1861129,34,8388608
Uring,throughput,0,4,64,0,0,194410163367,194411249675,1086308,2958,8388608
Uring,throughput,0,4,64,0,0,194410163551,194416816273,6652721,13,8388608
Uring,throughput,0,4,64,0,0,194410175956,194411016069,840113,2505,8388608
Uring,throughput,0,4,64,0,0,194410180711,194410660196,479484,2341,8388608
Uring,throughput,0,4,64,0,0,194410182569,194411169429,986859,16,8388608
Uring,throughput,0,4,64,0,0,194410186191,194410943519,757327,39,8388608
Uring,throughput,0,4,64,0,0,194410190481,194411004249,813768,11,8388608
Uring,throughput,0,4,64,0,0,194410199117,194413769926,3570808,17,8388608
Uring,throughput,0,4,64,0,0,194410204257,194410627559,423302,2325,8388608
Uring,throughput,0,4,64,0,0,194410206880,194412052805,1845924,42,8388608
Uring,throughput,0,4,64,0,0,194410208664,194411127130,918465,18,8388608
Uring,throughput,0,4,64,0,0,194410209056,194417133902,6924845,22,8388608
Uring,throughput,0,4,64,0,0,194410216108,194412188594,1972485,3379,8388608
Uring,throughput,0,4,64,0,0,194410216233,194411008629,792396,18,8388608
Uring,throughput,0,4,64,0,0,194410218212,194410673987,455775,20,8388608
Uring,throughput,0,4,64,0,0,194410220120,194412187872,1967751,14,8388608
Uring,throughput,0,4,64,0,0,194410221061,194410795996,574935,1890,8388608
Uring,throughput,0,4,64,0,0,194410225667,194416850616,6624949,1839,8388608
Uring,throughput,0,4,64,0,0,194410234176,194410508286,274109,26,8388608
Uring,throughput,0,4,64,0,0,194410234717,194410911798,677081,32,8388608
Uring,throughput,0,4,64,0,0,194410234799,194410290820,56020,11,8388608
Uring,throughput,0,4,64,0,0,194410240771,194414889285,4648513,2309,8388608
Uring,throughput,0,4,64,0,0,194410243975,194411065335,821359,1898,8388608
Uring,throughput,0,4,64,0,0,194410252670,194411762396,1509725,84,8388608
Uring,throughput,0,4,64,0,0,194410253046,194410292508,39462,18,8388608
Uring,throughput,0,4,64,0,0,194410253634,194410493320,239685,47,8388608
Uring,throughput,0,4,64,0,0,194410258678,194412940183,2681504,23,8388608
Uring,throughput,0,4,64,0,0,194410262423,194412816985,2554562,12,8388608
Uring,throughput,0,4,64,0,0,194410263722,194416886390,6622668,2705,8388608
Uring,throughput,0,4,64,0,0,194410266358,194410691196,424837,105,8388608
Uring,throughput,0,4,64,0,0,194410282383,194416869875,6587491,17,8388608
Uring,throughput,0,4,64,0,0,194410282870,194414526219,4243349,18,8388608
Uring,throughput,0,4,64,0,0,194410282956,194410927570,644613,23,8388608
Uring,throughput,0,4,64,0,0,194410288884,194412752684,2463799,46,8388608
Uring,throughput,0,4,64,0,0,194410290061,194410580590,290528,17,8388608
Uring,throughput,0,4,64,0,0,194410290572,194415598191,5307618,10,8388608
Uring,throughput,0,4,64,0,0,194410290731,194410510696,219965,391,8388608
Uring,throughput,0,4,64,0,0,194410290821,194410338991,48169,544,8388608
Uring,throughput,0,4,64,0,0,194410292511,194410700726,408214,26,8388608
Uring,throughput,0,4,64,0,0,194410293048,194410383097,90048,104,8388608
Uring,throughput,0,4,64,0,0,194410294334,194410703398,409063,4194,8388608
Uring,throughput,0,4,64,0,0,194410294757,194410856118,561361,10,8388608
Uring,throughput,0,4,64,0,0,194410297892,194411104163,806271,64,8388608
Uring,throughput,0,4,64,0,0,194410307664,194410763404,455740,251,8388608
Uring,throughput,0,4,64,0,0,194410309143,194412355092,2045949,42,8388608
Uring,throughput,0,4,64,0,0,194410315277,194413609288,3294010,72,8388608
Uring,throughput,0,4,64,0,0,194410324982,194411122138,797155,54,8388608
Uring,throughput,0,4,64,0,0,194410338995,194410376609,37613,55,8388608
Uring,throughput,0,4,64,0,0,194410338995,194412999512,2660516,59,8388608
Uring,throughput,0,4,64,0,0,194410351471,194414708972,4357500,22,8388608
Uring,throughput,0,4,64,0,0,194410367232,194412313019,1945786,20,8388608
Uring,throughput,0,4,64,0,0,194410368425,194411129068,760642,25,8388608
Uring,throughput,0,4,64,0,0,194410376571,194410461944,85373,920,8388608
Uring,throughput,0,4,64,0,0,194410376615,194410415723,39108,24,8388608
Uring,throughput,0,4,64,0,0,194410378794,194410764965,386171,1573,8388608
Uring,throughput,0,4,64,0,0,194410380228,194411483559,1103330,603,8388608
Uring,throughput,0,4,64,0,0,194410381865,194410731579,349713,13,8388608
Uring,throughput,0,4,64,0,0,194410383101,194411153572,770470,17,8388608
Uring,throughput,0,4,64,0,0,194410388327,194410733676,345349,1639,8388608
Uring,throughput,0,4,64,0,0,194410393494,194413457869,3064374,1090,8388608
Uring,throughput,0,4,64,0,0,194410397059,194412243467,1846408,4578,8388608
Uring,throughput,0,4,64,0,0,194410397284,194416985854,6588570,37,8388608
Uring,throughput,0,4,64,0,0,194410404317,194410738849,334532,2119,8388608
Uring,throughput,0,4,64,0,0,194410408651,194410741435,332783,4382,8388608
Uring,throughput,0,4,64,0,0,194410408883,194411379315,970431,1978,8388608
Uring,throughput,0,4,64,0,0,194410413894,194410540366,126471,52,8388608
Uring,throughput,0,4,64,0,0,194410415730,194410486393,70663,17,8388608
Uring,throughput,0,4,64,0,0,194410417822,194413018347,2600524,95,8388608
Uring,throughput,0,4,64,0,0,194410425367,194412141431,1716063,6519,8388608
Uring,throughput,0,4,64,0,0,194410425710,194413169486,2743776,20,8388608
Uring,throughput,0,4,64,0,0,194410429409,194412362471,1933062,2116,8388608
Uring,throughput,0,4,64,0,0,194410443578,194411218785,775207,21,8388608
Uring,throughput,0,4,64,0,0,194410445423,194413619918,3174495,17,8388608
Uring,throughput,0,4,64,0,0,194410446200,194410787414,341214,739,8388608
Uring,throughput,0,4,64,0,0,194410449417,194411344747,895330,2633,8388608
Uring,throughput,0,4,64,0,0,194410451438,194410944414,492975,637,8388608
Uring,throughput,0,4,64,0,0,194410460516,194410723459,262942,654,8388608
Uring,throughput,0,4,64,0,0,194410461951,194410489896,27944,16,8388608
Uring,throughput,0,4,64,0,0,194410483306,194417060247,6576941,3118,8388608
Uring,throughput,0,4,64,0,0,194410485780,194412223109,1737329,28,8388608
Uring,throughput,0,4,64,0,0,194410486394,194411125772,639377,11,8388608
Uring,throughput,0,4,64,0,0,194410489903,194411476206,986302,79,8388608
Uring,throughput,0,4,64,0,0,194410493327,194410998749,505422,63,8388608
Uring,throughput,0,4,64,0,0,194410497482,194411263989,766506,18,8388608
Uring,throughput,0,4,64,0,0,194410503532,194413493888,2990355,17,8388608
Uring,throughput,0,4,64,0,0,194410508293,194412409110,1900816,5370,8388608
Uring,throughput,0,4,64,0,0,194410510704,194410870515,359811,37,8388608
Uring,throughput,0,4,64,0,0,194410513196,194413603555,3090358,562,8388608
Uring,throughput,0,4,64,0,0,194410515254,194410776357,261103,2586,8388608
Uring,throughput,0,4,64,0,0,194410515338,194411734800,1219461,46,8388608
Uring,throughput,0,4,64,0,0,194410515546,194411567887,1052340,858,8388608
Uring,throughput,0,4,64,0,0,194410517598,194411684805,1167206,341,8388608
Uring,throughput,0,4,64,0,0,194410519046,194410919105,400058,23,8388608
Uring,throughput,0,4,64,0,0,194410523058,194411960620,1437561,76,8388608
Uring,throughput,0,4,64,0,0,194410538372,194411532743,994371,2204,8388608
Uring,throughput,0,4,64,0,0,194410540373,194411144366,603992,17,8388608
Uring,throughput,0,4,64,0,0,194410540867,194413621518,3080650,19,8388608
Uring,throughput,0,4,64,0,0,194410541137,194410782968,241830,1907,8388608
Uring,throughput,0,4,64,0,0,194410542895,194412281413,1738518,4564,8388608
Uring,throughput,0,4,64,0,0,194410548559,194410781363,232804,15,8388608
Uring,throughput,0,4,64,0,0,194410549832,194410901497,351664,1320,8388608
Uring,throughput,0,4,64,0,0,194410551933,194412270317,1718384,2437,8388608
Uring,throughput,0,4,64,0,0,194410552835,194410782905,230070,116,8388608
Uring,throughput,0,4,64,0,0,194410554467,194411307953,753486,1250,8388608
Uring,throughput,0,4,64,0,0,194410555321,194412330159,1774838,23,8388608
Uring,throughput,0,4,64,0,0,194410558365,194410786601,228236,1669,8388608
Uring,throughput,0,4,64,0,0,194410561700,194413225983,2664282,1755,8388608
Uring,throughput,0,4,64,0,0,194410562234,194411847648,1285414,14,8388608
Uring,throughput,0,4,64,0,0,194410562295,194413648215,3085919,19,8388608
Uring,throughput,0,4,64,0,0,194410580425,194410790949,210523,2653,8388608
Uring,throughput,0,4,64,0,0,194410580614,194410875429,294814,22,8388608
Uring,throughput,0,4,64,0,0,194410583219,194411331570,748351,2251,8388608
Uring,throughput,0,4,64,0,0,194410584813,194410748812,163999,16,8388608
Uring,throughput,0,4,64,0,0,194410586467,194410790377,203909,16,8388608
Uring,throughput,0,4,64,0,0,194410594323,194411332071,737747,1493,8388608
Uring,throughput,0,4,64,0,0,194410604483,194412277080,1672597,2489,8388608
Uring,throughput,0,4,64,0,0,194410611338,194413644451,3033112,38,8388608
Uring,throughput,0,4,64,0,0,194410613333,194410844249,230915,20,8388608
Uring,throughput,0,4,64,0,0,194410614353,194411363229,748876,1579,8388608
Uring,throughput,0,4,64,0,0,194410616315,194412708648,2092333,43,8388608
Uring,throughput,0,4,64,0,0,194410619405,194410667840,48434,1176,8388608
Uring,throughput,0,4,64,0,0,194410627564,194410874134,246569,39,8388608
Uring,throughput,0,4,64,0,0,194410627955,194411190320,562364,38,8388608
Uring,throughput,0,4,64,0,0,194410632867,194411661882,1029014,25,8388608
Uring,throughput,0,4,64,0,0,194410652143,194410895176,243033,47,8388608
Uring,throughput,0,4,64,0,0,194410660203,194411407473,747269,52,8388608
Uring,throughput,0,4,64,0,0,194410664628,194413693055,3028427,2512,8388608
Uring,throughput,0,4,64,0,0,194410667847,194411410842,742995,20,8388608
Uring,throughput,0,4,64,0,0,194410670434,194416085723,5415288,31,8388608
Uring,throughput,0,4,64,0,0,194410672256,194410926319,254063,333,8388608
Uring,throughput,0,4,64,0,0,194410674180,194412293606,1619425,3005,8388608
Uring,throughput,0,4,64,0,0,194410691203,194410938061,246857,52,8388608
Uring,throughput,0,4,64,0,0,194410700750,194411437896,737145,3022,8388608
Uring,throughput,0,4,64,0,0,194410703405,194412294772,1591367,46,8388608
Uring,throughput,0,4,64,0,0,194410707099,194410757747,50647,565,8388608
Uring,throughput,0,4,64,0,0,194410710144,194411150362,440218,327,8388608
Uring,throughput,0,4,64,0,0,194410721159,194410935511,214352,793,8388608
Uring,throughput,0,4,64,0,0,194410723463,194410959326,235862,64,8388608
Uring,throughput,0,4,64,0,0,194410724875,194411455168,730292,252,8388608
Uring,throughput,0,4,64,0,0,194410725075,194413732985,3007909,13,8388608
Uring,throughput,0,4,64,0,0,194410731589,194411343567,611977,604,8388608
Uring,throughput,0,4,64,0,0,194410733681,194410958734,225053,39,8388608
Uring,throughput,0,4,64,0,0,194410736401,194413313108,2576707,2632,8388608
Uring,throughput,0,4,64,0,0,194410738858,194411463813,724955,222,8388608
Uring,throughput,0,4,64,0,0,194410741441,194412261463,1520021,20,8388608
Uring,throughput,0,4,64,0,0,194410748819,194411041187,292368,19,8388608
Uring,throughput,0,4,64,0,0,194410754624,194412299670,1545046,3889,8388608
Uring,throughput,0,4,64,0,0,194410757753,194411674089,916335,24,8388608
Uring,throughput,0,4,64,0,0,194410761768,194411339631,577863,21,8388608
Uring,throughput,0,4,64,0,0,194410763412,194411269733,506320,165,8388608
Uring,throughput,0,4,64,0,0,194410765029,194411431943,666913,22,8388608
Uring,throughput,0,4,64,0,0,194410769790,194411259152,489362,1182,8388608
Uring,throughput,0,4,64,0,0,194410776363,194410944798,168434,17,8388608
Uring,throughput,0,4,64,0,0,194410779757,194411163974,384216,38,8388608
Uring,throughput,0,4,64,0,0,194410781368,194410963104,181735,1826,8388608
Uring,throughput,0,4,64,0,0,194410782909,194411440597,657688,73,8388608
Uring,throughput,0,4,64,0,0,194410782969,194411428929,645959,78,8388608
Uring,throughput,0,4,64,0,0,194410786605,194411509752,723147,20,8388608
Uring,throughput,0,4,64,0,0,194410787438,194411253162,465723,18,8388608
Uring,throughput,0,4,64,0,0,194410790381,194411597171,806790,1901,8388608
Uring,throughput,0,4,64,0,0,194410790957,194417395522,6604565,121,8388608
Uring,throughput,0,4,64,0,0,194410796021,194411307653,511632,35,8388608
Uring,throughput,0,4,64,0,0,194410803380,194411533313,729933,39,8388608
Uring,throughput,0,4,64,0,0,194410826789,194417399964,6573174,47,8388608
Uring,throughput,0,4,64,0,0,194410827894,194411348123,520228,30,8388608
Uring,throughput,0,4,64,0,0,194410829119,194411327193,498074,24,8388608
Uring,throughput,0,4,64,0,0,194410839859,194412472987,1633127,32,8388608
Uring,throughput,0,4,64,0,0,194410841296,194411022707,181410,2387,8388608
Uring,throughput,0,4,64,0,0,194410844256,194411029683,185426,30,8388608
Uring,throughput,0,4,64,0,0,194410851382,194411537276,685894,34,8388608
Uring,throughput,0,4,64,0,0,194410851387,194411640820,789433,80,8388608
Uring,throughput,0,4,64,0,0,194410853065,194411038110,185044,89,8388608
Uring,throughput,0,4,64,0,0,194410856126,194411052041,195915,117,8388608
Uring,throughput,0,4,64,0,0,194410870544,194411139403,268859,19,8388608
Uring,throughput,0,4,64,0,0,194410874138,194411002981,128843,16,8388608
Uring,throughput,0,4,64,0,0,194410874588,194411513666,639078,17,8388608
Uring,throughput,0,4,64,0,0,194410875436,194414340938,3465502,3853,8388608
Uring,throughput,0,4,64,0,0,194410886792,194413820535,2933742,21,8388608
Uring,throughput,0,4,64,0,0,194410895182,194411545356,650174,29,8388608
Uring,throughput,0,4,64,0,0,194410901502,194411591714,690212,24,8388608
Uring,throughput,0,4,64,0,0,194410911866,194411130370,218504,626,8388608
Uring,throughput,0,4,64,0,0,194410914515,194412298318,1383803,15,8388608
Uring,throughput,0,4,64,0,0,194410918562,194411612491,693928,24,8388608
Uring,throughput,0,4,64,0,0,194410919112,194411522835,603722,32,8388608
Uring,throughput,0,4,64,0,0,194410926328,194411571885,645557,74,8388608
Uring,throughput,0,4,64,0,0,194410927575,194411622979,695403,3626,8388608
Uring,throughput,0,4,64,0,0,194410935517,194411628795,693278,18,8388608
Uring,throughput,0,4,64,0,0,194410936029,194416876618,5940588,18,8388608
Uring,throughput,0,4,64,0,0,194410937136,194412259117,1321981,40,8388608
Uring,throughput,0,4,64,0,0,194410938069,194411688424,750355,6684,8388608
Uring,throughput,0,4,64,0,0,194410943525,194411227874,284349,27,8388608
Uring,throughput,0,4,64,0,0,194410944418,194411024256,79838,24,8388608
Uring,throughput,0,4,64,0,0,194410944804,194411586352,641547,236,8388608
Uring,throughput,0,4,64,0,0,194410958742,194411045831,87088,17,8388608
Uring,throughput,0,4,64,0,0,194410959330,194411071457,112127,15,8388608
Uring,throughput,0,4,64,0,0,194410963123,194411594847,631724,25,8388608
Uring,throughput,0,4,64,0,0,194410984381,194411669708,685327,97,8388608
Uring,throughput,0,4,64,0,0,194410993847,194413195384,2201537,71,8388608
Uring,throughput,0,4,64,0,0,194410998757,194413094543,2095786,1587,8388608
Uring,throughput,0,4,64,0,0,194411002986,194411074677,71690,2439,8388608
Uring,throughput,0,4,64,0,0,194411004258,194411625787,621528,3371,8388608
Uring,throughput,0,4,64,0,0,194411008653,194416753810,5745156,3277,8388608
Uring,throughput,0,4,64,0,0,194411009310,194412053332,1044021,1356,8388608
Uring,throughput,0,4,64,0,0,194411012510,194411684436,671925,1831,8388608
Uring,throughput,0,4,64,0,0,194411016077,194411631366,615289,21,8388608
Uring,throughput,0,4,64,0,0,194411022714,194412402388,1379673,26,8388608
Uring,throughput,0,4,64,0,0,194411024259,194411575751,551491,17,8388608
Uring,throughput,0,4,64,0,0,194411029690,194411750742,721051,678,8388608
Uring,throughput,0,4,64,0,0,194411038117,194411297430,259313,37,8388608
Uring,throughput,0,4,64,0,0,194411041193,194413843259,2802066,6315,8388608
Uring,throughput,0,4,64,0,0,194411045839,194412521969,1476130,1498,8388608
Uring,throughput,0,4,64,0,0,194411047677,194411340383,292706,2316,8388608
Uring,throughput,0,4,64,0,0,194411052046,194411830026,777980,1643,8388608
Uring,throughput,0,4,64,0,0,194411056621,194411725929,669307,1834,8388608
Uring,throughput,0,4,64,0,0,194411063409,194411109767,46357,726,8388608
Uring,throughput,0,4,64,0,0,194411065339,194411846027,780688,32,8388608
Uring,throughput,0,4,64,0,0,194411066602,194412518116,1451513,58,8388608
Uring,throughput,0,4,64,0,0,194411071463,194412618449,1546985,1891,8388608
Uring,throughput,0,4,64,0,0,194411074683,194412054562,979879,16,8388608
Uring,throughput,0,4,64,0,0,194411075802,194411573883,498081,1070,8388608
Uring,throughput,0,4,64,0,0,194411083739,194412532056,1448316,5384,8388608
Uring,throughput,0,4,64,0,0,194411084231,194411768865,684634,13,8388608
Uring,throughput,0,4,64,0,0,194411088969,194411203879,114909,24,8388608
Uring,throughput,0,4,64,0,0,194411093243,194411951127,857884,43,8388608
Uring,throughput,0,4,64,0,0,194411104171,194411793089,688918,93,8388608
Uring,throughput,0,4,64,0,0,194411109774,194411413073,303298,18,8388608
Uring,throughput,0,4,64,0,0,194411122146,194411591058,468912,411,8388608
Uring,throughput,0,4,64,0,0,194411125795,194411190535,64739,23,8388608
Uring,throughput,0,4,64,0,0,194411127136,194411818502,691366,808,8388608
Uring,throughput,0,4,64,0,0,194411129071,194411838071,709000,16,8388608
Uring,throughput,0,4,64,0,0,194411130375,194411184978,54603,12,8388608
Uring,throughput,0,4,64,0,0,194411137561,194412225821,1088259,36,8388608
Uring,throughput,0,4,64,0,0,194411139410,194412377047,1237636,17,8388608
Uring,throughput,0,4,64,0,0,194411144402,194411607919,463517,795,8388608
Uring,throughput,0,4,64,0,0,194411150370,194411232072,81701,42,8388608
Uring,throughput,0,4,64,0,0,194411153610,194412234548,1080938,1565,8388608
Uring,throughput,0,4,64,0,0,194411158981,194417549134,6390153,17,8388608
Uring,throughput,0,4,64,0,0,194411164075,194411275958,111882,1056,8388608
Uring,throughput,0,4,64,0,0,194411166086,194411269800,103713,1726,8388608
Uring,throughput,0,4,64,0,0,194411167634,194412441769,1274134,238,8388608
Uring,throughput,0,4,64,0,0,194411169436,194413962530,2793093,32,8388608
Uring,throughput,0,4,64,0,0,194411171421,194411682621,511199,22,8388608
Uring,throughput,0,4,64,0,0,194411184984,194411287169,102184,94,8388608
Uring,throughput,0,4,64,0,0,194411190328,194411959146,768818,44,8388608
Uring,throughput,0,4,64,0,0,194411190539,194411757486,566947,10,8388608
Uring,throughput,0,4,64,0,0,194411191102,194412559096,1367993,44,8388608
Uring,throughput,0,4,64,0,0,194411194332,194413910819,2716486,19,8388608
Uring,throughput,0,4,64,0,0,194411201409,194411780612,579203,35,8388608
Uring,throughput,0,4,64,0,0,194411203910,194411617402,413491,44,8388608
Uring,throughput,0,4,64,0,0,194411210334,194415653361,4443026,126,8388608
Uring,throughput,0,4,64,0,0,194411218806,194412575681,1356874,5705,8388608
Uring,throughput,0,4,64,0,0,194411227901,194412057333,829432,1544,8388608
Uring,throughput,0,4,64,0,0,194411232136,194411638877,406741,23,8388608
Uring,throughput,0,4,64,0,0,194411245327,194411976143,730815,25,8388608
Uring,throughput,0,4,64,0,0,194411249685,194411952517,702832,22,8388608
Uring,throughput,0,4,64,0,0,194411253170,194411388642,135472,43,8388608
Uring,throughput,0,4,64,0,0,194411253402,194411329259,75857,694,8388608
Uring,throughput,0,4,64,0,0,194411257706,194411994486,736779,1627,8388608
Uring,throughput,0,4,64,0,0,194411259159,194411384220,125060,37,8388608
Uring,throughput,0,4,64,0,0,194411263996,194412859997,1596001,9848,8388608
Uring,throughput,0,4,64,0,0,194411269738,194411426092,156354,16,8388608
Uring,throughput,0,4,64,0,0,194411269807,194411606826,337018,24,8388608
Uring,throughput,0,4,64,0,0,194411275964,194411310670,34706,15,8388608
Uring,throughput,0,4,64,0,0,194411287175,194411343116,55941,1751,8388608
Uring,throughput,0,4,64,0,0,194411291334,194412695231,1403896,35,8388608
Uring,throughput,0,4,64,0,0,194411297438,194411872427,574989,2071,8388608
Uring,throughput,0,4,64,0,0,194411307662,194411881221,573559,59,8388608
Uring,throughput,0,4,64,0,0,194411307959,194411459364,151404,18,8388608
Uring,throughput,0,4,64,0,0,194411310675,194411350311,39636,21,8388608
Uring,throughput,0,4,64,0,0,194411316541,194417528404,6211862,17,8388608
Uring,throughput,0,4,64,0,0,194411327199,194412622681,1295481,21,8388608
Uring,throughput,0,4,64,0,0,194411329281,194411430605,101324,20,8388608
Uring,throughput,0,4,64,0,0,194411331578,194412029262,697683,18,8388608
Uring,throughput,0,4,64,0,0,194411331746,194417930716,6598970,20,8388608
Uring,throughput,0,4,64,0,0,194411332075,194411908679,576604,19,8388608
Uring,throughput,0,4,64,0,0,194411339640,194417542966,6203325,28,8388608
Uring,throughput,0,4,64,0,0,194411340387,194411462408,122020,27,8388608
Uring,throughput,0,4,64,0,0,194411343145,194411402305,59159,21,8388608
Uring,throughput,0,4,64,0,0,194411343575,194411974133,630557,28,8388608
Uring,throughput,0,4,64,0,0,194411344752,194412504516,1159763,64,8388608
Uring,throughput,0,4,64,0,0,194411347639,194411903447,555808,3512,8388608
Uring,throughput,0,4,64,0,0,194411348125,194411512015,163890,2021,8388608
Uring,throughput,0,4,64,0,0,194411350313,194413961512,2611198,6398,8388608
Uring,throughput,0,4,64,0,0,194411357148,194412601911,1244762,3161,8388608
Uring,throughput,0,4,64,0,0,194411360162,194418034522,6674360,302,8388608
Uring,throughput,0,4,64,0,0,194411363232,194412563926,1200693,85,8388608
Uring,throughput,0,4,64,0,0,194411379320,194412735736,1356416,20,8388608
Uring,throughput,0,4,64,0,0,194411384224,194412551635,1167411,15,8388608
Uring,throughput,0,4,64,0,0,194411388698,194411452953,64254,3527,8388608
Uring,throughput,0,4,64,0,0,194411395815,194414087412,2691596,2640,8388608
Uring,throughput,0,4,64,0,0,194411402311,194411454330,52019,39,8388608
Uring,throughput,0,4,64,0,0,194411407479,194412592406,1184927,43,8388608
Uring,throughput,0,4,64,0,0,194411408335,194412966243,1557908,14,8388608
Uring,throughput,0,4,64,0,0,194411410846,194411854585,443739,23,8388608
Uring,throughput,0,4,64,0,0,194411413080,194411850711,437630,20,8388608
Uring,throughput,0,4,64,0,0,194411419456,194412190817,771361,28,8388608
Uring,throughput,0,4,64,0,0,194411426158,194411532123,105965,759,8388608
Uring,throughput,0,4,64,0,0,194411428937,194411737314,308376,23,8388608
Uring,throughput,0,4,64,0,0,194411430610,194412249474,818864,15,8388608
Uring,throughput,0,4,64,0,0,194411431950,194411846054,414103,20,8388608
Uring,throughput,0,4,64,0,0,194411434077,194412210979,776901,93,8388608
Uring,throughput,0,4,64,0,0,194411437903,194417680048,6242145,202,8388608
Uring,throughput,0,4,64,0,0,194411440602,194413785618,2345016,2821,8388608
Uring,throughput,0,4,64,0,0,194411448294,194412191794,743500,50,8388608
Uring,throughput,0,4,64,0,0,194411452959,194417753578,6300618,144,8388608
Uring,throughput,0,4,64,0,0,194411454332,194411570305,115973,2490,8388608
Uring,throughput,0,4,64,0,0,194411455176,194411900437,445260,493,8388608
Uring,throughput,0,4,64,0,0,194411459370,194411557666,98296,42,8388608
Uring,throughput,0,4,64,0,0,194411462414,194411986292,523878,45,8388608
Uring,throughput,0,4,64,0,0,194411463822,194411785385,321563,36,8388608
Uring,throughput,0,4,64,0,0,194411466914,194417036988,5570074,21,8388608
Uring,throughput,0,4,64,0,0,194411472894,194411744254,271359,28,8388608
Uring,throughput,0,4,64,0,0,194411476214,194411698669,222455,683,8388608
Uring,throughput,0,4,64,0,0,194411483583,194412259686,776103,25,8388608
Uring,throughput,0,4,64,0,0,194411504937,194412689434,1184496,1627,8388608
Uring,throughput,0,4,64,0,0,194411509760,194411618386,108625,18,8388608
Uring,throughput,0,4,64,0,0,194411512020,194412361949,849929,16,8388608
Uring,throughput,0,4,64,0,0,194411513669,194412980335,1466665,14,8388608
Uring,throughput,0,4,64,0,0,194411514482,194412312365,797883,100,8388608
Uring,throughput,0,4,64,0,0,194411516862,194415306287,3789425,17331,8388608
Uring,throughput,0,4,64,0,0,194411516979,194411629507,112527,2515,8388608
Uring,throughput,0,4,64,0,0,194411522841,194412348746,825904,6119,8388608
Uring,throughput,0,4,64,0,0,194411528847,194412327386,798538,238,8388608
Uring,throughput,0,4,64,0,0,194411532131,194411608094,75963,114,8388608
Uring,throughput,0,4,64,0,0,194411532747,194412222418,689671,12,8388608
Uring,throughput,0,4,64,0,0,194411533317,194412216926,683609,1034,8388608
Uring,throughput,0,4,64,0,0,194411537280,194412358765,821484,103,8388608
Uring,throughput,0,4,64,0,0,194411537485,194417674312,6136826,30,8388608
Uring,throughput,0,4,64,0,0,194411545364,194412683793,1138428,4115,8388608
Uring,throughput,0,4,64,0,0,194411549430,194412895199,1345769,267,8388608
Uring,throughput,0,4,64,0,0,194411552310,194412654846,1102535,1776,8388608
Uring,throughput,0,4,64,0,0,194411557673,194412058155,500482,2534,8388608
Uring,throughput,0,4,64,0,0,194411560902,194417592532,6031629,3540,8388608
Uring,throughput,0,4,64,0,0,194411567944,194412569979,1002035,19,8388608
Uring,throughput,0,4,64,0,0,194411570312,194411667800,97487,28,8388608
Uring,throughput,0,4,64,0,0,194411571891,194412399519,827628,19,8388608
Uring,throughput,0,4,64,0,0,194411573890,194411940120,366229,40,8388608
Uring,throughput,0,4,64,0,0,194411575774,194412419657,843882,1928,8388608
Uring,throughput,0,4,64,0,0,194411586358,194411636690,50332,2304,8388608
Uring,throughput,0,4,64,0,0,194411591061,194411702406,111344,14,8388608
Uring,throughput,0,4,64,0,0,194411591739,194412437546,845806,51,8388608
Uring,throughput,0,4,64,0,0,194411594852,194412094910,500057,22,8388608
Uring,throughput,0,4,64,0,0,194411597175,194412493459,896284,19,8388608
Uring,throughput,0,4,64,0,0,194411606834,194412243115,636281,114,8388608
Uring,throughput,0,4,64,0,0,194411607937,194412118505,510567,14,8388608
Uring,throughput,0,4,64,0,0,194411608099,194412114722,506623,14,8388608
Uring,throughput,0,4,64,0,0,194411612499,194414085185,2472686,6475,8388608
Uring,throughput,0,4,64,0,0,194411617420,194412701066,1083645,1797,8388608
Uring,throughput,0,4,64,0,0,194411618390,194412130259,511869,2171,8388608
Uring,throughput,0,4,64,0,0,194411622986,194412701593,1078607,13,8388608
Uring,throughput,0,4,64,0,0,194411625790,194412055118,429327,16,8388608
Uring,throughput,0,4,64,0,0,194411626835,194412741524,1114689,4573,8388608
Uring,throughput,0,4,64,0,0,194411628804,194412110098,481294,35,8388608
Uring,throughput,0,4,64,0,0,194411629510,194412428293,798783,28,8388608
Uring,throughput,0,4,64,0,0,194411631370,194411668277,36907,57,8388608
Uring,throughput,0,4,64,0,0,194411636377,194412151513,515136,14,8388608
Uring,throughput,0,4,64,0,0,194411636707,194412156807,520099,46,8388608
Uring,throughput,0,4,64,0,0,194411638884,194412495279,856394,1956,8388608
Uring,throughput,0,4,64,0,0,194411640824,194412615566,974741,56,8388608
Uring,throughput,0,4,64,0,0,194411657506,194413029928,1372421,5620,8388608
Uring,throughput,0,4,64,0,0,194411661069,194412707583,1046513,65,8388608
Uring,throughput,0,4,64,0,0,194411661888,194412711978,1050089,5636,8388608
Uring,throughput,0,4,64,0,0,194411667803,194412231102,563299,14,8388608
Uring,throughput,0,4,64,0,0,194411668283,194412205424,537141,1854,8388608
Uring,throughput,0,4,64,0,0,194411669714,194412200425,530711,15,8388608
Uring,throughput,0,4,64,0,0,194411674112,194411826156,152043,17,8388608
Uring,throughput,0,4,64,0,0,194411682629,194412219954,537324,48,8388608
Uring,throughput,0,4,64,0,0,194411684445,194412545551,861106,32,8388608
Uring,throughput,0,4,64,0,0,194411684810,194412250346,565536,60,8388608
Uring,throughput,0,4,64,0,0,194411688427,194412553445,865017,17,8388608
Uring,throughput,0,4,64,0,0,194411689938,194417532343,5842404,25,8388608
Uring,throughput,0,4,64,0,0,194411694874,194415488858,3793983,17,8388608
Uring,throughput,0,4,64,0,0,194411698676,194411848449,149772,34,8388608
Uring,throughput,0,4,64,0,0,194411702413,194412298917,596503,46,8388608
Uring,throughput,0,4,64,0,0,194411725938,194412590640,864702,40,8388608
Uring,throughput,0,4,64,0,0,194411734807,194411891810,157002,22,8388608
Uring,throughput,0,4,64,0,0,194411737322,194414245842,2508519,1214,8388608
Uring,throughput,0,4,64,0,0,194411739454,194413067305,1327851,132,8388608
Uring,throughput,0,4,64,0,0,194411744261,194411835819,91557,29,8388608
Uring,throughput,0,4,64,0,0,194411750749,194412517471,766722,23,8388608
Uring,throughput,0,4,64,0,0,194411757493,194412725505,968011,78,8388608
Uring,throughput,0,4,64,0,0,194411762401,194411834256,71854,967,8388608
Uring,throughput,0,4,64,0,0,194411768874,194412450479,681604,494,8388608
Uring,throughput,0,4,64,0,0,194411776537,194417808158,6031621,58,8388608
Uring,throughput,0,4,64,0,0,194411780638,194412389784,609146,1242,8388608
Uring,throughput,0,4,64,0,0,194411785392,194412336380,550987,399,8388608
Uring,throughput,0,4,64,0,0,194411792667,194414528143,2735475,187,8388608
Uring,throughput,0,4,64,0,0,194411793091,194412731553,938461,1620,8388608
Uring,throughput,0,4,64,0,0,194411804679,194412786364,981685,7675,8388608
Uring,throughput,0,4,64,0,0,194411812110,194417583131,5771020,3359,8388608
Uring,throughput,0,4,64,0,0,194411815525,194412748735,933209,1045,8388608
Uring,throughput,0,4,64,0,0,194411816491,194417532709,5716217,20,8388608
Uring,throughput,0,4,64,0,0,194411818512,194411921712,103199,127,8388608
Uring,throughput,0,4,64,0,0,194411819983,194414487413,2667429,54,8388608
Uring,throughput,0,4,64,0,0,194411826163,194412821155,994991,5608,8388608
Uring,throughput,0,4,64,0,0,194411830034,194413045931,1215897,45,8388608
Uring,throughput,0,4,64,0,0,194411834259,194411876222,41962,11,8388608
Uring,throughput,0,4,64,0,0,194411835823,194412260967,425144,776,8388608
Uring,throughput,0,4,64,0,0,194411838080,194412727360,889280,7554,8388608
Uring,throughput,0,4,64,0,0,194411846035,194412693978,847943,71,8388608
Uring,throughput,0,4,64,0,0,194411846062,194411888167,42104,1715,8388608
Uring,throughput,0,4,64,0,0,194411847652,194412454057,606404,127,8388608
Uring,throughput,0,4,64,0,0,194411848457,194412730882,882425,29,8388608
Uring,throughput,0,4,64,0,0,194411850716,194415232138,3381421,3945,8388608
Uring,throughput,0,4,64,0,0,194411853228,194414526116,2672888,24,8388608
Uring,throughput,0,4,64,0,0,194411854593,194412739978,885385,2040,8388608
Uring,throughput,0,4,64,0,0,194411856653,194412738333,881679,4067,8388608
Uring,throughput,0,4,64,0,0,194411865596,194412740294,874697,26,8388608
Uring,throughput,0,4,64,0,0,194411872434,194411911461,39026,65,8388608
Uring,throughput,0,4,64,0,0,194411876227,194412487504,611276,97,8388608
Uring,throughput,0,4,64,0,0,194411881231,194413486262,1605031,804,8388608
Uring,throughput,0,4,64,0,0,194411881313,194417850209,5968896,140,8388608
Uring,throughput,0,4,64,0,0,194411882459,194412746252,863792,4296,8388608
Uring,throughput,0,4,64,0,0,194411888172,194411915106,26933,14,8388608
Uring,throughput,0,4,64,0,0,194411891848,194414028644,2136795,1762,8388608
Uring,throughput,0,4,64,0,0,194411892336,194414547352,2655016,2958,8388608
Uring,throughput,0,4,64,0,0,194411893882,194412378112,484229,18,8388608
Uring,throughput,0,4,64,0,0,194411900485,194412313961,413476,29,8388608
Uring,throughput,0,4,64,0,0,194411903452,194418181691,6278238,13,8388608
Uring,throughput,0,4,64,0,0,194411908684,194412771761,863077,13,8388608
Uring,throughput,0,4,64,0,0,194411911469,194412519587,608118,22,8388608
Uring,throughput,0,4,64,0,0,194411915111,194411937656,22545,41,8388608
Uring,throughput,0,4,64,0,0,194411921717,194412537201,615484,22,8388608
Uring,throughput,0,4,64,0,0,194411937663,194414652672,2715008,1675,8388608
Uring,throughput,0,4,64,0,0,194411940126,194412367276,427150,34,8388608
Uring,throughput,0,4,64,0,0,194411945402,194412806545,861143,1479,8388608
Uring,throughput,0,4,64,0,0,194411951135,194412565060,613924,17,8388608
Uring,throughput,0,4,64,0,0,194411952525,194412907859,955333,153,8388608
Uring,throughput,0,4,64,0,0,194411954491,194412587521,633029,50,8388608
Uring,throughput,0,4,64,0,0,194411959174,194412816973,857799,1940,8388608
Uring,throughput,0,4,64,0,0,194411960625,194412588749,628124,4264,8388608
Uring,throughput,0,4,64,0,0,194411974141,194412593734,619593,50,8388608
Uring,throughput,0,4,64,0,0,194411976151,194414325785,2349633,1293,8388608
Uring,throughput,0,4,64,0,0,194411977868,194412241802,263934,815,8388608
Uring,throughput,0,4,64,0,0,194411986300,194412565273,578972,441,8388608
Uring,throughput,0,4,64,0,0,194411994491,194412561049,566557,156,8388608
Uring,throughput,0,4,64,0,0,194412007608,194412740081,732472,76,8388608
Uring,throughput,0,4,64,0,0,194412022523,194412715878,693354,1790,8388608
Uring,throughput,0,4,64,0,0,194412029050,194412793695,764644,17,8388608
Uring,throughput,0,4,64,0,0,194412029274,194412875864,846589,30,8388608
Uring,throughput,0,4,64,0,0,194412029438,194417962661,5933222,71,8388608
Uring,throughput,0,4,64,0,0,194412034174,194417919119,5884945,16,8388608
Uring,throughput,0,4,64,0,0,194412037307,194412888123,850816,1897,8388608
Uring,throughput,0,4,64,0,0,194412051132,194412944911,893779,94,8388608
Uring,throughput,0,4,64,0,0,194412052809,194413062484,1009675,1471,8388608
Uring,throughput,0,4,64,0,0,194412053339,194412846425,793085,20,8388608
Uring,throughput,0,4,64,0,0,194412054569,194412207176,152607,33,8388608
Uring,throughput,0,4,64,0,0,194412055145,194412789590,734445,55,8388608
Uring,throughput,0,4,64,0,0,194412057339,194412909903,852564,38,8388608
Uring,throughput,0,4,64,0,0,194412058163,194412107625,49461,55,8388608
Uring,throughput,0,4,64,0,0,194412064287,194414719104,2654817,41,8388608
Uring,throughput,0,4,64,0,0,194412064409,194413408020,1343610,9566,8388608
Uring,throughput,0,4,64,0,0,194412074860,194412158779,83918,1335,8388608
Uring,throughput,0,4,64,0,0,194412082743,194412267346,184603,2061,8388608
Uring,throughput,0,4,64,0,0,194412094916,194412938980,844064,2181,8388608
Uring,throughput,0,4,64,0,0,194412096442,194412833942,737500,463,8388608
Uring,throughput,0,4,64,0,0,194412097274,194418056658,5959384,5398,8388608
Uring,throughput,0,4,64,0,0,194412106753,194412900527,793774,40,8388608
Uring,throughput,0,4,64,0,0,194412107627,194412239903,132276,15,8388608
Uring,throughput,0,4,64,0,0,194412110107,194412954750,844642,7589,8388608
Uring,throughput,0,4,64,0,0,194412114749,194412842377,727628,3472,8388608
Uring,throughput,0,4,64,0,0,194412115826,194418042882,5927055,27,8388608
Uring,throughput,0,4,64,0,0,194412118512,194412496542,378030,21,8388608
Uring,throughput,0,4,64,0,0,194412130266,194413255269,1125002,19,8388608
Uring,throughput,0,4,64,0,0,194412141143,194413081709,940566,46,8388608
Uring,throughput,0,4,64,0,0,194412141438,194412276094,134656,16,8388608
Uring,throughput,0,4,64,0,0,194412151411,194412439688,288277,17,8388608
Uring,throughput,0,4,64,0,0,194412151520,194412974339,822818,575,8388608
Uring,throughput,0,4,64,0,0,194412153877,194413362067,1208190,11,8388608
Uring,throughput,0,4,64,0,0,194412156815,194412362457,205641,29,8388608
Uring,throughput,0,4,64,0,0,194412158783,194412236647,77864,16,8388608
Uring,throughput,0,4,64,0,0,194412181234,194418369551,6188317,23,8388608
Uring,throughput,0,4,64,0,0,194412187879,194412936820,748940,33,8388608
Uring,throughput,0,4,64,0,0,194412188601,194413160233,971632,54,8388608
Uring,throughput,0,4,64,0,0,194412190825,194412911145,720320,59,8388608
Uring,throughput,0,4,64,0,0,194412191808,194412474343,282534,29,8388608
Uring,throughput,0,4,64,0,0,194412200429,194412954638,754208,4413,8388608
Uring,throughput,0,4,64,0,0,194412205428,194412459934,254506,75,8388608
Uring,throughput,0,4,64,0,0,194412207180,194413621754,1414574,3002,8388608
Uring,throughput,0,4,64,0,0,194412210987,194414764172,2553185,36,8388608
Uring,throughput,0,4,64,0,0,194412216341,194413021078,804736,58,8388608
Uring,throughput,0,4,64,0,0,194412216934,194413314284,1097349,7946,8388608
Uring,throughput,0,4,64,0,0,194412219959,194412991893,771933,2501,8388608
Uring,throughput,0,4,64,0,0,194412222422,194413081994,859572,98,8388608
Uring,throughput,0,4,64,0,0,194412223117,194417951532,5728415,3008,8388608
Uring,throughput,0,4,64,0,0,194412225828,194412975710,749882,47,8388608
Uring,throughput,0,4,64,0,0,194412231111,194412793105,561994,528,8388608
Uring,throughput,0,4,64,0,0,194412234598,194413234654,1000056,156,8388608
Uring,throughput,0,4,64,0,0,194412236656,194413077909,841252,108,8388608
Uring,throughput,0,4,64,0,0,194412239936,194413095220,855283,2877,8388608
Uring,throughput,0,4,64,0,0,194412241674,194418040202,5798527,3633,8388608
Uring,throughput,0,4,64,0,0,194412241858,194413246084,1004226,39,8388608
Uring,throughput,0,4,64,0,0,194412243119,194418038487,5795367,3973,8388608
Uring,throughput,0,4,64,0,0,194412243472,194412524154,280681,48,8388608
Uring,throughput,0,4,64,0,0,194412245799,194413018832,773032,1648,8388608
Uring,throughput,0,4,64,0,0,194412249479,194413005951,756472,1864,8388608
Uring,throughput,0,4,64,0,0,194412250355,194413911149,1660794,8326,8388608
Uring,throughput,0,4,64,0,0,194412259125,194413028147,769021,58,8388608
Uring,throughput,0,4,64,0,0,194412259692,194413022192,762499,63,8388608
Uring,throughput,0,4,64,0,0,194412260976,194412309949,48973,24,8388608
Uring,throughput,0,4,64,0,0,194412261466,194413021318,759852,43,8388608
Uring,throughput,0,4,64,0,0,194412267355,194413110220,842865,20,8388608
Uring,throughput,0,4,64,0,0,194412270322,194414148995,1878673,12,8388608
Uring,throughput,0,4,64,0,0,194412276100,194412531980,255880,46,8388608
Uring,throughput,0,4,64,0,0,194412277083,194413056824,779740,15,8388608
Uring,throughput,0,4,64,0,0,194412281418,194413069402,787983,23,8388608
Uring,throughput,0,4,64,0,0,194412293611,194412548860,255249,21,8388608
Uring,throughput,0,4,64,0,0,194412294779,194413061289,766510,36,8388608
Uring,throughput,0,4,64,0,0,194412298323,194413055040,756716,4125,8388608
Uring,throughput,0,4,64,0,0,194412298919,194418046054,5747134,3950,8388608
Uring,throughput,0,4,64,0,0,194412299677,194413624482,1324804,16,8388608
Uring,throughput,0,4,64,0,0,194412309999,194412356788,46788,87,8388608
Uring,throughput,0,4,64,0,0,194412312371,194413041564,729192,16,8388608
Uring,throughput,0,4,64,0,0,194412313025,194412501894,188869,21,8388608
Uring,throughput,0,4,64,0,0,194412313965,194413066292,752327,61,8388608
Uring,throughput,0,4,64,0,0,194412327391,194413109911,782520,37,8388608
Uring,throughput,0,4,64,0,0,194412330164,194413117825,787661,86,8388608
Uring,throughput,0,4,64,0,0,194412336385,194412565264,228878,16,8388608
Uring,throughput,0,4,64,0,0,194412348754,194414799569,2450814,42,8388608
Uring,throughput,0,4,64,0,0,194412355099,194414801954,2446854,4444,8388608
Uring,throughput,0,4,64,0,0,194412356795,194413087464,730668,3384,8388608
Uring,throughput,0,4,64,0,0,194412358769,194413116297,757527,979,8388608
Uring,throughput,0,4,64,0,0,194412361980,194412608934,246953,53,8388608
Uring,throughput,0,4,64,0,0,194412362462,194413090898,728435,652,8388608
Uring,throughput,0,4,64,0,0,194412362475,194413256482,894007,17,8388608
Uring,throughput,0,4,64,0,0,194412367281,194412631840,264559,2965,8388608
Uring,throughput,0,4,64,0,0,194412377055,194412630465,253410,16,8388608
Uring,throughput,0,4,64,0,0,194412378117,194413173361,795244,2384,8388608
Uring,throughput,0,4,64,0,0,194412389791,194414616273,2226481,32,8388608
Uring,throughput,0,4,64,0,0,194412399528,194413194868,795339,2957,8388608
Uring,throughput,0,4,64,0,0,194412402394,194412680266,277872,21,8388608
Uring,throughput,0,4,64,0,0,194412409155,194413157631,748475,55,8388608
Uring,throughput,0,4,64,0,0,194412419662,194413125069,705406,16,8388608
Uring,throughput,0,4,64,0,0,194412420101,194414814400,2394299,25,8388608
Uring,throughput,0,4,64,0,0,194412428320,194413102915,674595,20,8388608
Uring,throughput,0,4,64,0,0,194412437552,194413058252,620699,2111,8388608
Uring,throughput,0,4,64,0,0,194412439692,194412835939,396247,143,8388608
Uring,throughput,0,4,64,0,0,194412441777,194414817973,2376196,30,8388608
Uring,throughput,0,4,64,0,0,194412450486,194412499116,48629,155,8388608
Uring,throughput,0,4,64,0,0,194412454063,194413823472,1369409,6112,8388608
Uring,throughput,0,4,64,0,0,194412459941,194413605082,1145141,83,8388608
Uring,throughput,0,4,64,0,0,194412471245,194418129940,5658695,58,8388608
Uring,throughput,0,4,64,0,0,194412472992,194412772152,299159,52,8388608
Uring,throughput,0,4,64,0,0,194412474350,194413209836,735486,4271,8388608
Uring,throughput,0,4,64,0,0,194412485125,194417014738,4529612,64,8388608
Uring,throughput,0,4,64,0,0,194412487535,194413307793,820257,3529,8388608
Uring,throughput,0,4,64,0,0,194412493467,194413411749,918281,36,8388608
Uring,throughput,0,4,64,0,0,194412493622,194418966506,6472883,42,8388608
Uring,throughput,0,4,64,0,0,194412495284,194413254480,759195,25,8388608
Uring,throughput,0,4,64,0,0,194412496549,194414494309,1997760,3483,8388608
Uring,throughput,0,4,64,0,0,194412499141,194413224151,725009,22,8388608
Uring,throughput,0,4,64,0,0,194412500827,194414826161,2325334,18,8388608
Uring,throughput,0,4,64,0,0,194412501900,194412801732,299832,2275,8388608
Uring,throughput,0,4,64,0,0,194412504521,194413904973,1400452,12,8388608
Uring,throughput,0,4,64,0,0,194412517498,194413373908,856409,273,8388608
Uring,throughput,0,4,64,0,0,194412518124,194413278192,760068,35,8388608
Uring,throughput,0,4,64,0,0,194412519595,194413246692,727097,1698,8388608
Uring,throughput,0,4,64,0,0,194412521977,194413279775,757797,58,8388608
Uring,throughput,0,4,64,0,0,194412524177,194412829143,304966,15,8388608
Uring,throughput,0,4,64,0,0,194412532053,194413290088,758035,1535,8388608
Uring,throughput,0,4,64,0,0,194412532060,194414834302,2302242,59,8388608
Uring,throughput,0,4,64,0,0,194412537209,194412873838,336629,4052,8388608
Uring,throughput,0,4,64,0,0,194412545558,194413613798,1068240,44,8388608
Uring,throughput,0,4,64,0,0,194412548879,194412874252,325372,58,8388608
Uring,throughput,0,4,64,0,0,194412551642,194412896595,344953,484,8388608
Uring,throughput,0,4,64,0,0,194412553453,194413261979,708526,23,8388608
Uring,throughput,0,4,64,0,0,194412559101,194413280791,721689,15,8388608
Uring,throughput,0,4,64,0,0,194412561056,194412893660,332603,22,8388608
Uring,throughput,0,4,64,0,0,194412561401,194418252194,5690793,12,8388608
Uring,throughput,0,4,64,0,0,194412563931,194413399379,835447,15,8388608
Uring,throughput,0,4,64,0,0,194412565063,194412903764,338701,729,8388608
Uring,throughput,0,4,64,0,0,194412565271,194412864379,299107,23,8388608
Uring,throughput,0,4,64,0,0,194412565286,194412821501,256215,24,8388608
Uring,throughput,0,4,64,0,0,194412570018,194413503138,933120,54,8388608
Uring,throughput,0,4,64,0,0,194412575724,194413543201,967476,16,8388608
Uring,throughput,0,4,64,0,0,194412587528,194413334739,747211,62,8388608
Uring,throughput,0,4,64,0,0,194412588773,194412913030,324257,19,8388608
Uring,throughput,0,4,64,0,0,194412590670,194412974505,383834,15,8388608
Uring,throughput,0,4,64,0,0,194412592410,194412633484,41073,691,8388608
Uring,throughput,0,4,64,0,0,194412593736,194413335840,742104,4064,8388608
Uring,throughput,0,4,64,0,0,194412601388,194418284100,5682711,17,8388608
Uring,throughput,0,4,64,0,0,194412601919,194412708181,106262,168,8388608
Uring,throughput,0,4,64,0,0,194412608941,194413346469,737527,2664,8388608
Uring,throughput,0,4,64,0,0,194412615574,194413312068,696493,1878,8388608
Uring,throughput,0,4,64,0,0,194412618454,194413341138,722683,16,8388608
Uring,throughput,0,4,64,0,0,194412622686,194412938647,315960,1564,8388608
Uring,throughput,0,4,64,0,0,194412630473,194413123038,492565,19,8388608
Uring,throughput,0,4,64,0,0,194412631848,194413385834,753985,85,8388608
Uring,throughput,0,4,64,0,0,194412633492,194412680829,47337,38,8388608
Uring,throughput,0,4,64,0,0,194412644202,194418205969,5561766,22,8388608
Uring,throughput,0,4,64,0,0,194412654883,194413251683,596799,62,8388608
Uring,throughput,0,4,64,0,0,194412680274,194412884326,204051,669,8388608
Uring,throughput,0,4,64,0,0,194412680835,194412726497,45662,20,8388608
Uring,throughput,0,4,64,0,0,194412683802,194418225949,5542147,106,8388608
Uring,throughput,0,4,64,0,0,194412689493,194413003285,313791,89,8388608
Uring,throughput,0,4,64,0,0,194412693985,194413386622,692636,2799,8388608
Uring,throughput,0,4,64,0,0,194412695237,194413388154,692917,24,8388608
Uring,throughput,0,4,64,0,0,194412701086,194413828995,1127908,21,8388608
Uring,throughput,0,4,64,0,0,194412701600,194413652201,950601,16,8388608
Uring,throughput,0,4,64,0,0,194412707591,194414640221,1932629,26,8388608
Uring,throughput,0,4,64,0,0,194412708188,194413348446,640258,43,8388608
Uring,throughput,0,4,64,0,0,194412708651,194413397260,688609,3624,8388608
Uring,throughput,0,4,64,0,0,194412711984,194413392066,680081,306,8388608
Uring,throughput,0,4,64,0,0,194412715919,194413376325,660405,72,8388608
Uring,throughput,0,4,64,0,0,194412725513,194413373222,647708,39,8388608
Uring,throughput,0,4,64,0,0,194412726503,194414867524,2141020,7767,8388608
Uring,throughput,0,4,64,0,0,194412727391,194413810091,1082699,19,8388608
Uring,throughput,0,4,64,0,0,194412730892,194413493544,762652,1423,8388608
Uring,throughput,0,4,64,0,0,194412731575,194412849923,118347,23,8388608
Uring,throughput,0,4,64,0,0,194412735766,194413571725,835959,15,8388608
Uring,throughput,0,4,64,0,0,194412738339,194413065888,327548,20,8388608
Uring,throughput,0,4,64,0,0,194412739986,194413396820,656833,116,8388608
Uring,throughput,0,4,64,0,0,194412740086,194413627747,887661,86,8388608
Uring,throughput,0,4,64,0,0,194412740300,194413044767,304467,128,8388608
Uring,throughput,0,4,64,0,0,194412741528,194413504189,762660,17,8388608
Uring,throughput,0,4,64,0,0,194412746273,194414501327,1755053,36,8388608
Uring,throughput,0,4,64,0,0,194412748770,194413169835,421065,23,8388608
Uring,throughput,0,4,64,0,0,194412752691,194413420622,667930,2406,8388608
Uring,throughput,0,4,64,0,0,194412771769,194413065681,293911,372,8388608
Uring,throughput,0,4,64,0,0,194412772155,194413431719,659563,568,8388608
Uring,throughput,0,4,64,0,0,194412786371,194413700541,914170,21,8388608
Uring,throughput,0,4,64,0,0,194412789598,194413454782,665184,1651,8388608
Uring,throughput,0,4,64,0,0,194412793112,194412862857,69745,63,8388608
Uring,throughput,0,4,64,0,0,194412793698,194413453617,659919,2355,8388608
Uring,throughput,0,4,64,0,0,194412801739,194413477277,675537,62,8388608
Uring,throughput,0,4,64,0,0,194412806552,194413544333,737780,18,8388608
Uring,throughput,0,4,64,0,0,194412807222,194413710369,903146,6261,8388608
Uring,throughput,0,4,64,0,0,194412817037,194413626844,809806,52,8388608
Uring,throughput,0,4,64,0,0,194412816993,194413099854,282861,1821,8388608
Uring,throughput,0,4,64,0,0,194412821163,194413579124,757960,35,8388608
Uring,throughput,0,4,64,0,0,194412821508,194413251448,429939,71,8388608
Uring,throughput,0,4,64,0,0,194412829150,194412989918,160768,614,8388608
Uring,throughput,0,4,64,0,0,194412833950,194413759955,926004,15,8388608
Uring,throughput,0,4,64,0,0,194412835944,194413606585,770640,2127,8388608
Uring,throughput,0,4,64,0,0,194412842423,194413484929,642506,88,8388608
Uring,throughput,0,4,64,0,0,194412846432,194413759264,912832,16,8388608
Uring,throughput,0,4,64,0,0,194412849929,194413714989,865059,35,8388608
Uring,throughput,0,4,64,0,0,194412860046,194413524123,664077,24,8388608
Uring,throughput,0,4,64,0,0,194412862863,194413468080,605216,14,8388608
Uring,throughput,0,4,64,0,0,194412864419,194413581787,717367,1445,8388608
Uring,throughput,0,4,64,0,0,194412873845,194413637453,763608,24,8388608
Uring,throughput,0,4,64,0,0,194412874259,194413554997,680738,1437,8388608
Uring,throughput,0,4,64,0,0,194412875869,194414884512,2008643,3260,8388608
Uring,throughput,0,4,64,0,0,194412884329,194413644086,759756,27,8388608
Uring,throughput,0,4,64,0,0,194412888131,194413443752,555621,33,8388608
Uring,throughput,0,4,64,0,0,194412893668,194412929808,36140,711,8388608
Uring,throughput,0,4,64,0,0,194412895203,194413634355,739152,17,8388608
Uring,throughput,0,4,64,0,0,194412896603,194413170888,274285,14,8388608
Uring,throughput,0,4,64,0,0,194412900533,194413688120,787586,66,8388608
Uring,throughput,0,4,64,0,0,194412903771,194413387360,483588,24,8388608
Uring,throughput,0,4,64,0,0,194412907885,194418349811,5441926,2414,8388608
Uring,throughput,0,4,64,0,0,194412909967,194413554510,644543,99,8388608
Uring,throughput,0,4,64,0,0,194412911150,194413543547,632397,3177,8388608
Uring,throughput,0,4,64,0,0,194412913036,194418261673,5348636,14,8388608
Uring,throughput,0,4,64,0,0,194412929816,194414167308,1237492,20,8388608
Uring,throughput,0,4,64,0,0,194412936596,194418274380,5337784,50,8388608
Uring,throughput,0,4,64,0,0,194412936826,194413200061,263234,2276,8388608
Uring,throughput,0,4,64,0,0,194412938652,194412993557,54905,12,8388608
Uring,throughput,0,4,64,0,0,194412938988,194413615974,676985,53,8388608
Uring,throughput,0,4,64,0,0,194412940188,194413571148,630959,13659,8388608
Uring,throughput,0,4,64,0,0,194412944916,194413629749,684832,10,8388608
Uring,throughput,0,4,64,0,0,194412954643,194414070694,1116051,214,8388608
Uring,throughput,0,4,64,0,0,194412954751,194417421658,4466907,157,8388608
Uring,throughput,0,4,64,0,0,194412966250,194413301213,334962,32,8388608
Uring,throughput,0,4,64,0,0,194412974347,194413671930,697583,37,8388608
Uring,throughput,0,4,64,0,0,194412974511,194413164723,190211,1846,8388608
Uring,throughput,0,4,64,0,0,194412975714,194413617395,641681,690,8388608
Uring,throughput,0,4,64,0,0,194412980338,194413243630,263291,4790,8388608
Uring,throughput,0,4,64,0,0,194412989925,194413245671,255745,22,8388608
Uring,throughput,0,4,64,0,0,194412991898,194414901246,1909347,18,8388608
Uring,throughput,0,4,64,0,0,194412993564,194413253122,259558,25,8388608
Uring,throughput,0,4,64,0,0,194412999519,194413584190,584670,904,8388608
Uring,throughput,0,4,64,0,0,194413003292,194413768398,765106,18,8388608
Uring,throughput,0,4,64,0,0,194413005959,194413900671,894711,18,8388608
Uring,throughput,0,4,64,0,0,194413018354,194418214722,5196368,2306,8388608
Uring,throughput,0,4,64,0,0,194413018838,194413998921,980082,16,8388608
Uring,throughput,0,4,64,0,0,194413021084,194414035529,1014445,86,8388608
Uring,throughput,0,4,64,0,0,194413021326,194413054103,32776,788,8388608
Uring,throughput,0,4,64,0,0,194413022198,194413597574,575375,4010,8388608
Uring,throughput,0,4,64,0,0,194413028156,194413741046,712889,1160,8388608
Uring,throughput,0,4,64,0,0,194413029935,194414027580,997644,19,8388608
Uring,throughput,0,4,64,0,0,194413041571,194418355558,5313987,4602,8388608
Uring,throughput,0,4,64,0,0,194413044773,194413111202,66428,1590,8388608
Uring,throughput,0,4,64,0,0,194413045939,194413764141,718202,113,8388608
Uring,throughput,0,4,64,0,0,194413054110,194414187193,1133083,21,8388608
Uring,throughput,0,4,64,0,0,194413055045,194413428533,373488,44,8388608
Uring,throughput,0,4,64,0,0,194413056832,194413311087,254255,27,8388608
Uring,throughput,0,4,64,0,0,194413058259,194413318200,259941,40,8388608
Uring,throughput,0,4,64,0,0,194413061298,194414091623,1030324,5583,8388608
Uring,throughput,0,4,64,0,0,194413062492,194413822076,759584,17,8388608
Uring,throughput,0,4,64,0,0,194413065688,194413632089,566401,14,8388608
Uring,throughput,0,4,64,0,0,194413065894,194413827479,761585,1170,8388608
Uring,throughput,0,4,64,0,0,194413066294,194413837813,771518,1012,8388608
Uring,throughput,0,4,64,0,0,194413067313,194414319107,1251793,53,8388608
Uring,throughput,0,4,64,0,0,194413069408,194414278408,1209000,30,8388608
Uring,throughput,0,4,64,0,0,194413077916,194413680678,602762,889,8388608
Uring,throughput,0,4,64,0,0,194413081735,194414366809,1285073,41,8388608
Uring,throughput,0,4,64,0,0,194413082023,194413339079,257055,7296,8388608
Uring,throughput,0,4,64,0,0,194413087470,194417508329,4420858,16,8388608
Uring,throughput,0,4,64,0,0,194413090902,194415619970,2529067,25,8388608
Uring,throughput,0,4,64,0,0,194413094550,194414468986,1374435,44,8388608
Uring,throughput,0,4,64,0,0,194413095223,194413841945,746722,50,8388608
Uring,throughput,0,4,64,0,0,194413099862,194413131407,31544,56,8388608
Uring,throughput,0,4,64,0,0,194413102923,194413678470,575547,19,8388608
Uring,throughput,0,4,64,0,0,194413109918,194413680969,571050,1340,8388608
Uring,throughput,0,4,64,0,0,194413110225,194413354821,244595,15,8388608
Uring,throughput,0,4,64,0,0,194413111208,194414330681,1219473,88,8388608
Uring,throughput,0,4,64,0,0,194413116317,194413160570,44252,23,8388608
Uring,throughput,0,4,64,0,0,194413117830,194413866869,749038,798,8388608
Uring,throughput,0,4,64,0,0,194413123045,194413564708,441662,26,8388608
Uring,throughput,0,4,64,0,0,194413125092,194414380429,1255336,20,8388608
Uring,throughput,0,4,64,0,0,194413131412,194413161993,30581,15,8388608
Uring,throughput,0,4,64,0,0,194413157638,194413695696,538058,18,8388608
Uring,throughput,0,4,64,0,0,194413160241,194414277518,1117276,73,8388608
Uring,throughput,0,4,64,0,0,194413160571,194413665603,505032,11,8388608
Uring,throughput,0,4,64,0,0,194413161995,194413402222,240226,2385,8388608
Uring,throughput,0,4,64,0,0,194413164730,194413883328,718597,87,8388608
Uring,throughput,0,4,64,0,0,194413169493,194413676599,507106,470,8388608
Uring,throughput,0,4,64,0,0,194413169841,194413805253,635411,15,8388608
Uring,throughput,0,4,64,0,0,194413170892,194413400892,230000,15,8388608
Uring,throughput,0,4,64,0,0,194413173369,194413371046,197677,90,8388608
Uring,throughput,0,4,64,0,0,194413194875,194418187715,4992840,19,8388608
Uring,throughput,0,4,64,0,0,194413195391,194414053538,858147,23,8388608
Uring,throughput,0,4,64,0,0,194413200064,194413232926,32862,21,8388608
Uring,throughput,0,4,64,0,0,194413209844,194413807437,597592,27,8388608
Uring,throughput,0,4,64,0,0,194413224159,194414941521,1717361,6102,8388608
Uring,throughput,0,4,64,0,0,194413225991,194414935656,1709664,146,8388608
Uring,throughput,0,4,64,0,0,194413232934,194413441766,208832,16,8388608
Uring,throughput,0,4,64,0,0,194413234689,194414241141,1006452,28,8388608
Uring,throughput,0,4,64,0,0,194413243635,194413450740,207104,28,8388608
Uring,throughput,0,4,64,0,0,194413245678,194413448830,203151,47,8388608
Uring,throughput,0,4,64,0,0,194413246090,194413870999,624908,95,8388608
Uring,throughput,0,4,64,0,0,194413246696,194414055845,809149,10,8388608
Uring,throughput,0,4,64,0,0,194413251454,194413870355,618900,1488,8388608
Uring,throughput,0,4,64,0,0,194413251686,194414079628,827941,109,8388608
Uring,throughput,0,4,64,0,0,194413253125,194413287137,34012,723,8388608
Uring,throughput,0,4,64,0,0,194413254487,194414091345,836857,51,8388608
Uring,throughput,0,4,64,0,0,194413255271,194414083602,828331,33,8388608
Uring,throughput,0,4,64,0,0,194413256489,194414068863,812374,17,8388608
Uring,throughput,0,4,64,0,0,194413261983,194413987459,725476,2245,8388608
Uring,throughput,0,4,64,0,0,194413278199,194413881304,603104,1683,8388608
Uring,throughput,0,4,64,0,0,194413279778,194414120762,840984,114,8388608
Uring,throughput,0,4,64,0,0,194413280793,194418364484,5083690,3908,8388608
Uring,throughput,0,4,64,0,0,194413287144,194414131406,844261,43,8388608
Uring,throughput,0,4,64,0,0,194413290095,194413980939,690844,22,8388608
Uring,throughput,0,4,64,0,0,194413301219,194413905629,604409,6300,8388608
Uring,throughput,0,4,64,0,0,194413307799,194414363059,1055259,20,8388608
Uring,throughput,0,4,64,0,0,194413310080,194415253189,1943108,67,8388608
Uring,throughput,0,4,64,0,0,194413311092,194414172041,860949,1275,8388608
Uring,throughput,0,4,64,0,0,194413312071,194413948326,636255,12,8388608
Uring,throughput,0,4,64,0,0,194413313140,194413791366,478226,30,8388608
Uring,throughput,0,4,64,0,0,194413314292,194414170524,856231,31,8388608
Uring,throughput,0,4,64,0,0,194413318208,194414182391,864182,42,8388608
Uring,throughput,0,4,64,0,0,194413334746,194414208043,873297,768,8388608
Uring,throughput,0,4,64,0,0,194413335867,194414070803,734935,30,8388608
Uring,throughput,0,4,64,0,0,194413339087,194413928749,589662,73,8388608
Uring,throughput,0,4,64,0,0,194413341144,194413929064,587919,25,8388608
Uring,throughput,0,4,64,0,0,194413346478,194413933987,587509,54,8388608
Uring,throughput,0,4,64,0,0,194413348452,194413499404,150952,8992,8388608
Uring,throughput,0,4,64,0,0,194413354826,194414958760,1603934,7628,8388608
Uring,throughput,0,4,64,0,0,194413362074,194414092481,730406,442,8388608
Uring,throughput,0,4,64,0,0,194413371099,194413501641,130541,36,8388608
Uring,throughput,0,4,64,0,0,194413373228,194413627393,254165,73,8388608
Uring,throughput,0,4,64,0,0,194413373913,194414102738,728825,1803,8388608
Uring,throughput,0,4,64,0,0,194413376330,194413907395,531065,24,8388608
Uring,throughput,0,4,64,0,0,194413385842,194414963496,1577653,72,8388608
Uring,throughput,0,4,64,0,0,194413386625,194414106166,719541,16,8388608
Uring,throughput,0,4,64,0,0,194413387363,194413519018,131655,10,8388608
Uring,throughput,0,4,64,0,0,194413388161,194413958505,570343,1655,8388608
Uring,throughput,0,4,64,0,0,194413392074,194415317070,1924995,19,8388608
Uring,throughput,0,4,64,0,0,194413396828,194414262400,865571,90,8388608
Uring,throughput,0,4,64,0,0,194413397266,194413540955,143688,18,8388608
Uring,throughput,0,4,64,0,0,194413399398,194414966252,1566854,3226,8388608
Uring,throughput,0,4,64,0,0,194413400899,194414458907,1058007,2557,8388608
Uring,throughput,0,4,64,0,0,194413402274,194414118360,716085,427,8388608
Uring,throughput,0,4,64,0,0,194413408029,194414302872,894842,19,8388608
Uring,throughput,0,4,64,0,0,194413409931,194414118740,708808,19,8388608
Uring,throughput,0,4,64,0,0,194413411758,194414314923,903164,1606,8388608
Uring,throughput,0,4,64,0,0,194413419179,194414327156,907977,1427,8388608
Uring,throughput,0,4,64,0,0,194413420629,194414601403,1180773,12,8388608
Uring,throughput,0,4,64,0,0,194413428542,194413801274,372732,23,8388608
Uring,throughput,0,4,64,0,0,194413431724,194413966613,534888,11,8388608
Uring,throughput,0,4,64,0,0,194413441774,194414320970,879195,3025,8388608
Uring,throughput,0,4,64,0,0,194413443761,194414163563,719802,27,8388608
Uring,throughput,0,4,64,0,0,194413448838,194414968524,1519686,7097,8388608
Uring,throughput,0,4,64,0,0,194413450747,194414169887,719139,18,8388608
Uring,throughput,0,4,64,0,0,194413453634,194413550090,96455,29,8388608
Uring,throughput,0,4,64,0,0,194413454787,194414019209,564421,86,8388608
Uring,throughput,0,4,64,0,0,194413457875,194414186591,728716,13,8388608
Uring,throughput,0,4,64,0,0,194413468087,194414388403,920316,1336,8388608
Uring,throughput,0,4,64,0,0,194413477286,194414519400,1042114,29,8388608
Uring,throughput,0,4,64,0,0,194413484937,194414023983,539045,200,8388608
Uring,throughput,0,4,64,0,0,194413486270,194414382888,896618,36,8388608
Uring,throughput,0,4,64,0,0,194413493553,194413563800,70247,17,8388608
Uring,throughput,0,4,64,0,0,194413493895,194414418673,924777,418,8388608
Uring,throughput,0,4,64,0,0,194413499428,194414243038,743609,22,8388608
Uring,throughput,0,4,64,0,0,194413501646,194414247882,746236,1522,8388608
Uring,throughput,0,4,64,0,0,194413503167,194414431612,928445,2126,8388608
Uring,throughput,0,4,64,0,0,194413504210,194414432346,928136,22,8388608
Uring,throughput,0,4,64,0,0,194413519026,194414270259,751232,9218,8388608
Uring,throughput,0,4,64,0,0,194413524132,194414607861,1083728,27,8388608
Uring,throughput,0,4,64,0,0,194413540979,194416751232,3210253,50,8388608
Uring,throughput,0,4,64,0,0,194413543209,194414080214,537005,37,8388608
Uring,throughput,0,4,64,0,0,194413543549,194414441746,898197,9,8388608
Uring,throughput,0,4,64,0,0,194413544342,194414267145,722803,31,8388608
Uring,throughput,0,4,64,0,0,194413550109,194414975466,1425357,11,8388608
Uring,throughput,0,4,64,0,0,194413554518,194414352722,798203,2136,8388608
Uring,throughput,0,4,64,0,0,194413555027,194414292316,737289,44,8388608
Uring,throughput,0,4,64,0,0,194413563808,194415258936,1695128,86,8388608
Uring,throughput,0,4,64,0,0,194413564711,194414025647,460936,15,8388608
Uring,throughput,0,4,64,0,0,194413571152,194416429896,2858744,51,8388608
Uring,throughput,0,4,64,0,0,194413571777,194413622833,51055,567,8388608
Uring,throughput,0,4,64,0,0,194413579131,194414234964,655832,61,8388608
Uring,throughput,0,4,64,0,0,194413581792,194414102650,520857,17,8388608
Uring,throughput,0,4,64,0,0,194413584194,194414299616,715422,30,8388608
Uring,throughput,0,4,64,0,0,194413588485,194419185686,5597200,87,8388608
Uring,throughput,0,4,64,0,0,194413597582,194414094519,496937,27,8388608
Uring,throughput,0,4,64,0,0,194413603561,194414547400,943839,827,8388608
Uring,throughput,0,4,64,0,0,194413605086,194414339015,733928,2055,8388608
Uring,throughput,0,4,64,0,0,194413606593,194414549683,943090,107,8388608
Uring,throughput,0,4,64,0,0,194413609297,194415005338,1396040,909,8388608
Uring,throughput,0,4,64,0,0,194413613828,194414141432,527603,3199,8388608
Uring,throughput,0,4,64,0,0,194413615993,194414139850,523856,114,8388608
Uring,throughput,0,4,64,0,0,194413617404,194414615178,997774,24,8388608
Uring,throughput,0,4,64,0,0,194413619948,194414184103,564155,1879,8388608
Uring,throughput,0,4,64,0,0,194413621549,194414102223,480674,1637,8388608
Uring,throughput,0,4,64,0,0,194413621759,194415095093,1473334,103,8388608
Uring,throughput,0,4,64,0,0,194413622838,194414566905,944066,66,8388608
Uring,throughput,0,4,64,0,0,194413624487,194415008573,1384085,58,8388608
Uring,throughput,0,4,64,0,0,194413626849,194414563549,936700,51,8388608
Uring,throughput,0,4,64,0,0,194413627402,194414323221,695819,35,8388608
Uring,throughput,0,4,64,0,0,194413627754,194417712253,4084499,4394,8388608
Uring,throughput,0,4,64,0,0,194413629753,194413666268,36514,670,8388608
Uring,throughput,0,4,64,0,0,194413632093,194414003097,371003,14,8388608
Uring,throughput,0,4,64,0,0,194413634411,194415008000,1373589,636,8388608
Uring,throughput,0,4,64,0,0,194413637459,194414583777,946318,18,8388608
Uring,throughput,0,4,64,0,0,194413644092,194414553315,909222,33,8388608
Uring,throughput,0,4,64,0,0,194413644482,194414334033,689551,2171,8388608
Uring,throughput,0,4,64,0,0,194413648221,194414196818,548597,338,8388608
Uring,throughput,0,4,64,0,0,194413652209,194414554224,902014,1066,8388608
Uring,throughput,0,4,64,0,0,194413665612,194413696905,31292,484,8388608
Uring,throughput,0,4,64,0,0,194413666291,194414296050,629759,39,8388608
Uring,throughput,0,4,64,0,0,194413671937,194414289726,617788,41,8388608
Uring,throughput,0,4,64,0,0,194413676606,194414647293,970687,35,8388608
Uring,throughput,0,4,64,0,0,194413678479,194414222605,544126,17,8388608
Uring,throughput,0,4,64,0,0,194413680686,194414347239,666552,21,8388608
Uring,throughput,0,4,64,0,0,194413680971,194414631267,950295,15,8388608
Uring,throughput,0,4,64,0,0,194413688140,194415081682,1393541,1990,8388608
Uring,throughput,0,4,64,0,0,194413693064,194414637095,944030,39,8388608
Uring,throughput,0,4,64,0,0,194413695704,194413740190,44486,2535,8388608
Uring,throughput,0,4,64,0,0,194413696911,194413724118,27206,39,8388608
Uring,throughput,0,4,64,0,0,194413700574,194414643442,942868,86,8388608
Uring,throughput,0,4,64,0,0,194413710377,194414219395,509018,62,8388608
Uring,throughput,0,4,64,0,0,194413715029,194414904117,1189088,1631,8388608
Uring,throughput,0,4,64,0,0,194413724125,194413754418,30293,19,8388608
Uring,throughput,0,4,64,0,0,194413732993,194413779736,46742,2416,8388608
Uring,throughput,0,4,64,0,0,194413740274,194413787800,47525,53,8388608
Uring,throughput,0,4,64,0,0,194413741053,194414234082,493028,14,8388608
Uring,throughput,0,4,64,0,0,194413754425,194415116450,1362024,4780,8388608
Uring,throughput,0,4,64,0,0,194413759272,194414701696,942423,3252,8388608
Uring,throughput,0,4,64,0,0,194413759963,194414272531,512567,28,8388608
Uring,throughput,0,4,64,0,0,194413764147,194414244818,480670,2244,8388608
Uring,throughput,0,4,64,0,0,194413768404,194415118440,1350036,3934,8388608
Uring,throughput,0,4,64,0,0,194413769934,194414410131,640197,97,8388608
Uring,throughput,0,4,64,0,0,194413779744,194414416407,636663,231,8388608
Uring,throughput,0,4,64,0,0,194413785643,194413861473,75830,35,8388608
Uring,throughput,0,4,64,0,0,194413787803,194414421705,633902,48,8388608
Uring,throughput,0,4,64,0,0,194413791374,194415215543,1424169,126,8388608
Uring,throughput,0,4,64,0,0,194413801281,194414429531,628249,564,8388608
Uring,throughput,0,4,64,0,0,194413805261,194418440763,4635501,4688,8388608
Uring,throughput,0,4,64,0,0,194413807445,194414433227,625781,85,8388608
Uring,throughput,0,4,64,0,0,194413810100,194414264339,454239,44,8388608
Uring,throughput,0,4,64,0,0,194413820541,194415178863,1358322,63,8388608
Uring,throughput,0,4,64,0,0,194413822081,194414684678,862597,22,8388608
Uring,throughput,0,4,64,0,0,194413823475,194415203094,1379618,12,8388608
Uring,throughput,0,4,64,0,0,194413827515,194415198319,1370804,1651,8388608
Uring,throughput,0,4,64,0,0,194413829021,194414557787,728766,172,8388608
Uring,throughput,0,4,64,0,0,194413837820,194414898208,1060387,69,8388608
Uring,throughput,0,4,64,0,0,194413841952,194414506661,664708,91,8388608
Uring,throughput,0,4,64,0,0,194413843266,194415212114,1368847,67,8388608
Uring,throughput,0,4,64,0,0,194413850998,194417576949,3725950,120,8388608
Uring,throughput,0,4,64,0,0,194413852422,194418498981,4646558,82,8388608
Uring,throughput,0,4,64,0,0,194413861478,194414701351,839872,13,8388608
Uring,throughput,0,4,64,0,0,194413866875,194414951660,1084784,71,8388608
Uring,throughput,0,4,64,0,0,194413870361,194414805921,935559,15,8388608
Uring,throughput,0,4,64,0,0,194413871059,194414172554,301495,543,8388608
Uring,throughput,0,4,64,0,0,194413881311,194413914522,33210,24,8388608
Uring,throughput,0,4,64,0,0,194413883336,194414289045,405708,22,8388608
Uring,throughput,0,4,64,0,0,194413900679,194414849176,948496,19,8388608
Uring,throughput,0,4,64,0,0,194413904981,194414448488,543506,1040,8388608
Uring,throughput,0,4,64,0,0,194413905636,194414849764,944128,21,8388608
Uring,throughput,0,4,64,0,0,194413907401,194415256023,1348622,5161,8388608
Uring,throughput,0,4,64,0,0,194413910826,194414314695,403869,1925,8388608
Uring,throughput,0,4,64,0,0,194413911156,194414513884,602727,127,8388608
Uring,throughput,0,4,64,0,0,194413914529,194414981538,1067009,35,8388608
Uring,throughput,0,4,64,0,0,194413928756,194414861205,932448,18,8388608
Uring,throughput,0,4,64,0,0,194413929069,194413957790,28721,840,8388608
Uring,throughput,0,4,64,0,0,194413934050,194414550441,616391,39,8388608
Uring,throughput,0,4,64,0,0,194413948335,194414540319,591984,22,8388608
Uring,throughput,0,4,64,0,0,194413957797,194413986102,28305,42,8388608
Uring,throughput,0,4,64,0,0,194413958513,194414884057,925543,44,8388608
Uring,throughput,0,4,64,0,0,194413961520,194414534692,573171,20,8388608
Uring,throughput,0,4,64,0,0,194413962535,194415195812,1233276,588,8388608
Uring,throughput,0,4,64,0,0,194413966620,194415775334,1808714,70,8388608
Uring,throughput,0,4,64,0,0,194413981123,194414722924,741801,38,8388608
Uring,throughput,0,4,64,0,0,194413986131,194414639555,653423,17,8388608
Uring,throughput,0,4,64,0,0,194413987463,194414364586,377122,32,8388608
Uring,throughput,0,4,64,0,0,194413998927,194414813850,814922,45,8388608
Uring,throughput,0,4,64,0,0,194414003105,194415001059,997954,2002,8388608
Uring,throughput,0,4,64,0,0,194414019217,194414934615,915398,28,8388608
Uring,throughput,0,4,64,0,0,194414023991,194414939195,915204,2962,8388608
Uring,throughput,0,4,64,0,0,194414025651,194414071906,46254,1330,8388608
Uring,throughput,0,4,64,0,0,194414025881,194415293277,1267396,1246,8388608
Uring,throughput,0,4,64,0,0,194414027592,194414608124,580532,83,8388608
Uring,throughput,0,4,64,0,0,194414028653,194414605329,576675,117,8388608
Uring,throughput,0,4,64,0,0,194414035537,194414230152,194615,786,8388608
Uring,throughput,0,4,64,0,0,194414053546,194414454017,400470,685,8388608
Uring,throughput,0,4,64,0,0,194414055852,194414955845,899993,33,8388608
Uring,throughput,0,4,64,0,0,194414068870,194414973934,905063,2202,8388608
Uring,throughput,0,4,64,0,0,194414070703,194414635957,565254,80,8388608
Uring,throughput,0,4,64,0,0,194414070810,194418450751,4379941,27,8388608
Uring,throughput,0,4,64,0,0,194414071909,194414975286,903376,31,8388608
Uring,throughput,0,4,64,0,0,194414079680,194415955274,1875594,705,8388608
Uring,throughput,0,4,64,0,0,194414080223,194418581870,4501646,4819,8388608
Uring,throughput,0,4,64,0,0,194414083634,194415326387,1242753,1053,8388608
Uring,throughput,0,4,64,0,0,194414085191,194415444371,1359179,252,8388608
Uring,throughput,0,4,64,0,0,194414087418,194414417231,329813,32,8388608
Uring,throughput,0,4,64,0,0,194414091353,194414169448,78094,3041,8388608
Uring,throughput,0,4,64,0,0,194414091630,194415458469,1366838,28,8388608
Uring,throughput,0,4,64,0,0,194414092484,194414613776,521292,2148,8388608
Uring,throughput,0,4,64,0,0,194414094524,194414990244,895720,46,8388608
Uring,throughput,0,4,64,0,0,194414097227,194414677848,580620,663,8388608
Uring,throughput,0,4,64,0,0,194414102228,194414819960,717731,22,8388608
Uring,throughput,0,4,64,0,0,194414102654,194414506840,404185,43,8388608
Uring,throughput,0,4,64,0,0,194414102740,194414686226,583485,12,8388608
Uring,throughput,0,4,64,0,0,194414106169,194414297460,191290,18,8388608
Uring,throughput,0,4,64,0,0,194414118368,194414313234,194866,90,8388608
Uring,throughput,0,4,64,0,0,194414118745,194414863840,745095,18,8388608
Uring,throughput,0,4,64,0,0,194414120765,194415010407,889641,3512,8388608
Uring,throughput,0,4,64,0,0,194414131413,194415518059,1386645,15,8388608
Uring,throughput,0,4,64,0,0,194414139856,194415020824,880968,2332,8388608
Uring,throughput,0,4,64,0,0,194414141438,194414723925,582487,18,8388608
Uring,throughput,0,4,64,0,0,194414149022,194418706550,4557527,18,8388608
Uring,throughput,0,4,64,0,0,194414163570,194418542454,4378884,4197,8388608
Uring,throughput,0,4,64,0,0,194414167316,194414560346,393030,30,8388608
Uring,throughput,0,4,64,0,0,194414169451,194416602274,2432822,11,8388608
Uring,throughput,0,4,64,0,0,194414169893,194414567415,397521,875,8388608
Uring,throughput,0,4,64,0,0,194414170530,194414994688,824158,16,8388608
Uring,throughput,0,4,64,0,0,194414172063,194415023185,851121,14,8388608
Uring,throughput,0,4,64,0,0,194414172576,194414271776,99200,14,8388608
Uring,throughput,0,4,64,0,0,194414182398,194415540311,1357913,1776,8388608
Uring,throughput,0,4,64,0,0,194414184107,194414233634,49527,80,8388608
Uring,throughput,0,4,64,0,0,194414186612,194415047046,860433,219,8388608
Uring,throughput,0,4,64,0,0,194414187200,194414305461,118261,18,8388608
Uring,throughput,0,4,64,0,0,194414196825,194414326261,129435,55,8388608
Uring,throughput,0,4,64,0,0,194414208050,194414923985,715935,60,8388608
Uring,throughput,0,4,64,0,0,194414215427,194418543936,4328508,3986,8388608
Uring,throughput,0,4,64,0,0,194414219399,194415516412,1297012,13,8388608
Uring,throughput,0,4,64,0,0,194414222613,194415160685,938072,34,8388608
Uring,throughput,0,4,64,0,0,194414230159,194415092146,861986,18,8388608
Uring,throughput,0,4,64,0,0,194414233638,194414307892,74253,17,8388608
Uring,throughput,0,4,64,0,0,194414234085,194414613231,379146,14,8388608
Uring,throughput,0,4,64,0,0,194414234972,194418554578,4319606,3259,8388608
Uring,throughput,0,4,64,0,0,194414241149,194416786294,2545145,4019,8388608
Uring,throughput,0,4,64,0,0,194414243043,194415122268,879224,35,8388608
Uring,throughput,0,4,64,0,0,194414244821,194414335336,90515,14,8388608
Uring,throughput,0,4,64,0,0,194414245848,194415563150,1317302,55,8388608
Uring,throughput,0,4,64,0,0,194414247888,194415292168,1044279,17,8388608
Uring,throughput,0,4,64,0,0,194414262406,194414497648,235242,742,8388608
Uring,throughput,0,4,64,0,0,194414264367,194415710530,1446162,835431,8388608
Uring,throughput,0,4,64,0,0,194414267150,194415199543,932393,714,8388608
Uring,throughput,0,4,64,0,0,194414270264,194415107694,837429,13,8388608
Uring,throughput,0,4,64,0,0,194414271779,194414395203,123424,16,8388608
Uring,throughput,0,4,64,0,0,194414272552,194418171975,3899423,3271,8388608
Uring,throughput,0,4,64,0,0,194414277524,194416372138,2094613,4397,8388608
Uring,throughput,0,4,64,0,0,194414278414,194414866995,588580,1636,8388608
Uring,throughput,0,4,64,0,0,194414289066,194415124859,835792,3344,8388608
Uring,throughput,0,4,64,0,0,194414289731,194415636785,1347053,3547,8388608
Uring,throughput,0,4,64,0,0,194414292321,194415378153,1085832,137,8388608
Uring,throughput,0,4,64,0,0,194414296057,194416590891,2294833,32,8388608
Uring,throughput,0,4,64,0,0,194414297468,194415341323,1043854,1716,8388608
Uring,throughput,0,4,64,0,0,194414299621,194414899188,599567,14,8388608
Uring,throughput,0,4,64,0,0,194414302932,194415231394,928462,51,8388608
Uring,throughput,0,4,64,0,0,194414305464,194415134294,828830,2249,8388608
Uring,throughput,0,4,64,0,0,194414307904,194414915035,607130,2205,8388608
Uring,throughput,0,4,64,0,0,194414313240,194415540104,1226863,1631,8388608
Uring,throughput,0,4,64,0,0,194414314699,194414693310,378611,190,8388608
Uring,throughput,0,4,64,0,0,194414314926,194414708438,393512,16,8388608
Uring,throughput,0,4,64,0,0,194414319115,194414406104,86988,2213,8388608
Uring,throughput,0,4,64,0,0,194414320975,194415492216,1171241,43,8388608
Uring,throughput,0,4,64,0,0,194414323226,194415148044,824818,24,8388608
Uring,throughput,0,4,64,0,0,194414325788,194415803297,1477508,15,8388608
Uring,throughput,0,4,64,0,0,194414326269,194415127176,800907,20,8388608
Uring,throughput,0,4,64,0,0,194414327159,194414937223,610063,61,8388608
Uring,throughput,0,4,64,0,0,194414330689,194414881446,550756,36,8388608
Uring,throughput,0,4,64,0,0,194414334039,194415102407,768368,11,8388608
Uring,throughput,0,4,64,0,0,194414335340,194414410486,75146,37,8388608
Uring,throughput,0,4,64,0,0,194414339021,194414832757,493736,25,8388608
Uring,throughput,0,4,64,0,0,194414340944,194415911363,1570419,12,8388608
Uring,throughput,0,4,64,0,0,194414347244,194415905695,1558450,23,8388608
Uring,throughput,0,4,64,0,0,194414352728,194414969030,616302,32,8388608
Uring,throughput,0,4,64,0,0,194414363068,194415206252,843184,21,8388608
Uring,throughput,0,4,64,0,0,194414364590,194414585828,221237,12,8388608
Uring,throughput,0,4,64,0,0,194414366814,194414753043,386228,1441,8388608
Uring,throughput,0,4,64,0,0,194414380435,194415656820,1276385,2151,8388608
Uring,throughput,0,4,64,0,0,194414382894,194414734036,351142,14,8388608
Uring,throughput,0,4,64,0,0,194414388408,194414764969,376561,20,8388608
Uring,throughput,0,4,64,0,0,194414395210,194415200815,805605,1476,8388608
Uring,throughput,0,4,64,0,0,194414406109,194415205368,799259,23,8388608
Uring,throughput,0,4,64,0,0,194414410135,194414923150,513015,2299,8388608
Uring,throughput,0,4,64,0,0,194414410489,194414786449,375960,427,8388608
Uring,throughput,0,4,64,0,0,194414416410,194414911492,495081,12,8388608
Uring,throughput,0,4,64,0,0,194414417240,194414477955,60715,36,8388608
Uring,throughput,0,4,64,0,0,194414418676,194416109692,1691015,33,8388608
Uring,throughput,0,4,64,0,0,194414421714,194415225453,803738,6746,8388608
Uring,throughput,0,4,64,0,0,194414429539,194414862169,432630,35,8388608
Uring,throughput,0,4,64,0,0,194414431616,194415287087,855471,22,8388608
Uring,throughput,0,4,64,0,0,194414432349,194415073960,641610,2991,8388608
Uring,throughput,0,4,64,0,0,194414433229,194417576839,3143610,3771,8388608
Uring,throughput,0,4,64,0,0,194414441755,194415004792,563036,35,8388608
Uring,throughput,0,4,64,0,0,194414448496,194415702391,1253895,23,8388608
Uring,throughput,0,4,64,0,0,194414454022,194414986510,532488,78,8388608
Uring,throughput,0,4,64,0,0,194414458911,194414814812,355901,61,8388608
Uring,throughput,0,4,64,0,0,194414468993,194415276786,807792,61,8388608
Uring,throughput,0,4,64,0,0,194414477962,194415120098,642135,1401,8388608
Uring,throughput,0,4,64,0,0,194414487419,194415707704,1220284,22,8388608
Uring,throughput,0,4,64,0,0,194414494318,194414837896,343578,19,8388608
Uring,throughput,0,4,64,0,0,194414497666,194414535956,38290,20,8388608
Uring,throughput,0,4,64,0,0,194414501335,194418595581,4094246,29,8388608
Uring,throughput,0,4,64,0,0,194414506665,194415149719,643054,503,8388608
Uring,throughput,0,4,64,0,0,194414506868,194415283410,776542,2857,8388608
Uring,throughput,0,4,64,0,0,194414513890,194415285683,771792,137,8388608
Uring,throughput,0,4,64,0,0,194414519405,194414843849,324443,756,8388608
Uring,throughput,0,4,64,0,0,194414526120,194415761191,1235070,16,8388608
Uring,throughput,0,4,64,0,0,194414526227,194416837745,2311517,35,8388608
Uring,throughput,0,4,64,0,0,194414528270,194415718307,1190036,44,8388608
Uring,throughput,0,4,64,0,0,194414534698,194414867884,333186,15,8388608
Uring,throughput,0,4,64,0,0,194414535962,194415643554,1107591,21,8388608
Uring,throughput,0,4,64,0,0,194414540327,194415069176,528849,3233,8388608
Uring,throughput,0,4,64,0,0,194414544885,194418790369,4245484,57,8388608
Uring,throughput,0,4,64,0,0,194414547357,194415867131,1319773,58,8388608
Uring,throughput,0,4,64,0,0,194414547406,194415305650,758243,15,8388608
Uring,throughput,0,4,64,0,0,194414549690,194415307819,758129,52,8388608
Uring,throughput,0,4,64,0,0,194414550445,194415192489,642044,633,8388608
Uring,throughput,0,4,64,0,0,194414553320,194414601964,48644,794,8388608
Uring,throughput,0,4,64,0,0,194414554227,194415311755,757528,14,8388608
Uring,throughput,0,4,64,0,0,194414557794,194415313852,756058,412,8388608
Uring,throughput,0,4,64,0,0,194414560352,194415837212,1276859,1223,8388608
Uring,throughput,0,4,64,0,0,194414563553,194414661086,97532,428,8388608
Uring,throughput,0,4,64,0,0,194414566910,194414759368,192457,68,8388608
Uring,throughput,0,4,64,0,0,194414567422,194414896079,328657,27,8388608
Uring,throughput,0,4,64,0,0,194414583784,194416311793,1728009,3011,8388608
Uring,throughput,0,4,64,0,0,194414585835,194415563367,977531,2615,8388608
Uring,throughput,0,4,64,0,0,194414601409,194415142424,541015,93,8388608
Uring,throughput,0,4,64,0,0,194414601971,194415213405,611434,75,8388608
Uring,throughput,0,4,64,0,0,194414605333,194414932354,327020,14,8388608
Uring,throughput,0,4,64,0,0,194414607867,194417615199,3007331,3269,8388608
Uring,throughput,0,4,64,0,0,194414608150,194414944213,336063,2362,8388608
Uring,throughput,0,4,64,0,0,194414613240,194415354427,741186,2132,8388608
Uring,throughput,0,4,64,0,0,194414613786,194414940454,326668,246,8388608
Uring,throughput,0,4,64,0,0,194414615185,194414809504,194318,45,8388608
Uring,throughput,0,4,64,0,0,194414616279,194416108698,1492419,27,8388608
Uring,throughput,0,4,64,0,0,194414631274,194416434050,1802775,47,8388608
Uring,throughput,0,4,64,0,0,194414635965,194414702964,66999,500,8388608
Uring,throughput,0,4,64,0,0,194414637102,194415371541,734439,22,8388608
Uring,throughput,0,4,64,0,0,194414639562,194415283592,644029,2106,8388608
Uring,throughput,0,4,64,0,0,194414640226,194414975338,335112,613,8388608
Uring,throughput,0,4,64,0,0,194414643448,194415842141,1198693,1174,8388608
Uring,throughput,0,4,64,0,0,194414647296,194416892515,2245219,15,8388608
Uring,throughput,0,4,64,0,0,194414652676,194415674111,1021435,30,8388608
Uring,throughput,0,4,64,0,0,194414661092,194414700918,39825,36,8388608
Uring,throughput,0,4,64,0,0,194414677854,194415199571,521717,21,8388608
Uring,throughput,0,4,64,0,0,194414684683,194416584195,1899512,2641,8388608
Uring,throughput,0,4,64,0,0,194414686234,194415207575,521341,35,8388608
Uring,throughput,0,4,64,0,0,194414693314,194415016321,323006,25,8388608
Uring,throughput,0,4,64,0,0,194414700924,194415024302,323377,21,8388608
Uring,throughput,0,4,64,0,0,194414701358,194416572136,1870778,5563,8388608
Uring,throughput,0,4,64,0,0,194414701703,194416235831,1534127,16,8388608
Uring,throughput,0,4,64,0,0,194414702967,194414821080,118113,10,8388608
Uring,throughput,0,4,64,0,0,194414708445,194415420359,711913,18,8388608
Uring,throughput,0,4,64,0,0,194414708978,194418617595,3908617,45,8388608
Uring,throughput,0,4,64,0,0,194414719110,194415890637,1171526,2181,8388608
Uring,throughput,0,4,64,0,0,194414722929,194416587737,1864807,4890,8388608
Uring,throughput,0,4,64,0,0,194414723932,194415893118,1169186,18,8388608
Uring,throughput,0,4,64,0,0,194414734088,194415439217,705128,2229,8388608
Uring,throughput,0,4,64,0,0,194414745723,194418618277,3872554,58,8388608
Uring,throughput,0,4,64,0,0,194414753049,194415954301,1201251,50,8388608
Uring,throughput,0,4,64,0,0,194414759372,194416188100,1428728,3411,8388608
Uring,throughput,0,4,64,0,0,194414764178,194414875347,111168,843,8388608
Uring,throughput,0,4,64,0,0,194414764973,194415941680,1176707,101,8388608
Uring,throughput,0,4,64,0,0,194414786454,194415762225,975771,33,8388608
Uring,throughput,0,4,64,0,0,194414799575,194416708394,1908819,19,8388608
Uring,throughput,0,4,64,0,0,194414801958,194415777088,975130,12,8388608
Uring,throughput,0,4,64,0,0,194414806039,194415279029,472990,52,8388608
Uring,throughput,0,4,64,0,0,194414809509,194415895514,1086005,2005,8388608
Uring,throughput,0,4,64,0,0,194414813856,194415756108,942252,656,8388608
Uring,throughput,0,4,64,0,0,194414814402,194416391053,1576650,112,8388608
Uring,throughput,0,4,64,0,0,194414814816,194415150147,335330,21,8388608
Uring,throughput,0,4,64,0,0,194414817981,194415158565,340583,2129,8388608
Uring,throughput,0,4,64,0,0,194414819963,194415314795,494831,156,8388608
Uring,throughput,0,4,64,0,0,194414821083,194415194835,373751,19,8388608
Uring,throughput,0,4,64,0,0,194414826167,194416210812,1384644,70,8388608
Uring,throughput,0,4,64,0,0,194414832780,194415139161,306381,21,8388608
Uring,throughput,0,4,64,0,0,194414834322,194416388172,1553849,22,8388608
Uring,throughput,0,4,64,0,0,194414837903,194415836845,998941,134,8388608
Uring,throughput,0,4,64,0,0,194414843856,194414923123,79267,68,8388608
Uring,throughput,0,4,64,0,0,194414848208,194418644292,3796083,19,8388608
Uring,throughput,0,4,64,0,0,194414849183,194417495756,2646572,4936,8388608
Uring,throughput,0,4,64,0,0,194414849783,194417280709,2430926,12,8388608
Uring,throughput,0,4,64,0,0,194414861214,194416681736,1820521,2268,8388608
Uring,throughput,0,4,64,0,0,194414862178,194415202416,340238,24,8388608
Uring,throughput,0,4,64,0,0,194414863849,194415924768,1060919,3728,8388608
Uring,throughput,0,4,64,0,0,194414867056,194415532538,665482,63,8388608
Uring,throughput,0,4,64,0,0,194414867527,194416610755,1743227,155,8388608
Uring,throughput,0,4,64,0,0,194414867886,194415537189,669303,4014,8388608
Uring,throughput,0,4,64,0,0,194414875355,194415641073,765717,57,8388608
Uring,throughput,0,4,64,0,0,194414881474,194415725663,844189,2828,8388608
Uring,throughput,0,4,64,0,0,194414884063,194414980436,96372,27,8388608
Uring,throughput,0,4,64,0,0,194414884514,194416136873,1252359,12,8388608
Uring,throughput,0,4,64,0,0,194414889293,194418694437,3805143,22,8388608
Uring,throughput,0,4,64,0,0,194414896087,194415428599,532511,105,8388608
Uring,throughput,0,4,64,0,0,194414898216,194416628678,1730462,26,8388608
Uring,throughput,0,4,64,0,0,194414899192,194415553895,654702,2169,8388608
Uring,throughput,0,4,64,0,0,194414901254,194416628614,1727360,73,8388608
Uring,throughput,0,4,64,0,0,194414904122,194415781022,876899,17,8388608
Uring,throughput,0,4,64,0,0,194414911496,194416711765,1800268,3205,8388608
Uring,throughput,0,4,64,0,0,194414915042,194415777275,862233,74,8388608
Uring,throughput,0,4,64,0,0,194414923130,194415032350,109219,96,8388608
Uring,throughput,0,4,64,0,0,194414923157,194415553845,630687,49,8388608
Uring,throughput,0,4,64,0,0,194414923989,194415059890,135901,53,8388608
Uring,throughput,0,4,64,0,0,194414932362,194416423064,1490701,1321,8388608
Uring,throughput,0,4,64,0,0,194414934623,194415044457,109833,1052,8388608
Uring,throughput,0,4,64,0,0,194414935660,194416103914,1168254,45,8388608
Uring,throughput,0,4,64,0,0,194414937230,194415958138,1020907,24,8388608
Uring,throughput,0,4,64,0,0,194414939204,194415573308,634103,17,8388608
Uring,throughput,0,4,64,0,0,194414940462,194416458812,1518349,23,8388608
Uring,throughput,0,4,64,0,0,194414941529,194415782457,840927,26,8388608
Uring,throughput,0,4,64,0,0,194414944286,194415304030,359744,25,8388608
Uring,throughput,0,4,64,0,0,194414951666,194415132706,181040,32,8388608
Uring,throughput,0,4,64,0,0,194414955871,194416168945,1213073,3183,8388608
Uring,throughput,0,4,64,0,0,194414958767,194415593425,634657,322,8388608
Uring,throughput,0,4,64,0,0,194414963501,194415369711,406209,2874,8388608
Uring,throughput,0,4,64,0,0,194414966256,194416054770,1088513,130,8388608
Uring,throughput,0,4,64,0,0,194414968533,194416143353,1174820,25,8388608
Uring,throughput,0,4,64,0,0,194414969034,194415309910,340875,19,8388608
Uring,throughput,0,4,64,0,0,194414973942,194415333851,359909,39,8388608
Uring,throughput,0,4,64,0,0,194414975292,194415079692,104399,19,8388608
Uring,throughput,0,4,64,0,0,194414975340,194415339029,363689,12,8388608
Uring,throughput,0,4,64,0,0,194414975487,194416723439,1747952,3854,8388608
Uring,throughput,0,4,64,0,0,194414980444,194416607902,1627457,1301,8388608
Uring,throughput,0,4,64,0,0,194414981545,194415613254,631708,3496,8388608
Uring,throughput,0,4,64,0,0,194414986518,194415438082,451564,25,8388608
Uring,throughput,0,4,64,0,0,194414990251,194416132923,1142672,3576,8388608
Uring,throughput,0,4,64,0,0,194414994859,194416755375,1760516,5303,8388608
Uring,throughput,0,4,64,0,0,194415001066,194416055348,1054281,23,8388608
Uring,throughput,0,4,64,0,0,194415004799,194415532521,527721,633,8388608
Uring,throughput,0,4,64,0,0,194415005342,194416096782,1091439,13,8388608
Uring,throughput,0,4,64,0,0,194415008022,194415632889,624867,251,8388608
Uring,throughput,0,4,64,0,0,194415008575,194415391959,383383,1119,8388608
Uring,throughput,0,4,64,0,0,194415010415,194415636526,626111,110,8388608
Uring,throughput,0,4,64,0,0,194415016329,194416355015,1338686,2214,8388608
Uring,throughput,0,4,64,0,0,194415020830,194415411503,390673,42,8388608
Uring,throughput,0,4,64,0,0,194415023190,194415641044,617853,16,8388608
Uring,throughput,0,4,64,0,0,194415024309,194416769174,1744864,1164,8388608
Uring,throughput,0,4,64,0,0,194415032354,194415690060,657705,6407,8388608
Uring,throughput,0,4,64,0,0,194415044463,194415081754,37290,17,8388608
Uring,throughput,0,4,64,0,0,194415047056,194415665853,618797,1140,8388608
Uring,throughput,0,4,64,0,0,194415059897,194416413424,1353527,2802,8388608
Uring,throughput,0,4,64,0,0,194415069182,194415665149,595967,18,8388608
Uring,throughput,0,4,64,0,0,194415073966,194415486694,412728,21,8388608
Uring,throughput,0,4,64,0,0,194415079698,194415593222,513523,25,8388608
Uring,throughput,0,4,64,0,0,194415081686,194415692484,610798,16,8388608
Uring,throughput,0,4,64,0,0,194415081760,194416424871,1343111,13,8388608
Uring,throughput,0,4,64,0,0,194415092175,194415519273,427098,23,8388608
Uring,throughput,0,4,64,0,0,194415095100,194416050636,955536,26,8388608
Uring,throughput,0,4,64,0,0,194415102415,194415531183,428768,47,8388608
Uring,throughput,0,4,64,0,0,194415107701,194415367215,259514,73,8388608
Uring,throughput,0,4,64,0,0,194415116457,194415554610,438153,26,8388608
Uring,throughput,0,4,64,0,0,194415118448,194415554345,435897,80,8388608
Uring,throughput,0,4,64,0,0,194415120142,194415676238,556095,29,8388608
Uring,throughput,0,4,64,0,0,194415122272,194417304544,2182271,9075,8388608
Uring,throughput,0,4,64,0,0,194415122305,194415725331,603025,2019,8388608
Uring,throughput,0,4,64,0,0,194415124864,194417482718,2357854,18,8388608
Uring,throughput,0,4,64,0,0,194415127185,194415564905,437719,3017,8388608
Uring,throughput,0,4,64,0,0,194415132711,194416147888,1015176,1705,8388608
Uring,throughput,0,4,64,0,0,194415134303,194415167547,33244,183,8388608
Uring,throughput,0,4,64,0,0,194415139167,194415914495,775327,780,8388608
Uring,throughput,0,4,64,0,0,194415142483,194415192912,50429,885,8388608
Uring,throughput,0,4,64,0,0,194415148048,194416814864,1666816,16,8388608
Uring,throughput,0,4,64,0,0,194415149727,194415954600,804873,38,8388608
Uring,throughput,0,4,64,0,0,194415150152,194416472266,1322114,2594,8388608
Uring,throughput,0,4,64,0,0,194415158591,194416450266,1291674,21,8388608
Uring,throughput,0,4,64,0,0,194415160691,194416142136,981445,43,8388608
Uring,throughput,0,4,64,0,0,194415167553,194416081691,914137,23,8388608
Uring,throughput,0,4,64,0,0,194415178869,194415391614,212745,2652,8388608
Uring,throughput,0,4,64,0,0,194415192497,194415479993,287496,16,8388608
Uring,throughput,0,4,64,0,0,194415192919,194415783398,590478,35,8388608
Uring,throughput,0,4,64,0,0,194415194872,194415644996,450124,2608,8388608
Uring,throughput,0,4,64,0,0,194415195814,194416970483,1774669,14,8388608
Uring,throughput,0,4,64,0,0,194415198327,194416529210,1330882,54,8388608
Uring,throughput,0,4,64,0,0,194415199546,194415265068,65521,13,8388608
Uring,throughput,0,4,64,0,0,194415199574,194416305416,1105842,46,8388608
Uring,throughput,0,4,64,0,0,194415200818,194416039990,839171,25,8388608
Uring,throughput,0,4,64,0,0,194415202420,194415396868,194447,1462,8388608
Uring,throughput,0,4,64,0,0,194415203096,194416514711,1311614,57,8388608
Uring,throughput,0,4,64,0,0,194415205458,194415946930,741472,74,8388608
Uring,throughput,0,4,64,0,0,194415206254,194415797330,591076,1807,8388608
Uring,throughput,0,4,64,0,0,194415207579,194415662266,454687,2591,8388608
Uring,throughput,0,4,64,0,0,194415212119,194416529839,1317720,15,8388608
Uring,throughput,0,4,64,0,0,194415213413,194415663181,449768,116,8388608
Uring,throughput,0,4,64,0,0,194415215551,194415414321,198770,572,8388608
Uring,throughput,0,4,64,0,0,194415225461,194415812108,586647,25,8388608
Uring,throughput,0,4,64,0,0,194415231401,194418214778,2983377,6058,8388608
Uring,throughput,0,4,64,0,0,194415232145,194415416929,184783,20,8388608
Uring,throughput,0,4,64,0,0,194415253197,194415933128,679930,2281,8388608
Uring,throughput,0,4,64,0,0,194415256031,194417998328,2742296,43,8388608
Uring,throughput,0,4,64,0,0,194415258942,194416614835,1355892,1144,8388608
Uring,throughput,0,4,64,0,0,194415265074,194415308424,43350,28,8388608
Uring,throughput,0,4,64,0,0,194415276792,194418700105,3423313,4317,8388608
Uring,throughput,0,4,64,0,0,194415279066,194415830136,551070,2510,8388608
Uring,throughput,0,4,64,0,0,194415283436,194417910380,2626943,27,8388608
Uring,throughput,0,4,64,0,0,194415283659,194415868583,584924,41,8388608
Uring,throughput,0,4,64,0,0,194415285691,194415749647,463956,5763,8388608
Uring,throughput,0,4,64,0,0,194415287095,194415464585,177490,18,8388608
Uring,throughput,0,4,64,0,0,194415292174,194415800954,508780,59,8388608
Uring,throughput,0,4,64,0,0,194415293281,194416545134,1251853,15,8388608
Uring,throughput,0,4,64,0,0,194415304039,194415336865,32826,22,8388608
Uring,throughput,0,4,64,0,0,194415305244,194419260389,3955144,38,8388608
Uring,throughput,0,4,64,0,0,194415305656,194415894591,588934,13,8388608
Uring,throughput,0,4,64,0,0,194415306290,194418106704,2800414,13,8388608
Uring,throughput,0,4,64,0,0,194415307822,194416349746,1041924,1543,8388608
Uring,throughput,0,4,64,0,0,194415308427,194416291440,983013,741,8388608
Uring,throughput,0,4,64,0,0,194415309912,194415907906,597994,1811,8388608
Uring,throughput,0,4,64,0,0,194415311763,194417374685,2062922,23,8388608
Uring,throughput,0,4,64,0,0,194415313854,194416107620,793765,13,8388608
Uring,throughput,0,4,64,0,0,194415314797,194415770823,456026,684,8388608
Uring,throughput,0,4,64,0,0,194415317091,194415771583,454491,690,8388608
Uring,throughput,0,4,64,0,0,194415326395,194416893261,1566865,30,8388608
Uring,throughput,0,4,64,0,0,194415333892,194415745475,411583,24,8388608
Uring,throughput,0,4,64,0,0,194415336871,194415789859,452987,6230,8388608
Uring,throughput,0,4,64,0,0,194415339034,194415404794,65760,52,8388608
Uring,throughput,0,4,64,0,0,194415341350,194415909488,568137,17,8388608
Uring,throughput,0,4,64,0,0,194415354433,194415939848,585415,19,8388608
Uring,throughput,0,4,64,0,0,194415367222,194415429989,62767,644,8388608
Uring,throughput,0,4,64,0,0,194415369715,194415647293,277577,16,8388608
Uring,throughput,0,4,64,0,0,194415371545,194416008263,636717,955,8388608
Uring,throughput,0,4,64,0,0,194415378162,194417159645,1781483,2744,8388608
Uring,throughput,0,4,64,0,0,194415391622,194415826813,435190,23,8388608
Uring,throughput,0,4,64,0,0,194415391966,194416847731,1455765,60,8388608
Uring,throughput,0,4,64,0,0,194415396875,194415714898,318022,214,8388608
Uring,throughput,0,4,64,0,0,194415404805,194416000613,595808,11157,8388608
Uring,throughput,0,4,64,0,0,194415411511,194415924432,512921,26,8388608
Uring,throughput,0,4,64,0,0,194415414327,194415996255,581927,16,8388608
Uring,throughput,0,4,64,0,0,194415416937,194416003680,586742,193,8388608
Uring,throughput,0,4,64,0,0,194415420368,194415853858,433490,2707,8388608
Uring,throughput,0,4,64,0,0,194415428606,194416013201,584594,1349,8388608
Uring,throughput,0,4,64,0,0,194415429996,194415451934,21938,39,8388608
Uring,throughput,0,4,64,0,0,194415438116,194415469718,31602,418,8388608
Uring,throughput,0,4,64,0,0,194415439223,194416019344,580121,30,8388608
Uring,throughput,0,4,64,0,0,194415444377,194416738834,1294456,99,8388608
Uring,throughput,0,4,64,0,0,194415451939,194416028529,576590,17,8388608
Uring,throughput,0,4,64,0,0,194415458474,194416752014,1293540,73,8388608
Uring,throughput,0,4,64,0,0,194415464592,194418728318,3263725,5752,8388608
Uring,throughput,0,4,64,0,0,194415469727,194415489456,19729,65,8388608
Uring,throughput,0,4,64,0,0,194415479999,194416282655,802656,77,8388608
Uring,throughput,0,4,64,0,0,194415486702,194415891201,404499,58,8388608
Uring,throughput,0,4,64,0,0,194415488866,194418008467,2519601,52,8388608
Uring,throughput,0,4,64,0,0,194415489461,194415512823,23361,38,8388608
Uring,throughput,0,4,64,0,0,194415492224,194416057634,565409,20,8388608
Uring,throughput,0,4,64,0,0,194415498530,194418722997,3224467,50,8388608
Uring,throughput,0,4,64,0,0,194415512828,194416785864,1273035,1153,8388608
Uring,throughput,0,4,64,0,0,194415516420,194416791577,1275157,1105,8388608
Uring,throughput,0,4,64,0,0,194415518123,194416081634,563511,1854,8388608
Uring,throughput,0,4,64,0,0,194415519280,194415917374,398094,547,8388608
Uring,throughput,0,4,64,0,0,194415531203,194416246923,715720,2089,8388608
Uring,throughput,0,4,64,0,0,194415532526,194415759327,226801,19,8388608
Uring,throughput,0,4,64,0,0,194415532543,194415630690,98146,17,8388608
Uring,throughput,0,4,64,0,0,194415537196,194415586820,49624,28,8388608
Uring,throughput,0,4,64,0,0,194415540111,194415652995,112883,54,8388608
Uring,throughput,0,4,64,0,0,194415540319,194416724203,1183883,30,8388608
Uring,throughput,0,4,64,0,0,194415553852,194416126164,572311,35,8388608
Uring,throughput,0,4,64,0,0,194415553911,194416503064,949152,128,8388608
Uring,throughput,0,4,64,0,0,194415554352,194415914717,360365,18,8388608
Uring,throughput,0,4,64,0,0,194415554616,194416820027,1265410,55,8388608
Uring,throughput,0,4,64,0,0,194415563158,194416828533,1265374,32,8388608
Uring,throughput,0,4,64,0,0,194415563373,194415639100,75727,52,8388608
Uring,throughput,0,4,64,0,0,194415564911,194416254436,689524,32,8388608
Uring,throughput,0,4,64,0,0,194415573315,194416310475,737159,16,8388608
Uring,throughput,0,4,64,0,0,194415586839,194415614461,27622,28,8388608
Uring,throughput,0,4,64,0,0,194415593230,194415761282,168051,77,8388608
Uring,throughput,0,4,64,0,0,194415593427,194417310449,1717022,17,8388608
Uring,throughput,0,4,64,0,0,194415598200,194418566104,2967903,26,8388608
Uring,throughput,0,4,64,0,0,194415613313,194416175979,562666,25,8388608
Uring,throughput,0,4,64,0,0,194415614465,194416069522,455056,780,8388608
Uring,throughput,0,4,64,0,0,194415619976,194417094670,1474693,19,8388608
Uring,throughput,0,4,64,0,0,194415630696,194415670163,39467,1602,8388608
Uring,throughput,0,4,64,0,0,194415632894,194417088622,1455727,35,8388608
Uring,throughput,0,4,64,0,0,194415636533,194417091707,1455174,39,8388608
Uring,throughput,0,4,64,0,0,194415636789,194417642529,2005739,56,8388608
Uring,throughput,0,4,64,0,0,194415639104,194416198330,559226,33,8388608
Uring,throughput,0,4,64,0,0,194415641051,194416209807,568756,5919,8388608
Uring,throughput,0,4,64,0,0,194415641076,194416907164,1266088,1069801,8388608
Uring,throughput,0,4,64,0,0,194415643562,194417044033,1400470,905,8388608
Uring,throughput,0,4,64,0,0,194415645041,194416006854,361813,66,8388608
Uring,throughput,0,4,64,0,0,194415647296,194416207763,560466,13,8388608
Uring,throughput,0,4,64,0,0,194415653023,194416037778,384754,56,8388608
Uring,throughput,0,4,64,0,0,194415653369,194417448840,1795471,25,8388608
Uring,throughput,0,4,64,0,0,194415656829,194416419705,762875,43,8388608
Uring,throughput,0,4,64,0,0,194415662272,194416667890,1005617,121,8388608
Uring,throughput,0,4,64,0,0,194415663184,194417121719,1458535,2959,8388608
Uring,throughput,0,4,64,0,0,194415665157,194416247039,581882,49,8388608
Uring,throughput,0,4,64,0,0,194415665857,194415713781,47924,27,8388608
Uring,throughput,0,4,64,0,0,194415670250,194416224096,553846,46,8388608
Uring,throughput,0,4,64,0,0,194415674117,194417003618,1329501,18,8388608
Uring,throughput,0,4,64,0,0,194415676278,194416877774,1201496,22,8388608
Uring,throughput,0,4,64,0,0,194415690067,194416075522,385454,41,8388608
Uring,throughput,0,4,64,0,0,194415692491,194415736370,43879,61,8388608
Uring,throughput,0,4,64,0,0,194415702424,194417142985,1440560,51,8388608
Uring,throughput,0,4,64,0,0,194415707712,194417200578,1492866,2124,8388608
Uring,throughput,0,4,64,0,0,194415710539,194416093866,383327,25,8388608
Uring,throughput,0,4,64,0,0,194415713790,194415985704,271914,25,8388608
Uring,throughput,0,4,64,0,0,194415714977,194416257778,542800,79,8388608
Uring,throughput,0,4,64,0,0,194415718369,194416263195,544825,5900,8388608
Uring,throughput,0,4,64,0,0,194415725337,194416249484,524147,20,8388608
Uring,throughput,0,4,64,0,0,194415725672,194416108356,382684,40,8388608
Uring,throughput,0,4,64,0,0,194415736397,194417843045,2106648,8114,8388608
Uring,throughput,0,4,64,0,0,194415745482,194416376157,630674,2383,8388608
Uring,throughput,0,4,64,0,0,194415749654,194417928526,2178871,53,8388608
Uring,throughput,0,4,64,0,0,194415756138,194416066233,310095,24,8388608
Uring,throughput,0,4,64,0,0,194415759332,194416284816,525483,40,8388608
Uring,throughput,0,4,64,0,0,194415761197,194416284291,523094,306,8388608
Uring,throughput,0,4,64,0,0,194415761287,194415985180,223893,24,8388608
Uring,throughput,0,4,64,0,0,194415762230,194415898992,136761,25,8388608
Uring,throughput,0,4,64,0,0,194415770853,194416385665,614812,192,8388608
Uring,throughput,0,4,64,0,0,194415771590,194416288067,516476,28,8388608
Uring,throughput,0,4,64,0,0,194415775338,194416317147,541809,1897,8388608
Uring,throughput,0,4,64,0,0,194415777091,194417116116,1339025,146,8388608
Uring,throughput,0,4,64,0,0,194415777281,194416290691,513409,15,8388608
Uring,throughput,0,4,64,0,0,194415781028,194416301101,520073,67,8388608
Uring,throughput,0,4,64,0,0,194415782462,194416996519,1214057,15,8388608
Uring,throughput,0,4,64,0,0,194415783401,194415907162,123761,13,8388608
Uring,throughput,0,4,64,0,0,194415789865,194416200416,410550,23,8388608
Uring,throughput,0,4,64,0,0,194415797338,194417661643,1864305,35,8388608
Uring,throughput,0,4,64,0,0,194415800961,194416223936,422974,1278,8388608
Uring,throughput,0,4,64,0,0,194415803305,194417152850,1349545,18,8388608
Uring,throughput,0,4,64,0,0,194415812116,194417193525,1381409,40,8388608
Uring,throughput,0,4,64,0,0,194415826820,194416753378,926557,35,8388608
Uring,throughput,0,4,64,0,0,194415830140,194417962458,2132317,652677,8388608
Uring,throughput,0,4,64,0,0,194415836853,194416400231,563378,490,8388608
Uring,throughput,0,4,64,0,0,194415837218,194417069475,1232257,46,8388608
Uring,throughput,0,4,64,0,0,194415842149,194416992504,1150354,71,8388608
Uring,throughput,0,4,64,0,0,194415853866,194418196061,2342194,24,8388608
Uring,throughput,0,4,64,0,0,194415867137,194417106523,1239385,19,8388608
Uring,throughput,0,4,64,0,0,194415868590,194416212757,344166,86,8388608
Uring,throughput,0,4,64,0,0,194415890643,194417240792,1350148,17,8388608
Uring,throughput,0,4,64,0,0,194415891205,194417573214,1682009,4517,8388608
Uring,throughput,0,4,64,0,0,194415893126,194415933504,40378,4058,8388608
Uring,throughput,0,4,64,0,0,194415894594,194417127768,1233173,1193,8388608
Uring,throughput,0,4,64,0,0,194415895518,194416569871,674352,277,8388608
Uring,throughput,0,4,64,0,0,194415899000,194417993813,2094813,7743,8388608
Uring,throughput,0,4,64,0,0,194415905701,194417743097,1837396,7063,8388608
Uring,throughput,0,4,64,0,0,194415907168,194416249428,342260,386,8388608
Uring,throughput,0,4,64,0,0,194415907913,194416322822,414908,22,8388608
Uring,throughput,0,4,64,0,0,194415909523,194416722500,812977,95,8388608
Uring,throughput,0,4,64,0,0,194415911370,194416899879,988509,48,8388608
Uring,throughput,0,4,64,0,0,194415914500,194416391185,476684,17,8388608
Uring,throughput,0,4,64,0,0,194415914724,194416406291,491567,445,8388608
Uring,throughput,0,4,64,0,0,194415917382,194416409225,491842,22,8388608
Uring,throughput,0,4,64,0,0,194415924439,194417299177,1374738,2666,8388608
Uring,throughput,0,4,64,0,0,194415924790,194416584063,659272,14,8388608
Uring,throughput,0,4,64,0,0,194415933136,194416426073,492937,28,8388608
Uring,throughput,0,4,64,0,0,194415933510,194415963677,30167,44,8388608
Uring,throughput,0,4,64,0,0,194415939856,194416337937,398080,86,8388608
Uring,throughput,0,4,64,0,0,194415941684,194416343043,401359,1923,8388608
Uring,throughput,0,4,64,0,0,194415946937,194416597328,650391,1306,8388608
Uring,throughput,0,4,64,0,0,194415954309,194416135530,181221,71,8388608
Uring,throughput,0,4,64,0,0,194415954614,194416020082,65468,16,8388608
Uring,throughput,0,4,64,0,0,194415955282,194417260157,1304875,43,8388608
Uring,throughput,0,4,64,0,0,194415958145,194416946895,988750,1619,8388608
Uring,throughput,0,4,64,0,0,194415963683,194416017880,54196,258,8388608
Uring,throughput,0,4,64,0,0,194415985187,194416056151,70963,67,8388608
Uring,throughput,0,4,64,0,0,194415985707,194417481020,1495313,2206,8388608
Uring,throughput,0,4,64,0,0,194415996263,194416203633,207370,64,8388608
Uring,throughput,0,4,64,0,0,194416000619,194416188748,188128,16,8388608
Uring,throughput,0,4,64,0,0,194416003753,194416587356,583602,2229,8388608
Uring,throughput,0,4,64,0,0,194416006862,194416521757,514895,21,8388608
Uring,throughput,0,4,64,0,0,194416008266,194416384467,376201,23,8388608
Uring,throughput,0,4,64,0,0,194416013226,194416243284,230057,26,8388608
Uring,throughput,0,4,64,0,0,194416017918,194416632310,614391,2279,8388608
Uring,throughput,0,4,64,0,0,194416019349,194416238196,218847,41,8388608
Uring,throughput,0,4,64,0,0,194416020090,194416356739,336649,1174,8388608
Uring,throughput,0,4,64,0,0,194416028537,194418063420,2034883,2329,8388608
Uring,throughput,0,4,64,0,0,194416037786,194416302532,264746,630,8388608
Uring,throughput,0,4,64,0,0,194416039998,194416438406,398408,58,8388608
Uring,throughput,0,4,64,0,0,194416050643,194416093440,42796,2664,8388608
Uring,throughput,0,4,64,0,0,194416054778,194416447313,392535,29,8388608
Uring,throughput,0,4,64,0,0,194416055355,194416386796,331441,30,8388608
Uring,throughput,0,4,64,0,0,194416056158,194416309027,252869,12,8388608
Uring,throughput,0,4,64,0,0,194416057639,194416367827,310187,2029,8388608
Uring,throughput,0,4,64,0,0,194416066238,194416331901,265663,16,8388608
Uring,throughput,0,4,64,0,0,194416069529,194417035291,965762,65,8388608
Uring,throughput,0,4,64,0,0,194416075528,194416881885,806356,17,8388608
Uring,throughput,0,4,64,0,0,194416081639,194416371822,290182,2815,8388608
Uring,throughput,0,4,64,0,0,194416081692,194416781493,699800,2904,8388608
Uring,throughput,0,4,64,0,0,194416085769,194418763655,2677885,7948,8388608
Uring,throughput,0,4,64,0,0,194416093448,194416129115,35666,70,8388608
Uring,throughput,0,4,64,0,0,194416093874,194416506343,412469,1024,8388608
Uring,throughput,0,4,64,0,0,194416096789,194417846213,1749423,30,8388608
Uring,throughput,0,4,64,0,0,194416103923,194416741873,637950,675,8388608
Uring,throughput,0,4,64,0,0,194416107627,194416151775,44147,16,8388608
Uring,throughput,0,4,64,0,0,194416108363,194417453307,1344943,45,8388608
Uring,throughput,0,4,64,0,0,194416108701,194416385872,277170,905,8388608
Uring,throughput,0,4,64,0,0,194416109701,194416834672,724970,33,8388608
Uring,throughput,0,4,64,0,0,194416126171,194416470389,344218,1440,8388608
Uring,throughput,0,4,64,0,0,194416129118,194416901572,772453,27,8388608
Uring,throughput,0,4,64,0,0,194416132929,194417097993,965063,134,8388608
Uring,throughput,0,4,64,0,0,194416135553,194417686706,1551152,1916,8388608
Uring,throughput,0,4,64,0,0,194416136905,194417473488,1336583,23,8388608
Uring,throughput,0,4,64,0,0,194416142141,194416189240,47098,20,8388608
Uring,throughput,0,4,64,0,0,194416143361,194418198274,2054912,44,8388608
Uring,throughput,0,4,64,0,0,194416147895,194417831426,1683531,27,8388608
Uring,throughput,0,4,64,0,0,194416151779,194417164851,1013071,369,8388608
Uring,throughput,0,4,64,0,0,194416168952,194416403754,234801,115,8388608
Uring,throughput,0,4,64,0,0,194416175987,194417046396,870409,69,8388608
Uring,throughput,0,4,64,0,0,194416188117,194417544271,1356153,29,8388608
Uring,throughput,0,4,64,0,0,194416188756,194417359616,1170860,186,8388608
Uring,throughput,0,4,64,0,0,194416189246,194416249668,60421,73,8388608
Uring,throughput,0,4,64,0,0,194416198361,194417091709,893348,3629,8388608
Uring,throughput,0,4,64,0,0,194416200424,194416580182,379757,28,8388608
Uring,throughput,0,4,64,0,0,194416203641,194416506843,303202,676,8388608
Uring,throughput,0,4,64,0,0,194416207771,194416369227,161456,1115,8388608
Uring,throughput,0,4,64,0,0,194416209815,194418184478,1974663,27,8388608
Uring,throughput,0,4,64,0,0,194416210817,194418187870,1977052,1429,8388608
Uring,throughput,0,4,64,0,0,194416212765,194416949606,736841,1162,8388608
Uring,throughput,0,4,64,0,0,194416223943,194416253998,30055,33,8388608
Uring,throughput,0,4,64,0,0,194416224104,194417599667,1375563,26,8388608
Uring,throughput,0,4,64,0,0,194416235838,194417406981,1171143,107,8388608
Uring,throughput,0,4,64,0,0,194416238204,194416538046,299842,3774,8388608
Uring,throughput,0,4,64,0,0,194416243291,194416524292,281000,66,8388608
Uring,throughput,0,4,64,0,0,194416246931,194417250056,1003124,68,8388608
Uring,throughput,0,4,64,0,0,194416247047,194417990218,1743170,2559,8388608
Uring,throughput,0,4,64,0,0,194416249464,194416343112,93648,40,8388608
Uring,throughput,0,4,64,0,0,194416249491,194416820074,570582,141,8388608
Uring,throughput,0,4,64,0,0,194416249669,194416303801,54131,11,8388608
Uring,throughput,0,4,64,0,0,194416254029,194418309316,2055287,42,8388608
Uring,throughput,0,4,64,0,0,194416254438,194417343919,1089481,60,8388608
Uring,throughput,0,4,64,0,0,194416257783,194418532783,2274999,21105,8388608
Uring,throughput,0,4,64,0,0,194416263226,194418442261,2179035,19,8388608
Uring,throughput,0,4,64,0,0,194416282663,194418764517,2481853,9268,8388608
Uring,throughput,0,4,64,0,0,194416284298,194416568508,284209,20,8388608
Uring,throughput,0,4,64,0,0,194416284824,194416327695,42871,1701,8388608
Uring,throughput,0,4,64,0,0,194416288073,194416550980,262907,36,8388608
Uring,throughput,0,4,64,0,0,194416290699,194417236118,945418,3868,8388608
Uring,throughput,0,4,64,0,0,194416291445,194417215769,924323,16,8388608
Uring,throughput,0,4,64,0,0,194416301108,194416788980,487871,1870,8388608
Uring,throughput,0,4,64,0,0,194416302536,194417012803,710266,12,8388608
Uring,throughput,0,4,64,0,0,194416303808,194416936077,632269,43,8388608
Uring,throughput,0,4,64,0,0,194416305420,194417012604,707184,1726,8388608
Uring,throughput,0,4,64,0,0,194416309032,194416686272,377239,44,8388608
Uring,throughput,0,4,64,0,0,194416310479,194416470301,159821,2469,8388608
Uring,throughput,0,4,64,0,0,194416311802,194416368464,56662,51,8388608
Uring,throughput,0,4,64,0,0,194416317154,194416362357,45203,32,8388608
Uring,throughput,0,4,64,0,0,194416322830,194417060449,737618,28,8388608
Uring,throughput,0,4,64,0,0,194416327721,194417249487,921766,20,8388608
Uring,throughput,0,4,64,0,0,194416331907,194416594806,262898,2240,8388608
Uring,throughput,0,4,64,0,0,194416337944,194416621021,283077,4951,8388608
Uring,throughput,0,4,64,0,0,194416343048,194416982660,639612,129,8388608
Uring,throughput,0,4,64,0,0,194416343113,194417382220,1039106,70,8388608
Uring,throughput,0,4,64,0,0,194416349753,194416614461,264707,23,8388608
Uring,throughput,0,4,64,0,0,194416355020,194417368553,1013532,50,8388608
Uring,throughput,0,4,64,0,0,194416356746,194416427436,70689,49,8388608
Uring,throughput,0,4,64,0,0,194416362362,194417432591,1070229,15,8388608
Uring,throughput,0,4,64,0,0,194416367831,194416546491,178659,31,8388608
Uring,throughput,0,4,64,0,0,194416368470,194416545165,176694,17,8388608
Uring,throughput,0,4,64,0,0,194416369231,194417135135,765903,14,8388608
Uring,throughput,0,4,64,0,0,194416371826,194416573948,202121,19,8388608
Uring,throughput,0,4,64,0,0,194416372141,194418005817,1633675,56,8388608
Uring,throughput,0,4,64,0,0,194416376247,194417835193,1458945,60,8388608
Uring,throughput,0,4,64,0,0,194416384477,194416560886,176408,43,8388608
Uring,throughput,0,4,64,0,0,194416385670,194417117587,731916,12,8388608
Uring,throughput,0,4,64,0,0,194416385879,194417294252,908372,36,8388608
Uring,throughput,0,4,64,0,0,194416386802,194417420118,1033315,3929,8388608
Uring,throughput,0,4,64,0,0,194416388227,194416600373,212146,2695,8388608
Uring,throughput,0,4,64,0,0,194416391061,194418619680,2228619,8781,8388608
Uring,throughput,0,4,64,0,0,194416391194,194417395918,1004724,65,8388608
Uring,throughput,0,4,64,0,0,194416400238,194416897278,497039,45,8388608
Uring,throughput,0,4,64,0,0,194416403822,194416631672,227850,25,8388608
Uring,throughput,0,4,64,0,0,194416406296,194416560024,153727,70,8388608
Uring,throughput,0,4,64,0,0,194416409229,194416608107,198877,22,8388608
Uring,throughput,0,4,64,0,0,194416413428,194417907714,1494286,48,8388608
Uring,throughput,0,4,64,0,0,194416419713,194417132128,712415,154,8388608
Uring,throughput,0,4,64,0,0,194416423085,194417904708,1481623,22,8388608
Uring,throughput,0,4,64,0,0,194416424879,194416702989,278110,3575,8388608
Uring,throughput,0,4,64,0,0,194416426081,194417826534,1400452,53,8388608
Uring,throughput,0,4,64,0,0,194416427443,194417157842,730399,47,8388608
Uring,throughput,0,4,64,0,0,194416429912,194418639593,2209680,38,8388608
Uring,throughput,0,4,64,0,0,194416434072,194416613240,179168,2499,8388608
Uring,throughput,0,4,64,0,0,194416438415,194416615883,177468,576,8388608
Uring,throughput,0,4,64,0,0,194416447321,194417381703,934381,1868,8388608
Uring,throughput,0,4,64,0,0,194416450271,194416617900,167628,18,8388608
Uring,throughput,0,4,64,0,0,194416458821,194416669594,210772,11130,8388608
Uring,throughput,0,4,64,0,0,194416470309,194418118323,1648014,59,8388608
Uring,throughput,0,4,64,0,0,194416470390,194416501417,31027,8,8388608
Uring,throughput,0,4,64,0,0,194416472274,194418777503,2305228,27,8388608
Uring,throughput,0,4,64,0,0,194416501422,194416530997,29575,14,8388608
Uring,throughput,0,4,64,0,0,194416503071,194417052357,549285,24,8388608
Uring,throughput,0,4,64,0,0,194416506348,194416855599,349251,16,8388608
Uring,throughput,0,4,64,0,0,194416506847,194417135385,628538,15,8388608
Uring,throughput,0,4,64,0,0,194416514718,194417942847,1428129,2883,8388608
Uring,throughput,0,4,64,0,0,194416521764,194418780106,2258341,2836,8388608
Uring,throughput,0,4,64,0,0,194416524298,194418585508,2061209,13355,8388608
Uring,throughput,0,4,64,0,0,194416529265,194417977154,1447888,25,8388608
Uring,throughput,0,4,64,0,0,194416529845,194418837129,2307284,14043,8388608
Uring,throughput,0,4,64,0,0,194416531031,194418604262,2073231,13815,8388608
Uring,throughput,0,4,64,0,0,194416538053,194417975271,1437218,160,8388608
Uring,throughput,0,4,64,0,0,194416545140,194416767661,222520,160,8388608
Uring,throughput,0,4,64,0,0,194416545171,194417153338,608167,2455,8388608
Uring,throughput,0,4,64,0,0,194416546495,194416721816,175321,38,8388608
Uring,throughput,0,4,64,0,0,194416550988,194417049878,498890,1651,8388608
Uring,throughput,0,4,64,0,0,194416560032,194416596818,36786,22,8388608
Uring,throughput,0,4,64,0,0,194416560894,194417122438,561544,2562,8388608
Uring,throughput,0,4,64,0,0,194416568513,194416795478,226965,20,8388608
Uring,throughput,0,4,64,0,0,194416569879,194417511188,941309,26,8388608
Uring,throughput,0,4,64,0,0,194416572149,194418728815,2156665,27,8388608
Uring,throughput,0,4,64,0,0,194416573952,194418062061,1488108,2763,8388608
Uring,throughput,0,4,64,0,0,194416580189,194417398152,817963,792,8388608
Uring,throughput,0,4,64,0,0,194416584070,194416766420,182349,49,8388608
Uring,throughput,0,4,64,0,0,194416584203,194418075460,1491257,20,8388608
Uring,throughput,0,4,64,0,0,194416587363,194418080879,1493515,37,8388608
Uring,throughput,0,4,64,0,0,194416587741,194417642080,1054339,11,8388608
Uring,throughput,0,4,64,0,0,194416590935,194417580166,989231,1056,8388608
Uring,throughput,0,4,64,0,0,194416594814,194418070095,1475280,25,8388608
Uring,throughput,0,4,64,0,0,194416596823,194418870877,2274053,24166,8388608
Uring,throughput,0,4,64,0,0,194416597332,194417590888,993555,40,8388608
Uring,throughput,0,4,64,0,0,194416600378,194418779473,2179095,17,8388608
Uring,throughput,0,4,64,0,0,194416602283,194417593219,990935,21,8388608
Uring,throughput,0,4,64,0,0,194416607910,194418057956,1450045,20,8388608
Uring,throughput,0,4,64,0,0,194416608109,194417338171,730062,1947,8388608
Uring,throughput,0,4,64,0,0,194416610767,194418023428,1412661,60,8388608
Uring,throughput,0,4,64,0,0,194416613245,194418314597,1701352,72,8388608
Uring,throughput,0,4,64,0,0,194416614469,194417761212,1146743,25,8388608
Uring,throughput,0,4,64,0,0,194416614837,194419648754,3033916,29,8388608
Uring,throughput,0,4,64,0,0,194416615931,194417359514,743583,20,8388608
Uring,throughput,0,4,64,0,0,194416617906,194417553902,935996,2988,8388608
Uring,throughput,0,4,64,0,0,194416621029,194418115283,1494254,573,8388608
Uring,throughput,0,4,64,0,0,194416628621,194417645367,1016745,906,8388608
Uring,throughput,0,4,64,0,0,194416628696,194416879229,250532,2286,8388608
Uring,throughput,0,4,64,0,0,194416631678,194418137145,1505467,1113,8388608
Uring,throughput,0,4,64,0,0,194416632315,194417912490,1280174,30,8388608
Uring,throughput,0,4,64,0,0,194416667898,194416841819,173920,197,8388608
Uring,throughput,0,4,64,0,0,194416669598,194418325994,1656395,107,8388608
Uring,throughput,0,4,64,0,0,194416681744,194418612234,1930490,25,8388608
Uring,throughput,0,4,64,0,0,194416686310,194417372061,685751,187,8388608
Uring,throughput,0,4,64,0,0,194416702997,194416886194,183197,56,8388608
Uring,throughput,0,4,64,0,0,194416708404,194416901614,193210,2243,8388608
Uring,throughput,0,4,64,0,0,194416711772,194418348580,1636808,29,8388608
Uring,throughput,0,4,64,0,0,194416721823,194416985257,263433,4370,8388608
Uring,throughput,0,4,64,0,0,194416722507,194417124774,402267,1153,8388608
Uring,throughput,0,4,64,0,0,194416723446,194417593336,869890,35,8388608
Uring,throughput,0,4,64,0,0,194416724208,194417771793,1047584,34,8388608
Uring,throughput,0,4,64,0,0,194416738852,194418865429,2126576,3029,8388608
Uring,throughput,0,4,64,0,0,194416741881,194417440397,698515,19,8388608
Uring,throughput,0,4,64,0,0,194416751239,194418164751,1413511,921,8388608
Uring,throughput,0,4,64,0,0,194416752021,194418172462,1420441,1109,8388608
Uring,throughput,0,4,64,0,0,194416753382,194416950584,197202,2249,8388608
Uring,throughput,0,4,64,0,0,194416753814,194418873512,2119698,27,8388608
Uring,throughput,0,4,64,0,0,194416755380,194418874684,2119303,14,8388608
Uring,throughput,0,4,64,0,0,194416766425,194416965515,199089,3391,8388608
Uring,throughput,0,4,64,0,0,194416767667,194418309136,1541469,1628,8388608
Uring,throughput,0,4,64,0,0,194416769177,194418180633,1411456,163,8388608
Uring,throughput,0,4,64,0,0,194416781499,194418319091,1537591,66,8388608
Uring,throughput,0,4,64,0,0,194416785870,194418682188,1896317,17,8388608
Uring,throughput,0,4,64,0,0,194416786300,194418222533,1436233,58,8388608
Uring,throughput,0,4,64,0,0,194416788985,194417401261,612276,33,8388608
Uring,throughput,0,4,64,0,0,194416791583,194418169802,1378219,29,8388608
Uring,throughput,0,4,64,0,0,194416795483,194416990464,194980,1801,8388608
Uring,throughput,0,4,64,0,0,194416814873,194417707045,892171,43,8388608
Uring,throughput,0,4,64,0,0,194416816280,194418378400,1562120,3144,8388608
Uring,throughput,0,4,64,0,0,194416820033,194418346607,1526573,2062,8388608
Uring,throughput,0,4,64,0,0,194416820080,194417587115,767034,670,8388608
Uring,throughput,0,4,64,0,0,194416828540,194417681123,852582,1727,8388608
Uring,throughput,0,4,64,0,0,194416834679,194417071437,236758,989,8388608
Uring,throughput,0,4,64,0,0,194416837753,194418356475,1518722,3327,8388608
Uring,throughput,0,4,64,0,0,194416841827,194416876918,35091,1413,8388608
Uring,throughput,0,4,64,0,0,194416847740,194418252418,1404678,44,8388608
Uring,throughput,0,4,64,0,0,194416850674,194417167723,317049,29,8388608
Uring,throughput,0,4,64,0,0,194416855604,194417067952,212347,22,8388608
Uring,throughput,0,4,64,0,0,194416869882,194417053492,183610,3273,8388608
Uring,throughput,0,4,64,0,0,194416876625,194418705998,1829372,20,8388608
Uring,throughput,0,4,64,0,0,194416876924,194417402910,525986,28,8388608
Uring,throughput,0,4,64,0,0,194416877777,194417717844,840066,412,8388608
Uring,throughput,0,4,64,0,0,194416879232,194416921274,42041,75,8388608
Uring,throughput,0,4,64,0,0,194416881890,194417768331,886441,1448,8388608
Uring,throughput,0,4,64,0,0,194416886202,194417816724,930521,51,8388608
Uring,throughput,0,4,64,0,0,194416886397,194418475578,1589180,31,8388608
Uring,throughput,0,4,64,0,0,194416892521,194417783111,890590,435,8388608
Uring,throughput,0,4,64,0,0,194416893267,194417764581,871314,14,8388608
Uring,throughput,0,4,64,0,0,194416897284,194417072218,174934,24,8388608
Uring,throughput,0,4,64,0,0,194416899883,194418343486,1443603,1174,8388608
Uring,throughput,0,4,64,0,0,194416901579,194417099088,197508,14546,8388608
Uring,throughput,0,4,64,0,0,194416901623,194417352842,451219,24,8388608
Uring,throughput,0,4,64,0,0,194416907172,194417607382,700210,89,8388608
Uring,throughput,0,4,64,0,0,194416921279,194417731077,809797,19,8388608
Uring,throughput,0,4,64,0,0,194416936084,194417570928,634843,24,8388608
Uring,throughput,0,4,64,0,0,194416946939,194418360991,1414051,86,8388608
Uring,throughput,0,4,64,0,0,194416949610,194417160428,210817,29,8388608
Uring,throughput,0,4,64,0,0,194416950587,194418991055,2040468,13,8388608
Uring,throughput,0,4,64,0,0,194416965542,194418510036,1544493,38,8388608
Uring,throughput,0,4,64,0,0,194416970489,194417922875,952385,153,8388608
Uring,throughput,0,4,64,0,0,194416982666,194418246414,1263748,17,8388608
Uring,throughput,0,4,64,0,0,194416985265,194417012144,26879,45,8388608
Uring,throughput,0,4,64,0,0,194416985858,194417813396,827537,1893,8388608
Uring,throughput,0,4,64,0,0,194416990467,194417669053,678586,54,8388608
Uring,throughput,0,4,64,0,0,194416992506,194418427437,1434931,17,8388608
Uring,throughput,0,4,64,0,0,194416996521,194417757570,761048,450,8388608
Uring,throughput,0,4,64,0,0,194417003621,194418766314,1762692,1869,8388608
Uring,throughput,0,4,64,0,0,194417012152,194417158113,145961,71,8388608
Uring,throughput,0,4,64,0,0,194417012610,194418383758,1371148,27,8388608
Uring,throughput,0,4,64,0,0,194417012806,194417161539,148732,95,8388608
Uring,throughput,0,4,64,0,0,194417014747,194417915404,900657,2812,8388608
Uring,throughput,0,4,64,0,0,194417035298,194417830384,795086,14,8388608
Uring,throughput,0,4,64,0,0,194417036995,194419057633,2020638,46,8388608
Uring,throughput,0,4,64,0,0,194417044040,194417967144,923103,21,8388608
Uring,throughput,0,4,64,0,0,194417046404,194418256079,1209674,2178,8388608
Uring,throughput,0,4,64,0,0,194417049884,194417140419,90534,18,8388608
Uring,throughput,0,4,64,0,0,194417052365,194417224205,171840,1775,8388608
Uring,throughput,0,4,64,0,0,194417053495,194417244029,190533,31,8388608
Uring,throughput,0,4,64,0,0,194417060255,194419065828,2005572,17,8388608
Uring,throughput,0,4,64,0,0,194417060450,194417743835,683384,2407,8388608
Uring,throughput,0,4,64,0,0,194417067958,194417879548,811589,2452,8388608
Uring,throughput,0,4,64,0,0,194417069482,194418521071,1451588,35,8388608
Uring,throughput,0,4,64,0,0,194417071443,194417103032,31589,14,8388608
Uring,throughput,0,4,64,0,0,194417072221,194418555756,1483534,24151,8388608
Uring,throughput,0,4,64,0,0,194417088632,194418255733,1167100,1211,8388608
Uring,throughput,0,4,64,0,0,194417091714,194418554254,1462540,1278,8388608
Uring,throughput,0,4,64,0,0,194417091733,194417890119,798386,22,8388608
Uring,throughput,0,4,64,0,0,194417094673,194417282538,187865,349,8388608
Uring,throughput,0,4,64,0,0,194417098000,194417310854,212853,38,8388608
Uring,throughput,0,4,64,0,0,194417099095,194417277713,178617,18,8388608
Uring,throughput,0,4,64,0,0,194417103039,194417273841,170802,42,8388608
Uring,throughput,0,4,64,0,0,194417106549,194417284309,177760,2977,8388608
Uring,throughput,0,4,64,0,0,194417116122,194418535525,1419402,1035,8388608
Uring,throughput,0,4,64,0,0,194417117590,194417912345,794754,2100,8388608
Uring,throughput,0,4,64,0,0,194417121723,194417973879,852156,29,8388608
Uring,throughput,0,4,64,0,0,194417122440,194417913162,790721,9,8388608
Uring,throughput,0,4,64,0,0,194417124778,194417797953,673175,174,8388608
Uring,throughput,0,4,64,0,0,194417127776,194418592112,1464336,20,8388608
Uring,throughput,0,4,64,0,0,194417132134,194418701782,1569648,3300,8388608
Uring,throughput,0,4,64,0,0,194417133910,194418574545,1440635,1706,8388608
Uring,throughput,0,4,64,0,0,194417135139,194418166746,1031607,306,8388608
Uring,throughput,0,4,64,0,0,194417135392,194417842683,707291,52,8388608
Uring,throughput,0,4,64,0,0,194417140424,194418161222,1020797,141,8388608
Uring,throughput,0,4,64,0,0,194417143063,194418709699,1566636,3521,8388608
Uring,throughput,0,4,64,0,0,194417152859,194418321234,1168375,731,8388608
Uring,throughput,0,4,64,0,0,194417153344,194418035827,882482,19,8388608
Uring,throughput,0,4,64,0,0,194417157892,194418592055,1434162,2223,8388608
Uring,throughput,0,4,64,0,0,194417158202,194417900278,742076,534,8388608
Uring,throughput,0,4,64,0,0,194417159649,194418695666,1536016,41,8388608
Uring,throughput,0,4,64,0,0,194417160433,194418553857,1393423,47,8388608
Uring,throughput,0,4,64,0,0,194417161540,194418126858,965317,740,8388608
Uring,throughput,0,4,64,0,0,194417164853,194417236545,71692,15,8388608
Uring,throughput,0,4,64,0,0,194417167725,194419232510,2064785,24,8388608
Uring,throughput,0,4,64,0,0,194417193532,194417235887,42355,381,8388608
Uring,throughput,0,4,64,0,0,194417200585,194417264376,63790,112,8388608
Uring,throughput,0,4,64,0,0,194417215778,194417517096,301317,51,8388608
Uring,throughput,0,4,64,0,0,194417224212,194418084505,860293,24,8388608
Uring,throughput,0,4,64,0,0,194417235932,194417270736,34803,39,8388608
Uring,throughput,0,4,64,0,0,194417236126,194418797338,1561212,48,8388608
Uring,throughput,0,4,64,0,0,194417236552,194417441809,205256,41,8388608
Uring,throughput,0,4,64,0,0,194417240802,194418602460,1361657,60,8388608
Uring,throughput,0,4,64,0,0,194417244036,194417333103,89066,48,8388608
Uring,throughput,0,4,64,0,0,194417249494,194417523870,274375,21,8388608
Uring,throughput,0,4,64,0,0,194417250097,194418719710,1469612,36,8388608
Uring,throughput,0,4,64,0,0,194417260164,194418019391,759226,89,8388608
Uring,throughput,0,4,64,0,0,194417264413,194417319467,55053,235,8388608
Uring,throughput,0,4,64,0,0,194417270769,194417322489,51720,16,8388608
Uring,throughput,0,4,64,0,0,194417273848,194418715857,1442008,2700,8388608
Uring,throughput,0,4,64,0,0,194417277719,194417348880,71160,24,8388608
Uring,throughput,0,4,64,0,0,194417280715,194417496552,215837,2657,8388608
Uring,throughput,0,4,64,0,0,194417282546,194418129741,847195,45,8388608
Uring,throughput,0,4,64,0,0,194417284312,194417320243,35930,15,8388608
Uring,throughput,0,4,64,0,0,194417294359,194417568671,274312,73,8388608
Uring,throughput,0,4,64,0,0,194417299185,194418848958,1549772,34,8388608
Uring,throughput,0,4,64,0,0,194417304550,194418213192,908642,50,8388608
Uring,throughput,0,4,64,0,0,194417310454,194418737292,1426837,3211,8388608
Uring,throughput,0,4,64,0,0,194417310860,194418445885,1135025,1405,8388608
Uring,throughput,0,4,64,0,0,194417319474,194417585448,265973,1133,8388608
Uring,throughput,0,4,64,0,0,194417320248,194417353252,33003,18,8388608
Uring,throughput,0,4,64,0,0,194417322497,194419191925,1869427,4039,8388608
Uring,throughput,0,4,64,0,0,194417333128,194418677213,1344084,1262,8388608
Uring,throughput,0,4,64,0,0,194417338179,194417785695,447516,21,8388608
Uring,throughput,0,4,64,0,0,194417343926,194421561047,4217121,15515,8388608
Uring,throughput,0,4,64,0,0,194417348888,194417615492,266604,669,8388608
Uring,throughput,0,4,64,0,0,194417352850,194417908699,555848,57,8388608
Uring,throughput,0,4,64,0,0,194417353257,194419122901,1769644,12782,8388608
Uring,throughput,0,4,64,0,0,194417359522,194417693164,333642,3956,8388608
Uring,throughput,0,4,64,0,0,194417359618,194419216972,1857354,3950,8388608
Uring,throughput,0,4,64,0,0,194417368576,194418704560,1335984,53,8388608
Uring,throughput,0,4,64,0,0,194417372068,194417629872,257803,17,8388608
Uring,throughput,0,4,64,0,0,194417374693,194417632649,257956,414,8388608
Uring,throughput,0,4,64,0,0,194417381720,194418443184,1061464,40,8388608
Uring,throughput,0,4,64,0,0,194417382227,194418132555,750327,1617,8388608
Uring,throughput,0,4,64,0,0,194417395530,194419303544,1908013,79,8388608
Uring,throughput,0,4,64,0,0,194417395920,194417421620,25699,567,8388608
Uring,throughput,0,4,64,0,0,194417398174,194417752169,353994,52,8388608
Uring,throughput,0,4,64,0,0,194417399972,194419303707,1903734,53,8388608
Uring,throughput,0,4,64,0,0,194417401268,194417699573,298305,18,8388608
Uring,throughput,0,4,64,0,0,194417402917,194417874218,471301,16,8388608
Uring,throughput,0,4,64,0,0,194417406988,194417653076,246087,2601,8388608
Uring,throughput,0,4,64,0,0,194417420126,194418781901,1361775,18,8388608
Uring,throughput,0,4,64,0,0,194417421626,194417441903,20276,14,8388608
Uring,throughput,0,4,64,0,0,194417421663,194419770573,2348909,21,8388608
Uring,throughput,0,4,64,0,0,194417432599,194417763290,330691,5859,8388608
Uring,throughput,0,4,64,0,0,194417440473,194417669421,228947,46,8388608
Uring,throughput,0,4,64,0,0,194417441816,194418200153,758336,976,8388608
Uring,throughput,0,4,64,0,0,194417441918,194418637531,1195612,14,8388608
Uring,throughput,0,4,64,0,0,194417448845,194418080085,631240,3685,8388608
Uring,throughput,0,4,64,0,0,194417453315,194417841488,388173,5762,8388608
Uring,throughput,0,4,64,0,0,194417473496,194419134951,1661454,4193,8388608
Uring,throughput,0,4,64,0,0,194417481028,194418899694,1418666,42,8388608
Uring,throughput,0,4,64,0,0,194417482725,194419113247,1630521,123,8388608
Uring,throughput,0,4,64,0,0,194417495763,194419334702,1838938,49,8388608
Uring,throughput,0,4,64,0,0,194417496561,194417801114,304552,52,8388608
Uring,throughput,0,4,64,0,0,194417508335,194419459514,1951178,27,8388608
Uring,throughput,0,4,64,0,0,194417511195,194417687505,176310,3542,8388608
Uring,throughput,0,4,64,0,0,194417517103,194419076586,1559483,3381,8388608
Uring,throughput,0,4,64,0,0,194417523879,194419311279,1787400,3975,8388608
Uring,throughput,0,4,64,0,0,194417528411,194418003051,474639,4328,8388608
Uring,throughput,0,4,64,0,0,194417532351,194418031711,499359,4043,8388608
Uring,throughput,0,4,64,0,0,194417532717,194418305711,772994,44,8388608
Uring,throughput,0,4,64,0,0,194417542973,194418321055,778082,1354,8388608
Uring,throughput,0,4,64,0,0,194417544276,194418297068,752791,53,8388608
Uring,throughput,0,4,64,0,0,194417549141,194419091984,1542843,3345,8388608
Uring,throughput,0,4,64,0,0,194417553911,194418443315,889403,42,8388608
Uring,throughput,0,4,64,0,0,194417568678,194417780877,212199,4180,8388608
Uring,throughput,0,4,64,0,0,194417570936,194419051837,1480901,29,8388608
Uring,throughput,0,4,64,0,0,194417573244,194418652922,1079677,96,8388608
Uring,throughput,0,4,64,0,0,194417576845,194418348283,771437,18,8388608
Uring,throughput,0,4,64,0,0,194417576950,194418920986,1344035,15,8388608
Uring,throughput,0,4,64,0,0,194417580171,194418882604,1302433,33,8388608
Uring,throughput,0,4,64,0,0,194417583138,194419218056,1634917,26,8388608
Uring,throughput,0,4,64,0,0,194417585455,194418685321,1099866,55,8388608
Uring,throughput,0,4,64,0,0,194417587119,194417735934,148814,15,8388608
Uring,throughput,0,4,64,0,0,194417590897,194418918549,1327652,48,8388608
Uring,throughput,0,4,64,0,0,194417592541,194419356956,1764414,53,8388608
Uring,throughput,0,4,64,0,0,194417593224,194417733127,139903,584,8388608
Uring,throughput,0,4,64,0,0,194417593340,194418365942,772601,16,8388608
Uring,throughput,0,4,64,0,0,194417599676,194417629252,29576,4578,8388608
Uring,throughput,0,4,64,0,0,194417607389,194418715979,1108590,21,8388608
Uring,throughput,0,4,64,0,0,194417615205,194418836849,1221644,23,8388608
Uring,throughput,0,4,64,0,0,194417615499,194418287508,672009,171,8388608
Uring,throughput,0,4,64,0,0,194417629259,194417657676,28417,30,8388608
Uring,throughput,0,4,64,0,0,194417629877,194418579846,949969,44,8388608
Uring,throughput,0,4,64,0,0,194417632657,194417858664,226007,26,8388608
Uring,throughput,0,4,64,0,0,194417642087,194418422025,779938,17,8388608
Uring,throughput,0,4,64,0,0,194417642537,194418425082,782544,21,8388608
Uring,throughput,0,4,64,0,0,194417645372,194418813571,1168199,21,8388608
Uring,throughput,0,4,64,0,0,194417653084,194417736902,83817,25,8388608
Uring,throughput,0,4,64,0,0,194417657683,194418846334,1188650,39,8388608
Uring,throughput,0,4,64,0,0,194417661649,194418441264,779614,20,8388608
Uring,throughput,0,4,64,0,0,194417669062,194418289687,620625,35,8388608
Uring,throughput,0,4,64,0,0,194417669449,194418319822,650373,664,8388608
Uring,throughput,0,4,64,0,0,194417674319,194418454858,780539,2326,8388608
Uring,throughput,0,4,64,0,0,194417680055,194419414344,1734288,30,8388608
Uring,throughput,0,4,64,0,0,194417681126,194418441148,760021,29,8388608
Uring,throughput,0,4,64,0,0,194417686713,194419655637,1968923,20,8388608
Uring,throughput,0,4,64,0,0,194417687533,194419420951,1733417,37,8388608
Uring,throughput,0,4,64,0,0,194417693172,194417806551,113378,1855,8388608
Uring,throughput,0,4,64,0,0,194417699581,194417958343,258762,3357,8388608
Uring,throughput,0,4,64,0,0,194417707054,194418482438,775383,45,8388608
Uring,throughput,0,4,64,0,0,194417712334,194419238134,1525800,34,8388608
Uring,throughput,0,4,64,0,0,194417717851,194418471158,753306,16,8388608
Uring,throughput,0,4,64,0,0,194417731085,194418669155,938070,2251,8388608
Uring,throughput,0,4,64,0,0,194417733183,194418349305,616122,30,8388608
Uring,throughput,0,4,64,0,0,194417735938,194417831488,95549,92,8388608
Uring,throughput,0,4,64,0,0,194417736907,194417815118,78211,41,8388608
Uring,throughput,0,4,64,0,0,194417743104,194419243343,1500238,21,8388608
Uring,throughput,0,4,64,0,0,194417743843,194418819232,1075389,20,8388608
Uring,throughput,0,4,64,0,0,194417752176,194418387588,635411,22,8388608
Uring,throughput,0,4,64,0,0,194417753586,194419469573,1715987,20,8388608
Uring,throughput,0,4,64,0,0,194417757576,194418888376,1130799,160,8388608
Uring,throughput,0,4,64,0,0,194417761220,194418771221,1010001,4049,8388608
Uring,throughput,0,4,64,0,0,194417763296,194418734756,971460,40,8388608
Uring,throughput,0,4,64,0,0,194417764589,194419517280,1752690,3909,8388608
Uring,throughput,0,4,64,0,0,194417768337,194418536068,767731,268,8388608
Uring,throughput,0,4,64,0,0,194417771798,194418304730,532931,2271,8388608
Uring,throughput,0,4,64,0,0,194417780884,194418101065,320180,69,8388608
Uring,throughput,0,4,64,0,0,194417783119,194418119238,336119,63,8388608
Uring,throughput,0,4,64,0,0,194417785701,194418056079,270377,16,8388608
Uring,throughput,0,4,64,0,0,194417797960,194418153815,355855,26,8388608
Uring,throughput,0,4,64,0,0,194417801122,194418847402,1046279,23,8388608
Uring,throughput,0,4,64,0,0,194417806557,194419262098,1455540,25,8388608
Uring,throughput,0,4,64,0,0,194417808166,194419403902,1595736,2070,8388608
Uring,throughput,0,4,64,0,0,194417813403,194418743179,929775,19,8388608
Uring,throughput,0,4,64,0,0,194417815124,194418907275,1092150,3724,8388608
Uring,throughput,0,4,64,0,0,194417816741,194419531980,1715238,2213,8388608
Uring,throughput,0,4,64,0,0,194417826541,194418507533,680992,690,8388608
Uring,throughput,0,4,64,0,0,194417830417,194419555683,1725266,2549,8388608
Uring,throughput,0,4,64,0,0,194417831434,194418926534,1095099,48,8388608
Uring,throughput,0,4,64,0,0,194417831492,194418397207,565715,474,8388608
Uring,throughput,0,4,64,0,0,194417835199,194419331867,1496668,24,8388608
Uring,throughput,0,4,64,0,0,194417841493,194418233648,392155,54,8388608
Uring,throughput,0,4,64,0,0,194417842687,194418273774,431087,1196,8388608
Uring,throughput,0,4,64,0,0,194417843049,194419556888,1713839,19,8388608
Uring,throughput,0,4,64,0,0,194417846232,194417876086,29854,3370,8388608
Uring,throughput,0,4,64,0,0,194417850212,194418988957,1138744,4270,8388608
Uring,throughput,0,4,64,0,0,194417858669,194417884753,26084,17,8388608
Uring,throughput,0,4,64,0,0,194417874225,194418485609,611384,947,8388608
Uring,throughput,0,4,64,0,0,194417876093,194417903667,27574,20,8388608
Uring,throughput,0,4,64,0,0,194417879555,194418640229,760674,21,8388608
Uring,throughput,0,4,64,0,0,194417884761,194419613208,1728447,3960,8388608
Uring,throughput,0,4,64,0,0,194417890126,194418324037,433911,47,8388608
Uring,throughput,0,4,64,0,0,194417900287,194419030308,1130021,29,8388608
Uring,throughput,0,4,64,0,0,194417903674,194419472161,1568487,81,8388608
Uring,throughput,0,4,64,0,0,194417904716,194419451914,1547197,92,8388608
Uring,throughput,0,4,64,0,0,194417907720,194419310345,1402624,72,8388608
Uring,throughput,0,4,64,0,0,194417908703,194418910737,1002034,491,8388608
Uring,throughput,0,4,64,0,0,194417910383,194419335694,1425310,24,8388608
Uring,throughput,0,4,64,0,0,194417912354,194418658284,745930,188,8388608
Uring,throughput,0,4,64,0,0,194417912492,194419177929,1265437,69,8388608
Uring,throughput,0,4,64,0,0,194417913169,194418996234,1083064,37,8388608
Uring,throughput,0,4,64,0,0,194417915411,194418674238,758827,123,8388608
Uring,throughput,0,4,64,0,0,194417919127,194418376961,457833,3642,8388608
Uring,throughput,0,4,64,0,0,194417922962,194419540534,1617571,1088,8388608
Uring,throughput,0,4,64,0,0,194417928567,194419299231,1370663,34,8388608
Uring,throughput,0,4,64,0,0,194417930723,194418689233,758510,3420,8388608
Uring,throughput,0,4,64,0,0,194417942932,194419122335,1179403,271,8388608
Uring,throughput,0,4,64,0,0,194417951540,194419740760,1789220,63,8388608
Uring,throughput,0,4,64,0,0,194417958351,194419242151,1283799,80,8388608
Uring,throughput,0,4,64,0,0,194417962463,194419630277,1667814,4844,8388608
Uring,throughput,0,4,64,0,0,194417962669,194419663946,1701277,1874,8388608
Uring,throughput,0,4,64,0,0,194417967149,194418917344,950194,150,8388608
Uring,throughput,0,4,64,0,0,194417973888,194418717454,743565,23,8388608
Uring,throughput,0,4,64,0,0,194417975279,194418429779,454499,86,8388608
Uring,throughput,0,4,64,0,0,194417977160,194418009100,31940,917,8388608
Uring,throughput,0,4,64,0,0,194417990294,194418472426,482132,35,8388608
Uring,throughput,0,4,64,0,0,194417993820,194419447140,1453319,40,8388608
Uring,throughput,0,4,64,0,0,194417998333,194420007864,2009531,43,8388608
Uring,throughput,0,4,64,0,0,194418003054,194418474058,471003,29,8388608
Uring,throughput,0,4,64,0,0,194418005820,194419483600,1477780,16,8388608
Uring,throughput,0,4,64,0,0,194418008472,194418636352,627880,775,8388608
Uring,throughput,0,4,64,0,0,194418009103,194419003369,994266,11,8388608
Uring,throughput,0,4,64,0,0,194418019397,194418055144,35746,555,8388608
Uring,throughput,0,4,64,0,0,194418023433,194419330997,1307563,1410,8388608
Uring,throughput,0,4,64,0,0,194418031718,194419324502,1292783,28,8388608
Uring,throughput,0,4,64,0,0,194418034530,194418953805,919274,557,8388608
Uring,throughput,0,4,64,0,0,194418035834,194418789644,753809,63,8388608
Uring,throughput,0,4,64,0,0,194418038495,194419819183,1780687,59,8388608
Uring,throughput,0,4,64,0,0,194418040211,194419295187,1254976,64,8388608
Uring,throughput,0,4,64,0,0,194418042888,194419468509,1425620,19,8388608
Uring,throughput,0,4,64,0,0,194418046064,194419826821,1780757,152,8388608
Uring,throughput,0,4,64,0,0,194418055151,194419374477,1319325,76,8388608
Uring,throughput,0,4,64,0,0,194418056097,194419348585,1292487,1410,8388608
Uring,throughput,0,4,64,0,0,194418056667,194419705227,1648560,39,8388608
Uring,throughput,0,4,64,0,0,194418057962,194419955234,1897271,101,8388608
Uring,throughput,0,4,64,0,0,194418062068,194419476662,1414593,21,8388608
Uring,throughput,0,4,64,0,0,194418063428,194419495482,1432054,57,8388608
Uring,throughput,0,4,64,0,0,194418070103,194418547313,477210,17,8388608
Uring,throughput,0,4,64,0,0,194418075467,194419455600,1380132,16,8388608
Uring,throughput,0,4,64,0,0,194418080114,194419154090,1073976,44,8388608
Uring,throughput,0,4,64,0,0,194418080887,194419307524,1226637,70,8388608
Uring,throughput,0,4,64,0,0,194418084511,194418550105,465594,14,8388608
Uring,throughput,0,4,64,0,0,194418101071,194418912090,811018,22,8388608
Uring,throughput,0,4,64,0,0,194418106710,194418861608,754897,19,8388608
Uring,throughput,0,4,64,0,0,194418115291,194419401649,1286358,13,8388608
Uring,throughput,0,4,64,0,0,194418118329,194418169639,51309,25,8388608
Uring,throughput,0,4,64,0,0,194418119246,194418612185,492938,41,8388608
Uring,throughput,0,4,64,0,0,194418126866,194419566757,1439891,77,8388608
Uring,throughput,0,4,64,0,0,194418129798,194418779155,649357,64,8388608
Uring,throughput,0,4,64,0,0,194418130101,194419421330,1291228,3860,8388608
Uring,throughput,0,4,64,0,0,194418132558,194418867351,734793,18,8388608
Uring,throughput,0,4,64,0,0,194418137274,194418708513,571238,29,8388608
Uring,throughput,0,4,64,0,0,194418153824,194418662040,508216,3655,8388608
Uring,throughput,0,4,64,0,0,194418161292,194419649394,1488102,3504,8388608
Uring,throughput,0,4,64,0,0,194418164781,194419453561,1288780,116,8388608
Uring,throughput,0,4,64,0,0,194418166800,194419592194,1425394,1574,8388608
Uring,throughput,0,4,64,0,0,194418169644,194418674857,505213,3030,8388608
Uring,throughput,0,4,64,0,0,194418169811,194419453160,1283349,99,8388608
Uring,throughput,0,4,64,0,0,194418171980,194419419727,1247747,49,8388608
Uring,throughput,0,4,64,0,0,194418172675,194419469294,1296619,127,8388608
Uring,throughput,0,4,64,0,0,194418180648,194419539163,1358515,106,8388608
Uring,throughput,0,4,64,0,0,194418181697,194420684182,2502485,13,8388608
Uring,throughput,0,4,64,0,0,194418184484,194419896966,1712481,28,8388608
Uring,throughput,0,4,64,0,0,194418187720,194419925000,1737280,59,8388608
Uring,throughput,0,4,64,0,0,194418187877,194419543369,1355491,27,8388608
Uring,throughput,0,4,64,0,0,194418196068,194419660264,1464196,19,8388608
Uring,throughput,0,4,64,0,0,194418198280,194419663073,1464793,1922,8388608
Uring,throughput,0,4,64,0,0,194418200200,194419845218,1645018,21,8388608
Uring,throughput,0,4,64,0,0,194418206018,194418979493,773475,4520,8388608
Uring,throughput,0,4,64,0,0,194418213198,194418762561,549363,24,8388608
Uring,throughput,0,4,64,0,0,194418214730,194419903615,1688885,14,8388608
Uring,throughput,0,4,64,0,0,194418214783,194419947729,1732945,14,8388608
Uring,throughput,0,4,64,0,0,194418222574,194419520379,1297804,18,8388608
Uring,throughput,0,4,64,0,0,194418225958,194419831457,1605499,121,8388608
Uring,throughput,0,4,64,0,0,194418233656,194419705382,1471726,17,8388608
Uring,throughput,0,4,64,0,0,194418246421,194419742265,1495844,4078,8388608
Uring,throughput,0,4,64,0,0,194418252222,194418282260,30038,600,8388608
Uring,throughput,0,4,64,0,0,194418252422,194419034371,781949,1150,8388608
Uring,throughput,0,4,64,0,0,194418255740,194418771600,515859,22,8388608
Uring,throughput,0,4,64,0,0,194418256087,194419141433,885345,92,8388608
Uring,throughput,0,4,64,0,0,194418261680,194420502674,2240993,11586,8388608
Uring,throughput,0,4,64,0,0,194418273781,194419738189,1464407,49,8388608
Uring,throughput,0,4,64,0,0,194418274388,194419993297,1718908,43,8388608
Uring,throughput,0,4,64,0,0,194418282267,194418310500,28233,23,8388608
Uring,throughput,0,4,64,0,0,194418284104,194418955893,671789,465,8388608
Uring,throughput,0,4,64,0,0,194418287527,194418813702,526174,69,8388608
Uring,throughput,0,4,64,0,0,194418289707,194419780155,1490447,2853,8388608
Uring,throughput,0,4,64,0,0,194418297075,194418827075,530000,2779,8388608
Uring,throughput,0,4,64,0,0,194418304738,194418945737,640998,24,8388608
Uring,throughput,0,4,64,0,0,194418305718,194419878313,1572595,3720,8388608
Uring,throughput,0,4,64,0,0,194418309142,194419654352,1345209,302,8388608
Uring,throughput,0,4,64,0,0,194418309324,194419943853,1634529,1167,8388608
Uring,throughput,0,4,64,0,0,194418310503,194418972463,661959,14,8388608
Uring,throughput,0,4,64,0,0,194418314606,194419231140,916534,40,8388608
Uring,throughput,0,4,64,0,0,194418319099,194419389403,1070304,47,8388608
Uring,throughput,0,4,64,0,0,194418319840,194418920985,601145,207,8388608
Uring,throughput,0,4,64,0,0,194418321058,194419066391,745333,30,8388608
Uring,throughput,0,4,64,0,0,194418321238,194419779227,1457989,11,8388608
Uring,throughput,0,4,64,0,0,194418324042,194419696974,1372932,1522,8388608
Uring,throughput,0,4,64,0,0,194418326015,194419934722,1608706,24,8388608
Uring,throughput,0,4,64,0,0,194418343521,194419722810,1379288,22,8388608
Uring,throughput,0,4,64,0,0,194418346611,194419208405,861793,120,8388608
Uring,throughput,0,4,64,0,0,194418348287,194419428630,1080342,12,8388608
Uring,throughput,0,4,64,0,0,194418348582,194419655732,1307149,20,8388608
Uring,throughput,0,4,64,0,0,194418349325,194419114803,765478,30,8388608
Uring,throughput,0,4,64,0,0,194418349813,194419174702,824889,9,8388608
Uring,throughput,0,4,64,0,0,194418355564,194420043913,1688348,24,8388608
Uring,throughput,0,4,64,0,0,194418356477,194419635038,1278561,12,8388608
Uring,throughput,0,4,64,0,0,194418360999,194419530942,1169943,80,8388608
Uring,throughput,0,4,64,0,0,194418364531,194419817808,1453276,61,8388608
Uring,throughput,0,4,64,0,0,194418365949,194419297334,931385,3502,8388608
Uring,throughput,0,4,64,0,0,194418369559,194419203471,833912,765,8388608
Uring,throughput,0,4,64,0,0,194418376967,194418990944,613976,63,8388608
Uring,throughput,0,4,64,0,0,194418378408,194420169705,1791297,23,8388608
Uring,throughput,0,4,64,0,0,194418383766,194419833225,1449458,25,8388608
Uring,throughput,0,4,64,0,0,194418387594,194419093087,705492,2649,8388608
Uring,throughput,0,4,64,0,0,194418397215,194418443143,45928,175,8388608
Uring,throughput,0,4,64,0,0,194418422033,194419861437,1439404,2029,8388608
Uring,throughput,0,4,64,0,0,194418425089,194419508115,1083025,634,8388608
Uring,throughput,0,4,64,0,0,194418427444,194419923499,1496054,1551,8388608
Uring,throughput,0,4,64,0,0,194418429784,194420118404,1688620,3315,8388608
Uring,throughput,0,4,64,0,0,194418440804,194419998361,1557556,34,8388608
Uring,throughput,0,4,64,0,0,194418441185,194419456630,1015445,37,8388608
Uring,throughput,0,4,64,0,0,194418441271,194418482761,41490,975,8388608
Uring,throughput,0,4,64,0,0,194418442264,194420001674,1559409,29,8388608
Uring,throughput,0,4,64,0,0,194418443189,194418979659,536470,19,8388608
Uring,throughput,0,4,64,0,0,194418443197,194418962584,519386,44,8388608
Uring,throughput,0,4,64,0,0,194418443316,194419062251,618934,9,8388608
Uring,throughput,0,4,64,0,0,194418445894,194419280184,834289,66,8388608
Uring,throughput,0,4,64,0,0,194418450757,194419327404,876646,3396,8388608
Uring,throughput,0,4,64,0,0,194418454864,194418629661,174796,21,8388608
Uring,throughput,0,4,64,0,0,194418471199,194419412400,941200,45,8388608
Uring,throughput,0,4,64,0,0,194418472434,194419827170,1354735,55,8388608
Uring,throughput,0,4,64,0,0,194418474066,194420094400,1620333,17,8388608
Uring,throughput,0,4,64,0,0,194418475586,194420000417,1524830,51,8388608
Uring,throughput,0,4,64,0,0,194418482445,194419290130,807684,31,8388608
Uring,throughput,0,4,64,0,0,194418482763,194418511454,28691,28,8388608
Uring,throughput,0,4,64,0,0,194418485616,194419050661,565044,16,8388608
Uring,throughput,0,4,64,0,0,194418498989,194419969814,1470824,1649,8388608
Uring,throughput,0,4,64,0,0,194418507541,194419020797,513255,17,8388608
Uring,throughput,0,4,64,0,0,194418510056,194419792104,1282047,33,8388608
Uring,throughput,0,4,64,0,0,194418511462,194419408683,897220,30,8388608
Uring,throughput,0,4,64,0,0,194418521079,194419035276,514196,4440,8388608
Uring,throughput,0,4,64,0,0,194418532790,194420110265,1577474,18,8388608
Uring,throughput,0,4,64,0,0,194418535529,194420019706,1484176,15,8388608
Uring,throughput,0,4,64,0,0,194418536075,194419687027,1150951,68,8388608
Uring,throughput,0,4,64,0,0,194418542461,194420169141,1626680,24,8388608
Uring,throughput,0,4,64,0,0,194418543939,194420159225,1615286,85,8388608
Uring,throughput,0,4,64,0,0,194418547321,194419625468,1078147,909,8388608
Uring,throughput,0,4,64,0,0,194418550111,194419057850,507739,3257,8388608
Uring,throughput,0,4,64,0,0,194418553861,194419085399,531537,3271,8388608
Uring,throughput,0,4,64,0,0,194418554259,194419956459,1402199,56,8388608
Uring,throughput,0,4,64,0,0,194418554580,194420189777,1635196,21,8388608
Uring,throughput,0,4,64,0,0,194418555764,194419926506,1370742,24,8388608
Uring,throughput,0,4,64,0,0,194418566112,194419795346,1229234,2716,8388608
Uring,throughput,0,4,64,0,0,194418574549,194420078253,1503703,15,8388608
Uring,throughput,0,4,64,0,0,194418579855,194418634223,54367,44,8388608
Uring,throughput,0,4,64,0,0,194418581875,194420216061,1634185,14,8388608
Uring,throughput,0,4,64,0,0,194418585515,194420477655,1892139,22,8388608
Uring,throughput,0,4,64,0,0,194418592081,194420102284,1510203,69,8388608
Uring,throughput,0,4,64,0,0,194418592132,194420076095,1483963,40,8388608
Uring,throughput,0,4,64,0,0,194418595589,194419107905,512316,1112,8388608
Uring,throughput,0,4,64,0,0,194418602468,194419550331,947863,1846,8388608
Uring,throughput,0,4,64,0,0,194418604270,194420196609,1592338,189,8388608
Uring,throughput,0,4,64,0,0,194418612193,194420251289,1639096,12983,8388608
Uring,throughput,0,4,64,0,0,194418612243,194419862229,1249985,66,8388608
Uring,throughput,0,4,64,0,0,194418617602,194419467751,850148,1771,8388608
Uring,throughput,0,4,64,0,0,194418618284,194419675546,1057262,255,8388608
Uring,throughput,0,4,64,0,0,194418619689,194419923518,1303828,62,8388608
Uring,throughput,0,4,64,0,0,194418629668,194418686429,56760,16,8388608
Uring,throughput,0,4,64,0,0,194418634229,194418896221,261991,22,8388608
Uring,throughput,0,4,64,0,0,194418636359,194419701426,1065067,23,8388608
Uring,throughput,0,4,64,0,0,194418637539,194420123074,1485535,1440,8388608
Uring,throughput,0,4,64,0,0,194418639645,194418668533,28888,853,8388608
Uring,throughput,0,4,64,0,0,194418640237,194419809943,1169705,22,8388608
Uring,throughput,0,4,64,0,0,194418644338,194419866996,1222657,35,8388608
Uring,throughput,0,4,64,0,0,194418652957,194419716249,1063291,33,8388608
Uring,throughput,0,4,64,0,0,194418658292,194419651511,993219,21,8388608
Uring,throughput,0,4,64,0,0,194418662048,194418838297,176248,26,8388608
Uring,throughput,0,4,64,0,0,194418668539,194419427715,759175,16,8388608
Uring,throughput,0,4,64,0,0,194418669160,194420135900,1466739,36,8388608
Uring,throughput,0,4,64,0,0,194418674247,194419979778,1305531,75,8388608
Uring,throughput,0,4,64,0,0,194418674860,194419136654,461793,20,8388608
Uring,throughput,0,4,64,0,0,194418677219,194420085554,1408334,222,8388608
Uring,throughput,0,4,64,0,0,194418682212,194420095000,1412788,39,8388608
Uring,throughput,0,4,64,0,0,194418685328,194419138097,452768,51,8388608
Uring,throughput,0,4,64,0,0,194418686434,194419102356,415921,1957,8388608
Uring,throughput,0,4,64,0,0,194418689239,194419688613,999374,84,8388608
Uring,throughput,0,4,64,0,0,194418694447,194420161300,1466853,57,8388608
Uring,throughput,0,4,64,0,0,194418695673,194420110121,1414447,19,8388608
Uring,throughput,0,4,64,0,0,194418700111,194419956086,1255974,44,8388608
Uring,throughput,0,4,64,0,0,194418701881,194419939408,1237527,73,8388608
Uring,throughput,0,4,64,0,0,194418704567,194420221730,1517162,2310,8388608
Uring,throughput,0,4,64,0,0,194418706017,194419721842,1015824,3453,8388608
Uring,throughput,0,4,64,0,0,194418706554,194420140414,1433860,1821,8388608
Uring,throughput,0,4,64,0,0,194418708521,194420138308,1429786,34,8388608
Uring,throughput,0,4,64,0,0,194418709719,194419717933,1008213,15,8388608
Uring,throughput,0,4,64,0,0,194418715893,194420147900,1432006,2247,8388608
Uring,throughput,0,4,64,0,0,194418715980,194419839834,1123853,2699,8388608
Uring,throughput,0,4,64,0,0,194418717462,194420164242,1446779,1259,8388608
Uring,throughput,0,4,64,0,0,194418719719,194420385210,1665491,1345,8388608
Uring,throughput,0,4,64,0,0,194418723221,194420303844,1580623,293,8388608
Uring,throughput,0,4,64,0,0,194418728325,194420325908,1597582,21,8388608
Uring,throughput,0,4,64,0,0,194418728821,194420322277,1593456,28,8388608
Uring,throughput,0,4,64,0,0,194418734763,194420239414,1504650,21,8388608
Uring,throughput,0,4,64,0,0,194418737299,194420175421,1438122,15,8388608
Uring,throughput,0,4,64,0,0,194418743207,194419191946,448739,52,8388608
Uring,throughput,0,4,64,0,0,194418762570,194419385938,623368,3710,8388608
Uring,throughput,0,4,64,0,0,194418763663,194420288268,1524604,21,8388608
Uring,throughput,0,4,64,0,0,194418764523,194419984759,1220235,23,8388608
Uring,throughput,0,4,64,0,0,194418766321,194420236513,1470191,106,8388608
Uring,throughput,0,4,64,0,0,194418771227,194419459389,688162,16,8388608
Uring,throughput,0,4,64,0,0,194418771602,194420256295,1484692,21,8388608
Uring,throughput,0,4,64,0,0,194418777507,194419815507,1038000,12,8388608
Uring,throughput,0,4,64,0,0,194418779161,194420212538,1433377,1191,8388608
Uring,throughput,0,4,64,0,0,194418779477,194419416916,637439,12,8388608
Uring,throughput,0,4,64,0,0,194418780108,194420174582,1394473,15,8388608
Uring,throughput,0,4,64,0,0,194418781911,194419997328,1215417,35,8388608
Uring,throughput,0,4,64,0,0,194418789651,194420392361,1602710,1452,8388608
Uring,throughput,0,4,64,0,0,194418790374,194420365789,1575414,24,8388608
Uring,throughput,0,4,64,0,0,194418797345,194420172431,1375086,36,8388608
Uring,throughput,0,4,64,0,0,194418813625,194419226507,412882,1314,8388608
Uring,throughput,0,4,64,0,0,194418813703,194420126464,1312761,1399,8388608
Uring,throughput,0,4,64,0,0,194418819270,194419277624,458353,54,8388608
Uring,throughput,0,4,64,0,0,194418827083,194419879806,1052723,22,8388608
Uring,throughput,0,4,64,0,0,194418836858,194419854364,1017506,58,8388608
Uring,throughput,0,4,64,0,0,194418837132,194420493682,1656549,13,8388608
Uring,throughput,0,4,64,0,0,194418838305,194419245336,407031,31,8388608
Uring,throughput,0,4,64,0,0,194418846338,194419646445,800106,778,8388608
Uring,throughput,0,4,64,0,0,194418847407,194420006887,1159480,1690,8388608
Uring,throughput,0,4,64,0,0,194418848961,194420145975,1297014,225,8388608
Uring,throughput,0,4,64,0,0,194418861614,194420273892,1412277,70,8388608
Uring,throughput,0,4,64,0,0,194418865435,194420441387,1575952,24,8388608
Uring,throughput,0,4,64,0,0,194418867358,194420116486,1249128,24,8388608
Uring,throughput,0,4,64,0,0,194418870883,194420844297,1973414,12,8388608
Uring,throughput,0,4,64,0,0,194418873521,194420366161,1492640,38,8388608
Uring,throughput,0,4,64,0,0,194418874710,194420485592,1610882,59,8388608
Uring,throughput,0,4,64,0,0,194418882622,194418946950,64327,95,8388608
Uring,throughput,0,4,64,0,0,194418888407,194419340221,451813,21,8388608
Uring,throughput,0,4,64,0,0,194418896228,194418946214,49986,57,8388608
Uring,throughput,0,4,64,0,0,194418899702,194419267446,367743,60,8388608
Uring,throughput,0,4,64,0,0,194418907282,194420257266,1349984,45,8388608
Uring,throughput,0,4,64,0,0,194418910745,194419281126,370380,31,8388608
Uring,throughput,0,4,64,0,0,194418912111,194419146675,234563,857,8388608
Uring,throughput,0,4,64,0,0,194418917358,194419474486,557127,2582,8388608
Uring,throughput,0,4,64,0,0,194418918553,194420506425,1587872,1614,8388608
Uring,throughput,0,4,64,0,0,194418920989,194420366767,1445777,1130,8388608
Uring,throughput,0,4,64,0,0,194418921036,194420186712,1265675,45,8388608
Uring,throughput,0,4,64,0,0,194418926541,194420469886,1543344,27482,8388608
Uring,throughput,0,4,64,0,0,194418945745,194419515912,570167,19,8388608
Uring,throughput,0,4,64,0,0,194418946216,194419006613,60397,27,8388608
Uring,throughput,0,4,64,0,0,194418946953,194420545249,1598296,1735,8388608
Uring,throughput,0,4,64,0,0,194418953814,194419270319,316504,24,8388608
Uring,throughput,0,4,64,0,0,194418955933,194420281695,1325762,326,8388608
Uring,throughput,0,4,64,0,0,194418962591,194419382339,419747,2770,8388608
Uring,throughput,0,4,64,0,0,194418966514,194421833596,2867082,2370,8388608
Uring,throughput,0,4,64,0,0,194418972569,194420399023,1426454,1504,8388608
Uring,throughput,0,4,64,0,0,194418979502,194420358817,1379315,35,8388608
Uring,throughput,0,4,64,0,0,194418979664,194420076269,1096604,11387,8388608
Uring,throughput,0,4,64,0,0,194418988965,194419294396,305431,180,8388608
Uring,throughput,0,4,64,0,0,194418990952,194419773359,782406,94,8388608
Uring,throughput,0,4,64,0,0,194418991056,194420203280,1212223,10,8388608
Uring,throughput,0,4,64,0,0,194418996263,194420413333,1417070,3828,8388608
Uring,throughput,0,4,64,0,0,194419003375,194419119055,115680,133,8388608
Uring,throughput,0,4,64,0,0,194419006618,194419717450,710831,37,8388608
Uring,throughput,0,4,64,0,0,194419020805,194419120987,100181,44,8388608
Uring,throughput,0,4,64,0,0,194419030317,194419110285,79967,19,8388608
Uring,throughput,0,4,64,0,0,194419034379,194422562480,3528100,22,8388608
Uring,throughput,0,4,64,0,0,194419035314,194419780786,745471,51,8388608
Uring,throughput,0,4,64,0,0,194419050669,194419618922,568252,22,8388608
Uring,throughput,0,4,64,0,0,194419051845,194420449422,1397577,25,8388608
Uring,throughput,0,4,64,0,0,194419057643,194420454219,1396576,2963,8388608
Uring,throughput,0,4,64,0,0,194419057958,194419511055,453096,68,8388608
Uring,throughput,0,4,64,0,0,194419062293,194420480905,1418611,1608,8388608
Uring,throughput,0,4,64,0,0,194419065833,194420207703,1141869,21,8388608
Uring,throughput,0,4,64,0,0,194419066398,194420206347,1139948,18,8388608
Uring,throughput,0,4,64,0,0,194419076594,194420293138,1216543,37,8388608
Uring,throughput,0,4,64,0,0,194419085406,194419980295,894889,101,8388608
Uring,throughput,0,4,64,0,0,194419091992,194420340493,1248500,336,8388608
Uring,throughput,0,4,64,0,0,194419093111,194419365926,272815,47,8388608
Uring,throughput,0,4,64,0,0,194419102363,194419886365,784001,58,8388608
Uring,throughput,0,4,64,0,0,194419107914,194420702255,1594341,27,8388608
Uring,throughput,0,4,64,0,0,194419110292,194420492815,1382523,6381,8388608
Uring,throughput,0,4,64,0,0,194419113255,194420338414,1225159,3821,8388608
Uring,throughput,0,4,64,0,0,194419114902,194420169974,1055071,2838,8388608
Uring,throughput,0,4,64,0,0,194419119063,194420196589,1077526,2280,8388608
Uring,throughput,0,4,64,0,0,194419120995,194420732438,1611442,2313,8388608
Uring,throughput,0,4,64,0,0,194419122343,194420469839,1347495,74,8388608
Uring,throughput,0,4,64,0,0,194419122904,194420234896,1111991,13,8388608
Uring,throughput,0,4,64,0,0,194419134960,194420598359,1463398,23,8388608
Uring,throughput,0,4,64,0,0,194419136657,194419510421,373764,13,8388608
Uring,throughput,0,4,64,0,0,194419138100,194420760508,1622407,1488,8388608
Uring,throughput,0,4,64,0,0,194419141510,194420190800,1049290,33,8388608
Uring,throughput,0,4,64,0,0,194419146682,194419188953,42270,22,8388608
Uring,throughput,0,4,64,0,0,194419154099,194420529347,1375248,95,8388608
Uring,throughput,0,4,64,0,0,194419174710,194420765341,1590630,26,8388608
Uring,throughput,0,4,64,0,0,194419177938,194420537611,1359673,4368,8388608
Uring,throughput,0,4,64,0,0,194419185694,194421514756,2329062,19,8388608
Uring,throughput,0,4,64,0,0,194419188959,194419227083,38123,25,8388608
Uring,throughput,0,4,64,0,0,194419191953,194420546579,1354626,3688,8388608
Uring,throughput,0,4,64,0,0,194419192063,194420300069,1108006,76,8388608
Uring,throughput,0,4,64,0,0,194419203479,194419553167,349688,17,8388608
Uring,throughput,0,4,64,0,0,194419208411,194420553455,1345043,40,8388608
Uring,throughput,0,4,64,0,0,194419216978,194420595106,1378127,81,8388608
Uring,throughput,0,4,64,0,0,194419218063,194420782583,1564519,23,8388608
Uring,throughput,0,4,64,0,0,194419226513,194420829104,1602590,1238,8388608
Uring,throughput,0,4,64,0,0,194419227086,194420487295,1260208,1238,8388608
Uring,throughput,0,4,64,0,0,194419231148,194419464999,233851,790,8388608
Uring,throughput,0,4,64,0,0,194419232537,194419631936,399398,2882,8388608
Uring,throughput,0,4,64,0,0,194419238164,194420784103,1545938,135,8388608
Uring,throughput,0,4,64,0,0,194419242159,194419512942,270783,43,8388608
Uring,throughput,0,4,64,0,0,194419243350,194420805281,1561930,42,8388608
Uring,throughput,0,4,64,0,0,194419245343,194420439729,1194386,3115,8388608
Uring,throughput,0,4,64,0,0,194419260396,194420173865,913468,2683,8388608
Uring,throughput,0,4,64,0,0,194419262107,194420880449,1618342,34,8388608
Uring,throughput,0,4,64,0,0,194419267455,194419545798,278343,16031,8388608
Uring,throughput,0,4,64,0,0,194419270326,194419578973,308646,34,8388608
Uring,throughput,0,4,64,0,0,194419277633,194420604229,1326596,3581,8388608
Uring,throughput,0,4,64,0,0,194419280191,194420363666,1083474,34,8388608
Uring,throughput,0,4,64,0,0,194419281129,194420605496,1324366,21,8388608
Uring,throughput,0,4,64,0,0,194419290138,194420421546,1131408,18,8388608
Uring,throughput,0,4,64,0,0,194419294422,194419680118,385695,28,8388608
Uring,throughput,0,4,64,0,0,194419295195,194420979379,1684183,113,8388608
Uring,throughput,0,4,64,0,0,194419297387,194420877827,1580440,30,8388608
Uring,throughput,0,4,64,0,0,194419299235,194419568707,269471,2711,8388608
Uring,throughput,0,4,64,0,0,194419303552,194420613335,1309783,3447,8388608
Uring,throughput,0,4,64,0,0,194419303713,194420380718,1077005,814,8388608
Uring,throughput,0,4,64,0,0,194419307533,194419807940,500407,357,8388608
Uring,throughput,0,4,64,0,0,194419310352,194420439252,1128900,2868,8388608
Uring,throughput,0,4,64,0,0,194419311287,194420618883,1307596,38,8388608
Uring,throughput,0,4,64,0,0,194419324509,194420555089,1230579,71,8388608
Uring,throughput,0,4,64,0,0,194419327410,194421555822,2228412,16,8388608
Uring,throughput,0,4,64,0,0,194419331029,194420741849,1410819,33,8388608
Uring,throughput,0,4,64,0,0,194419331875,194419601344,269469,1394,8388608
Uring,throughput,0,4,64,0,0,194419334708,194420624775,1290067,119,8388608
Uring,throughput,0,4,64,0,0,194419335702,194419794382,458679,644,8388608
Uring,throughput,0,4,64,0,0,194419340229,194420617358,1277128,5259,8388608
Uring,throughput,0,4,64,0,0,194419348594,194420778182,1429587,35,8388608
Uring,throughput,0,4,64,0,0,194419356965,194420808920,1451954,26,8388608
Uring,throughput,0,4,64,0,0,194419365934,194419602239,236304,52,8388608
Uring,throughput,0,4,64,0,0,194419374484,194419732073,357589,28,8388608
Uring,throughput,0,4,64,0,0,194419382346,194420889970,1507624,87,8388608
Uring,throughput,0,4,64,0,0,194419385946,194420515946,1130000,49,8388608
Uring,throughput,0,4,64,0,0,194419389409,194420906503,1517093,2902,8388608
Uring,throughput,0,4,64,0,0,194419401657,194420645382,1243725,1859,8388608
Uring,throughput,0,4,64,0,0,194419403908,194420816189,1412281,15,8388608
Uring,throughput,0,4,64,0,0,194419408690,194420648966,1240275,1684,8388608
Uring,throughput,0,4,64,0,0,194419412405,194420935621,1523215,6261,8388608
Uring,throughput,0,4,64,0,0,194419414349,194420638263,1223914,5108,8388608
Uring,throughput,0,4,64,0,0,194419416924,194419585448,168523,893,8388608
Uring,throughput,0,4,64,0,0,194419419732,194420654504,1234772,29,8388608
Uring,throughput,0,4,64,0,0,194419420955,194420648206,1227250,22,8388608
Uring,throughput,0,4,64,0,0,194419421332,194420638830,1217498,116,8388608
Uring,throughput,0,4,64,0,0,194419427720,194419605420,177699,15,8388608
Uring,throughput,0,4,64,0,0,194419428633,194419624040,195406,746,8388608
Uring,throughput,0,4,64,0,0,194419447147,194421059903,1612755,19,8388608
Uring,throughput,0,4,64,0,0,194419451921,194420659464,1207542,604,8388608
Uring,throughput,0,4,64,0,0,194419453167,194420748160,1294992,1265,8388608
Uring,throughput,0,4,64,0,0,194419453567,194420465703,1012136,19,8388608
Uring,throughput,0,4,64,0,0,194419455604,194420702724,1247120,2287,8388608
Uring,throughput,0,4,64,0,0,194419456635,194419630837,174202,417,8388608
Uring,throughput,0,4,64,0,0,194419459397,194420604320,1144922,39,8388608
Uring,throughput,0,4,64,0,0,194419459517,194420706365,1246847,2874,8388608
Uring,throughput,0,4,64,0,0,194419465020,194419833139,368118,130,8388608
Uring,throughput,0,4,64,0,0,194419467760,194420593694,1125934,19,8388608
Uring,throughput,0,4,64,0,0,194419468517,194419507699,39182,837,8388608
Uring,throughput,0,4,64,0,0,194419469299,194420987186,1517887,45,8388608
Uring,throughput,0,4,64,0,0,194419469578,194419643876,174297,4573,8388608
Uring,throughput,0,4,64,0,0,194419472165,194420621099,1148933,2289,8388608
Uring,throughput,0,4,64,0,0,194419474494,194420480443,1005949,28,8388608
Uring,throughput,0,4,64,0,0,194419476666,194420841108,1364442,28,8388608
Uring,throughput,0,4,64,0,0,194419483608,194421738821,2255212,5237,8388608
Uring,throughput,0,4,64,0,0,194419495490,194420695908,1200418,46,8388608
Uring,throughput,0,4,64,0,0,194419507706,194419546848,39141,40,8388608
Uring,throughput,0,4,64,0,0,194419508123,194420211317,703193,75,8388608
Uring,throughput,0,4,64,0,0,194419510426,194420678603,1168176,2633,8388608
Uring,throughput,0,4,64,0,0,194419511134,194420221078,709944,58,8388608
Uring,throughput,0,4,64,0,0,194419512950,194420678758,1165807,1617,8388608
Uring,throughput,0,4,64,0,0,194419515921,194420366738,850816,4658,8388608
Uring,throughput,0,4,64,0,0,194419517285,194420677749,1160464,21,8388608
Uring,throughput,0,4,64,0,0,194419520386,194420777759,1257373,2251,8388608
Uring,throughput,0,4,64,0,0,194419530951,194421152051,1621100,2580,8388608
Uring,throughput,0,4,64,0,0,194419531988,194421147227,1615238,203,8388608
Uring,throughput,0,4,64,0,0,194419539172,194420937466,1398293,1902,8388608
Uring,throughput,0,4,64,0,0,194419540541,194420421978,881437,42,8388608
Uring,throughput,0,4,64,0,0,194419543377,194421047888,1504511,43,8388608
Uring,throughput,0,4,64,0,0,194419545805,194422264905,2719099,45,8388608
Uring,throughput,0,4,64,0,0,194419546855,194419581451,34595,46,8388608
Uring,throughput,0,4,64,0,0,194419550340,194420800484,1250144,39,8388608
Uring,throughput,0,4,64,0,0,194419553174,194420295607,742432,107,8388608
Uring,throughput,0,4,64,0,0,194419555693,194420722638,1166944,23,8388608
Uring,throughput,0,4,64,0,0,194419556896,194421160269,1603373,19,8388608
Uring,throughput,0,4,64,0,0,194419566766,194420691604,1124838,30,8388608
Uring,throughput,0,4,64,0,0,194419568714,194420692230,1123515,29,8388608
Uring,throughput,0,4,64,0,0,194419578981,194420698327,1119345,6156,8388608
Uring,throughput,0,4,64,0,0,194419581497,194421090731,1509234,2258,8388608
Uring,throughput,0,4,64,0,0,194419585474,194419630394,44920,19,8388608
Uring,throughput,0,4,64,0,0,194419592202,194420698998,1106795,61,8388608
Uring,throughput,0,4,64,0,0,194419601351,194421586616,1985265,20,8388608
Uring,throughput,0,4,64,0,0,194419602249,194419665638,63389,994,8388608
Uring,throughput,0,4,64,0,0,194419605425,194421482208,1876783,5912,8388608
Uring,throughput,0,4,64,0,0,194419613214,194420834899,1221685,23,8388608
Uring,throughput,0,4,64,0,0,194419618931,194419698918,79987,1633,8388608
Uring,throughput,0,4,64,0,0,194419624048,194419674438,50389,54,8388608
Uring,throughput,0,4,64,0,0,194419625473,194420731860,1106386,30,8388608
Uring,throughput,0,4,64,0,0,194419630285,194420716179,1085894,20,8388608
Uring,throughput,0,4,64,0,0,194419630400,194420603070,972670,17,8388608
Uring,throughput,0,4,64,0,0,194419630844,194420645116,1014272,23,8388608
Uring,throughput,0,4,64,0,0,194419631943,194420343831,711887,113,8388608
Uring,throughput,0,4,64,0,0,194419635048,194420747633,1112585,71,8388608
Uring,throughput,0,4,64,0,0,194419643885,194420200712,556826,44,8388608
Uring,throughput,0,4,64,0,0,194419646450,194420410843,764393,25,8388608
Uring,throughput,0,4,64,0,0,194419648763,194421337293,1688529,18,8388608
Uring,throughput,0,4,64,0,0,194419649399,194419781832,132433,14,8388608
Uring,throughput,0,4,64,0,0,194419651517,194419759593,108076,2529,8388608
Uring,throughput,0,4,64,0,0,194419654355,194422616065,2961709,29,8388608
Uring,throughput,0,4,64,0,0,194419655645,194421201039,1545393,25,8388608
Uring,throughput,0,4,64,0,0,194419655748,194420734357,1078608,1439,8388608
Uring,throughput,0,4,64,0,0,194419660268,194421148018,1487749,2060,8388608
Uring,throughput,0,4,64,0,0,194419663076,194421209290,1546214,37,8388608
Uring,throughput,0,4,64,0,0,194419663954,194421207133,1543178,37,8388608
Uring,throughput,0,4,64,0,0,194419665646,194420740187,1074540,43,8388608
Uring,throughput,0,4,64,0,0,194419674442,194419772847,98404,30,8388608
Uring,throughput,0,4,64,0,0,194419675554,194420764330,1088775,39,8388608
Uring,throughput,0,4,64,0,0,194419680125,194420777973,1097848,2432,8388608
Uring,throughput,0,4,64,0,0,194419687072,194421215852,1528779,1647,8388608
Uring,throughput,0,4,64,0,0,194419688616,194421086117,1397500,184,8388608
Uring,throughput,0,4,64,0,0,194419696982,194420971073,1274091,116,8388608
Uring,throughput,0,4,64,0,0,194419698927,194421218508,1519581,25,8388608
Uring,throughput,0,4,64,0,0,194419701449,194420027188,325739,28,8388608
Uring,throughput,0,4,64,0,0,194419705234,194421212539,1507305,16,8388608
Uring,throughput,0,4,64,0,0,194419705384,194420733986,1028602,2354,8388608
Uring,throughput,0,4,64,0,0,194419716257,194420473265,757007,509,8388608
Uring,throughput,0,4,64,0,0,194419717492,194419902229,184737,35,8388608
Uring,throughput,0,4,64,0,0,194419717938,194420978214,1260275,16,8388608
Uring,throughput,0,4,64,0,0,194419721849,194421106256,1384407,14,8388608
Uring,throughput,0,4,64,0,0,194419722815,194421091130,1368314,16,8388608
Uring,throughput,0,4,64,0,0,194419732079,194419805172,73092,819,8388608
Uring,throughput,0,4,64,0,0,194419738193,194421238806,1500612,16,8388608
Uring,throughput,0,4,64,0,0,194419740768,194421093900,1353131,46,8388608
Uring,throughput,0,4,64,0,0,194419742269,194420891545,1149275,99,8388608
Uring,throughput,0,4,64,0,0,194419759602,194421231230,1471627,27,8388608
Uring,throughput,0,4,64,0,0,194419770582,194420939352,1168769,1915,8388608
Uring,throughput,0,4,64,0,0,194419772852,194420940417,1167564,2118,8388608
Uring,throughput,0,4,64,0,0,194419773363,194421037386,1264023,2107,8388608
Uring,throughput,0,4,64,0,0,194419779232,194420923739,1144507,182,8388608
Uring,throughput,0,4,64,0,0,194419780158,194421166443,1386284,40,8388608
Uring,throughput,0,4,64,0,0,194419780793,194420840619,1059826,122,8388608
Uring,throughput,0,4,64,0,0,194419781842,194421043080,1261238,29,8388608
Uring,throughput,0,4,64,0,0,194419792112,194419845381,53268,2171,8388608
Uring,throughput,0,4,64,0,0,194419794389,194420386751,592362,47,8388608
Uring,throughput,0,4,64,0,0,194419795354,194421257148,1461794,57,8388608
Uring,throughput,0,4,64,0,0,194419805178,194420447300,642121,23,8388608
Uring,throughput,0,4,64,0,0,194419807948,194420716703,908754,160,8388608
Uring,throughput,0,4,64,0,0,194419809947,194420714194,904247,2255,8388608
Uring,throughput,0,4,64,0,0,194419815514,194420803855,988340,2041,8388608
Uring,throughput,0,4,64,0,0,194419817838,194421321308,1503469,93,8388608
Uring,throughput,0,4,64,0,0,194419819189,194421356787,1537598,30,8388608
Uring,throughput,0,4,64,0,0,194419826834,194421377363,1550528,54,8388608
Uring,throughput,0,4,64,0,0,194419827177,194421116866,1289689,1588,8388608
Uring,throughput,0,4,64,0,0,194419831463,194421384116,1552652,1726,8388608
Uring,throughput,0,4,64,0,0,194419833146,194420787291,954145,50,8388608
Uring,throughput,0,4,64,0,0,194419833232,194421013321,1180088,2592,8388608
Uring,throughput,0,4,64,0,0,194419839842,194421102385,1262542,203,8388608
Uring,throughput,0,4,64,0,0,194419845228,194421177408,1332179,163,8388608
Uring,throughput,0,4,64,0,0,194419845389,194420553781,708391,127,8388608
Uring,throughput,0,4,64,0,0,194419854372,194421115414,1261041,2306,8388608
Uring,throughput,0,4,64,0,0,194419861445,194421408709,1547263,26,8388608
Uring,throughput,0,4,64,0,0,194419862238,194420082039,219801,547,8388608
Uring,throughput,0,4,64,0,0,194419867018,194421054573,1187555,1379,8388608
Uring,throughput,0,4,64,0,0,194419878321,194421201077,1322755,49,8388608
Uring,throughput,0,4,64,0,0,194419879813,194420702130,822317,16,8388608
Uring,throughput,0,4,64,0,0,194419886373,194419934429,48056,66,8388608
Uring,throughput,0,4,64,0,0,194419896974,194421319910,1422935,2865,8388608
Uring,throughput,0,4,64,0,0,194419902237,194419948837,46600,56,8388608
Uring,throughput,0,4,64,0,0,194419903622,194421406293,1502671,20,8388608
Uring,throughput,0,4,64,0,0,194419923506,194421369366,1445860,20,8388608
Uring,throughput,0,4,64,0,0,194419923521,194421425306,1501785,16,8388608
Uring,throughput,0,4,64,0,0,194419925032,194421257449,1332416,2390,8388608
Uring,throughput,0,4,64,0,0,194419926514,194421371690,1445175,89,8388608
Uring,throughput,0,4,64,0,0,194419934473,194420404378,469904,512,8388608
Uring,throughput,0,4,64,0,0,194419934729,194421283597,1348868,2422,8388608
Uring,throughput,0,4,64,0,0,194419939414,194421196745,1257331,16,8388608
Uring,throughput,0,4,64,0,0,194419943884,194422139711,2195826,21,8388608
Uring,throughput,0,4,64,0,0,194419947755,194421460512,1512756,24,8388608
Uring,throughput,0,4,64,0,0,194419948844,194420470291,521446,21,8388608
Uring,throughput,0,4,64,0,0,194419955251,194419989369,34117,495,8388608
Uring,throughput,0,4,64,0,0,194419956089,194421432386,1476297,74,8388608
Uring,throughput,0,4,64,0,0,194419956466,194421487408,1530942,26,8388608
Uring,throughput,0,4,64,0,0,194419969822,194421508592,1538769,21,8388608
Uring,throughput,0,4,64,0,0,194419979785,194421495076,1515290,1461,8388608
Uring,throughput,0,4,64,0,0,194419980308,194420587052,606744,74,8388608
Uring,throughput,0,4,64,0,0,194419984766,194421451833,1467067,31,8388608
Uring,throughput,0,4,64,0,0,194419989376,194420016578,27202,66,8388608
Uring,throughput,0,4,64,0,0,194419993305,194421132341,1139036,602,8388608
Uring,throughput,0,4,64,0,0,194419997333,194420029770,32437,608,8388608
Uring,throughput,0,4,64,0,0,194419998365,194421387612,1389247,15,8388608
Uring,throughput,0,4,64,0,0,194420000426,194421423176,1422750,2999,8388608
Uring,throughput,0,4,64,0,0,194420001677,194421230972,1229294,1906,8388608
Uring,throughput,0,4,64,0,0,194420006895,194421290073,1283178,53,8388608
Uring,throughput,0,4,64,0,0,194420007871,194421563227,1555356,11992,8388608
Uring,throughput,0,4,64,0,0,194420016585,194421061959,1045373,59,8388608
Uring,throughput,0,4,64,0,0,194420019713,194421391942,1372229,479,8388608
Uring,throughput,0,4,64,0,0,194420027195,194421872050,1844854,1014,8388608
Uring,throughput,0,4,64,0,0,194420029777,194420057521,27744,22,8388608
Uring,throughput,0,4,64,0,0,194420043920,194421294204,1250283,67,8388608
Uring,throughput,0,4,64,0,0,194420057528,194420086657,29129,82,8388608
Uring,throughput,0,4,64,0,0,194420076103,194421550563,1474460,2021,8388608
Uring,throughput,0,4,64,0,0,194420076276,194421550051,1473775,23,8388608
Uring,throughput,0,4,64,0,0,194420078321,194421740653,1662332,121,8388608
Uring,throughput,0,4,64,0,0,194420082047,194420116110,34062,41,8388608
Uring,throughput,0,4,64,0,0,194420085561,194421402707,1317145,17,8388608
Uring,throughput,0,4,64,0,0,194420086681,194421631786,1545104,1535,8388608
Uring,throughput,0,4,64,0,0,194420094406,194421419671,1325264,532,8388608
Uring,throughput,0,4,64,0,0,194420095026,194421494399,1399373,3553,8388608
Uring,throughput,0,4,64,0,0,194420102293,194421979198,1876905,38,8388608
Uring,throughput,0,4,64,0,0,194420110148,194420142686,32537,768,8388608
Uring,throughput,0,4,64,0,0,194420110270,194421410954,1300684,16,8388608
Uring,throughput,0,4,64,0,0,194420116117,194420896868,780750,41,8388608
Uring,throughput,0,4,64,0,0,194420116494,194421404629,1288135,707,8388608
Uring,throughput,0,4,64,0,0,194420118410,194421308767,1190357,36,8388608
Uring,throughput,0,4,64,0,0,194420123082,194421417184,1294101,70,8388608
Uring,throughput,0,4,64,0,0,194420126470,194421504854,1378384,22,8388608
Uring,throughput,0,4,64,0,0,194420135909,194421592934,1457024,27,8388608
Uring,throughput,0,4,64,0,0,194420138316,194420776332,638015,2083,8388608
Uring,throughput,0,4,64,0,0,194420140418,194421438506,1298088,22,8388608
Uring,throughput,0,4,64,0,0,194420142692,194420175414,32722,36,8388608
Uring,throughput,0,4,64,0,0,194420145980,194421376053,1230072,1478,8388608
Uring,throughput,0,4,64,0,0,194420147904,194421966817,1818913,20,8388608
Uring,throughput,0,4,64,0,0,194420159235,194421633410,1474175,42,8388608
Uring,throughput,0,4,64,0,0,194420161308,194421470269,1308960,2196,8388608
Uring,throughput,0,4,64,0,0,194420164248,194421619716,1455468,28,8388608
Uring,throughput,0,4,64,0,0,194420169149,194421605104,1435954,37,8388608
Uring,throughput,0,4,64,0,0,194420169711,194421360364,1190652,17,8388608
Uring,throughput,0,4,64,0,0,194420169981,194420754394,584413,57,8388608
Uring,throughput,0,4,64,0,0,194420172440,194421626200,1453760,1448,8388608
Uring,throughput,0,4,64,0,0,194420173871,194420883044,709172,60,8388608
Uring,throughput,0,4,64,0,0,194420174588,194422035168,1860579,34,8388608
Uring,throughput,0,4,64,0,0,194420175420,194420843128,667708,30,8388608
Uring,throughput,0,4,64,0,0,194420175425,194422013353,1837928,16,8388608
Uring,throughput,0,4,64,0,0,194420186719,194420901446,714727,825,8388608
Uring,throughput,0,4,64,0,0,194420189783,194421598646,1408862,97,8388608
Uring,throughput,0,4,64,0,0,194420190803,194422044755,1853951,1368,8388608
Uring,throughput,0,4,64,0,0,194420196596,194421477364,1280767,16,8388608
Uring,throughput,0,4,64,0,0,194420196684,194421595205,1398521,89,8388608
Uring,throughput,0,4,64,0,0,194420200719,194420246806,46087,24,8388608
Uring,throughput,0,4,64,0,0,194420203285,194422145054,1941768,1036,8388608
Uring,throughput,0,4,64,0,0,194420206354,194421538501,1332147,2245,8388608
Uring,throughput,0,4,64,0,0,194420207714,194421071073,863358,347,8388608
Uring,throughput,0,4,64,0,0,194420211320,194420640237,428916,12,8388608
Uring,throughput,0,4,64,0,0,194420212544,194422068078,1855533,18,8388608
Uring,throughput,0,4,64,0,0,194420216069,194421628880,1412811,26,8388608
Uring,throughput,0,4,64,0,0,194420221143,194421597203,1376060,2272,8388608
Uring,throughput,0,4,64,0,0,194420221737,194422076440,1854703,101,8388608
Uring,throughput,0,4,64,0,0,194420234903,194421438204,1203301,18,8388608
Uring,throughput,0,4,64,0,0,194420236517,194421668664,1432146,17,8388608
Uring,throughput,0,4,64,0,0,194420239421,194421482086,1242665,2236,8388608
Uring,throughput,0,4,64,0,0,194420246812,194420279199,32387,556,8388608
Uring,throughput,0,4,64,0,0,194420251294,194422756308,2505013,19,8388608
Uring,throughput,0,4,64,0,0,194420256338,194421547710,1291371,1389,8388608
Uring,throughput,0,4,64,0,0,194420257417,194422067893,1810476,42,8388608
Uring,throughput,0,4,64,0,0,194420273900,194422070764,1796864,87,8388608
Uring,throughput,0,4,64,0,0,194420279207,194420943176,663968,18,8388608
Uring,throughput,0,4,64,0,0,194420281704,194421183440,901735,27,8388608
Uring,throughput,0,4,64,0,0,194420288276,194421681966,1393690,56,8388608
Uring,throughput,0,4,64,0,0,194420293146,194421731590,1438444,21,8388608
Uring,throughput,0,4,64,0,0,194420295615,194420335515,39899,823,8388608
Uring,throughput,0,4,64,0,0,194420300078,194421423786,1123708,23,8388608
Uring,throughput,0,4,64,0,0,194420303850,194421659330,1355480,2312,8388608
Uring,throughput,0,4,64,0,0,194420322285,194421683034,1360748,2115,8388608
Uring,throughput,0,4,64,0,0,194420325916,194421597074,1271158,36,8388608
Uring,throughput,0,4,64,0,0,194420335546,194420381820,46273,23,8388608
Uring,throughput,0,4,64,0,0,194420338424,194421150155,811731,101,8388608
Uring,throughput,0,4,64,0,0,194420340502,194421804831,1464328,21,8388608
Uring,throughput,0,4,64,0,0,194420343838,194421131255,787417,31,8388608
Uring,throughput,0,4,64,0,0,194420358824,194421573754,1214929,56,8388608
Uring,throughput,0,4,64,0,0,194420363673,194421585156,1221483,1733,8388608
Uring,throughput,0,4,64,0,0,194420365814,194421663733,1297919,1598,8388608
Uring,throughput,0,4,64,0,0,194420366189,194420591254,225065,587,8388608
Uring,throughput,0,4,64,0,0,194420366741,194421473590,1106849,37,8388608
Uring,throughput,0,4,64,0,0,194420366767,194421560598,1193830,13,8388608
Uring,throughput,0,4,64,0,0,194420380724,194420690102,309378,29,8388608
Uring,throughput,0,4,64,0,0,194420381849,194420852522,470672,139,8388608
Uring,throughput,0,4,64,0,0,194420385219,194421847899,1462679,49,8388608
Uring,throughput,0,4,64,0,0,194420386758,194420470565,83806,18,8388608
Uring,throughput,0,4,64,0,0,194420392368,194421651621,1259252,27,8388608
Uring,throughput,0,4,64,0,0,194420399028,194421763638,1364609,14,8388608
Uring,throughput,0,4,64,0,0,194420404386,194420879919,475532,21,8388608
Uring,throughput,0,4,64,0,0,194420410848,194420724648,313799,41,8388608
Uring,throughput,0,4,64,0,0,194420413338,194421615692,1202353,12,8388608
Uring,throughput,0,4,64,0,0,194420421554,194421888298,1466743,26,8388608
Uring,throughput,0,4,64,0,0,194420421982,194421737542,1315560,12,8388608
Uring,throughput,0,4,64,0,0,194420439260,194420828812,389551,40,8388608
Uring,throughput,0,4,64,0,0,194420439750,194421825230,1385480,129,8388608
Uring,throughput,0,4,64,0,0,194420441395,194421915054,1473659,73,8388608
Uring,throughput,0,4,64,0,0,194420447313,194421177896,730582,148,8388608
Uring,throughput,0,4,64,0,0,194420449446,194420639544,190097,38,8388608
Uring,throughput,0,4,64,0,0,194420454229,194420836612,382383,55,8388608
Uring,throughput,0,4,64,0,0,194420465712,194422154218,1688506,2227,8388608
Uring,throughput,0,4,64,0,0,194420469848,194421944950,1475102,2001,8388608
Uring,throughput,0,4,64,0,0,194420469896,194422134352,1664456,138,8388608
Uring,throughput,0,4,64,0,0,194420470298,194420813347,343049,22,8388608
Uring,throughput,0,4,64,0,0,194420470595,194422299972,1829377,3036,8388608
Uring,throughput,0,4,64,0,0,194420473272,194420670714,197441,368,8388608
Uring,throughput,0,4,64,0,0,194420477660,194422345700,1868040,56,8388608
Uring,throughput,0,4,64,0,0,194420480450,194421338737,858287,39,8388608
Uring,throughput,0,4,64,0,0,194420480914,194422284260,1803345,20,8388608
Uring,throughput,0,4,64,0,0,194420485599,194421972851,1487252,2292,8388608
Uring,throughput,0,4,64,0,0,194420487302,194421866069,1378767,83,8388608
Uring,throughput,0,4,64,0,0,194420492824,194423343302,2850478,79,8388608
Uring,throughput,0,4,64,0,0,194420493691,194421956776,1463085,22,8388608
Uring,throughput,0,4,64,0,0,194420502693,194421701714,1199021,15,8388608
Uring,throughput,0,4,64,0,0,194420506433,194421987365,1480932,44,8388608
Uring,throughput,0,4,64,0,0,194420515954,194420974845,458890,26,8388608
Uring,throughput,0,4,64,0,0,194420529357,194422264387,1735030,2021,8388608
Uring,throughput,0,4,64,0,0,194420537644,194421706722,1169077,56,8388608
Uring,throughput,0,4,64,0,0,194420545257,194422037659,1492401,42,8388608
Uring,throughput,0,4,64,0,0,194420546626,194421683414,1136788,18,8388608
Uring,throughput,0,4,64,0,0,194420553463,194421219241,665777,675,8388608
Uring,throughput,0,4,64,0,0,194420553788,194421600339,1046551,46,8388608
Uring,throughput,0,4,64,0,0,194420555115,194421912514,1357399,2117,8388608
Uring,throughput,0,4,64,0,0,194420587059,194420631331,44271,1523,8388608
Uring,throughput,0,4,64,0,0,194420591262,194421274276,683014,20,8388608
Uring,throughput,0,4,64,0,0,194420593701,194421991901,1398200,16,8388608
Uring,throughput,0,4,64,0,0,194420595110,194421908557,1313447,17,8388608
Uring,throughput,0,4,64,0,0,194420598364,194421784159,1185795,12,8388608
Uring,throughput,0,4,64,0,0,194420603078,194422337161,1734082,3229,8388608
Uring,throughput,0,4,64,0,0,194420604236,194421807506,1203269,17,8388608
Uring,throughput,0,4,64,0,0,194420604325,194421999699,1395373,2214,8388608
Uring,throughput,0,4,64,0,0,194420605503,194422048040,1442537,3386,8388608
Uring,throughput,0,4,64,0,0,194420613343,194421825223,1211879,25,8388608
Uring,throughput,0,4,64,0,0,194420617364,194421867302,1249937,15,8388608
Uring,throughput,0,4,64,0,0,194420618891,194422348272,1729381,38,8388608
Uring,throughput,0,4,64,0,0,194420621106,194421843030,1221923,23,8388608
Uring,throughput,0,4,64,0,0,194420624781,194424111514,3486733,2520,8388608
Uring,throughput,0,4,64,0,0,194420631337,194420933358,302021,29,8388608
Uring,throughput,0,4,64,0,0,194420638269,194421878573,1240303,51,8388608
Uring,throughput,0,4,64,0,0,194420638833,194421861310,1222477,16,8388608
Uring,throughput,0,4,64,0,0,194420639548,194420688278,48730,15,8388608
Uring,throughput,0,4,64,0,0,194420640259,194422043815,1403555,2069,8388608
Uring,throughput,0,4,64,0,0,194420645124,194421259595,614471,29,8388608
Uring,throughput,0,4,64,0,0,194420645393,194422165485,1520091,75,8388608
Uring,throughput,0,4,64,0,0,194420648210,194421850783,1202572,2073,8388608
Uring,throughput,0,4,64,0,0,194420648975,194421840992,1192016,59,8388608
Uring,throughput,0,4,64,0,0,194420654509,194420820659,166150,702,8388608
Uring,throughput,0,4,64,0,0,194420659478,194420889201,229723,30,8388608
Uring,throughput,0,4,64,0,0,194420670721,194421179941,509219,80,8388608
Uring,throughput,0,4,64,0,0,194420677838,194421815459,1137621,40,8388608
Uring,throughput,0,4,64,0,0,194420678606,194420767040,88433,11,8388608
Uring,throughput,0,4,64,0,0,194420678766,194422413589,1734823,17,8388608
Uring,throughput,0,4,64,0,0,194420684192,194421946165,1261973,4264,8388608
Uring,throughput,0,4,64,0,0,194420688284,194421337757,649472,192,8388608
Uring,throughput,0,4,64,0,0,194420690106,194421226036,535930,89,8388608
Uring,throughput,0,4,64,0,0,194420691613,194422232347,1540733,3079,8388608
Uring,throughput,0,4,64,0,0,194420692237,194422231220,1538983,23,8388608
Uring,throughput,0,4,64,0,0,194420695929,194422148304,1452374,1316,8388608
Uring,throughput,0,4,64,0,0,194420698335,194421729328,1030993,31,8388608
Uring,throughput,0,4,64,0,0,194420699038,194421990822,1291784,22,8388608
Uring,throughput,0,4,64,0,0,194420702135,194420835749,133613,20327,8388608
Uring,throughput,0,4,64,0,0,194420702261,194422393184,1690923,50,8388608
Uring,throughput,0,4,64,0,0,194420702733,194422235842,1533109,25,8388608
Uring,throughput,0,4,64,0,0,194420706373,194421878185,1171812,17,8388608
Uring,throughput,0,4,64,0,0,194420714204,194421387254,673050,91,8388608
Uring,throughput,0,4,64,0,0,194420716188,194421951689,1235501,92,8388608
Uring,throughput,0,4,64,0,0,194420716736,194421046780,330044,24,8388608
Uring,throughput,0,4,64,0,0,194420722644,194422250087,1527442,602,8388608
Uring,throughput,0,4,64,0,0,194420724653,194421390108,665454,1168,8388608
Uring,throughput,0,4,64,0,0,194420731868,194421684985,953116,26,8388608
Uring,throughput,0,4,64,0,0,194420732441,194420890776,158335,12,8388608
Uring,throughput,0,4,64,0,0,194420733993,194421255629,521636,61,8388608
Uring,throughput,0,4,64,0,0,194420734361,194422293336,1558974,36,8388608
Uring,throughput,0,4,64,0,0,194420740192,194421696424,956231,16,8388608
Uring,throughput,0,4,64,0,0,194420741853,194422320240,1578386,37,8388608
Uring,throughput,0,4,64,0,0,194420747640,194422003276,1255635,2396,8388608
Uring,throughput,0,4,64,0,0,194420748164,194422463479,1715314,44,8388608
Uring,throughput,0,4,64,0,0,194420754403,194420960859,206455,63,8388608
Uring,throughput,0,4,64,0,0,194420760514,194422269096,1508582,26,8388608
Uring,throughput,0,4,64,0,0,194420764401,194421691398,926996,179,8388608
Uring,throughput,0,4,64,0,0,194420765349,194422272424,1507075,1532,8388608
Uring,throughput,0,4,64,0,0,194420767105,194421064100,296994,18,8388608
Uring,throughput,0,4,64,0,0,194420776342,194421080262,303920,20,8388608
Uring,throughput,0,4,64,0,0,194420777768,194422188956,1411188,45,8388608
Uring,throughput,0,4,64,0,0,194420777977,194421602612,824634,235,8388608
Uring,throughput,0,4,64,0,0,194420778199,194422426829,1648629,54,8388608
Uring,throughput,0,4,64,0,0,194420782609,194421455251,672641,2194,8388608
Uring,throughput,0,4,64,0,0,194420784111,194420875519,91408,1308,8388608
Uring,throughput,0,4,64,0,0,194420787299,194422510683,1723384,2144,8388608
Uring,throughput,0,4,64,0,0,194420800492,194425099555,4299062,72,8388608
Uring,throughput,0,4,64,0,0,194420803863,194422168954,1365090,24,8388608
Uring,throughput,0,4,64,0,0,194420805288,194421974647,1169358,2584,8388608
Uring,throughput,0,4,64,0,0,194420808943,194422280814,1471871,1361,8388608
Uring,throughput,0,4,64,0,0,194420813356,194421513489,700133,64,8388608
Uring,throughput,0,4,64,0,0,194420816201,194421120314,304113,30,8388608
Uring,throughput,0,4,64,0,0,194420820665,194421933618,1112953,15,8388608
Uring,throughput,0,4,64,0,0,194420828818,194421238041,409222,30,8388608
Uring,throughput,0,4,64,0,0,194420829113,194422340096,1510982,30,8388608
Uring,throughput,0,4,64,0,0,194420834927,194421997455,1162527,20,8388608
Uring,throughput,0,4,64,0,0,194420835753,194422483644,1647890,11,8388608
Uring,throughput,0,4,64,0,0,194420836621,194421810199,973577,97,8388608
Uring,throughput,0,4,64,0,0,194420840627,194422062660,1222033,2142,8388608
Uring,throughput,0,4,64,0,0,194420841245,194422516093,1674848,3400,8388608
Uring,throughput,0,4,64,0,0,194420843155,194423496025,2652870,11885,8388608
Uring,throughput,0,4,64,0,0,194420844302,194422353442,1509140,372,8388608
Uring,throughput,0,4,64,0,0,194420852527,194421806235,953708,612,8388608
Uring,throughput,0,4,64,0,0,194420875526,194420975774,100247,23,8388608
Uring,throughput,0,4,64,0,0,194420877901,194422110280,1232379,22,8388608
Uring,throughput,0,4,64,0,0,194420879923,194421226251,346328,54,8388608
Uring,throughput,0,4,64,0,0,194420880485,194422327119,1446634,3680,8388608
Uring,throughput,0,4,64,0,0,194420883052,194421082543,199490,49,8388608
Uring,throughput,0,4,64,0,0,194420889210,194421723047,833837,27,8388608
Uring,throughput,0,4,64,0,0,194420889978,194422521483,1631504,82,8388608
Uring,throughput,0,4,64,0,0,194420890779,194421303683,412904,12,8388608
Uring,throughput,0,4,64,0,0,194420891551,194422048922,1157371,19,8388608
Uring,throughput,0,4,64,0,0,194420896876,194422097477,1200601,2859,8388608
Uring,throughput,0,4,64,0,0,194420901455,194421766773,865318,63,8388608
Uring,throughput,0,4,64,0,0,194420906510,194422013278,1106768,43,8388608
Uring,throughput,0,4,64,0,0,194420923747,194421572845,649098,1079,8388608
Uring,throughput,0,4,64,0,0,194420933434,194421415389,481955,91,8388608
Uring,throughput,0,4,64,0,0,194420935628,194421577290,641662,160,8388608
Uring,throughput,0,4,64,0,0,194420937474,194422095895,1158420,34,8388608
Uring,throughput,0,4,64,0,0,194420939357,194422083077,1143720,52,8388608
Uring,throughput,0,4,64,0,0,194420940420,194422447390,1506969,17,8388608
Uring,throughput,0,4,64,0,0,194420943182,194421583916,640734,103,8388608
Uring,throughput,0,4,64,0,0,194420960866,194421117144,156277,6953,8388608
Uring,throughput,0,4,64,0,0,194420971116,194422640975,1669858,24,8388608
Uring,throughput,0,4,64,0,0,194420974867,194421192436,217568,4390,8388608
Uring,throughput,0,4,64,0,0,194420975795,194421116453,140657,52,8388608
Uring,throughput,0,4,64,0,0,194420978218,194422529206,1550988,3587,8388608
Uring,throughput,0,4,64,0,0,194420979383,194421122447,143064,2214,8388608
Uring,throughput,0,4,64,0,0,194420987191,194421038077,50885,2004,8388608
Uring,throughput,0,4,64,0,0,194421013329,194422579022,1565692,26,8388608
Uring,throughput,0,4,64,0,0,194421037395,194422178693,1141298,106,8388608
Uring,throughput,0,4,64,0,0,194421038083,194421700824,662740,21,8388608
Uring,throughput,0,4,64,0,0,194421043089,194422219671,1176582,2208,8388608
Uring,throughput,0,4,64,0,0,194421046813,194422363273,1316459,2122,8388608
Uring,throughput,0,4,64,0,0,194421047893,194422726454,1678561,1149,8388608
Uring,throughput,0,4,64,0,0,194421054582,194422710640,1656058,25,8388608
Uring,throughput,0,4,64,0,0,194421059910,194424702136,3642226,1582,8388608
Uring,throughput,0,4,64,0,0,194421061966,194422253088,1191121,4068,8388608
Uring,throughput,0,4,64,0,0,194421064105,194422225919,1161814,2272,8388608
Uring,throughput,0,4,64,0,0,194421071078,194421818513,747434,21,8388608
Uring,throughput,0,4,64,0,0,194421080270,194421554768,474498,132,8388608
Uring,throughput,0,4,64,0,0,194421082551,194422485416,1402864,1441,8388608
Uring,throughput,0,4,64,0,0,194421086125,194422759996,1673870,1430,8388608
Uring,throughput,0,4,64,0,0,194421090738,194422484423,1393685,22,8388608
Uring,throughput,0,4,64,0,0,194421091134,194422295302,1204168,1409,8388608
Uring,throughput,0,4,64,0,0,194421093929,194421741848,647919,696,8388608
Uring,throughput,0,4,64,0,0,194421102392,194422746232,1643840,18,8388608
Uring,throughput,0,4,64,0,0,194421106265,194422540382,1434117,25,8388608
Uring,throughput,0,4,64,0,0,194421115435,194422749846,1634411,127,8388608
Uring,throughput,0,4,64,0,0,194421116459,194422255870,1139411,1760,8388608
Uring,throughput,0,4,64,0,0,194421116916,194422690762,1573845,48,8388608
Uring,throughput,0,4,64,0,0,194421117146,194421143818,26672,13,8388608
Uring,throughput,0,4,64,0,0,194421120321,194423978694,2858373,2256,8388608
Uring,throughput,0,4,64,0,0,194421122565,194422723780,1601215,31,8388608
Uring,throughput,0,4,64,0,0,194421131262,194422252557,1121295,554,8388608
Uring,throughput,0,4,64,0,0,194421132343,194422108531,976187,11,8388608
Uring,throughput,0,4,64,0,0,194421143861,194421174741,30880,57,8388608
Uring,throughput,0,4,64,0,0,194421147236,194422873315,1726079,134,8388608
Uring,throughput,0,4,64,0,0,194421148040,194422553801,1405760,18,8388608
Uring,throughput,0,4,64,0,0,194421150182,194422282304,1132122,51,8388608
Uring,throughput,0,4,64,0,0,194421152058,194421194070,42012,36,8388608
Uring,throughput,0,4,64,0,0,194421160281,194421844991,684710,832,8388608
Uring,throughput,0,4,64,0,0,194421166479,194423244999,2078520,49,8388608
Uring,throughput,0,4,64,0,0,194421174749,194423296287,2121537,2290,8388608
Uring,throughput,0,4,64,0,0,194421177416,194421809183,631767,575,8388608
Uring,throughput,0,4,64,0,0,194421177903,194423118852,1940948,2661,8388608
Uring,throughput,0,4,64,0,0,194421179946,194421230076,50130,867,8388608
Uring,throughput,0,4,64,0,0,194421183444,194422344723,1161278,2123,8388608
Uring,throughput,0,4,64,0,0,194421192444,194421854948,662504,32,8388608
Uring,throughput,0,4,64,0,0,194421194077,194422113379,919302,26,8388608
Uring,throughput,0,4,64,0,0,194421196751,194422240391,1043639,10041,8388608
Uring,throughput,0,4,64,0,0,194421201045,194421277970,76924,579,8388608
Uring,throughput,0,4,64,0,0,194421201083,194422349479,1148396,18,8388608
Uring,throughput,0,4,64,0,0,194421207142,194422461538,1254395,151,8388608
Uring,throughput,0,4,64,0,0,194421209298,194423005046,1795747,20,8388608
Uring,throughput,0,4,64,0,0,194421212545,194422977241,1764696,3254,8388608
Uring,throughput,0,4,64,0,0,194421215861,194422664566,1448704,74,8388608
Uring,throughput,0,4,64,0,0,194421218514,194421799596,581081,21,8388608
Uring,throughput,0,4,64,0,0,194421219244,194421875983,656739,13,8388608
Uring,throughput,0,4,64,0,0,194421226069,194422395220,1169150,2576,8388608
Uring,throughput,0,4,64,0,0,194421226260,194423009272,1783012,1516,8388608
Uring,throughput,0,4,64,0,0,194421230084,194421924193,694108,33,8388608
Uring,throughput,0,4,64,0,0,194421230999,194422924103,1693103,46,8388608
Uring,throughput,0,4,64,0,0,194421231236,194421298864,67627,120,8388608
Uring,throughput,0,4,64,0,0,194421238050,194422047863,809813,1829,8388608
Uring,throughput,0,4,64,0,0,194421238809,194423042144,1803334,1230,8388608
Uring,throughput,0,4,64,0,0,194421255673,194421307345,51671,97,8388608
Uring,throughput,0,4,64,0,0,194421257157,194422374095,1116938,214,8388608
Uring,throughput,0,4,64,0,0,194421257451,194423002145,1744694,10,8388608
Uring,throughput,0,4,64,0,0,194421259601,194421301609,42008,564,8388608
Uring,throughput,0,4,64,0,0,194421274285,194422389762,1115476,26,8388608
Uring,throughput,0,4,64,0,0,194421277977,194421321497,43519,47,8388608
Uring,throughput,0,4,64,0,0,194421283605,194423071534,1787929,33,8388608
Uring,throughput,0,4,64,0,0,194421290081,194423097727,1807645,22,8388608
Uring,throughput,0,4,64,0,0,194421294210,194422408803,1114592,3239,8388608
Uring,throughput,0,4,64,0,0,194421298871,194421844060,545189,843,8388608
Uring,throughput,0,4,64,0,0,194421301616,194421355633,54017,16,8388608
Uring,throughput,0,4,64,0,0,194421303692,194423193838,1890145,8099,8388608
Uring,throughput,0,4,64,0,0,194421307379,194421342545,35165,565,8388608
Uring,throughput,0,4,64,0,0,194421308773,194422424608,1115835,40,8388608
Uring,throughput,0,4,64,0,0,194421319918,194423082073,1762155,26,8388608
Uring,throughput,0,4,64,0,0,194421321325,194422433190,1111864,2076,8388608
Uring,throughput,0,4,64,0,0,194421321503,194421370643,49139,21,8388608
Uring,throughput,0,4,64,0,0,194421337300,194421367287,29987,506,8388608
Uring,throughput,0,4,64,0,0,194421337758,194421652026,314267,50,8388608
Uring,throughput,0,4,64,0,0,194421338740,194422668156,1329416,2172,8388608
Uring,throughput,0,4,64,0,0,194421342553,194422187919,845365,22,8388608
Uring,throughput,0,4,64,0,0,194421355641,194422227247,871605,22,8388608
Uring,throughput,0,4,64,0,0,194421356796,194422493707,1136911,1527,8388608
Uring,throughput,0,4,64,0,0,194421360373,194422672093,1311720,6206,8388608
Uring,throughput,0,4,64,0,0,194421367295,194421402543,35248,75,8388608
Uring,throughput,0,4,64,0,0,194421369374,194423326884,1957510,87,8388608
Uring,throughput,0,4,64,0,0,194421370663,194422753990,1383327,1753,8388608
Uring,throughput,0,4,64,0,0,194421371697,194423361766,1990068,1385,8388608
Uring,throughput,0,4,64,0,0,194421376059,194423878957,2502898,59,8388608
Uring,throughput,0,4,64,0,0,194421377380,194422668284,1290904,2141,8388608
Uring,throughput,0,4,64,0,0,194421384126,194422644701,1260575,111,8388608
Uring,throughput,0,4,64,0,0,194421387261,194421575278,188017,19,8388608
Uring,throughput,0,4,64,0,0,194421387620,194422694917,1307296,2137,8388608
Uring,throughput,0,4,64,0,0,194421390134,194422326194,936059,21,8388608
Uring,throughput,0,4,64,0,0,194421392076,194421464526,72450,1572,8388608
Uring,throughput,0,4,64,0,0,194421402550,194421943186,540636,53,8388608
Uring,throughput,0,4,64,0,0,194421402772,194421505434,102661,619,8388608
Uring,throughput,0,4,64,0,0,194421404637,194422424199,1019561,31,8388608
Uring,throughput,0,4,64,0,0,194421406325,194423480376,2074050,2541,8388608
Uring,throughput,0,4,64,0,0,194421408717,194422707851,1299134,165,8388608
Uring,throughput,0,4,64,0,0,194421410963,194423359976,1949012,2350,8388608
Uring,throughput,0,4,64,0,0,194421415396,194422561361,1145964,2929,8388608
Uring,throughput,0,4,64,0,0,194421417191,194421724676,307484,33,8388608
Uring,throughput,0,4,64,0,0,194421419679,194421606295,186616,81,8388608
Uring,throughput,0,4,64,0,0,194421423247,194422661956,1238709,124,8388608
Uring,throughput,0,4,64,0,0,194421423792,194422568920,1145128,1895,8388608
Uring,throughput,0,4,64,0,0,194421425314,194422527608,1102293,3669,8388608
Uring,throughput,0,4,64,0,0,194421432395,194421947894,515499,744,8388608
Uring,throughput,0,4,64,0,0,194421438212,194422657461,1219249,3119,8388608
Uring,throughput,0,4,64,0,0,194421438514,194423407818,1969303,25,8388608
Uring,throughput,0,4,64,0,0,194421451843,194421773743,321900,3354,8388608
Uring,throughput,0,4,64,0,0,194421455259,194421841756,386496,125,8388608
Uring,throughput,0,4,64,0,0,194421460521,194421545426,84905,2251,8388608
Uring,throughput,0,4,64,0,0,194421464533,194422518959,1054426,30,8388608
Uring,throughput,0,4,64,0,0,194421470277,194422517812,1047534,27,8388608
Uring,throughput,0,4,64,0,0,194421473626,194422565087,1091460,45,8388608
Uring,throughput,0,4,64,0,0,194421477372,194423456196,1978823,29,8388608
Uring,throughput,0,4,64,0,0,194421482094,194422780974,1298879,62,8388608
Uring,throughput,0,4,64,0,0,194421482215,194423543576,2061360,48,8388608
Uring,throughput,0,4,64,0,0,194421487415,194422215359,727944,934,8388608
Uring,throughput,0,4,64,0,0,194421494409,194423428375,1933966,68,8388608
Uring,throughput,0,4,64,0,0,194421495084,194422697047,1201962,31,8388608
Uring,throughput,0,4,64,0,0,194421504862,194423444358,1939495,33,8388608
Uring,throughput,0,4,64,0,0,194421505441,194422651617,1146176,27,8388608
Uring,throughput,0,4,64,0,0,194421508598,194422590135,1081536,42,8388608
Uring,throughput,0,4,64,0,0,194421513497,194421891908,378411,44,8388608
Uring,throughput,0,4,64,0,0,194421514789,194422964095,1449305,1451,8388608
Uring,throughput,0,4,64,0,0,194421538512,194423690077,2151564,57,8388608
Uring,throughput,0,4,64,0,0,194421545463,194423465061,1919597,120,8388608
Uring,throughput,0,4,64,0,0,194421547717,194422979314,1431597,16,8388608
Uring,throughput,0,4,64,0,0,194421550057,194422742640,1192582,26,8388608
Uring,throughput,0,4,64,0,0,194421550571,194422747849,1197278,16,8388608
Uring,throughput,0,4,64,0,0,194421554778,194421622638,67860,1334,8388608
Uring,throughput,0,4,64,0,0,194421555830,194422741307,1185477,35,8388608
Uring,throughput,0,4,64,0,0,194421560621,194422855768,1295147,18,8388608
Uring,throughput,0,4,64,0,0,194421561055,194423384474,1823419,32,8388608
Uring,throughput,0,4,64,0,0,194421563231,194423768819,2205587,20,8388608
Uring,throughput,0,4,64,0,0,194421572852,194421732089,159236,18,8388608
Uring,throughput,0,4,64,0,0,194421573762,194422633789,1060027,684,8388608
Uring,throughput,0,4,64,0,0,194421575286,194423251204,1675918,1914,8388608
Uring,throughput,0,4,64,0,0,194421577296,194422763859,1186563,115,8388608
Uring,throughput,0,4,64,0,0,194421583922,194421813855,229932,2339,8388608
Uring,throughput,0,4,64,0,0,194421585162,194423456087,1870925,70,8388608
Uring,throughput,0,4,64,0,0,194421586621,194423388861,1802239,61,8388608
Uring,throughput,0,4,64,0,0,194421592940,194422784088,1191147,1507,8388608
Uring,throughput,0,4,64,0,0,194421595213,194422672292,1077078,2436,8388608
Uring,throughput,0,4,64,0,0,194421597078,194421718523,121445,694,8388608
Uring,throughput,0,4,64,0,0,194421597211,194422650299,1053088,43,8388608
Uring,throughput,0,4,64,0,0,194421598650,194422810907,1212257,521,8388608
Uring,throughput,0,4,64,0,0,194421600347,194423858942,2258595,2471,8388608
Uring,throughput,0,4,64,0,0,194421602618,194421927053,324434,16,8388608
Uring,throughput,0,4,64,0,0,194421605110,194422657621,1052510,2136,8388608
Uring,throughput,0,4,64,0,0,194421606303,194421737961,131658,19,8388608
Uring,throughput,0,4,64,0,0,194421615700,194422700779,1085078,24,8388608
Uring,throughput,0,4,64,0,0,194421619726,194422923449,1303722,110,8388608
Uring,throughput,0,4,64,0,0,194421622645,194421729736,107090,23,8388608
Uring,throughput,0,4,64,0,0,194421626205,194423884321,2258115,50,8388608
Uring,throughput,0,4,64,0,0,194421628884,194423936470,2307586,3515,8388608
Uring,throughput,0,4,64,0,0,194421631793,194422829029,1197236,22,8388608
Uring,throughput,0,4,64,0,0,194421633414,194423875409,2241994,4576,8388608
Uring,throughput,0,4,64,0,0,194421651630,194422921432,1269802,21,8388608
Uring,throughput,0,4,64,0,0,194421652035,194422869110,1217075,20,8388608
Uring,throughput,0,4,64,0,0,194421659341,194422883529,1224187,44,8388608
Uring,throughput,0,4,64,0,0,194421663739,194422686729,1022990,82,8388608
Uring,throughput,0,4,64,0,0,194421668673,194422368983,700309,638,8388608
Uring,throughput,0,4,64,0,0,194421681979,194423873779,2191800,2493,8388608
Uring,throughput,0,4,64,0,0,194421683046,194422980658,1297611,49,8388608
Uring,throughput,0,4,64,0,0,194421683435,194423393290,1709854,28,8388608
Uring,throughput,0,4,64,0,0,194421685036,194422921000,1235963,1429,8388608
Uring,throughput,0,4,64,0,0,194421691405,194422946328,1254923,4912,8388608
Uring,throughput,0,4,64,0,0,194421696432,194421948820,252388,2567,8388608
Uring,throughput,0,4,64,0,0,194421700849,194421739114,38265,75,8388608
Uring,throughput,0,4,64,0,0,194421701722,194422693523,991800,104,8388608
Uring,throughput,0,4,64,0,0,194421706750,194422957285,1250534,64,8388608
Uring,throughput,0,4,64,0,0,194421718530,194422501990,783460,19,8388608
Uring,throughput,0,4,64,0,0,194421723056,194422724830,1001774,1859,8388608
Uring,throughput,0,4,64,0,0,194421724684,194423167717,1443032,1726,8388608
Uring,throughput,0,4,64,0,0,194421729336,194422975217,1245880,13,8388608
Uring,throughput,0,4,64,0,0,194421729743,194423007381,1277638,167,8388608
Uring,throughput,0,4,64,0,0,194421731599,194424118867,2387267,2018,8388608
Uring,throughput,0,4,64,0,0,194421732093,194422731871,999777,15,8388608
Uring,throughput,0,4,64,0,0,194421737549,194421775734,38184,727,8388608
Uring,throughput,0,4,64,0,0,194421737984,194422078427,340442,947,8388608
Uring,throughput,0,4,64,0,0,194421738825,194423493811,1754985,162,8388608
Uring,throughput,0,4,64,0,0,194421739120,194424992091,3252971,15731,8388608
Uring,throughput,0,4,64,0,0,194421740659,194423014988,1274329,1293,8388608
Uring,throughput,0,4,64,0,0,194421741851,194422194880,453029,104,8388608
Uring,throughput,0,4,64,0,0,194421763646,194423006143,1242497,19,8388608
Uring,throughput,0,4,64,0,0,194421766782,194421906453,139670,30,8388608
Uring,throughput,0,4,64,0,0,194421773752,194421885612,111860,31,8388608
Uring,throughput,0,4,64,0,0,194421775740,194421831320,55580,58,8388608
Uring,throughput,0,4,64,0,0,194421784184,194422546863,762679,932,8388608
Uring,throughput,0,4,64,0,0,194421799605,194422775946,976340,4587,8388608
Uring,throughput,0,4,64,0,0,194421804839,194424335887,2531048,6606,8388608
Uring,throughput,0,4,64,0,0,194421806264,194422148220,341955,22,8388608
Uring,throughput,0,4,64,0,0,194421807515,194423048753,1241238,26,8388608
Uring,throughput,0,4,64,0,0,194421809189,194421872217,63027,53,8388608
Uring,throughput,0,4,64,0,0,194421810202,194423032274,1222071,1965,8388608
Uring,throughput,0,4,64,0,0,194421813861,194422319828,505966,138,8388608
Uring,throughput,0,4,64,0,0,194421815468,194423032244,1216775,3978,8388608
Uring,throughput,0,4,64,0,0,194421818518,194421933671,115152,38,8388608
Uring,throughput,0,4,64,0,0,194421825230,194423157592,1332362,19,8388608
Uring,throughput,0,4,64,0,0,194421825238,194423065381,1240143,17,8388608
Uring,throughput,0,4,64,0,0,194421831326,194422255047,423720,36,8388608
Uring,throughput,0,4,64,0,0,194421833604,194424350269,2516665,121,8388608
Uring,throughput,0,4,64,0,0,194421840998,194423042048,1201049,40,8388608
Uring,throughput,0,4,64,0,0,194421841762,194422715773,874010,19,8388608
Uring,throughput,0,4,64,0,0,194421843073,194424210478,2367405,45,8388608
Uring,throughput,0,4,64,0,0,194421844210,194422633121,788911,68,8388608
Uring,throughput,0,4,64,0,0,194421844999,194422836872,991872,37,8388608
Uring,throughput,0,4,64,0,0,194421847904,194423013431,1165527,94,8388608
Uring,throughput,0,4,64,0,0,194421850834,194423045442,1194607,50,8388608
Uring,throughput,0,4,64,0,0,194421854955,194423044509,1189554,36,8388608
Uring,throughput,0,4,64,0,0,194421861318,194422948615,1087296,1889,8388608
Uring,throughput,0,4,64,0,0,194421866076,194423288671,1422595,69,8388608
Uring,throughput,0,4,64,0,0,194421867308,194423055100,1187791,61,8388608
Uring,throughput,0,4,64,0,0,194421872058,194424670866,2798808,22,8388608
Uring,throughput,0,4,64,0,0,194421872223,194422206697,334474,20,8388608
Uring,throughput,0,4,64,0,0,194421875989,194421926639,50650,55,8388608
Uring,throughput,0,4,64,0,0,194421878193,194423077461,1199267,27,8388608
Uring,throughput,0,4,64,0,0,194421878578,194423212308,1333730,15,8388608
Uring,throughput,0,4,64,0,0,194421885618,194421945580,59962,97,8388608
Uring,throughput,0,4,64,0,0,194421888304,194424531381,2643076,29,8388608
Uring,throughput,0,4,64,0,0,194421891925,194423117746,1225821,35,8388608
Uring,throughput,0,4,64,0,0,194421906546,194422412726,506179,1426,8388608
Uring,throughput,0,4,64,0,0,194421908563,194423069042,1160478,1868,8388608
Uring,throughput,0,4,64,0,0,194421912523,194422846888,934365,32,8388608
Uring,throughput,0,4,64,0,0,194421915063,194424549482,2634419,4628,8388608
Uring,throughput,0,4,64,0,0,194421924200,194422645775,721574,53,8388608
Uring,throughput,0,4,64,0,0,194421926643,194422220376,293732,1690,8388608
Uring,throughput,0,4,64,0,0,194421927064,194423156441,1229376,1479,8388608
Uring,throughput,0,4,64,0,0,194421933675,194423132634,1198958,1891,8388608
Uring,throughput,0,4,64,0,0,194421933750,194422535697,601947,139,8388608
Uring,throughput,0,4,64,0,0,194421943194,194421986195,43001,1135,8388608
Uring,throughput,0,4,64,0,0,194421944958,194422997063,1052104,23,8388608
Uring,throughput,0,4,64,0,0,194421945607,194422875176,929568,2045,8388608
Uring,throughput,0,4,64,0,0,194421946170,194423167710,1221540,52,8388608
Uring,throughput,0,4,64,0,0,194421947901,194422680372,732470,35,8388608
Uring,throughput,0,4,64,0,0,194421948826,194422879392,930566,16,8388608
Uring,throughput,0,4,64,0,0,194421951693,194425097167,3145473,1746,8388608
Uring,throughput,0,4,64,0,0,194421956781,194422789753,832972,379,8388608
Uring,throughput,0,4,64,0,0,194421966826,194422014845,48019,983,8388608
Uring,throughput,0,4,64,0,0,194421972898,194424676506,2703607,53,8388608
Uring,throughput,0,4,64,0,0,194421974695,194423469075,1494379,53,8388608
Uring,throughput,0,4,64,0,0,194421979207,194424756209,2777001,1593,8388608
Uring,throughput,0,4,64,0,0,194421986204,194422904895,918690,22,8388608
Uring,throughput,0,4,64,0,0,194421987369,194423110195,1122826,15,8388608
Uring,throughput,0,4,64,0,0,194421990830,194423523256,1532425,2835,8388608
Uring,throughput,0,4,64,0,0,194421991951,194423223788,1231836,1849,8388608
Uring,throughput,0,4,64,0,0,194421997462,194423555960,1558498,1526,8388608
Uring,throughput,0,4,64,0,0,194421999708,194424908066,2908357,37,8388608
Uring,throughput,0,4,64,0,0,194422003282,194424788156,2784874,27,8388608
Uring,throughput,0,4,64,0,0,194422013286,194422886183,872897,41,8388608
Uring,throughput,0,4,64,0,0,194422013377,194422179694,166316,469,8388608
Uring,throughput,0,4,64,0,0,194422014849,194422918685,903836,11,8388608
Uring,throughput,0,4,64,0,0,194422035267,194423244568,1209301,1592,8388608
Uring,throughput,0,4,64,0,0,194422037666,194423211032,1173366,137,8388608
Uring,throughput,0,4,64,0,0,194422043835,194424998973,2955137,43,8388608
Uring,throughput,0,4,64,0,0,194422044763,194424854847,2810084,29,8388608
Uring,throughput,0,4,64,0,0,194422047869,194422147662,99793,47,8388608
Uring,throughput,0,4,64,0,0,194422048043,194423319834,1271791,13,8388608
Uring,throughput,0,4,64,0,0,194422048926,194422942968,894042,1701,8388608
Uring,throughput,0,4,64,0,0,194422062666,194423324645,1261978,14,8388608
Uring,throughput,0,4,64,0,0,194422067901,194422955838,887936,3153,8388608
Uring,throughput,0,4,64,0,0,194422068085,194425030055,2961969,178,8388608
Uring,throughput,0,4,64,0,0,194422070770,194425129766,3058995,350,8388608
Uring,throughput,0,4,64,0,0,194422076448,194424860745,2784296,98,8388608
Uring,throughput,0,4,64,0,0,194422078455,194422158451,79995,236,8388608
Uring,throughput,0,4,64,0,0,194422083090,194423257475,1174384,20,8388608
Uring,throughput,0,4,64,0,0,194422095902,194422962859,866956,87,8388608
Uring,throughput,0,4,64,0,0,194422097486,194425130823,3033336,38,8388608
Uring,throughput,0,4,64,0,0,194422108538,194422205308,96770,53,8388608
Uring,throughput,0,4,64,0,0,194422110285,194422980791,870506,2473,8388608
Uring,throughput,0,4,64,0,0,194422113387,194423079028,965641,473,8388608
Uring,throughput,0,4,64,0,0,194422134359,194425016640,2882280,16,8388608
Uring,throughput,0,4,64,0,0,194422139719,194422996693,856973,22,8388608
Uring,throughput,0,4,64,0,0,194422145116,194424851633,2706516,60,8388608
Uring,throughput,0,4,64,0,0,194422147667,194422317423,169756,17,8388608
Uring,throughput,0,4,64,0,0,194422148223,194422207760,59536,28,8388608
Uring,throughput,0,4,64,0,0,194422148311,194425000703,2852391,23,8388608
Uring,throughput,0,4,64,0,0,194422154224,194424592580,2438356,90,8388608
Uring,throughput,0,4,64,0,0,194422158457,194423407441,1248983,20,8388608
Uring,throughput,0,4,64,0,0,194422165491,194423271596,1106104,16,8388608
Uring,throughput,0,4,64,0,0,194422168962,194423096262,927300,23,8388608
Uring,throughput,0,4,64,0,0,194422178702,194423072186,893484,115,8388608
Uring,throughput,0,4,64,0,0,194422179701,194422633620,453919,22,8388608
Uring,throughput,0,4,64,0,0,194422187927,194423019086,831158,18,8388608
Uring,throughput,0,4,64,0,0,194422188980,194425289919,3100938,83,8388608
Uring,throughput,0,4,64,0,0,194422194938,194422966182,771244,51,8388608
Uring,throughput,0,4,64,0,0,194422205314,194422975106,769791,1360,8388608
Uring,throughput,0,4,64,0,0,194422206835,194423029499,822663,1111,8388608
Uring,throughput,0,4,64,0,0,194422207764,194423326445,1118681,2076,8388608
Uring,throughput,0,4,64,0,0,194422215367,194422913573,698205,28,8388608
Uring,throughput,0,4,64,0,0,194422219688,194423017471,797783,18,8388608
Uring,throughput,0,4,64,0,0,194422220383,194422588609,368225,20,8388608
Uring,throughput,0,4,64,0,0,194422225947,194423192930,966983,78,8388608
Uring,throughput,0,4,64,0,0,194422227253,194423358501,1131247,4729,8388608
Uring,throughput,0,4,64,0,0,194422231247,194425343243,3111995,1508,8388608
Uring,throughput,0,4,64,0,0,194422232369,194423314971,1082602,48,8388608
Uring,throughput,0,4,64,0,0,194422235848,194423316992,1081143,39,8388608
Uring,throughput,0,4,64,0,0,194422240399,194422965889,725490,24,8388608
Uring,throughput,0,4,64,0,0,194422250094,194425173610,2923515,1154,8388608
Uring,throughput,0,4,64,0,0,194422252584,194422628910,376326,17,8388608
Uring,throughput,0,4,64,0,0,194422253113,194423069936,816823,54,8388608
Uring,throughput,0,4,64,0,0,194422255064,194423288632,1033568,1788,8388608
Uring,throughput,0,4,64,0,0,194422255879,194422304603,48724,34,8388608
Uring,throughput,0,4,64,0,0,194422264413,194423385682,1121268,80,8388608
Uring,throughput,0,4,64,0,0,194422264912,194424101911,1836998,28,8388608
Uring,throughput,0,4,64,0,0,194422269104,194423328235,1059131,51,8388608
Uring,throughput,0,4,64,0,0,194422272433,194423337251,1064817,88,8388608
Uring,throughput,0,4,64,0,0,194422280821,194423328767,1047946,21,8388608
Uring,throughput,0,4,64,0,0,194422282312,194423086476,804163,500,8388608
Uring,throughput,0,4,64,0,0,194422284264,194424130553,1846288,147,8388608
Uring,throughput,0,4,64,0,0,194422293345,194423438258,1144912,24,8388608
Uring,throughput,0,4,64,0,0,194422295385,194424833226,2537841,23,8388608
Uring,throughput,0,4,64,0,0,194422299981,194425165144,2865163,57,8388608
Uring,throughput,0,4,64,0,0,194422304609,194422343615,39006,19,8388608
Uring,throughput,0,4,64,0,0,194422317428,194425720158,3402730,2532,8388608
Uring,throughput,0,4,64,0,0,194422319867,194422733792,413925,20,8388608
Uring,throughput,0,4,64,0,0,194422320243,194423307324,987080,875,8388608
Uring,throughput,0,4,64,0,0,194422326297,194422813570,487272,66,8388608
Uring,throughput,0,4,64,0,0,194422327127,194423464037,1136910,46,8388608
Uring,throughput,0,4,64,0,0,194422337199,194425268063,2930863,93,8388608
Uring,throughput,0,4,64,0,0,194422340143,194423381643,1041500,67,8388608
Uring,throughput,0,4,64,0,0,194422343622,194422918102,574479,495,8388608
Uring,throughput,0,4,64,0,0,194422344747,194425261921,2917174,34,8388608
Uring,throughput,0,4,64,0,0,194422345709,194423571263,1225554,1740,8388608
Uring,throughput,0,4,64,0,0,194422348279,194425109787,2761507,3961,8388608
Uring,throughput,0,4,64,0,0,194422349483,194425692673,3343189,3080,8388608
Uring,throughput,0,4,64,0,0,194422353450,194423147442,793992,2464,8388608
Uring,throughput,0,4,64,0,0,194422363282,194425294539,2931257,20,8388608
Uring,throughput,0,4,64,0,0,194422368992,194423179056,810064,96,8388608
Uring,throughput,0,4,64,0,0,194422374126,194423280501,906374,2217,8388608
Uring,throughput,0,4,64,0,0,194422389771,194425349466,2959695,1582,8388608
Uring,throughput,0,4,64,0,0,194422393192,194423499752,1106560,1440,8388608
Uring,throughput,0,4,64,0,0,194422395228,194422443597,48368,45,8388608
Uring,throughput,0,4,64,0,0,194422408812,194423516509,1107697,23,8388608
Uring,throughput,0,4,64,0,0,194422412733,194423104841,692107,18,8388608
Uring,throughput,0,4,64,0,0,194422413598,194425282868,2869270,30,8388608
Uring,throughput,0,4,64,0,0,194422424207,194423315572,891365,22,8388608
Uring,throughput,0,4,64,0,0,194422424616,194422456630,32014,735,8388608
Uring,throughput,0,4,64,0,0,194422426837,194425389350,2962513,1244,8388608
Uring,throughput,0,4,64,0,0,194422433198,194423572062,1138863,52,8388608
Uring,throughput,0,4,64,0,0,194422443634,194422495219,51584,83,8388608
Uring,throughput,0,4,64,0,0,194422447396,194425937678,3490281,16,8388608
Uring,throughput,0,4,64,0,0,194422456642,194423168861,712219,153,8388608
Uring,throughput,0,4,64,0,0,194422461546,194423619145,1157598,1370,8388608
Uring,throughput,0,4,64,0,0,194422463487,194425203378,2739891,21,8388608
Uring,throughput,0,4,64,0,0,194422483652,194423690982,1207330,20,8388608
Uring,throughput,0,4,64,0,0,194422484426,194425496517,3012091,11,8388608
Uring,throughput,0,4,64,0,0,194422485462,194423842230,1356767,97,8388608
Uring,throughput,0,4,64,0,0,194422493716,194423473670,979953,166,8388608
Uring,throughput,0,4,64,0,0,194422495224,194423536680,1041455,1930,8388608
Uring,throughput,0,4,64,0,0,194422501998,194423135156,633158,67,8388608
Uring,throughput,0,4,64,0,0,194422510691,194422688155,177463,29,8388608
Uring,throughput,0,4,64,0,0,194422516102,194424914529,2398426,97,8388608
Uring,throughput,0,4,64,0,0,194422517821,194423211483,693661,80,8388608
Uring,throughput,0,4,64,0,0,194422518965,194423275133,756168,15,8388608
Uring,throughput,0,4,64,0,0,194422521490,194422574229,52738,675,8388608
Uring,throughput,0,4,64,0,0,194422527616,194425540524,3012907,65,8388608
Uring,throughput,0,4,64,0,0,194422529212,194423837948,1308735,19,8388608
Uring,throughput,0,4,64,0,0,194422535706,194422779468,243762,1565,8388608
Uring,throughput,0,4,64,0,0,194422540386,194425578741,3038354,1138,8388608
Uring,throughput,0,4,64,0,0,194422546871,194423623237,1076366,94,8388608
Uring,throughput,0,4,64,0,0,194422553807,194426033119,3479312,123,8388608
Uring,throughput,0,4,64,0,0,194422561440,194425751335,3189894,74,8388608
Uring,throughput,0,4,64,0,0,194422562487,194425156481,2593993,37,8388608
Uring,throughput,0,4,64,0,0,194422565116,194424888911,2323794,1216,8388608
Uring,throughput,0,4,64,0,0,194422568928,194423699982,1131053,61,8388608
Uring,throughput,0,4,64,0,0,194422574236,194423184367,610130,17,8388608
Uring,throughput,0,4,64,0,0,194422579028,194426259084,3680056,17,8388608
Uring,throughput,0,4,64,0,0,194422588617,194422631913,43296,27,8388608
Uring,throughput,0,4,64,0,0,194422590147,194426410545,3820397,2575,8388608
Uring,throughput,0,4,64,0,0,194422616072,194423121142,505070,831,8388608
Uring,throughput,0,4,64,0,0,194422628918,194423684843,1055925,25,8388608
Uring,throughput,0,4,64,0,0,194422631919,194423109372,477452,1164,8388608
Uring,throughput,0,4,64,0,0,194422633125,194423703645,1070520,31,8388608
Uring,throughput,0,4,64,0,0,194422633630,194423116108,482477,26,8388608
Uring,throughput,0,4,64,0,0,194422633794,194423279896,646101,94,8388608
Uring,throughput,0,4,64,0,0,194422640980,194423779796,1138816,1505,8388608
Uring,throughput,0,4,64,0,0,194422644723,194423634879,990155,35,8388608
Uring,throughput,0,4,64,0,0,194422645782,194423363912,718130,745,8388608
Uring,throughput,0,4,64,0,0,194422650304,194426471180,3820875,34,8388608
Uring,throughput,0,4,64,0,0,194422651620,194423066624,415004,17,8388608
Uring,throughput,0,4,64,0,0,194422657469,194425730916,3073447,27,8388608
Uring,throughput,0,4,64,0,0,194422657624,194424531318,1873694,35,8388608
Uring,throughput,0,4,64,0,0,194422661961,194423009419,347457,34,8388608
Uring,throughput,0,4,64,0,0,194422664571,194424044160,1379588,28,8388608
Uring,throughput,0,4,64,0,0,194422668165,194423890060,1221895,93,8388608
Uring,throughput,0,4,64,0,0,194422668321,194424042236,1373915,50,8388608
Uring,throughput,0,4,64,0,0,194422672115,194423740299,1068183,71,8388608
Uring,throughput,0,4,64,0,0,194422672330,194423294555,622225,33,8388608
Uring,throughput,0,4,64,0,0,194422680392,194423137442,457049,40,8388608
Uring,throughput,0,4,64,0,0,194422686741,194423951647,1264906,29,8388608
Uring,throughput,0,4,64,0,0,194422688161,194423364441,676280,22,8388608
Uring,throughput,0,4,64,0,0,194422690769,194423756070,1065301,50,8388608
Uring,throughput,0,4,64,0,0,194422693528,194423957943,1264414,1419,8388608
Uring,throughput,0,4,64,0,0,194422694921,194423350597,655676,214,8388608
Uring,throughput,0,4,64,0,0,194422697053,194425651989,2954935,33,8388608
Uring,throughput,0,4,64,0,0,194422700788,194423860522,1159733,1444,8388608
Uring,throughput,0,4,64,0,0,194422707860,194422740126,32266,891,8388608
Uring,throughput,0,4,64,0,0,194422710645,194425807999,3097353,14,8388608
Uring,throughput,0,4,64,0,0,194422715780,194425816551,3100770,1306,8388608
Uring,throughput,0,4,64,0,0,194422723788,194423522982,799194,50,8388608
Uring,throughput,0,4,64,0,0,194422724839,194423319701,594861,21,8388608
Uring,throughput,0,4,64,0,0,194422726460,194425811822,3085362,15,8388608
Uring,throughput,0,4,64,0,0,194422731878,194423958329,1226450,3855,8388608
Uring,throughput,0,4,64,0,0,194422733800,194424689047,1955247,2177,8388608
Uring,throughput,0,4,64,0,0,194422740134,194423830042,1089908,17,8388608
Uring,throughput,0,4,64,0,0,194422741317,194422783144,41827,7324,8388608
Uring,throughput,0,4,64,0,0,194422742648,194423344952,602303,1140,8388608
Uring,throughput,0,4,64,0,0,194422746240,194426667396,3921155,3628,8388608
Uring,throughput,0,4,64,0,0,194422747857,194426892731,4144873,982,8388608
Uring,throughput,0,4,64,0,0,194422749852,194426572449,3822596,83,8388608
Uring,throughput,0,4,64,0,0,194422753998,194423937421,1183422,61,8388608
Uring,throughput,0,4,64,0,0,194422756312,194425878089,3121777,44,8388608
Uring,throughput,0,4,64,0,0,194422760021,194425909879,3149858,40,8388608
Uring,throughput,0,4,64,0,0,194422763864,194423689710,925845,1902,8388608
Uring,throughput,0,4,64,0,0,194422776023,194423360429,584406,67,8388608
Uring,throughput,0,4,64,0,0,194422779477,194422861400,81922,16,8388608
Uring,throughput,0,4,64,0,0,194422780980,194423880780,1099800,62,8388608
Uring,throughput,0,4,64,0,0,194422783150,194422830869,47719,30,8388608
Uring,throughput,0,4,64,0,0,194422784095,194423968845,1184749,19,8388608
Uring,throughput,0,4,64,0,0,194422789760,194423094197,304437,46,8388608
Uring,throughput,0,4,64,0,0,194422810930,194423190455,379524,26,8388608
Uring,throughput,0,4,64,0,0,194422813578,194422959640,146062,1621,8388608
Uring,throughput,0,4,64,0,0,194422829040,194424013422,1184382,72,8388608
Uring,throughput,0,4,64,0,0,194422830875,194422908231,77356,16,8388608
Uring,throughput,0,4,64,0,0,194422836881,194422915418,78537,16,8388608
Uring,throughput,0,4,64,0,0,194422846897,194423404221,557324,50,8388608
Uring,throughput,0,4,64,0,0,194422855776,194423054219,198443,2329,8388608
Uring,throughput,0,4,64,0,0,194422861428,194423017249,155820,38,8388608
Uring,throughput,0,4,64,0,0,194422869122,194423451579,582457,25,8388608
Uring,throughput,0,4,64,0,0,194422873339,194423436993,563653,1216,8388608
Uring,throughput,0,4,64,0,0,194422875179,194423488605,613425,40,8388608
Uring,throughput,0,4,64,0,0,194422879397,194423199328,319931,29,8388608
Uring,throughput,0,4,64,0,0,194422883537,194427010728,4127191,23,8388608
Uring,throughput,0,4,64,0,0,194422886190,194423612790,726600,1538,8388608
Uring,throughput,0,4,64,0,0,194422904902,194423151386,246483,15,8388608
Uring,throughput,0,4,64,0,0,194422908369,194424151076,1242707,1524,8388608
Uring,throughput,0,4,64,0,0,194422913577,194423337070,423493,37,8388608
Uring,throughput,0,4,64,0,0,194422915424,194424021319,1105895,3606,8388608
Uring,throughput,0,4,64,0,0,194422918111,194423671368,753257,28,8388608
Uring,throughput,0,4,64,0,0,194422918795,194423302403,383608,66,8388608
Uring,throughput,0,4,64,0,0,194422921020,194424013955,1092934,37,8388608
Uring,throughput,0,4,64,0,0,194422921437,194423186532,265095,4144,8388608
Uring,throughput,0,4,64,0,0,194422923452,194427045088,4121636,2390,8388608
Uring,throughput,0,4,64,0,0,194422924110,194427762968,4838857,71,8388608
Uring,throughput,0,4,64,0,0,194422942976,194423719407,776430,108,8388608
Uring,throughput,0,4,64,0,0,194422946336,194425958639,3012303,40,8388608
Uring,throughput,0,4,64,0,0,194422948619,194423594977,646357,14,8388608
Uring,throughput,0,4,64,0,0,194422955847,194423252245,296398,94,8388608
Uring,throughput,0,4,64,0,0,194422957289,194424150408,1193118,1308,8388608
Uring,throughput,0,4,64,0,0,194422959646,194424351044,1391397,19,8388608
Uring,throughput,0,4,64,0,0,194422962868,194423387387,424519,2724,8388608
Uring,throughput,0,4,64,0,0,194422964103,194424101195,1137092,37,8388608
Uring,throughput,0,4,64,0,0,194422965894,194423597117,631222,30,8388608
Uring,throughput,0,4,64,0,0,194422966208,194424062646,1096438,1561,8388608
Uring,throughput,0,4,64,0,0,194422975112,194423495993,520880,72,8388608
Uring,throughput,0,4,64,0,0,194422975219,194424442978,1467759,742,8388608
Uring,throughput,0,4,64,0,0,194422977249,194426023307,3046058,48,8388608
Uring,throughput,0,4,64,0,0,194422979323,194424127601,1148277,142,8388608
Uring,throughput,0,4,64,0,0,194422980663,194423510964,530300,24,8388608
Uring,throughput,0,4,64,0,0,194422980801,194428290777,5309976,75,8388608
Uring,throughput,0,4,64,0,0,194422996703,194424198519,1201816,1419,8388608
Uring,throughput,0,4,64,0,0,194422997072,194424139911,1142838,27,8388608
Uring,throughput,0,4,64,0,0,194423002150,194427959775,4957625,22,8388608
Uring,throughput,0,4,64,0,0,194423005054,194424291910,1286855,2086,8388608
Uring,throughput,0,4,64,0,0,194423006152,194423337333,331181,3142,8388608
Uring,throughput,0,4,64,0,0,194423007386,194423537835,530448,1783,8388608
Uring,throughput,0,4,64,0,0,194423009277,194425093235,2083957,78,8388608
Uring,throughput,0,4,64,0,0,194423009425,194423289315,279890,493,8388608
Uring,throughput,0,4,64,0,0,194423013437,194424287051,1273614,1295,8388608
Uring,throughput,0,4,64,0,0,194423014990,194424367822,1352831,31,8388608
Uring,throughput,0,4,64,0,0,194423017251,194423593908,576656,1199,8388608
Uring,throughput,0,4,64,0,0,194423017474,194423664754,647280,15,8388608
Uring,throughput,0,4,64,0,0,194423019087,194425821383,2802295,2959,8388608
Uring,throughput,0,4,64,0,0,194423029508,194423675337,645828,60,8388608
Uring,throughput,0,4,64,0,0,194423032250,194424284053,1251803,56,8388608
Uring,throughput,0,4,64,0,0,194423032277,194424391920,1359643,72,8388608
Uring,throughput,0,4,64,0,0,194423042055,194424262995,1220940,4902,8388608
Uring,throughput,0,4,64,0,0,194423042173,194425868571,2826398,89,8388608
Uring,throughput,0,4,64,0,0,194423044533,194423398948,354414,2953,8388608
Uring,throughput,0,4,64,0,0,194423045446,194423524684,479238,19,8388608
Uring,throughput,0,4,64,0,0,194423048761,194427152819,4104057,3620,8388608
Uring,throughput,0,4,64,0,0,194423054226,194424082801,1028574,43,8388608
Uring,throughput,0,4,64,0,0,194423055108,194423406354,351245,2335,8388608
Uring,throughput,0,4,64,0,0,194423065388,194423580686,515298,1164,8388608
Uring,throughput,0,4,64,0,0,194423066628,194423097881,31253,443,8388608
Uring,throughput,0,4,64,0,0,194423069045,194424275323,1206277,13,8388608
Uring,throughput,0,4,64,0,0,194423069939,194423654280,584341,91,8388608
Uring,throughput,0,4,64,0,0,194423071536,194427692683,4621146,46,8388608
Uring,throughput,0,4,64,0,0,194423072193,194423786631,714437,6538,8388608
Uring,throughput,0,4,64,0,0,194423077471,194424287454,1209982,1439,8388608
Uring,throughput,0,4,64,0,0,194423079033,194423767345,688311,58,8388608
Uring,throughput,0,4,64,0,0,194423082079,194426028234,2946155,12,8388608
Uring,throughput,0,4,64,0,0,194423086482,194423452986,366504,84,8388608
Uring,throughput,0,4,64,0,0,194423094205,194424399059,1304854,46,8388608
Uring,throughput,0,4,64,0,0,194423096272,194427434815,4338543,3929,8388608
Uring,throughput,0,4,64,0,0,194423097734,194423480816,383082,12255,8388608
Uring,throughput,0,4,64,0,0,194423097888,194424309083,1211195,18,8388608
Uring,throughput,0,4,64,0,0,194423104846,194423655111,550265,17,8388608
Uring,throughput,0,4,64,0,0,194423109378,194423153017,43639,112,8388608
Uring,throughput,0,4,64,0,0,194423110199,194423481091,370891,2443,8388608
Uring,throughput,0,4,64,0,0,194423116116,194423644366,528249,793,8388608
Uring,throughput,0,4,64,0,0,194423117751,194423479570,361818,13,8388608
Uring,throughput,0,4,64,0,0,194423118859,194424408662,1289802,28,8388608
Uring,throughput,0,4,64,0,0,194423121174,194423492264,371089,32,8388608
Uring,throughput,0,4,64,0,0,194423132641,194423853502,720861,18,8388608
Uring,throughput,0,4,64,0,0,194423135191,194423895785,760593,1788,8388608
Uring,throughput,0,4,64,0,0,194423137446,194424103363,965917,2176,8388608
Uring,throughput,0,4,64,0,0,194423147450,194423710323,562873,30,8388608
Uring,throughput,0,4,64,0,0,194423151393,194426046500,2895106,5390,8388608
Uring,throughput,0,4,64,0,0,194423153025,194423191574,38549,221,8388608
Uring,throughput,0,4,64,0,0,194423156449,194424348257,1191807,476,8388608
Uring,throughput,0,4,64,0,0,194423157599,194424283760,1126161,2074,8388608
Uring,throughput,0,4,64,0,0,194423167716,194424243447,1075730,75,8388608
Uring,throughput,0,4,64,0,0,194423167719,194424192722,1025003,43,8388608
Uring,throughput,0,4,64,0,0,194423168870,194423221473,52602,39,8388608
Uring,throughput,0,4,64,0,0,194423179063,194423475623,296559,22,8388608
Uring,throughput,0,4,64,0,0,194423184374,194424005866,821491,20,8388608
Uring,throughput,0,4,64,0,0,194423186539,194423958106,771567,93,8388608
Uring,throughput,0,4,64,0,0,194423190476,194423424293,233816,21,8388608
Uring,throughput,0,4,64,0,0,194423191579,194424388393,1196813,1618,8388608
Uring,throughput,0,4,64,0,0,194423192939,194423680216,487277,89,8388608
Uring,throughput,0,4,64,0,0,194423193840,194424103220,909380,43,8388608
Uring,throughput,0,4,64,0,0,194423199337,194423740059,540721,2145,8388608
Uring,throughput,0,4,64,0,0,194423211039,194424052073,841033,616,8388608
Uring,throughput,0,4,64,0,0,194423211489,194423702550,491060,1957,8388608
Uring,throughput,0,4,64,0,0,194423212312,194426026348,2814035,4625,8388608
Uring,throughput,0,4,64,0,0,194423221477,194424358699,1137222,66903,8388608
Uring,throughput,0,4,64,0,0,194423223796,194424204460,980663,40,8388608
Uring,throughput,0,4,64,0,0,194423244575,194424219549,974974,21,8388608
Uring,throughput,0,4,64,0,0,194423245078,194424276016,1030937,3352,8388608
Uring,throughput,0,4,64,0,0,194423251210,194423851361,600151,40,8388608
Uring,throughput,0,4,64,0,0,194423252248,194424913197,1660948,11,8388608
Uring,throughput,0,4,64,0,0,194423257479,194424637121,1379642,1329,8388608
Uring,throughput,0,4,64,0,0,194423271603,194423695174,423570,7957,8388608
Uring,throughput,0,4,64,0,0,194423275139,194423749025,473885,756,8388608
Uring,throughput,0,4,64,0,0,194423279903,194423841897,561994,388,8388608
Uring,throughput,0,4,64,0,0,194423280503,194423854876,574373,71,8388608
Uring,throughput,0,4,64,0,0,194423288649,194424548701,1260052,16,8388608
Uring,throughput,0,4,64,0,0,194423288674,194423710346,421672,3621,8388608
Uring,throughput,0,4,64,0,0,194423289317,194423700569,411252,49,8388608
Uring,throughput,0,4,64,0,0,194423294563,194423714374,419810,22,8388608
Uring,throughput,0,4,64,0,0,194423296321,194426937676,3641355,22,8388608
Uring,throughput,0,4,64,0,0,194423302429,194427874549,4572120,3156,8388608
Uring,throughput,0,4,64,0,0,194423307331,194423724451,417119,23,8388608
Uring,throughput,0,4,64,0,0,194423315084,194424878388,1563304,62,8388608
Uring,throughput,0,4,64,0,0,194423315579,194423537469,221890,1363,8388608
Uring,throughput,0,4,64,0,0,194423316996,194426230756,2913760,4111,8388608
Uring,throughput,0,4,64,0,0,194423319732,194423771713,451981,149,8388608
Uring,throughput,0,4,64,0,0,194423319839,194424496558,1176718,62,8388608
Uring,throughput,0,4,64,0,0,194423324650,194423914663,590012,22,8388608
Uring,throughput,0,4,64,0,0,194423326451,194424442585,1116134,70,8388608
Uring,throughput,0,4,64,0,0,194423326886,194424599486,1272599,2275,8388608
Uring,throughput,0,4,64,0,0,194423328240,194424182514,854273,468,8388608
Uring,throughput,0,4,64,0,0,194423328774,194424673792,1345017,17,8388608
Uring,throughput,0,4,64,0,0,194423337076,194423877704,540628,1499,8388608
Uring,throughput,0,4,64,0,0,194423337258,194424591270,1254011,36,8388608
Uring,throughput,0,4,64,0,0,194423337340,194427608452,4271112,25,8388608
Uring,throughput,0,4,64,0,0,194423343307,194423977829,634522,32,8388608
Uring,throughput,0,4,64,0,0,194423344959,194423756306,411347,20,8388608
Uring,throughput,0,4,64,0,0,194423350602,194423652780,302178,27,8388608
Uring,throughput,0,4,64,0,0,194423358507,194424667443,1308935,62,8388608
Uring,throughput,0,4,64,0,0,194423360166,194424402863,1042697,102,8388608
Uring,throughput,0,4,64,0,0,194423360431,194423769788,409356,9,8388608
Uring,throughput,0,4,64,0,0,194423361771,194426167907,2806135,24,8388608
Uring,throughput,0,4,64,0,0,194423363922,194424305113,941191,307,8388608
Uring,throughput,0,4,64,0,0,194423364444,194423592693,228249,874,8388608
Uring,throughput,0,4,64,0,0,194423381650,194423810592,428941,5552,8388608
Uring,throughput,0,4,64,0,0,194423384480,194424825541,1441061,25,8388608
Uring,throughput,0,4,64,0,0,194423385689,194423778380,392690,38,8388608
Uring,throughput,0,4,64,0,0,194423387396,194423703417,316020,42,8388608
Uring,throughput,0,4,64,0,0,194423388868,194424728280,1339412,1237,8388608
Uring,throughput,0,4,64,0,0,194423393298,194423815388,422090,1501,8388608
Uring,throughput,0,4,64,0,0,194423398956,194423786788,387831,17,8388608
Uring,throughput,0,4,64,0,0,194423404258,194423814064,409806,2143,8388608
Uring,throughput,0,4,64,0,0,194423406357,194423995686,589329,73,8388608
Uring,throughput,0,4,64,0,0,194423407448,194424209235,801786,2175,8388608
Uring,throughput,0,4,64,0,0,194423407826,194423817058,409232,1990,8388608
Uring,throughput,0,4,64,0,0,194423424301,194428324290,4899989,4011,8388608
Uring,throughput,0,4,64,0,0,194423428383,194424425669,997285,157,8388608
Uring,throughput,0,4,64,0,0,194423437104,194424229347,792242,39,8388608
Uring,throughput,0,4,64,0,0,194423438265,194426087862,2649597,5252,8388608
Uring,throughput,0,4,64,0,0,194423444365,194423814650,370284,604,8388608
Uring,throughput,0,4,64,0,0,194423451584,194423830274,378689,25,8388608
Uring,throughput,0,4,64,0,0,194423452994,194423745899,292904,34,8388608
Uring,throughput,0,4,64,0,0,194423456092,194424534671,1078578,37,8388608
Uring,throughput,0,4,64,0,0,194423456201,194424856304,1400102,2044,8388608
Uring,throughput,0,4,64,0,0,194423464045,194426042109,2578063,44,8388608
Uring,throughput,0,4,64,0,0,194423465069,194425821071,2356001,33,8388608
Uring,throughput,0,4,64,0,0,194423469130,194423852474,383343,87,8388608
Uring,throughput,0,4,64,0,0,194423473677,194423659070,185392,72,8388608
Uring,throughput,0,4,64,0,0,194423475629,194424488122,1012492,2032,8388608
Uring,throughput,0,4,64,0,0,194423479575,194423596644,117069,15,8388608
Uring,throughput,0,4,64,0,0,194423480384,194428018295,4537910,24,8388608
Uring,throughput,0,4,64,0,0,194423480819,194424894845,1414025,16,8388608
Uring,throughput,0,4,64,0,0,194423481093,194423575268,94175,23,8388608
Uring,throughput,0,4,64,0,0,194423488611,194424008071,519459,24,8388608
Uring,throughput,0,4,64,0,0,194423492270,194424232891,740620,30,8388608
Uring,throughput,0,4,64,0,0,194423493818,194424887000,1393182,55,8388608
Uring,throughput,0,4,64,0,0,194423495998,194424248452,752453,85,8388608
Uring,throughput,0,4,64,0,0,194423496034,194424399909,903875,18,8388608
Uring,throughput,0,4,64,0,0,194423499758,194424646814,1147056,22,8388608
Uring,throughput,0,4,64,0,0,194423510970,194424534210,1023239,2538,8388608
Uring,throughput,0,4,64,0,0,194423516517,194424658357,1141840,72,8388608
Uring,throughput,0,4,64,0,0,194423523031,194423615437,92406,758,8388608
Uring,throughput,0,4,64,0,0,194423523259,194425328247,1804987,21,8388608
Uring,throughput,0,4,64,0,0,194423524691,194424553062,1028371,1457,8388608
Uring,throughput,0,4,64,0,0,194423536687,194424934684,1397997,32,8388608
Uring,throughput,0,4,64,0,0,194423537477,194424927205,1389727,16,8388608
Uring,throughput,0,4,64,0,0,194423537839,194424257742,719903,10,8388608
Uring,throughput,0,4,64,0,0,194423543583,194425356765,1813182,19,8388608
Uring,throughput,0,4,64,0,0,194423555967,194424819891,1263924,24,8388608
Uring,throughput,0,4,64,0,0,194423571271,194424359824,788552,44,8388608
Uring,throughput,0,4,64,0,0,194423572066,194424498039,925972,20,8388608
Uring,throughput,0,4,64,0,0,194423575273,194423967926,392653,17,8388608
Uring,throughput,0,4,64,0,0,194423580694,194426082389,2501694,47,8388608
Uring,throughput,0,4,64,0,0,194423592700,194424684052,1091351,21,8388608
Uring,throughput,0,4,64,0,0,194423593915,194423908881,314965,152,8388608
Uring,throughput,0,4,64,0,0,194423594980,194424659881,1064900,17,8388608
Uring,throughput,0,4,64,0,0,194423596652,194423905096,308444,19,8388608
Uring,throughput,0,4,64,0,0,194423597134,194424998828,1401694,5770,8388608
Uring,throughput,0,4,64,0,0,194423612797,194424229478,616681,18,8388608
Uring,throughput,0,4,64,0,0,194423615442,194423693464,78021,19,8388608
Uring,throughput,0,4,64,0,0,194423619170,194425005218,1386048,15,8388608
Uring,throughput,0,4,64,0,0,194423623245,194424029963,406718,52,8388608
Uring,throughput,0,4,64,0,0,194423634886,194424050752,415866,2980,8388608
Uring,throughput,0,4,64,0,0,194423644373,194424771858,1127485,22,8388608
Uring,throughput,0,4,64,0,0,194423652791,194423765242,112450,5798,8388608
Uring,throughput,0,4,64,0,0,194423654287,194424310354,656067,1913,8388608
Uring,throughput,0,4,64,0,0,194423655116,194427428795,3773679,3720,8388608
Uring,throughput,0,4,64,0,0,194423659078,194423772692,113614,2175,8388608
Uring,throughput,0,4,64,0,0,194423664797,194424088158,423361,6541,8388608
Uring,throughput,0,4,64,0,0,194423671374,194423966711,295336,70,8388608
Uring,throughput,0,4,64,0,0,194423675341,194424716537,1041195,13,8388608
Uring,throughput,0,4,64,0,0,194423680225,194424096723,416498,2081,8388608
Uring,throughput,0,4,64,0,0,194423684850,194425039259,1354408,2024,8388608
Uring,throughput,0,4,64,0,0,194423689717,194424166423,476705,20,8388608
Uring,throughput,0,4,64,0,0,194423690113,194428324224,4634111,17,8388608
Uring,throughput,0,4,64,0,0,194423690986,194424715973,1024986,1967,8388608
Uring,throughput,0,4,64,0,0,194423693470,194424838768,1145297,40,8388608
Uring,throughput,0,4,64,0,0,194423695178,194424107706,412528,21,8388608
Uring,throughput,0,4,64,0,0,194423699990,194424820811,1120820,92,8388608
Uring,throughput,0,4,64,0,0,194423700590,194424693150,992560,39,8388608
Uring,throughput,0,4,64,0,0,194423702555,194424720644,1018089,18,8388608
Uring,throughput,0,4,64,0,0,194423703424,194424699449,996024,30,8388608
Uring,throughput,0,4,64,0,0,194423703647,194423800917,97269,1477,8388608
Uring,throughput,0,4,64,0,0,194423710330,194423942912,232581,22,8388608
Uring,throughput,0,4,64,0,0,194423710352,194428334952,4624600,25,8388608
Uring,throughput,0,4,64,0,0,194423714379,194424130403,416024,1847,8388608
Uring,throughput,0,4,64,0,0,194423719412,194424414201,694789,14,8388608
Uring,throughput,0,4,64,0,0,194423724457,194424314865,590407,27,8388608
Uring,throughput,0,4,64,0,0,194423740065,194423936691,196625,26,8388608
Uring,throughput,0,4,64,0,0,194423740306,194425434649,1694343,17,8388608
Uring,throughput,0,4,64,0,0,194423745904,194424360506,614602,2379,8388608
Uring,throughput,0,4,64,0,0,194423749030,194423957864,208834,49,8388608
Uring,throughput,0,4,64,0,0,194423756078,194423827511,71432,1412,8388608
Uring,throughput,0,4,64,0,0,194423756310,194424863424,1107114,17,8388608
Uring,throughput,0,4,64,0,0,194423765247,194425308695,1543447,73,8388608
Uring,throughput,0,4,64,0,0,194423767349,194424182392,415042,12,8388608
Uring,throughput,0,4,64,0,0,194423768827,194426483614,2714787,93,8388608
Uring,throughput,0,4,64,0,0,194423769792,194425087756,1317964,2527,8388608
Uring,throughput,0,4,64,0,0,194423771717,194424190193,418475,685,8388608
Uring,throughput,0,4,64,0,0,194423772695,194423800332,27637,19,8388608
Uring,throughput,0,4,64,0,0,194423778387,194424790092,1011705,3011,8388608
Uring,throughput,0,4,64,0,0,194423779823,194424009310,229487,106,8388608
Uring,throughput,0,4,64,0,0,194423786639,194424290103,503464,22,8388608
Uring,throughput,0,4,64,0,0,194423786789,194424790113,1003323,10,8388608
Uring,throughput,0,4,64,0,0,194423800339,194424216900,416560,84,8388608
Uring,throughput,0,4,64,0,0,194423800920,194424476054,675133,20,8388608
Uring,throughput,0,4,64,0,0,194423810641,194424821438,1010797,25,8388608
Uring,throughput,0,4,64,0,0,194423814071,194425278451,1464379,45,8388608
Uring,throughput,0,4,64,0,0,194423814655,194424232553,417897,36,8388608
Uring,throughput,0,4,64,0,0,194423815393,194424235163,419770,68,8388608
Uring,throughput,0,4,64,0,0,194423817063,194423881106,64042,14,8388608
Uring,throughput,0,4,64,0,0,194423827514,194423885885,58370,14,8388608
Uring,throughput,0,4,64,0,0,194423830050,194424612343,782292,20,8388608
Uring,throughput,0,4,64,0,0,194423830279,194424275486,445207,35,8388608
Uring,throughput,0,4,64,0,0,194423837956,194425022831,1184874,103,8388608
Uring,throughput,0,4,64,0,0,194423841903,194426055896,2213992,1392,8388608
Uring,throughput,0,4,64,0,0,194423842237,194425362962,1520725,29,8388608
Uring,throughput,0,4,64,0,0,194423851368,194424260981,409612,38,8388608
Uring,throughput,0,4,64,0,0,194423852479,194424271221,418741,6699,8388608
Uring,throughput,0,4,64,0,0,194423853507,194424763233,909726,14,8388608
Uring,throughput,0,4,64,0,0,194423854899,194424508540,653640,19,8388608
Uring,throughput,0,4,64,0,0,194423858950,194424859017,1000067,379,8388608
Uring,throughput,0,4,64,0,0,194423860527,194425313597,1453069,58,8388608
Uring,throughput,0,4,64,0,0,194423873787,194424299386,425599,22,8388608
Uring,throughput,0,4,64,0,0,194423875416,194426481870,2606454,59,8388608
Uring,throughput,0,4,64,0,0,194423877711,194423939399,61688,24,8388608
Uring,throughput,0,4,64,0,0,194423878964,194428363216,4484251,72,8388608
Uring,throughput,0,4,64,0,0,194423880785,194423935351,54565,4625,8388608
Uring,throughput,0,4,64,0,0,194423881107,194424844676,963569,13,8388608
Uring,throughput,0,4,64,0,0,194423884325,194425630348,1746023,101,8388608
Uring,throughput,0,4,64,0,0,194423885887,194423916671,30784,9,8388608
Uring,throughput,0,4,64,0,0,194423890063,194423977721,87658,12,8388608
Uring,throughput,0,4,64,0,0,194423895789,194424873090,977300,13,8388608
Uring,throughput,0,4,64,0,0,194423905101,194424306108,401006,81,8388608
Uring,throughput,0,4,64,0,0,194423908887,194424309382,400494,29,8388608
Uring,throughput,0,4,64,0,0,194423914669,194424877655,962986,1896,8388608
Uring,throughput,0,4,64,0,0,194423916674,194428370534,4453859,4451,8388608
Uring,throughput,0,4,64,0,0,194423935358,194424301294,365936,19,8388608
Uring,throughput,0,4,64,0,0,194423936478,194426472870,2536392,92,8388608
Uring,throughput,0,4,64,0,0,194423936719,194424312937,376217,44,8388608
Uring,throughput,0,4,64,0,0,194423937430,194424867901,930471,68,8388608
Uring,throughput,0,4,64,0,0,194423939403,194424330566,391162,35,8388608
Uring,throughput,0,4,64,0,0,194423942919,194424443029,500109,707,8388608
Uring,throughput,0,4,64,0,0,194423951656,194426466549,2514893,6489,8388608
Uring,throughput,0,4,64,0,0,194423957871,194424799662,841791,163,8388608
Uring,throughput,0,4,64,0,0,194423957950,194424879868,921917,45,8388608
Uring,throughput,0,4,64,0,0,194423958108,194424361936,403827,48,8388608
Uring,throughput,0,4,64,0,0,194423958338,194425012194,1053856,146,8388608
Uring,throughput,0,4,64,0,0,194423966714,194424341637,374923,422,8388608
Uring,throughput,0,4,64,0,0,194423967934,194424647407,679472,265,8388608
Uring,throughput,0,4,64,0,0,194423968852,194424377434,408582,17,8388608
Uring,throughput,0,4,64,0,0,194423977727,194425584548,1606820,5495,8388608
Uring,throughput,0,4,64,0,0,194423977836,194424347536,369700,958,8388608
Uring,throughput,0,4,64,0,0,194423978697,194428327735,4349037,120,8388608
Uring,throughput,0,4,64,0,0,194423995694,194424415522,419828,28,8388608
Uring,throughput,0,4,64,0,0,194424005874,194424431343,425469,1667,8388608
Uring,throughput,0,4,64,0,0,194424008078,194425100378,1092300,1612,8388608
Uring,throughput,0,4,64,0,0,194424009318,194424432342,423023,21,8388608
Uring,throughput,0,4,64,0,0,194424013428,194424582566,569137,1547,8388608
Uring,throughput,0,4,64,0,0,194424013961,194424955603,941641,30,8388608
Uring,throughput,0,4,64,0,0,194424021326,194424445478,424152,91,8388608
Uring,throughput,0,4,64,0,0,194424029968,194424450169,420200,2212,8388608
Uring,throughput,0,4,64,0,0,194424042243,194425531155,1488911,26,8388608
Uring,throughput,0,4,64,0,0,194424044167,194425974195,1930027,4139,8388608
Uring,throughput,0,4,64,0,0,194424050760,194424471107,420346,18,8388608
Uring,throughput,0,4,64,0,0,194424052078,194424911755,859676,15,8388608
Uring,throughput,0,4,64,0,0,194424062651,194425165781,1103130,31,8388608
Uring,throughput,0,4,64,0,0,194424082822,194425059946,977123,25,8388608
Uring,throughput,0,4,64,0,0,194424088165,194425525938,1437772,34,8388608
Uring,throughput,0,4,64,0,0,194424096731,194424514733,418002,58,8388608
Uring,throughput,0,4,64,0,0,194424101204,194426261936,2160732,65,8388608
Uring,throughput,0,4,64,0,0,194424101918,194424495845,393927,1496,8388608
Uring,throughput,0,4,64,0,0,194424103247,194426447037,2343790,175,8388608
Uring,throughput,0,4,64,0,0,194424103364,194425262195,1158831,66,8388608
Uring,throughput,0,4,64,0,0,194424107714,194424405169,297455,144,8388608
Uring,throughput,0,4,64,0,0,194424111520,194424394477,282957,38,8388608
Uring,throughput,0,4,64,0,0,194424118983,194425126409,1007425,51,8388608
Uring,throughput,0,4,64,0,0,194424127607,194425837942,1710334,2767,8388608
Uring,throughput,0,4,64,0,0,194424130408,194424415502,285094,95,8388608
Uring,throughput,0,4,64,0,0,194424130592,194425869602,1739009,1257,8388608
Uring,throughput,0,4,64,0,0,194424139919,194425140871,1000951,1281,8388608
Uring,throughput,0,4,64,0,0,194424150415,194425893274,1742859,36,8388608
Uring,throughput,0,4,64,0,0,194424151084,194425212777,1061692,87,8388608
Uring,throughput,0,4,64,0,0,194424166430,194425331398,1164968,30,8388608
Uring,throughput,0,4,64,0,0,194424182399,194424751389,568990,1497,8388608
Uring,throughput,0,4,64,0,0,194424182521,194424541816,359294,21,8388608
Uring,throughput,0,4,64,0,0,194424190199,194424712992,522793,57,8388608
Uring,throughput,0,4,64,0,0,194424192730,194425801865,1609135,51,8388608
Uring,throughput,0,4,64,0,0,194424198527,194425607420,1408893,17,8388608
Uring,throughput,0,4,64,0,0,194424204464,194425282385,1077920,14,8388608
Uring,throughput,0,4,64,0,0,194424209243,194424592999,383756,33,8388608
Uring,throughput,0,4,64,0,0,194424210487,194424512533,302046,1456,8388608
Uring,throughput,0,4,64,0,0,194424216908,194424250441,33533,501,8388608
Uring,throughput,0,4,64,0,0,194424219557,194425229753,1010196,42,8388608
Uring,throughput,0,4,64,0,0,194424229354,194424869139,639785,74,8388608
Uring,throughput,0,4,64,0,0,194424229486,194424648653,419167,18,8388608
Uring,throughput,0,4,64,0,0,194424232561,194424769590,537028,18,8388608
Uring,throughput,0,4,64,0,0,194424232893,194425011721,778828,519,8388608
Uring,throughput,0,4,64,0,0,194424235168,194425096060,860892,14,8388608
Uring,throughput,0,4,64,0,0,194424243464,194425258164,1014699,6424,8388608
Uring,throughput,0,4,64,0,0,194424248458,194424883393,634934,1686,8388608
Uring,throughput,0,4,64,0,0,194424250448,194424280333,29885,29,8388608
Uring,throughput,0,4,64,0,0,194424257751,194424496647,238895,67,8388608
Uring,throughput,0,4,64,0,0,194424260990,194425171275,910284,2087,8388608
Uring,throughput,0,4,64,0,0,194424263020,194424506098,243077,37,8388608
Uring,throughput,0,4,64,0,0,194424271229,194425940116,1668886,25,8388608
Uring,throughput,0,4,64,0,0,194424275331,194426488118,2212787,16,8388608
Uring,throughput,0,4,64,0,0,194424275489,194424498410,222921,25,8388608
Uring,throughput,0,4,64,0,0,194424276023,194428448137,4172113,22,8388608
Uring,throughput,0,4,64,0,0,194424280341,194424842591,562250,43,8388608
Uring,throughput,0,4,64,0,0,194424283769,194426280018,1996249,25,8388608
Uring,throughput,0,4,64,0,0,194424284056,194425206273,922216,28,8388608
Uring,throughput,0,4,64,0,0,194424287058,194425266885,979827,28,8388608
Uring,throughput,0,4,64,0,0,194424287460,194426285337,1997876,16,8388608
Uring,throughput,0,4,64,0,0,194424290108,194425606195,1316086,18,8388608
Uring,throughput,0,4,64,0,0,194424291917,194424753067,461149,21,8388608
Uring,throughput,0,4,64,0,0,194424299394,194424537986,238591,22,8388608
Uring,throughput,0,4,64,0,0,194424301298,194424767955,466657,11,8388608
Uring,throughput,0,4,64,0,0,194424305120,194424403929,98809,56,8388608
Uring,throughput,0,4,64,0,0,194424306117,194424535477,229360,33,8388608
Uring,throughput,0,4,64,0,0,194424309088,194424366966,57877,18,8388608
Uring,throughput,0,4,64,0,0,194424309387,194424878988,569600,1693,8388608
Uring,throughput,0,4,64,0,0,194424310422,194425336278,1025856,33,8388608
Uring,throughput,0,4,64,0,0,194424312942,194426165152,1852210,1351,8388608
Uring,throughput,0,4,64,0,0,194424314870,194424807854,492984,781,8388608
Uring,throughput,0,4,64,0,0,194424330573,194425296447,965873,1765,8388608
Uring,throughput,0,4,64,0,0,194424335896,194426026355,1690458,66,8388608
Uring,throughput,0,4,64,0,0,194424341645,194424954731,613086,16,8388608
Uring,throughput,0,4,64,0,0,194424347543,194425462755,1115211,105,8388608
Uring,throughput,0,4,64,0,0,194424348266,194426190897,1842631,32,8388608
Uring,throughput,0,4,64,0,0,194424350276,194426196200,1845924,33,8388608
Uring,throughput,0,4,64,0,0,194424351050,194425264719,913668,32,8388608
Uring,throughput,0,4,64,0,0,194424358706,194425311771,953064,193,8388608
Uring,throughput,0,4,64,0,0,194424359828,194425226107,866279,20,8388608
Uring,throughput,0,4,64,0,0,194424360508,194425311549,951040,10,8388608
Uring,throughput,0,4,64,0,0,194424361942,194425003528,641585,839,8388608
Uring,throughput,0,4,64,0,0,194424366970,194424893369,526398,1586,8388608
Uring,throughput,0,4,64,0,0,194424367828,194426144403,1776575,44,8388608
Uring,throughput,0,4,64,0,0,194424377440,194424613073,235632,10138,8388608
Uring,throughput,0,4,64,0,0,194424388419,194425076654,688235,15,8388608
Uring,throughput,0,4,64,0,0,194424391929,194426206034,1814105,17,8388608
Uring,throughput,0,4,64,0,0,194424394482,194424942305,547822,14,8388608
Uring,throughput,0,4,64,0,0,194424399069,194426626283,2227213,2537,8388608
Uring,throughput,0,4,64,0,0,194424399916,194424926566,526649,21,8388608
Uring,throughput,0,4,64,0,0,194424402922,194424894871,491949,26,8388608
Uring,throughput,0,4,64,0,0,194424403935,194428311623,3907687,4814,8388608
Uring,throughput,0,4,64,0,0,194424405177,194425068744,663567,6347,8388608
Uring,throughput,0,4,64,0,0,194424408669,194426231085,1822415,226,8388608
Uring,throughput,0,4,64,0,0,194424414208,194424643297,229088,1894,8388608
Uring,throughput,0,4,64,0,0,194424415510,194424642276,226766,29,8388608
Uring,throughput,0,4,64,0,0,194424415527,194424892258,476731,629,8388608
Uring,throughput,0,4,64,0,0,194424425675,194425461171,1035495,1183,8388608
Uring,throughput,0,4,64,0,0,194424431351,194425382714,951362,87,8388608
Uring,throughput,0,4,64,0,0,194424432350,194424464270,31920,1316,8388608
Uring,throughput,0,4,64,0,0,194424442592,194425405406,962813,78,8388608
Uring,throughput,0,4,64,0,0,194424442981,194424899065,456084,60,8388608
Uring,throughput,0,4,64,0,0,194424443029,194424923671,480642,16,8388608
Uring,throughput,0,4,64,0,0,194424445487,194424992341,546854,43,8388608
Uring,throughput,0,4,64,0,0,194424450177,194424659998,209820,26,8388608
Uring,throughput,0,4,64,0,0,194424464277,194424494624,30346,36,8388608
Uring,throughput,0,4,64,0,0,194424471115,194425031063,559948,75,8388608
Uring,throughput,0,4,64,0,0,194424476061,194424908332,432270,20,8388608
Uring,throughput,0,4,64,0,0,194424488146,194424670700,182553,52,8388608
Uring,throughput,0,4,64,0,0,194424494647,194425195094,700447,19,8388608
Uring,throughput,0,4,64,0,0,194424495853,194426610481,2114628,19,8388608
Uring,throughput,0,4,64,0,0,194424496566,194424837104,340538,1411,8388608
Uring,throughput,0,4,64,0,0,194424496650,194425071357,574706,1728,8388608
Uring,throughput,0,4,64,0,0,194424498043,194425084870,586826,1247,8388608
Uring,throughput,0,4,64,0,0,194424498417,194424664567,166150,36,8388608
Uring,throughput,0,4,64,0,0,194424506104,194424672559,166454,82,8388608
Uring,throughput,0,4,64,0,0,194424508544,194428466217,3957672,4029,8388608
Uring,throughput,0,4,64,0,0,194424512536,194424883449,370912,139,8388608
Uring,throughput,0,4,64,0,0,194424514741,194426027904,1513163,41,8388608
Uring,throughput,0,4,64,0,0,194424531325,194426284284,1752958,46,8388608
Uring,throughput,0,4,64,0,0,194424531382,194428421293,3889911,45,8388608
Uring,throughput,0,4,64,0,0,194424534218,194425120108,585889,61,8388608
Uring,throughput,0,4,64,0,0,194424534675,194424974578,439903,637,8388608
Uring,throughput,0,4,64,0,0,194424535485,194425714947,1179461,32,8388608
Uring,throughput,0,4,64,0,0,194424537993,194425129610,591616,3749,8388608
Uring,throughput,0,4,64,0,0,194424541859,194425488937,947078,21,8388608
Uring,throughput,0,4,64,0,0,194424548708,194425246157,697449,20,8388608
Uring,throughput,0,4,64,0,0,194424549520,194426575174,2025654,21,8388608
Uring,throughput,0,4,64,0,0,194424553086,194425398785,845698,18,8388608
Uring,throughput,0,4,64,0,0,194424582573,194425073543,490969,30,8388608
Uring,throughput,0,4,64,0,0,194424591279,194424626108,34829,803,8388608
Uring,throughput,0,4,64,0,0,194424592588,194428461781,3869192,83,8388608
Uring,throughput,0,4,64,0,0,194424593063,194424909080,316016,35,8388608
Uring,throughput,0,4,64,0,0,194424599492,194425537410,937918,16,8388608
Uring,throughput,0,4,64,0,0,194424612350,194425218205,605854,1729,8388608
Uring,throughput,0,4,64,0,0,194424613082,194428479186,3866104,42,8388608
Uring,throughput,0,4,64,0,0,194424626114,194425533545,907430,17,8388608
Uring,throughput,0,4,64,0,0,194424637130,194426309512,1672382,83,8388608
Uring,throughput,0,4,64,0,0,194424642282,194425865930,1223648,352,8388608
Uring,throughput,0,4,64,0,0,194424643304,194425247385,604081,43,8388608
Uring,throughput,0,4,64,0,0,194424646820,194425445063,798243,24,8388608
Uring,throughput,0,4,64,0,0,194424647415,194424787893,140477,62,8388608
Uring,throughput,0,4,64,0,0,194424648658,194427221652,2572994,8567,8388608
Uring,throughput,0,4,64,0,0,194424658365,194424736232,77866,1603,8388608
Uring,throughput,0,4,64,0,0,194424659888,194426544337,1884449,7902,8388608
Uring,throughput,0,4,64,0,0,194424660030,194425259554,599524,40,8388608
Uring,throughput,0,4,64,0,0,194424664607,194425542496,877888,94,8388608
Uring,throughput,0,4,64,0,0,194424667447,194428394642,3727195,517,8388608
Uring,throughput,0,4,64,0,0,194424670706,194424893039,222333,37,8388608
Uring,throughput,0,4,64,0,0,194424670867,194426650245,1979377,8,8388608
Uring,throughput,0,4,64,0,0,194424672562,194425112408,439846,2290,8388608
Uring,throughput,0,4,64,0,0,194424673796,194426698703,2024907,2953,8388608
Uring,throughput,0,4,64,0,0,194424676510,194428466894,3790384,387,8388608
Uring,throughput,0,4,64,0,0,194424684060,194425563963,879903,146,8388608
Uring,throughput,0,4,64,0,0,194424689056,194425150872,461816,24,8388608
Uring,throughput,0,4,64,0,0,194424693158,194425678931,985772,1028,8388608
Uring,throughput,0,4,64,0,0,194424699458,194424725649,26190,931,8388608
Uring,throughput,0,4,64,0,0,194424702178,194426647998,1945819,132,8388608
Uring,throughput,0,4,64,0,0,194424713039,194425065053,352013,20,8388608
Uring,throughput,0,4,64,0,0,194424716026,194426632989,1916962,79,8388608
Uring,throughput,0,4,64,0,0,194424716561,194426638501,1921940,1821,8388608
Uring,throughput,0,4,64,0,0,194424720674,194425549602,828927,18,8388608
Uring,throughput,0,4,64,0,0,194424725656,194424763273,37617,44,8388608
Uring,throughput,0,4,64,0,0,194424728286,194426425571,1697285,61,8388608
Uring,throughput,0,4,64,0,0,194424736236,194426185049,1448812,60,8388608
Uring,throughput,0,4,64,0,0,194424751396,194426209031,1457634,21,8388608
Uring,throughput,0,4,64,0,0,194424753073,194425673365,920291,47,8388608
Uring,throughput,0,4,64,0,0,194424756228,194426703791,1947562,78,8388608
Uring,throughput,0,4,64,0,0,194424763239,194426763935,2000695,3317,8388608
Uring,throughput,0,4,64,0,0,194424763292,194424815777,52484,42,8388608
Uring,throughput,0,4,64,0,0,194424767961,194426717056,1949095,2951,8388608
Uring,throughput,0,4,64,0,0,194424769598,194426341492,1571893,1241,8388608
Uring,throughput,0,4,64,0,0,194424771862,194425210252,438389,10,8388608
Uring,throughput,0,4,64,0,0,194424787901,194425683064,895163,19,8388608
Uring,throughput,0,4,64,0,0,194424788158,194428483803,3695644,22,8388608
Uring,throughput,0,4,64,0,0,194424790100,194426728550,1938449,60,8388608
Uring,throughput,0,4,64,0,0,194424790115,194428499581,3709466,3063,8388608
Uring,throughput,0,4,64,0,0,194424799665,194425686629,886963,630,8388608
Uring,throughput,0,4,64,0,0,194424807861,194425088163,280301,22,8388608
Uring,throughput,0,4,64,0,0,194424815799,194424869676,53876,3106,8388608
Uring,throughput,0,4,64,0,0,194424819937,194425625529,805592,242,8388608
Uring,throughput,0,4,64,0,0,194424820815,194426214068,1393253,363,8388608
Uring,throughput,0,4,64,0,0,194424821502,194425384213,562710,31,8388608
Uring,throughput,0,4,64,0,0,194424825550,194424959842,134292,820,8388608
Uring,throughput,0,4,64,0,0,194424833253,194426735565,1902312,105,8388608
Uring,throughput,0,4,64,0,0,194424837110,194425749767,912656,36,8388608
Uring,throughput,0,4,64,0,0,194424838808,194427168275,2329466,6754,8388608
Uring,throughput,0,4,64,0,0,194424842596,194425403135,560539,1682,8388608
Uring,throughput,0,4,64,0,0,194424844683,194424877360,32677,420,8388608
Uring,throughput,0,4,64,0,0,194424851640,194427879132,3027492,22,8388608
Uring,throughput,0,4,64,0,0,194424854853,194426808497,1953643,79,8388608
Uring,throughput,0,4,64,0,0,194424856308,194426811881,1955572,49,8388608
Uring,throughput,0,4,64,0,0,194424859019,194428514962,3655943,22,8388608
Uring,throughput,0,4,64,0,0,194424860747,194426811625,1950877,2543,8388608
Uring,throughput,0,4,64,0,0,194424863432,194426826353,1962921,14419,8388608
Uring,throughput,0,4,64,0,0,194424867910,194426835701,1967790,14919,8388608
Uring,throughput,0,4,64,0,0,194424869147,194425417950,548802,613,8388608
Uring,throughput,0,4,64,0,0,194424869682,194424908282,38600,18,8388608
Uring,throughput,0,4,64,0,0,194424873126,194425583084,709957,22,8388608
Uring,throughput,0,4,64,0,0,194424877364,194425631942,754578,20,8388608
Uring,throughput,0,4,64,0,0,194424877657,194426789539,1911882,10,8388608
Uring,throughput,0,4,64,0,0,194424878394,194425109524,231129,2148,8388608
Uring,throughput,0,4,64,0,0,194424878996,194425840376,961379,49,8388608
Uring,throughput,0,4,64,0,0,194424879871,194425953022,1073151,63,8388608
Uring,throughput,0,4,64,0,0,194424883401,194425828945,945544,84,8388608
Uring,throughput,0,4,64,0,0,194424883449,194426080824,1197374,41,8388608
Uring,throughput,0,4,64,0,0,194424887023,194425782352,895329,3143,8388608
Uring,throughput,0,4,64,0,0,194424888917,194426861930,1973013,17,8388608
Uring,throughput,0,4,64,0,0,194424892264,194425147461,255196,100,8388608
Uring,throughput,0,4,64,0,0,194424893043,194425503977,610934,623,8388608
Uring,throughput,0,4,64,0,0,194424893374,194426412637,1519263,32,8388608
Uring,throughput,0,4,64,0,0,194424894851,194425421181,526329,18,8388608
Uring,throughput,0,4,64,0,0,194424894874,194426849272,1954397,2853,8388608
Uring,throughput,0,4,64,0,0,194424899070,194425792544,893474,30,8388608
Uring,throughput,0,4,64,0,0,194424908074,194428397028,3488954,74,8388608
Uring,throughput,0,4,64,0,0,194424908283,194424937343,29059,11,8388608
Uring,throughput,0,4,64,0,0,194424908338,194425424905,516567,4031,8388608
Uring,throughput,0,4,64,0,0,194424909082,194426861150,1952067,3523,8388608
Uring,throughput,0,4,64,0,0,194424911759,194425453409,541650,25,8388608
Uring,throughput,0,4,64,0,0,194424913199,194425809705,896506,1405,8388608
Uring,throughput,0,4,64,0,0,194424914543,194426794046,1879502,29,8388608
Uring,throughput,0,4,64,0,0,194424923679,194425929051,1005372,23,8388608
Uring,throughput,0,4,64,0,0,194424926573,194426825613,1899040,4112,8388608
Uring,throughput,0,4,64,0,0,194424927209,194426875176,1947966,18,8388608
Uring,throughput,0,4,64,0,0,194424934693,194425826156,891463,41,8388608
Uring,throughput,0,4,64,0,0,194424937347,194425470168,532821,2249,8388608
Uring,throughput,0,4,64,0,0,194424942326,194426855513,1913187,2852,8388608
Uring,throughput,0,4,64,0,0,194424954736,194425167955,213218,182,8388608
Uring,throughput,0,4,64,0,0,194424955607,194425777330,821723,473,8388608
Uring,throughput,0,4,64,0,0,194424959844,194424997129,37284,16,8388608
Uring,throughput,0,4,64,0,0,194424974632,194425182269,207636,67,8388608
Uring,throughput,0,4,64,0,0,194424992099,194428355074,3362975,74,8388608
Uring,throughput,0,4,64,0,0,194424992349,194425504041,511692,3049,8388608
Uring,throughput,0,4,64,0,0,194424997133,194425994410,997276,50,8388608
Uring,throughput,0,4,64,0,0,194424998832,194425505647,506815,131,8388608
Uring,throughput,0,4,64,0,0,194424998975,194428539298,3540322,20,8388608
Uring,throughput,0,4,64,0,0,194425000706,194427060056,2059350,12,8388608
Uring,throughput,0,4,64,0,0,194425003535,194425201117,197581,78,8388608
Uring,throughput,0,4,64,0,0,194425005223,194427156537,2151313,58,8388608
Uring,throughput,0,4,64,0,0,194425011729,194425074412,62682,32,8388608
Uring,throughput,0,4,64,0,0,194425012201,194426399000,1386799,18,8388608
Uring,throughput,0,4,64,0,0,194425016648,194425901746,885097,454,8388608
Uring,throughput,0,4,64,0,0,194425022840,194425200089,177248,2458,8388608
Uring,throughput,0,4,64,0,0,194425030062,194425191841,161778,416,8388608
Uring,throughput,0,4,64,0,0,194425031157,194426983627,1952470,3520,8388608
Uring,throughput,0,4,64,0,0,194425039265,194425274524,235258,24,8388608
Uring,throughput,0,4,64,0,0,194425059951,194425941745,881794,6397,8388608
Uring,throughput,0,4,64,0,0,194425065058,194428548159,3483101,4105,8388608
Uring,throughput,0,4,64,0,0,194425068748,194426984204,1915455,54,8388608
Uring,throughput,0,4,64,0,0,194425071364,194425529928,458564,16,8388608
Uring,throughput,0,4,64,0,0,194425073551,194426712669,1639118,20,8388608
Uring,throughput,0,4,64,0,0,194425074417,194425503502,429085,20,8388608
Uring,throughput,0,4,64,0,0,194425076728,194425555086,478358,42,8388608
Uring,throughput,0,4,64,0,0,194425084877,194425405393,320515,14,8388608
Uring,throughput,0,4,64,0,0,194425087766,194425589985,502219,24,8388608
Uring,throughput,0,4,64,0,0,194425088168,194425576158,487989,13,8388608
Uring,throughput,0,4,64,0,0,194425093244,194426985720,1892476,37,8388608
Uring,throughput,0,4,64,0,0,194425096067,194425960898,864830,1226,8388608
Uring,throughput,0,4,64,0,0,194425097170,194427066257,1969086,126,8388608
Uring,throughput,0,4,64,0,0,194425099563,194426594919,1495356,2112,8388608
Uring,throughput,0,4,64,0,0,194425100389,194425953606,853216,68,8388608
Uring,throughput,0,4,64,0,0,194425109532,194426260259,1150726,24,8388608
Uring,throughput,0,4,64,0,0,194425109796,194425588859,479062,60,8388608
Uring,throughput,0,4,64,0,0,194425112416,194425217532,105115,18,8388608
Uring,throughput,0,4,64,0,0,194425120115,194426594625,1474509,28,8388608
Uring,throughput,0,4,64,0,0,194425126417,194428499565,3373147,29,8388608
Uring,throughput,0,4,64,0,0,194425129614,194428559287,3429673,27,8388608
Uring,throughput,0,4,64,0,0,194425129767,194427350810,2221043,28,8388608
Uring,throughput,0,4,64,0,0,194425130827,194428550643,3419815,12,8388608
Uring,throughput,0,4,64,0,0,194425140877,194425613451,472574,29,8388608
Uring,throughput,0,4,64,0,0,194425147465,194426301047,1153582,17,8388608
Uring,throughput,0,4,64,0,0,194425150877,194425447164,296287,14,8388608
Uring,throughput,0,4,64,0,0,194425156489,194426003297,846808,2192,8388608
Uring,throughput,0,4,64,0,0,194425165152,194427083624,1918472,107,8388608
Uring,throughput,0,4,64,0,0,194425165789,194426001108,835318,27,8388608
Uring,throughput,0,4,64,0,0,194425167962,194425200763,32800,567,8388608
Uring,throughput,0,4,64,0,0,194425171282,194425635583,464301,14,8388608
Uring,throughput,0,4,64,0,0,194425173615,194427043439,1869823,28,8388608
Uring,throughput,0,4,64,0,0,194425182277,194425234042,51765,26,8388608
Uring,throughput,0,4,64,0,0,194425191848,194426190607,998758,37,8388608
Uring,throughput,0,4,64,0,0,194425195101,194426027775,832673,2446,8388608
Uring,throughput,0,4,64,0,0,194425200098,194425480957,280859,71,8388608
Uring,throughput,0,4,64,0,0,194425200765,194425726411,525646,60,8388608
Uring,throughput,0,4,64,0,0,194425201119,194426030376,829256,8,8388608
Uring,throughput,0,4,64,0,0,194425203416,194427185771,1982354,3885,8388608
Uring,throughput,0,4,64,0,0,194425206279,194425773367,567088,1218,8388608
Uring,throughput,0,4,64,0,0,194425210259,194425875729,665470,371,8388608
Uring,throughput,0,4,64,0,0,194425212782,194427142854,1930072,27,8388608
Uring,throughput,0,4,64,0,0,194425217539,194425253799,36260,17,8388608
Uring,throughput,0,4,64,0,0,194425218213,194426034906,816693,68,8388608
Uring,throughput,0,4,64,0,0,194425226116,194426164531,938415,554,8388608
Uring,throughput,0,4,64,0,0,194425229761,194426044471,814709,2802,8388608
Uring,throughput,0,4,64,0,0,194425234049,194427294278,2060229,3762,8388608
Uring,throughput,0,4,64,0,0,194425246185,194425279470,33285,873,8388608
Uring,throughput,0,4,64,0,0,194425247389,194425615687,368298,25,8388608
Uring,throughput,0,4,64,0,0,194425253803,194425991814,738010,574,8388608
Uring,throughput,0,4,64,0,0,194425258168,194425707428,449259,47,8388608
Uring,throughput,0,4,64,0,0,194425259559,194425713410,453851,2905,8388608
Uring,throughput,0,4,64,0,0,194425261925,194428564468,3302543,26,8388608
Uring,throughput,0,4,64,0,0,194425262198,194426095130,832932,323,8388608
Uring,throughput,0,4,64,0,0,194425264728,194426111888,847160,2124,8388608
Uring,throughput,0,4,64,0,0,194425266894,194427169217,1902323,44,8388608
Uring,throughput,0,4,64,0,0,194425268088,194427217551,1949463,19,8388608
Uring,throughput,0,4,64,0,0,194425274528,194425599268,324739,21,8388608
Uring,throughput,0,4,64,0,0,194425278455,194426126556,848100,21,8388608
Uring,throughput,0,4,64,0,0,194425279474,194425909935,630461,15,8388608
Uring,throughput,0,4,64,0,0,194425282394,194426294032,1011638,805,8388608
Uring,throughput,0,4,64,0,0,194425282872,194427244917,1962045,3293,8388608
Uring,throughput,0,4,64,0,0,194425289923,194427212253,1922330,2665,8388608
Uring,throughput,0,4,64,0,0,194425294548,194427242528,1947980,119,8388608
Uring,throughput,0,4,64,0,0,194425296515,194426134641,838126,40,8388608
Uring,throughput,0,4,64,0,0,194425308702,194427241507,1932804,24,8388608
Uring,throughput,0,4,64,0,0,194425311554,194425491900,180346,13,8388608
Uring,throughput,0,4,64,0,0,194425311772,194428560209,3248437,13,8388608
Uring,throughput,0,4,64,0,0,194425313605,194427278283,1964677,99,8388608
Uring,throughput,0,4,64,0,0,194425328271,194427405033,2076762,51,8388608
Uring,throughput,0,4,64,0,0,194425331406,194428447918,3116512,2771,8388608
Uring,throughput,0,4,64,0,0,194425336287,194425773342,437055,28,8388608
Uring,throughput,0,4,64,0,0,194425343251,194427611930,2268679,22,8388608
Uring,throughput,0,4,64,0,0,194425349570,194427486915,2137345,35,8388608
Uring,throughput,0,4,64,0,0,194425356771,194425392549,35777,506,8388608
Uring,throughput,0,4,64,0,0,194425362965,194425398636,35670,444,8388608
Uring,throughput,0,4,64,0,0,194425382721,194425814775,432054,63,8388608
Uring,throughput,0,4,64,0,0,194425384219,194425829436,445217,4621,8388608
Uring,throughput,0,4,64,0,0,194425389420,194427385419,1995998,64,8388608
Uring,throughput,0,4,64,0,0,194425392556,194426453396,1060839,165,8388608
Uring,throughput,0,4,64,0,0,194425398643,194426245044,846401,19,8388608
Uring,throughput,0,4,64,0,0,194425398787,194426120584,721796,11,8388608
Uring,throughput,0,4,64,0,0,194425403143,194426053157,650013,20,8388608
Uring,throughput,0,4,64,0,0,194425405396,194426215855,810459,13,8388608
Uring,throughput,0,4,64,0,0,194425405429,194428584891,3179461,3643,8388608
Uring,throughput,0,4,64,0,0,194425418103,194426467830,1049727,67,8388608
Uring,throughput,0,4,64,0,0,194425421190,194425456880,35690,963,8388608
Uring,throughput,0,4,64,0,0,194425424913,194425746816,321903,26,8388608
Uring,throughput,0,4,64,0,0,194425434657,194426270022,835364,3043,8388608
Uring,throughput,0,4,64,0,0,194425445072,194428584684,3139612,2837,8388608
Uring,throughput,0,4,64,0,0,194425447169,194426291427,844258,609,8388608
Uring,throughput,0,4,64,0,0,194425453415,194425484358,30942,672,8388608
Uring,throughput,0,4,64,0,0,194425456885,194425493801,36915,37,8388608
Uring,throughput,0,4,64,0,0,194425461177,194426353291,892114,37,8388608
Uring,throughput,0,4,64,0,0,194425462759,194425556483,93723,14,8388608
Uring,throughput,0,4,64,0,0,194425470176,194426828550,1358374,25,8388608
Uring,throughput,0,4,64,0,0,194425480965,194425946029,465064,105,8388608
Uring,throughput,0,4,64,0,0,194425484365,194425954295,469930,31,8388608
Uring,throughput,0,4,64,0,0,194425488944,194425671273,182329,724,8388608
Uring,throughput,0,4,64,0,0,194425491904,194428641989,3150084,3632,8388608
Uring,throughput,0,4,64,0,0,194425493805,194425963438,469632,28,8388608
Uring,throughput,0,4,64,0,0,194425496524,194426186704,690179,549,8388608
Uring,throughput,0,4,64,0,0,194425503506,194425555367,51860,599,8388608
Uring,throughput,0,4,64,0,0,194425503998,194425746051,242053,41,8388608
Uring,throughput,0,4,64,0,0,194425504042,194425981486,477443,65,8388608
Uring,throughput,0,4,64,0,0,194425505676,194427899670,2393994,19,8388608
Uring,throughput,0,4,64,0,0,194425525944,194427529924,2003980,33,8388608
Uring,throughput,0,4,64,0,0,194425529932,194426226868,696936,21,8388608
Uring,throughput,0,4,64,0,0,194425531162,194427670464,2139301,4630,8388608
Uring,throughput,0,4,64,0,0,194425533549,194426123358,589808,53,8388608
Uring,throughput,0,4,64,0,0,194425537414,194426025326,487912,16,8388608
Uring,throughput,0,4,64,0,0,194425540528,194426034438,493909,16,8388608
Uring,throughput,0,4,64,0,0,194425542499,194426054958,512458,51,8388608
Uring,throughput,0,4,64,0,0,194425549609,194428505812,2956202,4000,8388608
Uring,throughput,0,4,64,0,0,194425555094,194426052843,497748,1224,8388608
Uring,throughput,0,4,64,0,0,194425555371,194425598199,42828,106,8388608
Uring,throughput,0,4,64,0,0,194425556490,194427722496,2166006,1464,8388608
Uring,throughput,0,4,64,0,0,194425563970,194425619504,55534,12027,8388608
Uring,throughput,0,4,64,0,0,194425576164,194426353877,777712,2404,8388608
Uring,throughput,0,4,64,0,0,194425578750,194427677195,2098445,361,8388608
Uring,throughput,0,4,64,0,0,194425583090,194427799036,2215946,1520,8388608
Uring,throughput,0,4,64,0,0,194425584552,194427618249,2033697,78,8388608
Uring,throughput,0,4,64,0,0,194425588863,194426088390,499527,14,8388608
Uring,throughput,0,4,64,0,0,194425589994,194425992534,402539,89,8388608
Uring,throughput,0,4,64,0,0,194425598205,194425628566,30361,43,8388608
Uring,throughput,0,4,64,0,0,194425599273,194425842566,243292,579,8388608
Uring,throughput,0,4,64,0,0,194425606200,194426430169,823969,1895,8388608
Uring,throughput,0,4,64,0,0,194425607427,194427888914,2281486,23,8388608
Uring,throughput,0,4,64,0,0,194425613455,194426462188,848732,87,8388608
Uring,throughput,0,4,64,0,0,194425615695,194427634755,2019059,3903,8388608
Uring,throughput,0,4,64,0,0,194425619511,194428611181,2991669,756714,8388608
Uring,throughput,0,4,64,0,0,194425625534,194426131539,506005,1640,8388608
Uring,throughput,0,4,64,0,0,194425628570,194427437166,1808595,2754,8388608
Uring,throughput,0,4,64,0,0,194425630351,194425874800,244449,1058,8388608
Uring,throughput,0,4,64,0,0,194425631945,194426137059,505113,41,8388608
Uring,throughput,0,4,64,0,0,194425635591,194426247189,611597,30,8388608
Uring,throughput,0,4,64,0,0,194425651997,194426587959,935961,1657,8388608
Uring,throughput,0,4,64,0,0,194425671286,194425722097,50810,67,8388608
Uring,throughput,0,4,64,0,0,194425673369,194425714598,41229,317,8388608
Uring,throughput,0,4,64,0,0,194425678937,194426599320,920383,107,8388608
Uring,throughput,0,4,64,0,0,194425683068,194426527223,844154,4479,8388608
Uring,throughput,0,4,64,0,0,194425686636,194426524599,837963,76,8388608
Uring,throughput,0,4,64,0,0,194425692678,194426239774,547095,64,8388608
Uring,throughput,0,4,64,0,0,194425707434,194426536774,829339,22,8388608
Uring,throughput,0,4,64,0,0,194425713439,194425749360,35921,60,8388608
Uring,throughput,0,4,64,0,0,194425714601,194426240897,526295,39,8388608
Uring,throughput,0,4,64,0,0,194425714948,194426332087,617138,40,8388608
Uring,throughput,0,4,64,0,0,194425720191,194428598538,2878346,31,8388608
Uring,throughput,0,4,64,0,0,194425722104,194426253946,531841,38,8388608
Uring,throughput,0,4,64,0,0,194425726417,194426312672,586254,18,8388608
Uring,throughput,0,4,64,0,0,194425730922,194427667297,1936374,31,8388608
Uring,throughput,0,4,64,0,0,194425746059,194426286847,540788,72,8388608
Uring,throughput,0,4,64,0,0,194425746823,194425825484,78660,79,8388608
Uring,throughput,0,4,64,0,0,194425749426,194425782345,32918,47,8388608
Uring,throughput,0,4,64,0,0,194425749775,194426642619,892843,27,8388608
Uring,throughput,0,4,64,0,0,194425751343,194426299051,547707,25,8388608
Uring,throughput,0,4,64,0,0,194425773392,194425863603,90211,945,8388608
Uring,throughput,0,4,64,0,0,194425773374,194425881393,108018,72,8388608
Uring,throughput,0,4,64,0,0,194425777336,194426329658,552321,53,8388608
Uring,throughput,0,4,64,0,0,194425782353,194426933911,1151557,1938,8388608
Uring,throughput,0,4,64,0,0,194425782359,194427572241,1789882,16,8388608
Uring,throughput,0,4,64,0,0,194425792551,194426574721,782169,2237,8388608
Uring,throughput,0,4,64,0,0,194425801899,194425881561,79661,1175,8388608
Uring,throughput,0,4,64,0,0,194425808040,194426380212,572172,1594,8388608
Uring,throughput,0,4,64,0,0,194425809734,194425891226,81491,26,8388608
Uring,throughput,0,4,64,0,0,194425811832,194427799937,1988104,29,8388608
Uring,throughput,0,4,64,0,0,194425814784,194426384072,569287,695,8388608
Uring,throughput,0,4,64,0,0,194425816557,194427690875,1874318,17,8388608
Uring,throughput,0,4,64,0,0,194425821079,194426384759,563679,2029,8388608
Uring,throughput,0,4,64,0,0,194425821388,194427696821,1875432,45,8388608
Uring,throughput,0,4,64,0,0,194425825492,194426637430,811937,3227,8388608
Uring,throughput,0,4,64,0,0,194425826165,194426636859,810694,3375,8388608
Uring,throughput,0,4,64,0,0,194425828954,194426638574,809620,44,8388608
Uring,throughput,0,4,64,0,0,194425829442,194427849535,2020093,208,8388608
Uring,throughput,0,4,64,0,0,194425837950,194426769927,931977,22,8388608
Uring,throughput,0,4,64,0,0,194425840383,194426423162,582778,20,8388608
Uring,throughput,0,4,64,0,0,194425842571,194425932445,89874,20,8388608
Uring,throughput,0,4,64,0,0,194425863610,194425935796,72185,16,8388608
Uring,throughput,0,4,64,0,0,194425865938,194426131633,265695,128,8388608
Uring,throughput,0,4,64,0,0,194425868599,194427887601,2019002,28,8388608
Uring,throughput,0,4,64,0,0,194425869609,194428295430,2425820,19,8388608
Uring,throughput,0,4,64,0,0,194425874807,194426538541,663734,18,8388608
Uring,throughput,0,4,64,0,0,194425875732,194425927654,51921,12,8388608
Uring,throughput,0,4,64,0,0,194425878095,194427888245,2010150,3022,8388608
Uring,throughput,0,4,64,0,0,194425881400,194426478464,597063,175,8388608
Uring,throughput,0,4,64,0,0,194425881562,194426474344,592782,15,8388608
Uring,throughput,0,4,64,0,0,194425891232,194426458830,567598,15,8388608
Uring,throughput,0,4,64,0,0,194425893282,194426489905,596623,44,8388608
Uring,throughput,0,4,64,0,0,194425901751,194426177398,275646,49,8388608
Uring,throughput,0,4,64,0,0,194425909885,194427893080,1983194,19,8388608
Uring,throughput,0,4,64,0,0,194425909942,194426500439,590496,20,8388608
Uring,throughput,0,4,64,0,0,194425927661,194426009072,81411,17,8388608
Uring,throughput,0,4,64,0,0,194425929058,194426706781,777722,1742,8388608
Uring,throughput,0,4,64,0,0,194425932448,194426797762,865313,44,8388608
Uring,throughput,0,4,64,0,0,194425935800,194426406167,470367,32,8388608
Uring,throughput,0,4,64,0,0,194425937682,194428348457,2410774,3953,8388608
Uring,throughput,0,4,64,0,0,194425940124,194427897422,1957298,22,8388608
Uring,throughput,0,4,64,0,0,194425941753,194428461794,2520040,154,8388608
Uring,throughput,0,4,64,0,0,194425946036,194426556476,610439,1350,8388608
Uring,throughput,0,4,64,0,0,194425953030,194426165504,212473,560,8388608
Uring,throughput,0,4,64,0,0,194425953608,194426704527,750918,19,8388608
Uring,throughput,0,4,64,0,0,194425954299,194426006368,52068,14,8388608
Uring,throughput,0,4,64,0,0,194425958643,194428063902,2105259,19,8388608
Uring,throughput,0,4,64,0,0,194425960901,194426706730,745829,17,8388608
Uring,throughput,0,4,64,0,0,194425963446,194427019177,1055730,1805,8388608
Uring,throughput,0,4,64,0,0,194425974202,194428604434,2630232,38,8388608
Uring,throughput,0,4,64,0,0,194425981497,194426770846,789349,18,8388608
Uring,throughput,0,4,64,0,0,194425991819,194426397568,405748,33,8388608
Uring,throughput,0,4,64,0,0,194425992554,194426033822,41268,3349,8388608
Uring,throughput,0,4,64,0,0,194425994413,194426952073,957660,1707,8388608
Uring,throughput,0,4,64,0,0,194426001111,194426879871,878759,1971,8388608
Uring,throughput,0,4,64,0,0,194426003304,194426821421,818116,62,8388608
Uring,throughput,0,4,64,0,0,194426006372,194426786433,780061,545,8388608
Uring,throughput,0,4,64,0,0,194426009116,194426644605,635488,735,8388608
Uring,throughput,0,4,64,0,0,194426023335,194428013866,1990530,39,8388608
Uring,throughput,0,4,64,0,0,194426025331,194426889346,864014,1746,8388608
Uring,throughput,0,4,64,0,0,194426026352,194427972858,1946506,31,8388608
Uring,throughput,0,4,64,0,0,194426026363,194427910916,1884552,72,8388608
Uring,throughput,0,4,64,0,0,194426027783,194427387902,1360118,85,8388608
Uring,throughput,0,4,64,0,0,194426027928,194428603529,2575600,6340,8388608
Uring,throughput,0,4,64,0,0,194426028237,194426113212,84974,633,8388608
Uring,throughput,0,4,64,0,0,194426030383,194426815800,785416,2007,8388608
Uring,throughput,0,4,64,0,0,194426033123,194426771387,738263,2830,8388608
Uring,throughput,0,4,64,0,0,194426033825,194426615528,581702,35,8388608
Uring,throughput,0,4,64,0,0,194426034440,194428036283,2001843,2075,8388608
Uring,throughput,0,4,64,0,0,194426034927,194426817038,782111,16,8388608
Uring,throughput,0,4,64,0,0,194426042114,194426125258,83144,1376,8388608
Uring,throughput,0,4,64,0,0,194426044531,194426822255,777723,23,8388608
Uring,throughput,0,4,64,0,0,194426046505,194427957224,1910718,54,8388608
Uring,throughput,0,4,64,0,0,194426052852,194426903831,850979,23,8388608
Uring,throughput,0,4,64,0,0,194426053159,194426814839,761679,15,8388608
Uring,throughput,0,4,64,0,0,194426054982,194426437704,382721,109,8388608
Uring,throughput,0,4,64,0,0,194426055904,194428329151,2273247,35,8388608
Uring,throughput,0,4,64,0,0,194426080831,194428081882,2001050,1738,8388608
Uring,throughput,0,4,64,0,0,194426082485,194428350235,2267750,67,8388608
Uring,throughput,0,4,64,0,0,194426087885,194427877031,1789146,20,8388608
Uring,throughput,0,4,64,0,0,194426088393,194426765565,677172,5434,8388608
Uring,throughput,0,4,64,0,0,194426095222,194426576949,481726,3181,8388608
Uring,throughput,0,4,64,0,0,194426111896,194426766078,654182,25,8388608
Uring,throughput,0,4,64,0,0,194426113219,194426155842,42622,33,8388608
Uring,throughput,0,4,64,0,0,194426120590,194427006702,886111,711,8388608
Uring,throughput,0,4,64,0,0,194426123364,194426686560,563196,748,8388608
Uring,throughput,0,4,64,0,0,194426125264,194426957902,832637,20,8388608
Uring,throughput,0,4,64,0,0,194426126622,194426234985,108363,1761,8388608
Uring,throughput,0,4,64,0,0,194426131544,194426822042,690497,15,8388608
Uring,throughput,0,4,64,0,0,194426131636,194426173976,42339,16,8388608
Uring,throughput,0,4,64,0,0,194426134644,194427155698,1021053,37,8388608
Uring,throughput,0,4,64,0,0,194426137062,194428083416,1946354,1915,8388608
Uring,throughput,0,4,64,0,0,194426144406,194427256371,1111965,2446,8388608
Uring,throughput,0,4,64,0,0,194426155848,194426241968,86120,34,8388608
Uring,throughput,0,4,64,0,0,194426164539,194426287526,122986,20,8388608
Uring,throughput,0,4,64,0,0,194426165155,194428435089,2269934,30,8388608
Uring,throughput,0,4,64,0,0,194426165505,194426292284,126778,35,8388608
Uring,throughput,0,4,64,0,0,194426167914,194428033428,1865514,25,8388608
Uring,throughput,0,4,64,0,0,194426173983,194426580840,406856,585,8388608
Uring,throughput,0,4,64,0,0,194426177404,194426299548,122143,38,8388608
Uring,throughput,0,4,64,0,0,194426185055,194426391852,206797,44,8388608
Uring,throughput,0,4,64,0,0,194426186711,194426441789,255078,26,8388608
Uring,throughput,0,4,64,0,0,194426190635,194426562685,372049,22,8388608
Uring,throughput,0,4,64,0,0,194426190903,194428531385,2340481,5256,8388608
Uring,throughput,0,4,64,0,0,194426196209,194426566062,369853,2040,8388608
Uring,throughput,0,4,64,0,0,194426206042,194427021310,815268,2098,8388608
Uring,throughput,0,4,64,0,0,194426209038,194426907309,698271,59,8388608
Uring,throughput,0,4,64,0,0,194426214096,194426922114,708017,30,8388608
Uring,throughput,0,4,64,0,0,194426215859,194426965142,749283,1982,8388608
Uring,throughput,0,4,64,0,0,194426226875,194426534680,307804,400,8388608
Uring,throughput,0,4,64,0,0,194426230762,194428138252,1907490,41,8388608
Uring,throughput,0,4,64,0,0,194426231092,194427807388,1576295,1656,8388608
Uring,throughput,0,4,64,0,0,194426234992,194426276443,41450,132,8388608
Uring,throughput,0,4,64,0,0,194426239779,194428609627,2369848,14,8388608
Uring,throughput,0,4,64,0,0,194426240901,194427113304,872403,28,8388608
Uring,throughput,0,4,64,0,0,194426241974,194428126466,1884491,3998,8388608
Uring,throughput,0,4,64,0,0,194426245048,194426524147,279098,16,8388608
Uring,throughput,0,4,64,0,0,194426247198,194427126119,878921,1698,8388608
Uring,throughput,0,4,64,0,0,194426253955,194426965047,711092,4008,8388608
Uring,throughput,0,4,64,0,0,194426259091,194426310679,51587,1714,8388608
Uring,throughput,0,4,64,0,0,194426260266,194426964306,704039,86,8388608
Uring,throughput,0,4,64,0,0,194426261941,194428428412,2166470,4191,8388608
Uring,throughput,0,4,64,0,0,194426270057,194427024439,754382,23,8388608
Uring,throughput,0,4,64,0,0,194426276451,194427066982,790531,159,8388608
Uring,throughput,0,4,64,0,0,194426280026,194428428926,2148900,20,8388608
Uring,throughput,0,4,64,0,0,194426284288,194427038485,754197,1081,8388608
Uring,throughput,0,4,64,0,0,194426285340,194426988297,702956,68,8388608
Uring,throughput,0,4,64,0,0,194426286849,194426990408,703558,1605,8388608
Uring,throughput,0,4,64,0,0,194426287533,194426991501,703968,20,8388608
Uring,throughput,0,4,64,0,0,194426291431,194426395810,104378,52,8388608
Uring,throughput,0,4,64,0,0,194426292288,194426364815,72526,22,8388608
Uring,throughput,0,4,64,0,0,194426294036,194426996441,702404,16,8388608
Uring,throughput,0,4,64,0,0,194426299055,194426336953,37897,1940,8388608
Uring,throughput,0,4,64,0,0,194426299556,194426375949,76393,659,8388608
Uring,throughput,0,4,64,0,0,194426301051,194427000081,699029,2272,8388608
Uring,throughput,0,4,64,0,0,194426309524,194427089705,780181,26,8388608
Uring,throughput,0,4,64,0,0,194426310685,194426358508,47822,23,8388608
Uring,throughput,0,4,64,0,0,194426312685,194427395882,1083196,1760,8388608
Uring,throughput,0,4,64,0,0,194426329665,194426571788,242122,33,8388608
Uring,throughput,0,4,64,0,0,194426332111,194426422422,90310,16,8388608
Uring,throughput,0,4,64,0,0,194426336959,194426414250,77290,123,8388608
Uring,throughput,0,4,64,0,0,194426341501,194426494402,152901,38,8388608
Uring,throughput,0,4,64,0,0,194426353329,194427039070,685740,233,8388608
Uring,throughput,0,4,64,0,0,194426353880,194428444195,2090315,16,8388608
Uring,throughput,0,4,64,0,0,194426358513,194427040767,682254,20,8388608
Uring,throughput,0,4,64,0,0,194426364820,194427138609,773789,1733,8388608
Uring,throughput,0,4,64,0,0,194426375957,194427505471,1129513,24,8388608
Uring,throughput,0,4,64,0,0,194426380219,194427012162,631943,17,8388608
Uring,throughput,0,4,64,0,0,194426384110,194426625464,241354,16,8388608
Uring,throughput,0,4,64,0,0,194426384766,194427056661,671895,39,8388608
Uring,throughput,0,4,64,0,0,194426391858,194427067245,675387,2815,8388608
Uring,throughput,0,4,64,0,0,194426395815,194426447806,51991,87,8388608
Uring,throughput,0,4,64,0,0,194426397573,194427135538,737965,39,8388608
Uring,throughput,0,4,64,0,0,194426399034,194426487920,88886,1592,8388608
Uring,throughput,0,4,64,0,0,194426406175,194428444075,2037900,3221,8388608
Uring,throughput,0,4,64,0,0,194426410551,194428612531,2201979,18,8388608
Uring,throughput,0,4,64,0,0,194426412645,194427741466,1328820,35,8388608
Uring,throughput,0,4,64,0,0,194426414257,194427576423,1162166,19,8388608
Uring,throughput,0,4,64,0,0,194426422428,194427250948,828519,21,8388608
Uring,throughput,0,4,64,0,0,194426423168,194427186384,763216,6931,8388608
Uring,throughput,0,4,64,0,0,194426425576,194428456791,2031214,30,8388608
Uring,throughput,0,4,64,0,0,194426430196,194427173209,743013,45,8388608
Uring,throughput,0,4,64,0,0,194426437711,194426639390,201679,31,8388608
Uring,throughput,0,4,64,0,0,194426441829,194426821151,379321,24,8388608
Uring,throughput,0,4,64,0,0,194426447042,194428165914,1718871,4271,8388608
Uring,throughput,0,4,64,0,0,194426447813,194427190980,743166,2651,8388608
Uring,throughput,0,4,64,0,0,194426453400,194427071090,617689,62,8388608
Uring,throughput,0,4,64,0,0,194426458837,194427360865,902027,2521,8388608
Uring,throughput,0,4,64,0,0,194426462194,194426557025,94830,2693,8388608
Uring,throughput,0,4,64,0,0,194426466585,194428191356,1724770,70,8388608
Uring,throughput,0,4,64,0,0,194426467838,194427100914,633076,35,8388608
Uring,throughput,0,4,64,0,0,194426471186,194426820881,349694,1056,8388608
Uring,throughput,0,4,64,0,0,194426472879,194428174697,1701818,31,8388608
Uring,throughput,0,4,64,0,0,194426474350,194427052495,578145,144,8388608
Uring,throughput,0,4,64,0,0,194426478472,194426550966,72493,1764,8388608
Uring,throughput,0,4,64,0,0,194426481877,194428466898,1985021,50,8388608
Uring,throughput,0,4,64,0,0,194426483619,194427137177,653557,3744,8388608
Uring,throughput,0,4,64,0,0,194426487925,194426543040,55114,46,8388608
Uring,throughput,0,4,64,0,0,194426488126,194427208446,720320,383,8388608
Uring,throughput,0,4,64,0,0,194426489909,194427552478,1062569,2486,8388608
Uring,throughput,0,4,64,0,0,194426494407,194427806864,1312456,20,8388608
Uring,throughput,0,4,64,0,0,194426500444,194428564732,2064288,6903,8388608
Uring,throughput,0,4,64,0,0,194426524154,194428619791,2095636,3149,8388608
Uring,throughput,0,4,64,0,0,194426524606,194427216295,691689,22,8388608
Uring,throughput,0,4,64,0,0,194426527230,194427249270,722040,263,8388608
Uring,throughput,0,4,64,0,0,194426534685,194426745982,211297,18,8388608
Uring,throughput,0,4,64,0,0,194426536782,194427424500,887717,2214,8388608
Uring,throughput,0,4,64,0,0,194426538545,194426759502,220956,42,8388608
Uring,throughput,0,4,64,0,0,194426543060,194426572982,29921,15,8388608
Uring,throughput,0,4,64,0,0,194426544386,194428245287,1700901,131,8388608
Uring,throughput,0,4,64,0,0,194426550971,194427220226,669254,18,8388608
Uring,throughput,0,4,64,0,0,194426556483,194428224145,1667662,24,8388608
Uring,throughput,0,4,64,0,0,194426557045,194427256644,699599,22,8388608
Uring,throughput,0,4,64,0,0,194426562691,194428477298,1914607,3903,8388608
Uring,throughput,0,4,64,0,0,194426566071,194427260563,694492,16,8388608
Uring,throughput,0,4,64,0,0,194426571794,194428479408,1907613,3445,8388608
Uring,throughput,0,4,64,0,0,194426572456,194426632608,60151,469,8388608
Uring,throughput,0,4,64,0,0,194426572984,194427172860,599876,424,8388608
Uring,throughput,0,4,64,0,0,194426574724,194427391162,816438,12,8388608
Uring,throughput,0,4,64,0,0,194426575179,194428277016,1701837,186,8388608
Uring,throughput,0,4,64,0,0,194426576953,194426629354,52401,19,8388608
Uring,throughput,0,4,64,0,0,194426580845,194427225814,644969,43,8388608
Uring,throughput,0,4,64,0,0,194426587966,194427552222,964255,120,8388608
Uring,throughput,0,4,64,0,0,194426594633,194427278810,684176,2178,8388608
Uring,throughput,0,4,64,0,0,194426594932,194427273613,678680,41,8388608
Uring,throughput,0,4,64,0,0,194426599327,194427447927,848600,37,8388608
Uring,throughput,0,4,64,0,0,194426610490,194428480255,1869765,28,8388608
Uring,throughput,0,4,64,0,0,194426615534,194427420278,804744,17,8388608
Uring,throughput,0,4,64,0,0,194426625472,194426714114,88641,19,8388608
Uring,throughput,0,4,64,0,0,194426626291,194428545158,1918867,61,8388608
Uring,throughput,0,4,64,0,0,194426629360,194426698145,68784,99,8388608
Uring,throughput,0,4,64,0,0,194426632614,194426693720,61105,35,8388608
Uring,throughput,0,4,64,0,0,194426633037,194427524625,891587,73,8388608
Uring,throughput,0,4,64,0,0,194426636865,194428272263,1635398,14,8388608
Uring,throughput,0,4,64,0,0,194426637437,194427220996,583558,22,8388608
Uring,throughput,0,4,64,0,0,194426638509,194427646837,1008328,19,8388608
Uring,throughput,0,4,64,0,0,194426638581,194427297076,658494,1328,8388608
Uring,throughput,0,4,64,0,0,194426639399,194427169166,529767,38,8388608
Uring,throughput,0,4,64,0,0,194426642644,194427364419,721775,2475,8388608
Uring,throughput,0,4,64,0,0,194426644611,194427375055,730443,16,8388608
Uring,throughput,0,4,64,0,0,194426648029,194428277329,1629300,19,8388608
Uring,throughput,0,4,64,0,0,194426650248,194426963202,312953,745,8388608
Uring,throughput,0,4,64,0,0,194426667403,194428618225,1950821,28,8388608
Uring,throughput,0,4,64,0,0,194426686568,194427245618,559049,80,8388608
Uring,throughput,0,4,64,0,0,194426693726,194427012295,318568,18,8388608
Uring,throughput,0,4,64,0,0,194426698153,194427333596,635442,436,8388608
Uring,throughput,0,4,64,0,0,194426698727,194428526571,1827843,53,8388608
Uring,throughput,0,4,64,0,0,194426703796,194428297630,1593834,16,8388608
Uring,throughput,0,4,64,0,0,194426704534,194426902381,197846,935,8388608
Uring,throughput,0,4,64,0,0,194426706736,194427757602,1050865,55,8388608
Uring,throughput,0,4,64,0,0,194426706781,194427296732,589950,15,8388608
Uring,throughput,0,4,64,0,0,194426712676,194427307140,594463,1941,8388608
Uring,throughput,0,4,64,0,0,194426714121,194427031077,316955,1101,8388608
Uring,throughput,0,4,64,0,0,194426717062,194428302399,1585336,48,8388608
Uring,throughput,0,4,64,0,0,194426728562,194428610298,1881735,42,8388608
Uring,throughput,0,4,64,0,0,194426735574,194428619324,1883750,3536,8388608
Uring,throughput,0,4,64,0,0,194426745990,194427046883,300892,71,8388608
Uring,throughput,0,4,64,0,0,194426759553,194427376407,616854,1873,8388608
Uring,throughput,0,4,64,0,0,194426763943,194428511399,1747456,214,8388608
Uring,throughput,0,4,64,0,0,194426765571,194428593148,1827576,16,8388608
Uring,throughput,0,4,64,0,0,194426766085,194427355089,589003,194,8388608
Uring,throughput,0,4,64,0,0,194426769933,194427359650,589717,22,8388608
Uring,throughput,0,4,64,0,0,194426770850,194427394914,624064,560,8388608
Uring,throughput,0,4,64,0,0,194426771390,194427282155,510765,63,8388608
Uring,throughput,0,4,64,0,0,194426786442,194427464524,678082,107,8388608
Uring,throughput,0,4,64,0,0,194426789547,194427415204,625657,39,8388608
Uring,throughput,0,4,64,0,0,194426794054,194428519633,1725578,1600,8388608
Uring,throughput,0,4,64,0,0,194426797766,194428345059,1547293,1950,8388608
Uring,throughput,0,4,64,0,0,194426808505,194428619994,1811489,4115,8388608
Uring,throughput,0,4,64,0,0,194426811633,194426887246,75612,22,8388608
Uring,throughput,0,4,64,0,0,194426811883,194428523814,1711931,14,8388608
Uring,throughput,0,4,64,0,0,194426814847,194426866656,51809,974,8388608
Uring,throughput,0,4,64,0,0,194426815804,194426889660,73855,42,8388608
Uring,throughput,0,4,64,0,0,194426817046,194428056625,1239578,2090,8388608
Uring,throughput,0,4,64,0,0,194426820889,194426884306,63417,45,8388608
Uring,throughput,0,4,64,0,0,194426821155,194427644895,823740,873,8388608
Uring,throughput,0,4,64,0,0,194426821429,194427734191,912761,23,8388608
Uring,throughput,0,4,64,0,0,194426822049,194427394351,572301,17,8388608
Uring,throughput,0,4,64,0,0,194426822260,194427547654,725393,33,8388608
Uring,throughput,0,4,64,0,0,194426825621,194428599893,1774272,16,8388608
Uring,throughput,0,4,64,0,0,194426826361,194428328000,1501639,30,8388608
Uring,throughput,0,4,64,0,0,194426828557,194427553489,724932,38,8388608
Uring,throughput,0,4,64,0,0,194426835710,194428340870,1505159,20,8388608
Uring,throughput,0,4,64,0,0,194426849280,194427317454,468174,40,8388608
Uring,throughput,0,4,64,0,0,194426855522,194428359086,1503564,43,8388608
Uring,throughput,0,4,64,0,0,194426861157,194428274030,1412872,34,8388608
Uring,throughput,0,4,64,0,0,194426861939,194427449875,587936,40,8388608
Uring,throughput,0,4,64,0,0,194426866664,194426908287,41622,213,8388608
Uring,throughput,0,4,64,0,0,194426875183,194427137110,261926,1597,8388608
Uring,throughput,0,4,64,0,0,194426879878,194427909610,1029732,58,8388608
Uring,throughput,0,4,64,0,0,194426884313,194427006948,122635,21,8388608
Uring,throughput,0,4,64,0,0,194426887253,194427041165,153911,44,8388608
Uring,throughput,0,4,64,0,0,194426889368,194427474512,585143,19,8388608
Uring,throughput,0,4,64,0,0,194426889666,194427032738,143071,43,8388608
Uring,throughput,0,4,64,0,0,194426892736,194428403845,1511108,1152,8388608
Uring,throughput,0,4,64,0,0,194426902387,194427190817,288429,64,8388608
Uring,throughput,0,4,64,0,0,194426903838,194427619296,715457,59,8388608
Uring,throughput,0,4,64,0,0,194426907317,194427439359,532041,2906,8388608
Uring,throughput,0,4,64,0,0,194426908290,194427540898,632607,85,8388608
Uring,throughput,0,4,64,0,0,194426922121,194427135246,213124,49,8388608
Uring,throughput,0,4,64,0,0,194426933919,194427523592,589672,30,8388608
Uring,throughput,0,4,64,0,0,194426937685,194428622073,1684387,45,8388608
Uring,throughput,0,4,64,0,0,194426952100,194427859213,907112,35,8388608
Uring,throughput,0,4,64,0,0,194426957928,194427185483,227554,102,8388608
Uring,throughput,0,4,64,0,0,194426963209,194427004067,40857,21,8388608
Uring,throughput,0,4,64,0,0,194426964311,194428516764,1552453,2352,8388608
Uring,throughput,0,4,64,0,0,194426965051,194427566410,601358,30,8388608
Uring,throughput,0,4,64,0,0,194426965145,194428019169,1054024,105,8388608
Uring,throughput,0,4,64,0,0,194426983634,194427586474,602840,36,8388608
Uring,throughput,0,4,64,0,0,194426984211,194428403866,1419654,103,8388608
Uring,throughput,0,4,64,0,0,194426985725,194428040716,1054991,913,8388608
Uring,throughput,0,4,64,0,0,194426988305,194427592091,603786,1060,8388608
Uring,throughput,0,4,64,0,0,194426990412,194427874044,883631,73,8388608
Uring,throughput,0,4,64,0,0,194426991506,194428502580,1511073,4725,8388608
Uring,throughput,0,4,64,0,0,194426996446,194427694623,698177,13,8388608
Uring,throughput,0,4,64,0,0,194427000084,194427963062,962978,18,8388608
Uring,throughput,0,4,64,0,0,194427004069,194427607466,603397,40,8388608
Uring,throughput,0,4,64,0,0,194427006709,194427673902,667193,60,8388608
Uring,throughput,0,4,64,0,0,194427006950,194427508097,501147,598,8388608
Uring,throughput,0,4,64,0,0,194427010731,194427950575,939843,571,8388608
Uring,throughput,0,4,64,0,0,194427012169,194428409555,1397385,114,8388608
Uring,throughput,0,4,64,0,0,194427012299,194427047269,34970,484,8388608
Uring,throughput,0,4,64,0,0,194427019185,194427626535,607349,101,8388608
Uring,throughput,0,4,64,0,0,194427021318,194427645196,623877,16,8388608
Uring,throughput,0,4,64,0,0,194427024444,194427600776,576332,88,8388608
Uring,throughput,0,4,64,0,0,194427031084,194427638942,607858,21,8388608
Uring,throughput,0,4,64,0,0,194427032744,194428587827,1555083,4637,8388608
Uring,throughput,0,4,64,0,0,194427038492,194427642930,604438,38,8388608
Uring,throughput,0,4,64,0,0,194427039075,194428103521,1064445,1840,8388608
Uring,throughput,0,4,64,0,0,194427040771,194427095065,54294,928,8388608
Uring,throughput,0,4,64,0,0,194427041172,194428621706,1580534,4003,8388608
Uring,throughput,0,4,64,0,0,194427043446,194428415428,1371982,12,8388608
Uring,throughput,0,4,64,0,0,194427045116,194427137873,92757,84,8388608
Uring,throughput,0,4,64,0,0,194427046890,194427618757,571866,4822,8388608
Uring,throughput,0,4,64,0,0,194427047274,194427805588,758314,17,8388608
Uring,throughput,0,4,64,0,0,194427052501,194428417308,1364806,2385,8388608
Uring,throughput,0,4,64,0,0,194427056665,194427643238,586572,36,8388608
Uring,throughput,0,4,64,0,0,194427060082,194427687603,627521,1394,8388608
Uring,throughput,0,4,64,0,0,194427066262,194428457185,1390922,30,8388608
Uring,throughput,0,4,64,0,0,194427066985,194428150945,1083960,1993,8388608
Uring,throughput,0,4,64,0,0,194427067253,194428421439,1354186,22,8388608
Uring,throughput,0,4,64,0,0,194427071127,194427427422,356295,865,8388608
Uring,throughput,0,4,64,0,0,194427083632,194428612494,1528861,10340,8388608
Uring,throughput,0,4,64,0,0,194427089712,194428506938,1417225,4436,8388608
Uring,throughput,0,4,64,0,0,194427095072,194428270229,1175156,24,8388608
Uring,throughput,0,4,64,0,0,194427100920,194428549642,1448722,3279,8388608
Uring,throughput,0,4,64,0,0,194427113311,194428551091,1437780,2797,8388608
Uring,throughput,0,4,64,0,0,194427126127,194427920885,794758,19,8388608
Uring,throughput,0,4,64,0,0,194427135252,194427779261,644008,1780,8388608
Uring,throughput,0,4,64,0,0,194427135545,194427170295,34750,832,8388608
Uring,throughput,0,4,64,0,0,194427137115,194427471475,334360,19,8388608
Uring,throughput,0,4,64,0,0,194427137179,194428564488,1427309,12,8388608
Uring,throughput,0,4,64,0,0,194427137881,194427973427,835546,95,8388608
Uring,throughput,0,4,64,0,0,194427138613,194428431960,1293347,39,8388608
Uring,throughput,0,4,64,0,0,194427142858,194427671282,528423,1289,8388608
Uring,throughput,0,4,64,0,0,194427152826,194428623402,1470575,24,8388608
Uring,throughput,0,4,64,0,0,194427155706,194427994821,839114,1536,8388608
Uring,throughput,0,4,64,0,0,194427156542,194427295628,139085,1820,8388608
Uring,throughput,0,4,64,0,0,194427168282,194428551542,1383259,41,8388608
Uring,throughput,0,4,64,0,0,194427169172,194427792722,623550,66,8388608
Uring,throughput,0,4,64,0,0,194427169224,194427814193,644968,16774,8388608
Uring,throughput,0,4,64,0,0,194427170314,194427231730,61415,129,8388608
Uring,throughput,0,4,64,0,0,194427172873,194427295989,123116,40,8388608
Uring,throughput,0,4,64,0,0,194427173212,194427937952,764739,21,8388608
Uring,throughput,0,4,64,0,0,194427185490,194427954470,768980,16049,8388608
Uring,throughput,0,4,64,0,0,194427185778,194428435416,1249638,523,8388608
Uring,throughput,0,4,64,0,0,194427186386,194427817799,631412,70,8388608
Uring,throughput,0,4,64,0,0,194427190821,194427326681,135859,33,8388608
Uring,throughput,0,4,64,0,0,194427190987,194427820951,629964,112,8388608
Uring,throughput,0,4,64,0,0,194427208455,194427943281,734826,56,8388608
Uring,throughput,0,4,64,0,0,194427212259,194428446446,1234187,32,8388608
Uring,throughput,0,4,64,0,0,194427216319,194427858798,642479,4778,8388608
Uring,throughput,0,4,64,0,0,194427217585,194428346534,1128948,2219,8388608
Uring,throughput,0,4,64,0,0,194427220233,194427473031,252797,17,8388608
Uring,throughput,0,4,64,0,0,194427221027,194427689173,468145,289,8388608
Uring,throughput,0,4,64,0,0,194427221672,194428335681,1114008,22,8388608
Uring,throughput,0,4,64,0,0,194427225822,194427853943,628121,67,8388608
Uring,throughput,0,4,64,0,0,194427231735,194427857501,625766,29,8388608
Uring,throughput,0,4,64,0,0,194427241547,194427442493,200945,738,8388608
Uring,throughput,0,4,64,0,0,194427242536,194428638222,1395685,14592,8388608
Uring,throughput,0,4,64,0,0,194427244932,194428350943,1106010,39,8388608
Uring,throughput,0,4,64,0,0,194427245626,194427964607,718981,14,8388608
Uring,throughput,0,4,64,0,0,194427249275,194428562156,1312880,26,8388608
Uring,throughput,0,4,64,0,0,194427250952,194427628382,377430,23,8388608
Uring,throughput,0,4,64,0,0,194427256376,194427755221,498844,27,8388608
Uring,throughput,0,4,64,0,0,194427256646,194427886092,629446,8,8388608
Uring,throughput,0,4,64,0,0,194427260585,194428091500,830915,85,8388608
Uring,throughput,0,4,64,0,0,194427273620,194428556533,1282912,20,8388608
Uring,throughput,0,4,64,0,0,194427278349,194427491353,213003,430,8388608
Uring,throughput,0,4,64,0,0,194427278816,194428621270,1342454,30,8388608
Uring,throughput,0,4,64,0,0,194427282160,194427742154,459994,12,8388608
Uring,throughput,0,4,64,0,0,194427294283,194427724134,429850,24,8388608
Uring,throughput,0,4,64,0,0,194427295655,194427777531,481876,20,8388608
Uring,throughput,0,4,64,0,0,194427295994,194427336649,40655,30,8388608
Uring,throughput,0,4,64,0,0,194427296735,194427868194,571458,17,8388608
Uring,throughput,0,4,64,0,0,194427297077,194428156337,859259,40,8388608
Uring,throughput,0,4,64,0,0,194427307144,194427762186,455041,22,8388608
Uring,throughput,0,4,64,0,0,194427317461,194427693476,376015,35,8388608
Uring,throughput,0,4,64,0,0,194427326688,194427357957,31268,804,8388608
Uring,throughput,0,4,64,0,0,194427333604,194427508602,174998,18,8388608
Uring,throughput,0,4,64,0,0,194427336656,194427797316,460659,907,8388608
Uring,throughput,0,4,64,0,0,194427350817,194428468868,1118050,19,8388608
Uring,throughput,0,4,64,0,0,194427355096,194428179207,824110,11040,8388608
Uring,throughput,0,4,64,0,0,194427357964,194427818068,460104,28,8388608
Uring,throughput,0,4,64,0,0,194427359654,194427861772,502117,2102,8388608
Uring,throughput,0,4,64,0,0,194427360872,194427956759,595887,88,8388608
Uring,throughput,0,4,64,0,0,194427364422,194427861134,496711,38,8388608
Uring,throughput,0,4,64,0,0,194427375061,194427497316,122255,23,8388608
Uring,throughput,0,4,64,0,0,194427376409,194427883121,506712,76,8388608
Uring,throughput,0,4,64,0,0,194427385425,194428480326,1094901,21,8388608
Uring,throughput,0,4,64,0,0,194427387910,194427489036,101125,26,8388608
Uring,throughput,0,4,64,0,0,194427391168,194428165199,774031,29,8388608
Uring,throughput,0,4,64,0,0,194427394358,194428640776,1246418,3805,8388608
Uring,throughput,0,4,64,0,0,194427394916,194428053411,658494,139,8388608
Uring,throughput,0,4,64,0,0,194427395904,194428005028,609124,27,8388608
Uring,throughput,0,4,64,0,0,194427405042,194428480804,1075762,1281,8388608
Uring,throughput,0,4,64,0,0,194427415212,194428537677,1122465,2345,8388608
Uring,throughput,0,4,64,0,0,194427420286,194427462124,41837,951,8388608
Uring,throughput,0,4,64,0,0,194427424508,194427961450,536941,82,8388608
Uring,throughput,0,4,64,0,0,194427427427,194427962136,534708,51,8388608
Uring,throughput,0,4,64,0,0,194427428799,194427899173,470374,30,8388608
Uring,throughput,0,4,64,0,0,194427434818,194428486379,1051561,21,8388608
Uring,throughput,0,4,64,0,0,194427437168,194428001150,563981,47,8388608
Uring,throughput,0,4,64,0,0,194427439366,194428206305,766938,39,8388608
Uring,throughput,0,4,64,0,0,194427442495,194427501081,58586,31,8388608
Uring,throughput,0,4,64,0,0,194427447930,194428448400,1000469,784,8388608
Uring,throughput,0,4,64,0,0,194427449878,194427991703,541825,2408,8388608
Uring,throughput,0,4,64,0,0,194427462131,194428623726,1161595,29,8388608
Uring,throughput,0,4,64,0,0,194427464529,194428037808,573278,38,8388608
Uring,throughput,0,4,64,0,0,194427471484,194428015251,543766,32,8388608
Uring,throughput,0,4,64,0,0,194427473035,194427918150,445115,4495,8388608
Uring,throughput,0,4,64,0,0,194427474517,194428002247,527730,18,8388608
Uring,throughput,0,4,64,0,0,194427486922,194428485191,998269,177,8388608
Uring,throughput,0,4,64,0,0,194427489042,194427523934,34892,2493,8388608
Uring,throughput,0,4,64,0,0,194427491360,194428052154,560794,46,8388608
Uring,throughput,0,4,64,0,0,194427497322,194428500396,1003074,1616,8388608
Uring,throughput,0,4,64,0,0,194427501087,194427983721,482634,18,8388608
Uring,throughput,0,4,64,0,0,194427505478,194428041765,536287,19,8388608
Uring,throughput,0,4,64,0,0,194427508105,194427707122,199016,22,8388608
Uring,throughput,0,4,64,0,0,194427508608,194427561719,53110,36,8388608
Uring,throughput,0,4,64,0,0,194427523599,194428070168,546568,26,8388608
Uring,throughput,0,4,64,0,0,194427523941,194427557605,33663,23,8388608
Uring,throughput,0,4,64,0,0,194427524656,194427964606,439950,583,8388608
Uring,throughput,0,4,64,0,0,194427529953,194428062354,532401,2229,8388608
Uring,throughput,0,4,64,0,0,194427540905,194428573681,1032775,5094,8388608
Uring,throughput,0,4,64,0,0,194427547661,194428572427,1024766,1762,8388608
Uring,throughput,0,4,64,0,0,194427552228,194428175430,623202,41,8388608
Uring,throughput,0,4,64,0,0,194427552485,194428202937,650452,31,8388608
Uring,throughput,0,4,64,0,0,194427553493,194428363870,810376,1991,8388608
Uring,throughput,0,4,64,0,0,194427557610,194427744693,187082,16,8388608
Uring,throughput,0,4,64,0,0,194427561723,194428229889,668165,4840,8388608
Uring,throughput,0,4,64,0,0,194427566417,194427597420,31003,306,8388608
Uring,throughput,0,4,64,0,0,194427572248,194428082840,510591,36,8388608
Uring,throughput,0,4,64,0,0,194427576430,194427983272,406841,2215,8388608
Uring,throughput,0,4,64,0,0,194427586483,194428627107,1040623,140,8388608
Uring,throughput,0,4,64,0,0,194427592210,194428050220,458010,59,8388608
Uring,throughput,0,4,64,0,0,194427597472,194428575404,977932,5620,8388608
Uring,throughput,0,4,64,0,0,194427600811,194428625566,1024755,2728,8388608
Uring,throughput,0,4,64,0,0,194427607488,194428625489,1018000,3588,8388608
Uring,throughput,0,4,64,0,0,194427608459,194428626197,1017737,33,8388608
Uring,throughput,0,4,64,0,0,194427611977,194428545810,933832,67,8388608
Uring,throughput,0,4,64,0,0,194427618256,194428151353,533097,27,8388608
Uring,throughput,0,4,64,0,0,194427618759,194428106587,487827,10,8388608
Uring,throughput,0,4,64,0,0,194427619301,194428153889,534587,1267,8388608
Uring,throughput,0,4,64,0,0,194427626542,194428153288,526745,41,8388608
Uring,throughput,0,4,64,0,0,194427628389,194428110083,481694,49,8388608
Uring,throughput,0,4,64,0,0,194427634762,194428574801,940039,34,8388608
Uring,throughput,0,4,64,0,0,194427638949,194428113090,474140,94,8388608
Uring,throughput,0,4,64,0,0,194427643090,194427950992,307902,1792,8388608
Uring,throughput,0,4,64,0,0,194427643239,194428192912,549672,1819,8388608
Uring,throughput,0,4,64,0,0,194427644902,194428225747,580845,52,8388608
Uring,throughput,0,4,64,0,0,194427645223,194428102327,457104,51,8388608
Uring,throughput,0,4,64,0,0,194427646856,194428114360,467504,54,8388608
Uring,throughput,0,4,64,0,0,194427667323,194427782222,114898,934,8388608
Uring,throughput,0,4,64,0,0,194427670471,194428644362,973890,20,8388608
Uring,throughput,0,4,64,0,0,194427671289,194428514189,842899,28,8388608
Uring,throughput,0,4,64,0,0,194427673908,194428131680,457772,12,8388608
Uring,throughput,0,4,64,0,0,194427677198,194428520960,843762,10,8388608
Uring,throughput,0,4,64,0,0,194427687611,194428232371,544760,55,8388608
Uring,throughput,0,4,64,0,0,194427689176,194428140446,451269,3274,8388608
Uring,throughput,0,4,64,0,0,194427690884,194428517482,826597,45,8388608
Uring,throughput,0,4,64,0,0,194427692727,194428193077,500349,2522,8388608
Uring,throughput,0,4,64,0,0,194427693480,194428518555,825074,1839,8388608
Uring,throughput,0,4,64,0,0,194427694626,194428140973,446347,750,8388608
Uring,throughput,0,4,64,0,0,194427696828,194428516775,819947,16,8388608
Uring,throughput,0,4,64,0,0,194427707129,194428235589,528459,20,8388608
Uring,throughput,0,4,64,0,0,194427722502,194428521968,799465,34,8388608
Uring,throughput,0,4,64,0,0,194427724138,194428205854,481716,13,8388608
Uring,throughput,0,4,64,0,0,194427734197,194428211229,477031,2370,8388608
Uring,throughput,0,4,64,0,0,194427741470,194428249797,508326,637,8388608
Uring,throughput,0,4,64,0,0,194427742157,194428215886,473728,4175,8388608
Uring,throughput,0,4,64,0,0,194427744700,194427989319,244619,569,8388608
Uring,throughput,0,4,64,0,0,194427755248,194428195639,440390,132,8388608
Uring,throughput,0,4,64,0,0,194427757606,194428579946,822340,4053,8388608
Uring,throughput,0,4,64,0,0,194427762191,194428286092,523901,86,8388608
Uring,throughput,0,4,64,0,0,194427762971,194427801419,38447,545,8388608
Uring,throughput,0,4,64,0,0,194427777539,194428054920,277381,30,8388608
Uring,throughput,0,4,64,0,0,194427779269,194427829263,49994,18,8388608
Uring,throughput,0,4,64,0,0,194427782228,194428205649,423420,39,8388608
Uring,throughput,0,4,64,0,0,194427792731,194428272660,479928,30,8388608
Uring,throughput,0,4,64,0,0,194427797337,194428162499,365161,80,8388608
Uring,throughput,0,4,64,0,0,194427799041,194428581194,782153,17,8388608
Uring,throughput,0,4,64,0,0,194427799944,194428527109,727164,4046,8388608
Uring,throughput,0,4,64,0,0,194427801423,194428216623,415199,11,8388608
Uring,throughput,0,4,64,0,0,194427805593,194427853515,47922,24,8388608
Uring,throughput,0,4,64,0,0,194427806886,194428212389,405503,3202,8388608
Uring,throughput,0,4,64,0,0,194427807394,194428581560,774165,50,8388608
Uring,throughput,0,4,64,0,0,194427814198,194428181812,367614,23,8388608
Uring,throughput,0,4,64,0,0,194427817803,194428581731,763927,18,8388608
Uring,throughput,0,4,64,0,0,194427818070,194428261462,443391,9,8388608
Uring,throughput,0,4,64,0,0,194427820959,194428218291,397331,38,8388608
Uring,throughput,0,4,64,0,0,194427829269,194427874640,45370,30,8388608
Uring,throughput,0,4,64,0,0,194427849542,194428529997,680455,28,8388608
Uring,throughput,0,4,64,0,0,194427853523,194428226435,372912,1677,8388608
Uring,throughput,0,4,64,0,0,194427853950,194428252101,398150,1288,8388608
Uring,throughput,0,4,64,0,0,194427857585,194428545511,687926,3265,8388608
Uring,throughput,0,4,64,0,0,194427858805,194428253163,394357,23,8388608
Uring,throughput,0,4,64,0,0,194427859216,194428641718,782502,42,8388608
Uring,throughput,0,4,64,0,0,194427861273,194428226923,365650,128,8388608
Uring,throughput,0,4,64,0,0,194427861781,194428027784,166002,133,8388608
Uring,throughput,0,4,64,0,0,194427868200,194428032227,164026,2639,8388608
Uring,throughput,0,4,64,0,0,194427874048,194428254720,380671,25,8388608
Uring,throughput,0,4,64,0,0,194427874551,194428628146,753594,25,8388608
Uring,throughput,0,4,64,0,0,194427874648,194428256142,381493,529,8388608
Uring,throughput,0,4,64,0,0,194427877095,194428518098,641002,37,8388608
Uring,throughput,0,4,64,0,0,194427879135,194428642688,763552,4312,8388608
Uring,throughput,0,4,64,0,0,194427883128,194428207106,323978,50,8388608
Uring,throughput,0,4,64,0,0,194427886201,194428282457,396256,2116,8388608
Uring,throughput,0,4,64,0,0,194427887622,194428534762,647140,2745,8388608
Uring,throughput,0,4,64,0,0,194427888250,194428228528,340277,119,8388608
Uring,throughput,0,4,64,0,0,194427888921,194428582980,694058,3675,8388608
Uring,throughput,0,4,64,0,0,194427893089,194428626065,732976,6023,8388608
Uring,throughput,0,4,64,0,0,194427897429,194428259206,361776,1997,8388608
Uring,throughput,0,4,64,0,0,194427899180,194428605981,706801,324,8388608
Uring,throughput,0,4,64,0,0,194427899676,194428582760,683084,4628,8388608
Uring,throughput,0,4,64,0,0,194427909616,194428223189,313572,44,8388608
Uring,throughput,0,4,64,0,0,194427910925,194428220826,309900,2857,8388608
Uring,throughput,0,4,64,0,0,194427918156,194428583241,665085,28,8388608
Uring,throughput,0,4,64,0,0,194427920892,194428263061,342168,26,8388608
Uring,throughput,0,4,64,0,0,194427937982,194428639560,701578,15826,8388608
Uring,throughput,0,4,64,0,0,194427943288,194428134654,191366,193,8388608
Uring,throughput,0,4,64,0,0,194427950582,194428618677,668095,27,8388608
Uring,throughput,0,4,64,0,0,194427950999,194428235685,284685,2983,8388608
Uring,throughput,0,4,64,0,0,194427954477,194428236234,281757,21,8388608
Uring,throughput,0,4,64,0,0,194427956765,194428250913,294147,16,8388608
Uring,throughput,0,4,64,0,0,194427957228,194428543116,585888,49,8388608
Uring,throughput,0,4,64,0,0,194427959782,194428137066,177283,1762,8388608
Uring,throughput,0,4,64,0,0,194427961455,194428541266,579811,109,8388608
Uring,throughput,0,4,64,0,0,194427962139,194428545401,583261,17,8388608
Uring,throughput,0,4,64,0,0,194427963067,194428238997,275930,34,8388608
Uring,throughput,0,4,64,0,0,194427964610,194428236075,271464,3802,8388608
Uring,throughput,0,4,64,0,0,194427964614,194428238195,273581,20,8388608
Uring,throughput,0,4,64,0,0,194427972867,194428539472,566605,24,8388608
Uring,throughput,0,4,64,0,0,194427973435,194428263805,290370,2432,8388608
Uring,throughput,0,4,64,0,0,194427983279,194428040190,56910,24,8388608
Uring,throughput,0,4,64,0,0,194427983727,194428026272,42544,899,8388608
Uring,throughput,0,4,64,0,0,194427989325,194428583409,594083,14,8388608
Uring,throughput,0,4,64,0,0,194427991711,194428540456,548744,36,8388608
Uring,throughput,0,4,64,0,0,194427994827,194428626069,631242,26,8388608
Uring,throughput,0,4,64,0,0,194428001156,194428249107,247950,22,8388608
Uring,throughput,0,4,64,0,0,194428002256,194428266422,264165,2339,8388608
Uring,throughput,0,4,64,0,0,194428005033,194428592222,587188,18,8388608
Uring,throughput,0,4,64,0,0,194428013874,194428248135,234261,4625,8388608
